{
  "rounds": [
    {
      "answers": [
        {
          "ans": "MOW LAWN",
          "pnt": 47
        },
        {
          "ans": "COLD DRINKS/LEMONADE",
          "pnt": 31
        },
        {
          "ans": "TAN",
          "pnt": 20
        },
        {
          "ans": "GARDEN",
          "pnt": 13
        }
      ],
      "multiply": 1,
      "question": "Name Something People Do In Their Front Yards In The Summer"
    },
    {
      "answers": [
        {
          "ans": "Hotel ",
          "pnt": 48
        },
        {
          "ans": "House ",
          "pnt": 31
        },
        {
          "ans": "Tent ",
          "pnt": 20
        },
        {
          "ans": "Caravan ",
          "pnt": 13
        },
        {
          "ans": "Prison ",
          "pnt": 9
        }
      ],
      "multiply": 1,
      "question": "Name A Type Of Accomodation"
    },
    {
      "answers": [
        {
          "ans": "Weight",
          "pnt": 41
        },
        {
          "ans": "Looks",
          "pnt": 33
        },
        {
          "ans": "Friendships",
          "pnt": 10
        },
        {
          "ans": "House",
          "pnt": 9
        }
      ],
      "multiply": 1,
      "question": "Name Something A Woman Might Stop Maintaining Once She’s In A Serious Relationship"
    },
    {
      "answers": [
        {
          "ans": "Birthdates",
          "pnt": 74
        },
        {
          "ans": "Quick Pick",
          "pnt": 10
        },
        {
          "ans": "Social Security",
          "pnt": 4
        },
        {
          "ans": "Random",
          "pnt": 4
        },
        {
          "ans": "Dreams",
          "pnt": 2
        }
      ],
      "multiply": 2,
      "question": "Name A Way People Choose The Lottery Numbers They Play."
    },
    {
      "answers": [
        {
          "ans": "Shortcake",
          "pnt": 56
        },
        {
          "ans": "Pie",
          "pnt": 36
        },
        {
          "ans": "Sundae",
          "pnt": 24
        },
        {
          "ans": "Cheesecake",
          "pnt": 16
        }
      ],
      "multiply": 2,
      "question": "Name A Dessert That’s Made With Strawberries"
    },
    {
      "answers": [
        {
          "ans": "Milking Cows",
          "pnt": 66
        },
        {
          "ans": "Riding Horses",
          "pnt": 18
        },
        {
          "ans": "Gardening",
          "pnt": 10
        },
        {
          "ans": "Cooking",
          "pnt": 4
        }
      ],
      "multiply": 2,
      "question": "If A Person Is Raised On A Farm, Name Something You Expect Them To Be Better At"
    }
  ],
  "final_round": [
    {
      "answers": [
        [
          "Fairy",
          58
        ],
        [
          "Princess",
          38
        ],
        [
          "Witch",
          25
        ],
        [
          "Prince",
          16
        ],
        [
          "Villain",
          11
        ]
      ],
      "question": "Tell Me A Type Of Character That Appears In Fairy Tales"
    },
    {
      "answers": [
        [
          "Mistress/Lover",
          49
        ],
        [
          "Ex",
          29
        ],
        [
          "Pet",
          12
        ],
        [
          "Unknown Child",
          5
        ]
      ],
      "question": "Name Someone Who Could Show Up In A Will That Would Be A Big Surprise To The Deceased’s Family."
    },
    {
      "answers": [
        [
          "Car ",
          49
        ],
        [
          "TV ",
          32
        ],
        [
          "Radio ",
          21
        ],
        [
          "House ",
          14
        ],
        [
          "Insects ",
          9
        ]
      ],
      "question": "Name Something That Has An Aerial"
    },
    {
      "answers": [
        [
          "Mother",
          61
        ],
        [
          "Dog",
          19
        ],
        [
          "partner",
          11
        ],
        [
          "Kids",
          7
        ]
      ],
      "question": "Name Someone in Your Life Who loves You Unconditionally"
    }
  ],
  "final_round_timers": [
    20,
    25
  ]
}