{
  "rounds": [
    {
      "answers": [
        {
          "ans": "Partner",
          "pnt": 30
        },
        {
          "ans": "AAA",
          "pnt": 26
        },
        {
          "ans": "Tow Truck",
          "pnt": 24
        },
        {
          "ans": 911,
          "pnt": 11
        },
        {
          "ans": "Best Friend",
          "pnt": 5
        },
        {
          "ans": "Parent",
          "pnt": 3
        }
      ],
      "multiply": 1,
      "question": "Who Would You Call First If Your Car Broke Down On The Side Of The Road?"
    },
    {
      "answers": [
        {
          "ans": "Leaves ",
          "pnt": 56
        },
        {
          "ans": "Paper ",
          "pnt": 36
        },
        {
          "ans": "Dust ",
          "pnt": 24
        },
        {
          "ans": "Rubbish ",
          "pnt": 16
        },
        {
          "ans": "Kite ",
          "pnt": 10
        }
      ],
      "multiply": 1,
      "question": "Name Something That Might Be Swept Along By Wind"
    },
    {
      "answers": [
        {
          "ans": "Tiny ",
          "pnt": 50
        },
        {
          "ans": "Mini ",
          "pnt": 33
        },
        {
          "ans": "Titchy ",
          "pnt": 21
        },
        {
          "ans": "Minnoscule ",
          "pnt": 14
        }
      ],
      "multiply": 1,
      "question": "Name Another Word For Small"
    },
    {
      "answers": [
        {
          "ans": "Polar Bear ",
          "pnt": 58
        },
        {
          "ans": "Penguin ",
          "pnt": 38
        },
        {
          "ans": "Deer ",
          "pnt": 25
        },
        {
          "ans": "Bunny ",
          "pnt": 16
        },
        {
          "ans": "Seal ",
          "pnt": 11
        }
      ],
      "multiply": 2,
      "question": "Name An Animal That Lives In The Snow"
    },
    {
      "answers": [
        {
          "ans": "Smoking",
          "pnt": 60
        },
        {
          "ans": "Drinking",
          "pnt": 25
        },
        {
          "ans": "Job",
          "pnt": 7
        },
        {
          "ans": "Talking",
          "pnt": 5
        }
      ],
      "multiply": 2,
      "question": "Tell Me Something A Person Might Ask Their Partner To Quit."
    },
    {
      "answers": [
        {
          "ans": "Toilet Paper ",
          "pnt": 56
        },
        {
          "ans": "Tea Bag ",
          "pnt": 36
        },
        {
          "ans": "A Match ",
          "pnt": 24
        },
        {
          "ans": "An Ice Cube ",
          "pnt": 16
        },
        {
          "ans": "A Condom ",
          "pnt": 10
        },
        {
          "ans": "A Stamp ",
          "pnt": 7
        }
      ],
      "multiply": 2,
      "question": "Name Something That Is Used Only Once"
    }
  ],
  "final_round": [
    {
      "answers": [
        [
          "Pen / Pencil ",
          49
        ],
        [
          "Hair ",
          32
        ],
        [
          "Cigarette ",
          21
        ],
        [
          "Cologne / Perfume ",
          14
        ],
        [
          "Spectacles ",
          9
        ]
      ],
      "question": "Name Something People Put Behind Their Ears"
    },
    {
      "answers": [
        [
          "Long Johns",
          49
        ],
        [
          "Thermals",
          32
        ],
        [
          "Union Suit",
          21
        ]
      ],
      "question": "Another Word For Long Underwear"
    },
    {
      "answers": [
        [
          "Fruit ",
          42
        ],
        [
          "Apricot ",
          27
        ],
        [
          "Flowers ",
          18
        ],
        [
          "Apples ",
          12
        ],
        [
          "Tomatoes ",
          7
        ]
      ],
      "question": "Name Something You Might Buy That Is Dried"
    },
    {
      "answers": [
        [
          "Bugs Bunny",
          51
        ],
        [
          "Gun",
          17
        ],
        [
          "Stuttering",
          11
        ],
        [
          "Hunting",
          8
        ],
        [
          "Bald",
          4
        ],
        [
          "Cartoon",
          3
        ]
      ],
      "question": "Name something you associate with Elmer Fudd."
    }
  ],
  "final_round_timers": [
    20,
    25
  ]
}