{
  "rounds": [
    {
      "answers": [
        {
          "ans": "Sweater",
          "pnt": 32
        },
        {
          "ans": "Hat",
          "pnt": 28
        },
        {
          "ans": "Socks",
          "pnt": 21
        },
        {
          "ans": "Earrings",
          "pnt": 11
        },
        {
          "ans": "Tie/Scarf",
          "pnt": 5
        }
      ],
      "multiply": 1,
      "question": "What Item That You Wear Year-Round Gets Exceptionally Gaudy During The Holidays?"
    },
    {
      "answers": [
        {
          "ans": "Shop",
          "pnt": 41
        },
        {
          "ans": "Sleep",
          "pnt": 27
        },
        {
          "ans": "Eat Leftovers",
          "pnt": 17
        },
        {
          "ans": "Watch Football",
          "pnt": 11
        },
        {
          "ans": "Clean Up",
          "pnt": 7
        }
      ],
      "multiply": 1,
      "question": "What do many people do on the day after thanksgiving."
    },
    {
      "answers": [
        {
          "ans": "Actor",
          "pnt": 54
        },
        {
          "ans": "Musician",
          "pnt": 26
        },
        {
          "ans": "Model",
          "pnt": 7
        },
        {
          "ans": "Politition",
          "pnt": 6
        },
        {
          "ans": "Athlete",
          "pnt": 4
        }
      ],
      "multiply": 1,
      "question": "Name A Profession You’d Shoot For If You Wanted To Be Famous."
    },
    {
      "answers": [
        {
          "ans": "Stop working",
          "pnt": 34
        },
        {
          "ans": "Leak",
          "pnt": 28
        },
        {
          "ans": "Ruin clothes",
          "pnt": 11
        },
        {
          "ans": "Make noise",
          "pnt": 9
        },
        {
          "ans": "Overflow",
          "pnt": 8
        },
        {
          "ans": "Shake",
          "pnt": 3
        }
      ],
      "multiply": 2,
      "question": "What might a wash machine do that would make you get rid of it?"
    },
    {
      "answers": [
        {
          "ans": "Drink",
          "pnt": 31
        },
        {
          "ans": "Snack",
          "pnt": 29
        },
        {
          "ans": "Another Story",
          "pnt": 24
        },
        {
          "ans": "TV/ Movies",
          "pnt": 4
        }
      ],
      "multiply": 2,
      "question": "Name Something Kids Often Ask For Before Bed, That Their Parents Refuse"
    },
    {
      "answers": [
        {
          "ans": "Singing/Guitar",
          "pnt": 31
        },
        {
          "ans": "Farming",
          "pnt": 23
        },
        {
          "ans": "Barbecuing",
          "pnt": 16
        },
        {
          "ans": "Horse Back Riding",
          "pnt": 12
        },
        {
          "ans": "Line Dancing",
          "pnt": 9
        },
        {
          "ans": "Manners",
          "pnt": 6
        }
      ],
      "multiply": 2,
      "question": "Name Something That A Guy From Memphis Is Probably Better At Than A Guy From New York City."
    }
  ],
  "final_round": [
    {
      "answers": [
        [
          "Sleeping ",
          51
        ],
        [
          "Sunbathing ",
          33
        ],
        [
          "Gardening ",
          22
        ]
      ],
      "question": "Name Something People Look Forward To Doing On A Day Off"
    },
    {
      "answers": [
        [
          "Liberty Bell",
          27
        ],
        [
          "Door Bell",
          22
        ],
        [
          "Church Bell",
          12
        ],
        [
          "Wedding Bells",
          9
        ],
        [
          "School Bell",
          9
        ],
        [
          "Jingle Bells",
          9
        ],
        [
          "Cow Bell",
          7
        ]
      ],
      "question": "Name A Kind Of Bell"
    },
    {
      "answers": [
        [
          "Tea Towels ",
          59
        ],
        [
          "Crockery ",
          38
        ],
        [
          "Cutlery ",
          25
        ],
        [
          "Tin Foil ",
          16
        ]
      ],
      "question": "Name Something You're Likely To Find In A Kitchen Drawer"
    },
    {
      "answers": [
        [
          "Scary Decorations",
          59
        ],
        [
          "Dog",
          38
        ],
        [
          "No Lights",
          25
        ],
        [
          "Scary Music",
          16
        ]
      ],
      "question": "What Might A House Have That Makes Trick/ Treaters Afraid Approach"
    }
  ],
  "final_round_timers": [
    20,
    25
  ]
}