{
  "rounds": [
    {
      "answers": [
        {
          "ans": "Pet ",
          "pnt": 54
        },
        {
          "ans": "Family ",
          "pnt": 35
        },
        {
          "ans": "Football Team ",
          "pnt": 23
        },
        {
          "ans": "Chocolate ",
          "pnt": 15
        },
        {
          "ans": "Celebs ",
          "pnt": 10
        },
        {
          "ans": "Yourself ",
          "pnt": 6
        }
      ],
      "multiply": 1,
      "question": "Name Someone Or Something You Might Love More Than Your Partner"
    },
    {
      "answers": [
        {
          "ans": "Foundation",
          "pnt": 26
        },
        {
          "ans": "Blush",
          "pnt": 18
        },
        {
          "ans": "Lipstick",
          "pnt": 18
        },
        {
          "ans": "Eye Shadow",
          "pnt": 12
        },
        {
          "ans": "Powder",
          "pnt": 9
        },
        {
          "ans": "Mascara",
          "pnt": 6
        },
        {
          "ans": "Eyeliner",
          "pnt": 3
        }
      ],
      "multiply": 1,
      "question": "Name A Makeup Women Apply To Their Face."
    },
    {
      "answers": [
        {
          "ans": "Yawn",
          "pnt": 45
        },
        {
          "ans": "Sigh",
          "pnt": 22
        },
        {
          "ans": "Sleep",
          "pnt": 10
        },
        {
          "ans": "Roll Their Eyes",
          "pnt": 9
        },
        {
          "ans": "Twiddle Thumbs",
          "pnt": 4
        },
        {
          "ans": "Tap Fingers",
          "pnt": 3
        },
        {
          "ans": "Look At Watch",
          "pnt": 3
        }
      ],
      "multiply": 1,
      "question": "Name Something People Do To Let You Know They’re Bored"
    },
    {
      "answers": [
        {
          "ans": "Shopping",
          "pnt": 30
        },
        {
          "ans": "Work",
          "pnt": 25
        },
        {
          "ans": "Driving",
          "pnt": 19
        },
        {
          "ans": "Cleaning",
          "pnt": 14
        },
        {
          "ans": "Paying Bills",
          "pnt": 9
        }
      ],
      "multiply": 2,
      "question": "If You Were The Incredible Hulk, Tell Me What Part Of Your Day Would Most Likely Turn You Into A Monster."
    },
    {
      "answers": [
        {
          "ans": "Trumpet ",
          "pnt": 41
        },
        {
          "ans": "Trombone ",
          "pnt": 27
        },
        {
          "ans": "Tuba ",
          "pnt": 17
        },
        {
          "ans": "French Horn ",
          "pnt": 11
        },
        {
          "ans": "Bugle ",
          "pnt": 7
        },
        {
          "ans": "Bazooka ",
          "pnt": 5
        }
      ],
      "multiply": 2,
      "question": "Name A Brass Musical Instrument"
    },
    {
      "answers": [
        {
          "ans": "Football ",
          "pnt": 43
        },
        {
          "ans": "Karate ",
          "pnt": 28
        },
        {
          "ans": "Rugby ",
          "pnt": 18
        },
        {
          "ans": "Running ",
          "pnt": 12
        },
        {
          "ans": "Boxing ",
          "pnt": 8
        }
      ],
      "multiply": 2,
      "question": "Name A Sport That Doesn't Require A Lot Of Equipment"
    }
  ],
  "final_round": [
    {
      "answers": [
        [
          "Meat ",
          40
        ],
        [
          "Stuffing ",
          26
        ],
        [
          "Sausages ",
          17
        ],
        [
          "Eggs ",
          11
        ],
        [
          "Dog Food ",
          7
        ]
      ],
      "question": "Name Something People Buy From A Butchers"
    },
    {
      "answers": [
        [
          "Wide Smile",
          42
        ],
        [
          "Bunny Ears",
          25
        ],
        [
          "Make Faces",
          11
        ],
        [
          "Pose",
          5
        ],
        [
          "Dress Alike",
          3
        ]
      ],
      "question": "Name Something Cheesy People Do In Family Portraits."
    },
    {
      "answers": [
        [
          "Singing",
          56
        ],
        [
          "Dancing",
          36
        ],
        [
          "Juggling",
          24
        ],
        [
          "Mime",
          16
        ],
        [
          "Playing Guitar",
          10
        ],
        [
          "Magic",
          7
        ]
      ],
      "question": "Name a talent you see street performers doing"
    },
    {
      "answers": [
        [
          "Patience",
          46
        ],
        [
          "Intelligence",
          35
        ],
        [
          "Friendly Personality",
          10
        ],
        [
          "Strictness",
          7
        ]
      ],
      "question": "Name A Trait That’s Essential For A High School Teacher To Have"
    }
  ],
  "final_round_timers": [
    20,
    25
  ]
}