{
  "rounds": [
    {
      "answers": [
        {
          "ans": "Flowers",
          "pnt": 43
        },
        {
          "ans": "Jewelry",
          "pnt": 29
        },
        {
          "ans": "Money",
          "pnt": 13
        },
        {
          "ans": "Chocolate",
          "pnt": 3
        }
      ],
      "multiply": 1,
      "question": "We Asked 100 Women: Name A Gift That You’d Always Be Happy To Get From Your Partner."
    },
    {
      "answers": [
        {
          "ans": "Kidney",
          "pnt": 43
        },
        {
          "ans": "Appendix",
          "pnt": 26
        },
        {
          "ans": "Gall Bladder",
          "pnt": 12
        },
        {
          "ans": "Lung",
          "pnt": 8
        },
        {
          "ans": "Spleen",
          "pnt": 5
        }
      ],
      "multiply": 1,
      "question": "Name An Organ People Might Have Removed."
    },
    {
      "answers": [
        {
          "ans": "Eat/Drink",
          "pnt": 29
        },
        {
          "ans": "Use The Bathroom",
          "pnt": 28
        },
        {
          "ans": "Move Around/Exercise",
          "pnt": 20
        },
        {
          "ans": "Sleep",
          "pnt": 16
        },
        {
          "ans": "Breathe",
          "pnt": 3
        }
      ],
      "multiply": 1,
      "question": "Name Something Specific That Must Be Really Hard For Astronauts To Do While In Space."
    },
    {
      "answers": [
        {
          "ans": "Performance",
          "pnt": 31
        },
        {
          "ans": "Sporting Event",
          "pnt": 24
        },
        {
          "ans": "Speech",
          "pnt": 14
        },
        {
          "ans": "Graduation",
          "pnt": 11
        },
        {
          "ans": "Wedding",
          "pnt": 8
        },
        {
          "ans": "Sit Com/TV",
          "pnt": 5
        },
        {
          "ans": "Birthday Party",
          "pnt": 3
        }
      ],
      "multiply": 2,
      "question": "Name An Instance In Which You’d Hear Applause"
    },
    {
      "answers": [
        {
          "ans": "Homework ",
          "pnt": 43
        },
        {
          "ans": "School ",
          "pnt": 28
        },
        {
          "ans": "Bed Time ",
          "pnt": 18
        },
        {
          "ans": "Hungry ",
          "pnt": 12
        },
        {
          "ans": "Boredom ",
          "pnt": 8
        }
      ],
      "multiply": 2,
      "question": "Name Something That Children Always Complain About"
    },
    {
      "answers": [
        {
          "ans": "Pizza",
          "pnt": 44
        },
        {
          "ans": "Wings",
          "pnt": 29
        },
        {
          "ans": "Steak",
          "pnt": 19
        },
        {
          "ans": "Chinese",
          "pnt": 12
        },
        {
          "ans": "Fish",
          "pnt": 8
        }
      ],
      "multiply": 2,
      "question": "Best Food To Go Out For On Friday Night"
    }
  ],
  "final_round": [
    {
      "answers": [
        [
          "Snuggle",
          28
        ],
        [
          "Drink Hot Cocoa",
          25
        ],
        [
          "Build A Fire",
          25
        ],
        [
          "Turn Up Heat",
          7
        ],
        [
          "Wear A Coat",
          7
        ],
        [
          "Exercise",
          4
        ],
        [
          "Blanket",
          3
        ]
      ],
      "question": "Name Something People Do To Keep Warm In The Winter."
    },
    {
      "answers": [
        [
          "Whistle ",
          47
        ],
        [
          "Red Card ",
          31
        ],
        [
          "Yellow Card ",
          20
        ],
        [
          "Notebook ",
          13
        ],
        [
          "Pen / Pencil ",
          8
        ]
      ],
      "question": "Name Something A Referee Carries With Him"
    },
    {
      "answers": [
        [
          "Mean",
          52
        ],
        [
          "Lazy",
          34
        ],
        [
          "Micomanages",
          22
        ],
        [
          "Pay Too Little",
          14
        ],
        [
          "Bad Mood",
          9
        ],
        [
          "Has Favorites",
          6
        ],
        [
          "Snobby",
          4
        ]
      ],
      "question": "Name A Specific Complaint Many People Have About Bosses"
    },
    {
      "answers": [
        [
          "Daffodil ",
          44
        ],
        [
          "Dandelion ",
          29
        ],
        [
          "Buttercup ",
          19
        ],
        [
          "Sunflower ",
          12
        ]
      ],
      "question": "Name A Yellow Flower"
    }
  ],
  "final_round_timers": [
    20,
    25
  ]
}