{
  "rounds": [
    {
      "answers": [
        {
          "ans": "Single?",
          "pnt": 38
        },
        {
          "ans": "Who They’re With",
          "pnt": 23
        },
        {
          "ans": "Still Look Good",
          "pnt": 14
        },
        {
          "ans": "Still Think Of Me",
          "pnt": 10
        },
        {
          "ans": "Have Kids?",
          "pnt": 7
        },
        {
          "ans": "Doing Well?",
          "pnt": 5
        }
      ],
      "multiply": 1,
      "question": "Name Something You Wonder About An Ex Whom You Haven’t Spoken?"
    },
    {
      "answers": [
        {
          "ans": "Gum/Candy",
          "pnt": 46
        },
        {
          "ans": "Ice Cream",
          "pnt": 30
        },
        {
          "ans": "Cookies",
          "pnt": 20
        },
        {
          "ans": "Soda",
          "pnt": 13
        },
        {
          "ans": "Jello",
          "pnt": 8
        },
        {
          "ans": "Pudding",
          "pnt": 5
        }
      ],
      "multiply": 1,
      "question": "Name A Food That Comes In A Sugar-Free Variety"
    },
    {
      "answers": [
        {
          "ans": "Basketball",
          "pnt": 44
        },
        {
          "ans": "Tennis",
          "pnt": 29
        },
        {
          "ans": "Soccer",
          "pnt": 19
        },
        {
          "ans": "Track",
          "pnt": 12
        },
        {
          "ans": "Volleyball",
          "pnt": 8
        },
        {
          "ans": "Boxing",
          "pnt": 5
        }
      ],
      "multiply": 1,
      "question": "Name A Sport Where Athletes Often Wear Short Shorts"
    },
    {
      "answers": [
        {
          "ans": "Tie ",
          "pnt": 49
        },
        {
          "ans": "Tuxedo / Black Tie ",
          "pnt": 32
        },
        {
          "ans": "Cummerbund ",
          "pnt": 21
        },
        {
          "ans": "Suit ",
          "pnt": 14
        },
        {
          "ans": "Jacket ",
          "pnt": 9
        },
        {
          "ans": "Waist Coat ",
          "pnt": 6
        }
      ],
      "multiply": 2,
      "question": "Name An Item Of Clothing That Men Only Wear On Dressy Occasions"
    },
    {
      "answers": [
        {
          "ans": "Milk",
          "pnt": 56
        },
        {
          "ans": "Food",
          "pnt": 17
        },
        {
          "ans": "Kids",
          "pnt": 13
        },
        {
          "ans": "A Surprise",
          "pnt": 5
        }
      ],
      "multiply": 2,
      "question": "Name Something That Can Be Spoiled"
    },
    {
      "answers": [
        {
          "ans": "Binoculars",
          "pnt": 23
        },
        {
          "ans": "Camera",
          "pnt": 18
        },
        {
          "ans": "Gun",
          "pnt": 16
        },
        {
          "ans": "Car",
          "pnt": 13
        },
        {
          "ans": "Clients",
          "pnt": 11
        },
        {
          "ans": "Pen and paper",
          "pnt": 11
        }
      ],
      "multiply": 2,
      "question": "Name something you’d need if you were going to be a private eye."
    }
  ],
  "final_round": [
    {
      "answers": [
        [
          "Peanut Butter/Jelly",
          42
        ],
        [
          "Cheese",
          27
        ],
        [
          "Bologna",
          18
        ],
        [
          "Salami",
          12
        ],
        [
          "Ham",
          7
        ]
      ],
      "question": "Name A Type Of Sandwich A Kid Might Take To School"
    },
    {
      "answers": [
        [
          "Train ",
          41
        ],
        [
          "Car ",
          27
        ],
        [
          "Walk ",
          17
        ]
      ],
      "question": "Name A Way Someone Might Travel Across The Country"
    },
    {
      "answers": [
        [
          "Tea ",
          41
        ],
        [
          "Hot Chocolate ",
          27
        ],
        [
          "Spirit ",
          17
        ],
        [
          "Soup ",
          11
        ],
        [
          "Coffee ",
          7
        ],
        [
          "Bovril ",
          5
        ]
      ],
      "question": "Name Something People Drink When They Are Cold"
    },
    {
      "answers": [
        [
          "Fleas ",
          54
        ],
        [
          "Dogs ",
          35
        ],
        [
          "Children ",
          23
        ],
        [
          "Food ",
          15
        ],
        [
          "Friendship ",
          10
        ]
      ],
      "question": "Name Something You Associate With Pets"
    }
  ],
  "final_round_timers": [
    20,
    25
  ]
}