{
  "rounds": [
    {
      "answers": [
        {
          "ans": "Frog",
          "pnt": 67
        },
        {
          "ans": "worm",
          "pnt": 17
        },
        {
          "ans": "pig",
          "pnt": 8
        },
        {
          "ans": "rodent",
          "pnt": 6
        }
      ],
      "multiply": 1,
      "question": "Name something Kids Dissect In Science Class"
    },
    {
      "answers": [
        {
          "ans": "Legs",
          "pnt": 46
        },
        {
          "ans": "Hair",
          "pnt": 21
        },
        {
          "ans": "Ken",
          "pnt": 16
        },
        {
          "ans": "Wears Clothes",
          "pnt": 5
        },
        {
          "ans": "Car",
          "pnt": 5
        },
        {
          "ans": "Lives On Land",
          "pnt": 3
        }
      ],
      "multiply": 1,
      "question": "Name Something For Which A Mermaid May Be Jealous Of Barbie."
    },
    {
      "answers": [
        {
          "ans": "Spouse",
          "pnt": 36
        },
        {
          "ans": "Doctor",
          "pnt": 34
        },
        {
          "ans": "Parents",
          "pnt": 13
        },
        {
          "ans": "Boy/Girl Friend",
          "pnt": 5
        },
        {
          "ans": "Friend",
          "pnt": 3
        },
        {
          "ans": "Children",
          "pnt": 3
        }
      ],
      "multiply": 1,
      "question": "Name Someone Who Might Tell You To Lose Weight"
    },
    {
      "answers": [
        {
          "ans": "Sleep",
          "pnt": 52
        },
        {
          "ans": "Eat",
          "pnt": 34
        },
        {
          "ans": "Take A bath",
          "pnt": 22
        },
        {
          "ans": null,
          "pnt": 14
        },
        {
          "ans": "Read",
          "pnt": 9
        }
      ],
      "multiply": 2,
      "question": "Name Something Kids Must Be Forced To Do, But Adults Love "
    },
    {
      "answers": [
        {
          "ans": "Price",
          "pnt": 39
        },
        {
          "ans": "Pool",
          "pnt": 22
        },
        {
          "ans": "Location",
          "pnt": 22
        },
        {
          "ans": "Star Rating",
          "pnt": 7
        },
        {
          "ans": "Includes Breakfast?",
          "pnt": 5
        },
        {
          "ans": "Clean?",
          "pnt": 3
        },
        {
          "ans": "Vacancy",
          "pnt": 3
        }
      ],
      "multiply": 2,
      "question": "Name Something You Find Out About A Hotel Ahead Of Time, When Decided Whether To Stay There."
    },
    {
      "answers": [
        {
          "ans": "Jane Fonda",
          "pnt": 52
        },
        {
          "ans": "Jane Lynch",
          "pnt": 17
        },
        {
          "ans": "Jane Krakowski",
          "pnt": 8
        },
        {
          "ans": "Jane Curtain",
          "pnt": 7
        },
        {
          "ans": "Jane Seymore",
          "pnt": 6
        },
        {
          "ans": "Tarzan’s Jane",
          "pnt": 5
        }
      ],
      "multiply": 2,
      "question": "Name A “Jane” You’ve Seen On TV"
    }
  ],
  "final_round": [
    {
      "answers": [
        [
          "Whistle ",
          58
        ],
        [
          "Bubbles ",
          38
        ],
        [
          "Balloon ",
          25
        ],
        [
          "Nose ",
          16
        ],
        [
          "Candle ",
          11
        ],
        [
          "Kisses ",
          7
        ]
      ],
      "question": "Name Something You Blow"
    },
    {
      "answers": [
        [
          "Monkey ",
          48
        ],
        [
          "Squirrel ",
          31
        ],
        [
          "Cat ",
          20
        ],
        [
          "Bear / Koala ",
          13
        ],
        [
          "Racoon ",
          9
        ]
      ],
      "question": "Name An Animal That Can Climb Trees"
    },
    {
      "answers": [
        [
          "Sears",
          30
        ],
        [
          "JCPenny’s",
          22
        ],
        [
          "Toys R Us",
          15
        ],
        [
          "Ikea",
          11
        ],
        [
          "Hickory Farms",
          6
        ],
        [
          "Crate And Barrel",
          5
        ],
        [
          "Neiman Marcus",
          5
        ]
      ],
      "question": "Name A Company Which Sends Out Special Holiday Catalog."
    },
    {
      "answers": [
        [
          "Seventeen",
          37
        ],
        [
          "Teen",
          26
        ],
        [
          "Tiger Beat",
          17
        ],
        [
          "Teen People",
          8
        ],
        [
          "Cosmogirl",
          7
        ]
      ],
      "question": "Name A Magazine Teenagers Buy."
    }
  ],
  "final_round_timers": [
    20,
    25
  ]
}