{
  "rounds": [
    {
      "answers": [
        {
          "ans": "Ice Cream",
          "pnt": 53
        },
        {
          "ans": "Pie",
          "pnt": 31
        },
        {
          "ans": "Cake",
          "pnt": 9
        },
        {
          "ans": "Cookies",
          "pnt": 4
        }
      ],
      "multiply": 1,
      "question": "Name Something A Fast Food Restaurant Offers As A Dessert"
    },
    {
      "answers": [
        {
          "ans": "Gold Coin",
          "pnt": 45
        },
        {
          "ans": "Eye Patch",
          "pnt": 28
        },
        {
          "ans": "Sword",
          "pnt": 14
        },
        {
          "ans": "Hook",
          "pnt": 8
        },
        {
          "ans": "Jewels",
          "pnt": 7
        },
        {
          "ans": "Parrot",
          "pnt": 5
        }
      ],
      "multiply": 1,
      "question": "Instead Of A Dollar, What Might A Pirate’s Kid Find Under Her Pillow When She Loses A Tooth?"
    },
    {
      "answers": [
        {
          "ans": "Tomatoes",
          "pnt": 34
        },
        {
          "ans": "Carrots",
          "pnt": 33
        },
        {
          "ans": "Lettuce",
          "pnt": 14
        },
        {
          "ans": "Corn",
          "pnt": 8
        },
        {
          "ans": "Potatoes",
          "pnt": 4
        },
        {
          "ans": "Cucumber",
          "pnt": 4
        }
      ],
      "multiply": 1,
      "question": "Name A Food You May Find In Someone’s Home Garden."
    },
    {
      "answers": [
        {
          "ans": "Shorts",
          "pnt": 33
        },
        {
          "ans": "Jeans",
          "pnt": 32
        },
        {
          "ans": "Mini Skirt",
          "pnt": 12
        },
        {
          "ans": "Bathing Suit",
          "pnt": 12
        },
        {
          "ans": "Cap",
          "pnt": 5
        },
        {
          "ans": "Sneakers",
          "pnt": 4
        }
      ],
      "multiply": 2,
      "question": "Name Something You Can’t Wear To Work At An Office Job."
    },
    {
      "answers": [
        {
          "ans": "Bedroom",
          "pnt": 46
        },
        {
          "ans": "Underwear",
          "pnt": 30
        },
        {
          "ans": "Teeth",
          "pnt": 20
        },
        {
          "ans": "Hands",
          "pnt": 13
        },
        {
          "ans": "Ears",
          "pnt": 8
        },
        {
          "ans": "Face",
          "pnt": 5
        }
      ],
      "multiply": 2,
      "question": "Name Something Your Mom Always Told You To Keep Clean"
    },
    {
      "answers": [
        {
          "ans": "Word",
          "pnt": 41
        },
        {
          "ans": "Steps",
          "pnt": 31
        },
        {
          "ans": "Tooth",
          "pnt": 16
        },
        {
          "ans": "Smile",
          "pnt": 8
        },
        {
          "ans": "Haircut",
          "pnt": 3
        }
      ],
      "multiply": 2,
      "question": "Name The Important Firsts That People Record About A Baby."
    }
  ],
  "final_round": [
    {
      "answers": [
        [
          "Put Your Hands Up ",
          56
        ],
        [
          "Get Your Hands Up ",
          36
        ],
        [
          "Give Me Your Money ",
          24
        ],
        [
          "Freeze ",
          16
        ],
        [
          "Hands Up ",
          10
        ],
        [
          "Nobody Move ",
          7
        ]
      ],
      "question": "Name Something That Robbers In The Movies Always Say"
    },
    {
      "answers": [
        [
          "Snoring ",
          57
        ],
        [
          "Ringtones ",
          37
        ],
        [
          "Smoking While Eating ",
          24
        ],
        [
          "Parking Tickets ",
          16
        ],
        [
          "Telesales ",
          10
        ],
        [
          "Junk Mail & Spam ",
          7
        ]
      ],
      "question": "Name Something That People Find Annoying"
    },
    {
      "answers": [
        [
          "Hard/Confusing",
          37
        ],
        [
          "Silly",
          22
        ],
        [
          "Too Easy",
          10
        ],
        [
          "Too Personal",
          10
        ],
        [
          "Bad Answers",
          8
        ],
        [
          "Too American",
          7
        ],
        [
          "Too Long",
          6
        ]
      ],
      "question": "Why Might Someone Dislike A Family Feud Question?"
    },
    {
      "answers": [
        [
          "Love At First Sight",
          33
        ],
        [
          "Endless",
          27
        ],
        [
          "Fate",
          25
        ],
        [
          "Soul Mates",
          9
        ]
      ],
      "question": "Name Something About Love That Some People Believe In and Others Don’t"
    }
  ],
  "final_round_timers": [
    20,
    25
  ]
}