{
  "rounds": [
    {
      "answers": [
        {
          "ans": "Kiss During Toasts",
          "pnt": 49
        },
        {
          "ans": "Cut The Cake",
          "pnt": 18
        },
        {
          "ans": "Say Vows",
          "pnt": 13
        },
        {
          "ans": "Dance To First Song",
          "pnt": 8
        }
      ],
      "multiply": 1,
      "question": "Name Something That The Bride And Groom Do At A Wedding, That Another Guest Should Not."
    },
    {
      "answers": [
        {
          "ans": "Beach",
          "pnt": 43
        },
        {
          "ans": "Park",
          "pnt": 30
        },
        {
          "ans": "Shower",
          "pnt": 16
        },
        {
          "ans": "Bed",
          "pnt": 8
        }
      ],
      "multiply": 1,
      "question": "Where Do You Like To Go Barefoot?"
    },
    {
      "answers": [
        {
          "ans": "Set Gifts Under Tree",
          "pnt": 41
        },
        {
          "ans": "Wrapping Gifts",
          "pnt": 33
        },
        {
          "ans": "Eating Cookies",
          "pnt": 20
        },
        {
          "ans": "Buying/Hiding Gifts",
          "pnt": 3
        }
      ],
      "multiply": 1,
      "question": "What Might Parents Be Caught Doing That Causes Their Kid To Bust Them For Doing Santa’s Job?"
    },
    {
      "answers": [
        {
          "ans": "Car",
          "pnt": 49
        },
        {
          "ans": "House",
          "pnt": 31
        },
        {
          "ans": "Jewelry",
          "pnt": 9
        },
        {
          "ans": "Life",
          "pnt": 3
        },
        {
          "ans": "Art",
          "pnt": 3
        },
        {
          "ans": "Cell Phone",
          "pnt": 2
        },
        {
          "ans": "Computer",
          "pnt": 2
        }
      ],
      "multiply": 2,
      "question": "Name something specific you might have insured."
    },
    {
      "answers": [
        {
          "ans": "Cars",
          "pnt": 29
        },
        {
          "ans": "Trading Cards",
          "pnt": 28
        },
        {
          "ans": "Phone Numbers",
          "pnt": 13
        },
        {
          "ans": "Dance Partners",
          "pnt": 8
        },
        {
          "ans": "Stocks",
          "pnt": 8
        },
        {
          "ans": "Secrets",
          "pnt": 7
        }
      ],
      "multiply": 2,
      "question": "Name Something People Trade"
    },
    {
      "answers": [
        {
          "ans": "Anniversary",
          "pnt": 53
        },
        {
          "ans": "Apology",
          "pnt": 16
        },
        {
          "ans": "It’s her birthday",
          "pnt": 12
        },
        {
          "ans": "Valentine’s Day",
          "pnt": 6
        },
        {
          "ans": "To express love",
          "pnt": 4
        },
        {
          "ans": "Mother’s Day",
          "pnt": 2
        }
      ],
      "multiply": 2,
      "question": "Name a reason a husband might send his wife flowers."
    }
  ],
  "final_round": [
    {
      "answers": [
        [
          "Kids",
          57
        ],
        [
          "Santa Claus",
          37
        ],
        [
          "Gifts",
          24
        ],
        [
          "Firewood",
          16
        ]
      ],
      "question": "Name Something That Gets Pulled Around In A Sled"
    },
    {
      "answers": [
        [
          "Reality TV",
          53
        ],
        [
          "Dating Show",
          34
        ],
        [
          "Talk Show",
          23
        ],
        [
          "Romantic Drama",
          15
        ],
        [
          "True Crime",
          10
        ]
      ],
      "question": "Name A Type Of TV Show That You Wouldn’t Want To See Your Grandma On"
    },
    {
      "answers": [
        [
          "Hands",
          28
        ],
        [
          "Hair",
          25
        ],
        [
          "Face",
          22
        ],
        [
          "Body",
          20
        ]
      ],
      "question": "Name Something You Might Wash Everyday"
    },
    {
      "answers": [
        [
          "Food Server",
          35
        ],
        [
          "Surgeon",
          28
        ],
        [
          "Construction Worker",
          10
        ],
        [
          "Dancer",
          6
        ],
        [
          "Acrobat",
          5
        ],
        [
          "Bartender",
          5
        ]
      ],
      "question": "Name A Job That A Clumsy Person Would Be Fired From Immediately."
    }
  ],
  "final_round_timers": [
    20,
    25
  ]
}