{
  "rounds": [
    {
      "answers": [
        {
          "ans": "Eat",
          "pnt": 48
        },
        {
          "ans": "Sleep",
          "pnt": 23
        },
        {
          "ans": "Exersice",
          "pnt": 11
        },
        {
          "ans": "Games",
          "pnt": 5
        },
        {
          "ans": "Talk",
          "pnt": 4
        }
      ],
      "multiply": 1,
      "question": "Besides Watching It, Name Something people Do In Front Of The Television"
    },
    {
      "answers": [
        {
          "ans": "Bubblegum",
          "pnt": 47
        },
        {
          "ans": "Cherry",
          "pnt": 31
        },
        {
          "ans": "Grape",
          "pnt": 20
        }
      ],
      "multiply": 1,
      "question": "Name A Flavor Kid’s Toothpaste Come In, But Adults Doesn’t"
    },
    {
      "answers": [
        {
          "ans": "Gas Station",
          "pnt": 44
        },
        {
          "ans": "Coffee Shop",
          "pnt": 29
        },
        {
          "ans": "Fast Food",
          "pnt": 19
        },
        {
          "ans": "Store",
          "pnt": 12
        }
      ],
      "multiply": 1,
      "question": "Somewhere You Might Stop On The Way To Work"
    },
    {
      "answers": [
        {
          "ans": "Have Homework?",
          "pnt": 36
        },
        {
          "ans": "How Are Your grades?",
          "pnt": 32
        },
        {
          "ans": "How Was Your Day?",
          "pnt": 18
        },
        {
          "ans": "What Did You Learn?",
          "pnt": 6
        },
        {
          "ans": "When Is Your Test?",
          "pnt": 3
        }
      ],
      "multiply": 2,
      "question": "Name Something Adults Always Ask Kids About School"
    },
    {
      "answers": [
        {
          "ans": "Pass Gass",
          "pnt": 23
        },
        {
          "ans": "Pee",
          "pnt": 20
        },
        {
          "ans": "Snort",
          "pnt": 18
        },
        {
          "ans": "Spit",
          "pnt": 15
        },
        {
          "ans": "Teeth Fall Out",
          "pnt": 7
        },
        {
          "ans": "Cry",
          "pnt": 7
        },
        {
          "ans": "Burp",
          "pnt": 3
        }
      ],
      "multiply": 2,
      "question": "Name Something Embarrassing That Might Happen While You’re Laughing"
    },
    {
      "answers": [
        {
          "ans": "Watermelon",
          "pnt": 35
        },
        {
          "ans": "Cantaloupe",
          "pnt": 21
        },
        {
          "ans": "Orange",
          "pnt": 18
        },
        {
          "ans": "Grapefruit",
          "pnt": 16
        },
        {
          "ans": "Pinapple",
          "pnt": 5
        },
        {
          "ans": "Banana",
          "pnt": 3
        },
        {
          "ans": "Coconuts",
          "pnt": 2
        }
      ],
      "multiply": 2,
      "question": "Name A Specific Fruit You Have To Cut Open To Eat"
    }
  ],
  "final_round": [
    {
      "answers": [
        [
          "Candy",
          33
        ],
        [
          "Listening To Music",
          19
        ],
        [
          "Pet",
          14
        ],
        [
          "Watching A Movie/TV",
          14
        ],
        [
          "Friend/Phone Call",
          10
        ],
        [
          "Have A Drink",
          4
        ],
        [
          "Reading",
          3
        ]
      ],
      "question": "Name Something That Always Makes You Feel Better When You’re Lonely."
    },
    {
      "answers": [
        [
          "Appearance",
          29
        ],
        [
          "Kissing Ability",
          25
        ],
        [
          "Romance",
          18
        ],
        [
          "Kind Personality",
          10
        ],
        [
          "Communication",
          9
        ],
        [
          "Honesty",
          7
        ]
      ],
      "question": "If There Were Prizes For Good Boyfriends, What Categories Would They Be Rated On?"
    },
    {
      "answers": [
        [
          "Shorts",
          37
        ],
        [
          "Flip Flops",
          18
        ],
        [
          "Sunglasses",
          14
        ],
        [
          "Sunblock",
          10
        ],
        [
          "Hat",
          9
        ],
        [
          "Towel",
          6
        ]
      ],
      "question": "Other Than Swimsuits, Name Something People Wear To The Beach."
    },
    {
      "answers": [
        [
          "Mouse Ears",
          41
        ],
        [
          "T Shirt",
          30
        ],
        [
          "Keychain",
          9
        ],
        [
          "Stuffed Animal/ Doll",
          8
        ],
        [
          "Autograph",
          4
        ]
      ],
      "question": "What Do People Bring Back As A Souvenir From Disneyworld?"
    }
  ],
  "final_round_timers": [
    20,
    25
  ]
}