{
  "rounds": [
    {
      "answers": [
        {
          "ans": "Shake Hands",
          "pnt": 44
        },
        {
          "ans": "High Five",
          "pnt": 36
        },
        {
          "ans": "Clap",
          "pnt": 10
        },
        {
          "ans": "Congratulate",
          "pnt": 8
        }
      ],
      "multiply": 1,
      "question": "Name Something A Losing Sports Team Does To The Winners To Show Good Sportsmanship"
    },
    {
      "answers": [
        {
          "ans": "Car",
          "pnt": 35
        },
        {
          "ans": "House/Home Repair",
          "pnt": 23
        },
        {
          "ans": "Food",
          "pnt": 20
        },
        {
          "ans": "Gifts",
          "pnt": 11
        },
        {
          "ans": "Insurance",
          "pnt": 9
        }
      ],
      "multiply": 1,
      "question": "Name Something You’re Better Off Spending Too Much Money On Than Too Little."
    },
    {
      "answers": [
        {
          "ans": "Blood ",
          "pnt": 56
        },
        {
          "ans": "Crucifix ",
          "pnt": 36
        },
        {
          "ans": "Garlic ",
          "pnt": 24
        },
        {
          "ans": "Fangs ",
          "pnt": 16
        },
        {
          "ans": "Dracula ",
          "pnt": 10
        }
      ],
      "multiply": 1,
      "question": "Name Something You Associate With Vampires"
    },
    {
      "answers": [
        {
          "ans": "Gold ",
          "pnt": 47
        },
        {
          "ans": "Diamonds ",
          "pnt": 31
        },
        {
          "ans": "Stars ",
          "pnt": 20
        },
        {
          "ans": "Glitter ",
          "pnt": 13
        },
        {
          "ans": "Ring ",
          "pnt": 8
        }
      ],
      "multiply": 2,
      "question": "Name Something That Glitters"
    },
    {
      "answers": [
        {
          "ans": "Jailhouse Rock",
          "pnt": 34
        },
        {
          "ans": "Viva Las Vegas",
          "pnt": 23
        },
        {
          "ans": "Blue Hawaii",
          "pnt": 16
        },
        {
          "ans": "Love Me tender",
          "pnt": 9
        },
        {
          "ans": "Girls Girls Girls",
          "pnt": 7
        },
        {
          "ans": "King Creole",
          "pnt": 5
        }
      ],
      "multiply": 2,
      "question": "Name A Popular Elvis Presley Movie"
    },
    {
      "answers": [
        {
          "ans": "Kissing Them ",
          "pnt": 57
        },
        {
          "ans": "Hugging Them ",
          "pnt": 37
        },
        {
          "ans": "Flowers ",
          "pnt": 24
        },
        {
          "ans": "Telling Them ",
          "pnt": 16
        },
        {
          "ans": "Gifts / Presents ",
          "pnt": 10
        }
      ],
      "multiply": 2,
      "question": "Name The Best Way Of Telling Someone You Love Them"
    }
  ],
  "final_round": [
    {
      "answers": [
        [
          "Sleigh Ride",
          36
        ],
        [
          "Make Toys",
          26
        ],
        [
          "Eat Cookies",
          19
        ],
        [
          "Deliver Presents",
          7
        ],
        [
          "Sit On His Lap",
          5
        ],
        [
          "Go To North Pole",
          4
        ]
      ],
      "question": "If You Went Out With Santa Claus, What Might You Do On Your First Date?"
    },
    {
      "answers": [
        [
          "Fudge",
          44
        ],
        [
          "Chocolates",
          21
        ],
        [
          "Peanut Brittle",
          14
        ],
        [
          "Toffee",
          9
        ],
        [
          "Taffy",
          7
        ]
      ],
      "question": "Tell Me A Popular Type Of Homemade Candy Served During The Holidays"
    },
    {
      "answers": [
        [
          "Arrows ",
          55
        ],
        [
          "Board ",
          36
        ],
        [
          "Robin Hood ",
          23
        ]
      ],
      "question": "Name Something You Associate With Archery"
    },
    {
      "answers": [
        [
          "Floor ",
          45
        ],
        [
          "Sofa ",
          29
        ],
        [
          "Futon ",
          19
        ],
        [
          "Pillow ",
          12
        ],
        [
          "Blanket ",
          8
        ]
      ],
      "question": "Apart From A Matress, Name Something People Sleep On"
    }
  ],
  "final_round_timers": [
    20,
    25
  ]
}