{
  "rounds": [
    {
      "answers": [
        {
          "ans": "Chatter Box",
          "pnt": 55
        },
        {
          "ans": "Blabber Mouth",
          "pnt": 36
        },
        {
          "ans": "Motor Mouth",
          "pnt": 23
        },
        {
          "ans": "Jabber Jaws",
          "pnt": 15
        }
      ],
      "multiply": 1,
      "question": "Give Me A Name Used For A Person Who Talks A Lot"
    },
    {
      "answers": [
        {
          "ans": "Drive",
          "pnt": 56
        },
        {
          "ans": "Ski",
          "pnt": 29
        },
        {
          "ans": "Sleep",
          "pnt": 7
        },
        {
          "ans": "Breathe",
          "pnt": 6
        }
      ],
      "multiply": 1,
      "question": "Name Something That Would Be Harder To Do If You Lived In Los Angeles."
    },
    {
      "answers": [
        {
          "ans": "Pictures",
          "pnt": 53
        },
        {
          "ans": "Info. On Kids",
          "pnt": 12
        },
        {
          "ans": "Age",
          "pnt": 10
        },
        {
          "ans": "Real Name",
          "pnt": 10
        },
        {
          "ans": "Relationship Status",
          "pnt": 5
        },
        {
          "ans": "Who friends Are",
          "pnt": 3
        }
      ],
      "multiply": 1,
      "question": "Name Something People Proudly Share On Facebook"
    },
    {
      "answers": [
        {
          "ans": "Beef",
          "pnt": 27
        },
        {
          "ans": "Ketchup",
          "pnt": 24
        },
        {
          "ans": "Mustard",
          "pnt": 16
        },
        {
          "ans": "Lettuce",
          "pnt": 15
        },
        {
          "ans": "Grease",
          "pnt": 7
        },
        {
          "ans": "Pickles",
          "pnt": 6
        },
        {
          "ans": "Onions",
          "pnt": 5
        }
      ],
      "multiply": 2,
      "question": "Name Something You Find On A Fast Food Burger."
    },
    {
      "answers": [
        {
          "ans": "Marine Animals",
          "pnt": 52
        },
        {
          "ans": "Treasure",
          "pnt": 22
        },
        {
          "ans": "Shells",
          "pnt": 10
        },
        {
          "ans": "Missing Person",
          "pnt": 8
        },
        {
          "ans": "Sunken Ship",
          "pnt": 5
        }
      ],
      "multiply": 2,
      "question": "Name Something A Diver Might Look For Underwater"
    },
    {
      "answers": [
        {
          "ans": "Nose ",
          "pnt": 50
        },
        {
          "ans": "Head ",
          "pnt": 33
        },
        {
          "ans": "Brain ",
          "pnt": 21
        },
        {
          "ans": "Heart ",
          "pnt": 14
        },
        {
          "ans": "Mouth ",
          "pnt": 9
        },
        {
          "ans": "Husband / Wife ",
          "pnt": 6
        }
      ],
      "multiply": 2,
      "question": "Name Something Most People Only Have One Of"
    }
  ],
  "final_round": [
    {
      "answers": [
        [
          "Vacuum",
          34
        ],
        [
          "Blender",
          32
        ],
        [
          "TV",
          10
        ],
        [
          "Dishwasher",
          7
        ],
        [
          "Washer/Dryer",
          6
        ],
        [
          "Microwave",
          5
        ]
      ],
      "question": "Name An Appliance You Avoid Using When People Are Sleeping"
    },
    {
      "answers": [
        [
          "Drink Water",
          63
        ],
        [
          "Rest",
          12
        ],
        [
          "Celebrate",
          9
        ],
        [
          "Walk Around",
          5
        ],
        [
          "Eat",
          3
        ]
      ],
      "question": "Name Something Runners Do Right After They Finish A Marathon."
    },
    {
      "answers": [
        [
          "Splits",
          31
        ],
        [
          "Shouting",
          27
        ],
        [
          "Cartwheel",
          15
        ],
        [
          "Pyramid",
          13
        ],
        [
          "Use Pom Poms",
          11
        ]
      ],
      "question": "Name Something You See Cheerleaders Do That Would Look Strange To See People Doing Otherwise."
    },
    {
      "answers": [
        [
          "Swing",
          52
        ],
        [
          "Pool",
          34
        ],
        [
          "Fence",
          22
        ],
        [
          "Sandbox",
          14
        ]
      ],
      "question": "Put In Backyard If You Have Children"
    }
  ],
  "final_round_timers": [
    20,
    25
  ]
}