{
  "rounds": [
    {
      "answers": [
        {
          "ans": "Pen",
          "pnt": 35
        },
        {
          "ans": "Computer",
          "pnt": 33
        },
        {
          "ans": "Pencil",
          "pnt": 10
        },
        {
          "ans": "Paper",
          "pnt": 8
        },
        {
          "ans": "Internet",
          "pnt": 2
        },
        {
          "ans": "Lamp",
          "pnt": 2
        },
        {
          "ans": "Type Writer",
          "pnt": 2
        }
      ],
      "multiply": 1,
      "question": "Name Something A Writer Uses To Work?"
    },
    {
      "answers": [
        {
          "ans": "TV",
          "pnt": 27
        },
        {
          "ans": "Bed",
          "pnt": 18
        },
        {
          "ans": "Telephone",
          "pnt": 17
        },
        {
          "ans": "Kitchen",
          "pnt": 16
        },
        {
          "ans": "Running Water",
          "pnt": 9
        },
        {
          "ans": "Family",
          "pnt": 6
        }
      ],
      "multiply": 1,
      "question": "Name Something In Your House You Could Not Live Without"
    },
    {
      "answers": [
        {
          "ans": "Their Rooms",
          "pnt": 49
        },
        {
          "ans": "Their Teeth",
          "pnt": 17
        },
        {
          "ans": "Their Hands",
          "pnt": 13
        },
        {
          "ans": "Behind Their ears",
          "pnt": 10
        },
        {
          "ans": "Their Plates",
          "pnt": 8
        }
      ],
      "multiply": 1,
      "question": "Name Something That Parents Are Always Telling Their kids To Clean."
    },
    {
      "answers": [
        {
          "ans": "Leaning Tower of Pisa",
          "pnt": 41
        },
        {
          "ans": "Sistine Chapel",
          "pnt": 15
        },
        {
          "ans": "Museums",
          "pnt": 14
        },
        {
          "ans": "Rome",
          "pnt": 12
        },
        {
          "ans": "Gondolas",
          "pnt": 10
        },
        {
          "ans": "Architecture",
          "pnt": 8
        }
      ],
      "multiply": 2,
      "question": "Name something tourists see while visiting Italy."
    },
    {
      "answers": [
        {
          "ans": "Cleaning",
          "pnt": 54
        },
        {
          "ans": "Typing",
          "pnt": 35
        },
        {
          "ans": "Cooking",
          "pnt": 23
        },
        {
          "ans": "Juggling",
          "pnt": 15
        },
        {
          "ans": "Playing Sports",
          "pnt": 10
        },
        {
          "ans": "Musical Instrument",
          "pnt": 6
        },
        {
          "ans": "Showing Affection",
          "pnt": 4
        }
      ],
      "multiply": 2,
      "question": "Name Something Octopus Would Be Good At"
    },
    {
      "answers": [
        {
          "ans": "Perform At Concert",
          "pnt": 34
        },
        {
          "ans": "Throw A Party",
          "pnt": 27
        },
        {
          "ans": "Spend Money",
          "pnt": 16
        },
        {
          "ans": "Travel",
          "pnt": 8
        },
        {
          "ans": "Get Dates",
          "pnt": 7
        },
        {
          "ans": "Get A Paycheck",
          "pnt": 4
        }
      ],
      "multiply": 2,
      "question": "If You Could Be A Rockstar For One Night, What’s The First Thing You’d Want To Do?"
    }
  ],
  "final_round": [
    {
      "answers": [
        [
          "Spirit",
          33
        ],
        [
          "Good Looks",
          22
        ],
        [
          "Leadership",
          19
        ],
        [
          "Popularity",
          15
        ]
      ],
      "question": "Name An Attribute Of A High School Cheerleader That Could Help Her Become President Of The United States"
    },
    {
      "answers": [
        [
          "Knife",
          60
        ],
        [
          "Scissors",
          18
        ],
        [
          "Soap",
          15
        ],
        [
          "Towel",
          3
        ]
      ],
      "question": "Name Something You Use From The Kitchen When You’re Working In The Garage."
    },
    {
      "answers": [
        [
          "Chips",
          44
        ],
        [
          "Popcorn",
          23
        ],
        [
          "Celery",
          10
        ],
        [
          "Carrots",
          9
        ],
        [
          "Apple",
          8
        ],
        [
          "Cereal",
          5
        ]
      ],
      "question": "Name A Food That’s Noisy When People Eat It."
    },
    {
      "answers": [
        [
          "Shirt",
          52
        ],
        [
          "Pants",
          34
        ],
        [
          "Dress",
          22
        ],
        [
          "Pillow",
          14
        ],
        [
          "Shoes",
          9
        ],
        [
          "Mattress",
          6
        ],
        [
          "Underwear",
          4
        ]
      ],
      "question": "Name Something You Cut Tag Off Before Using"
    }
  ],
  "final_round_timers": [
    20,
    25
  ]
}