{
  "rounds": [
    {
      "answers": [
        {
          "ans": "Email",
          "pnt": 31
        },
        {
          "ans": "Social Network",
          "pnt": 26
        },
        {
          "ans": "Movies/TV",
          "pnt": 13
        },
        {
          "ans": "Games",
          "pnt": 11
        },
        {
          "ans": "dating Site",
          "pnt": 9
        },
        {
          "ans": "Blog",
          "pnt": 4
        }
      ],
      "multiply": 1,
      "question": "Name A Type Of Online Site That Asks You To Log In."
    },
    {
      "answers": [
        {
          "ans": "LEG WARMERS",
          "pnt": 43
        },
        {
          "ans": "SPANDEX",
          "pnt": 22
        },
        {
          "ans": "SCRUNCHIES",
          "pnt": 19
        },
        {
          "ans": "BIG HAIR",
          "pnt": 8
        }
      ],
      "multiply": 1,
      "question": "What Are Some Things That People Wore In The 80S That Are Now Out Of Fashion"
    },
    {
      "answers": [
        {
          "ans": "Cherry",
          "pnt": 26
        },
        {
          "ans": "Licorice",
          "pnt": 24
        },
        {
          "ans": "Lemon",
          "pnt": 11
        },
        {
          "ans": "Strawberry",
          "pnt": 11
        },
        {
          "ans": "Orange",
          "pnt": 7
        },
        {
          "ans": "Grape",
          "pnt": 7
        },
        {
          "ans": "Watermelon",
          "pnt": 6
        }
      ],
      "multiply": 1,
      "question": "Name A Jelly Bean Flavor"
    },
    {
      "answers": [
        {
          "ans": "Ball ",
          "pnt": 54
        },
        {
          "ans": "Tin Can ",
          "pnt": 35
        },
        {
          "ans": "Rocks ",
          "pnt": 23
        },
        {
          "ans": "Sticks ",
          "pnt": 15
        },
        {
          "ans": "Yo-Yo ",
          "pnt": 10
        },
        {
          "ans": "Mobile Phone ",
          "pnt": 6
        }
      ],
      "multiply": 2,
      "question": "Name Something Kids Play With On Their Way To School"
    },
    {
      "answers": [
        {
          "ans": "Milk",
          "pnt": 45
        },
        {
          "ans": "Ice Cream",
          "pnt": 29
        },
        {
          "ans": "Dog Food",
          "pnt": 19
        },
        {
          "ans": "Soda",
          "pnt": 12
        },
        {
          "ans": "Potatoes",
          "pnt": 8
        },
        {
          "ans": "Eggs",
          "pnt": 5
        },
        {
          "ans": "Watermelon",
          "pnt": 3
        }
      ],
      "multiply": 2,
      "question": "Name Something You Don’t Buy At Grocery Store With A Long Walk Home"
    },
    {
      "answers": [
        {
          "ans": "Traffic",
          "pnt": 48
        },
        {
          "ans": "Elevator",
          "pnt": 34
        },
        {
          "ans": "Work",
          "pnt": 11
        },
        {
          "ans": "Airport",
          "pnt": 5
        }
      ],
      "multiply": 2,
      "question": "Name A Place Where You Hate To Get Stuck"
    }
  ],
  "final_round": [
    {
      "answers": [
        [
          "Candles",
          28
        ],
        [
          "Centerpiece/Flowers",
          23
        ],
        [
          "Tablecloth",
          16
        ],
        [
          "Food",
          12
        ],
        [
          "Dishes",
          10
        ],
        [
          "Napkins",
          5
        ]
      ],
      "question": "Name something you’d put on your table when having a dinner party."
    },
    {
      "answers": [
        [
          "Water",
          35
        ],
        [
          "Cow Pie",
          24
        ],
        [
          "Mud",
          10
        ],
        [
          "Cactus",
          9
        ],
        [
          "Tree",
          8
        ],
        [
          "Rocks",
          8
        ]
      ],
      "question": "Name Something You’d Hate To Land In After Skydiving."
    },
    {
      "answers": [
        [
          "Ice Cream ",
          56
        ],
        [
          "Milk ",
          36
        ],
        [
          "Milkshake ",
          24
        ],
        [
          "Cake ",
          16
        ],
        [
          "Chocolate ",
          10
        ]
      ],
      "question": "Name Something That Is Chocolate Flavoured"
    },
    {
      "answers": [
        [
          "T Shirt",
          35
        ],
        [
          "Alcohol",
          24
        ],
        [
          "Album",
          18
        ],
        [
          "Poster",
          10
        ],
        [
          "Snacks",
          5
        ],
        [
          "Cap",
          4
        ]
      ],
      "question": "Name Something You Can Buy At A Rock Concert."
    }
  ],
  "final_round_timers": [
    20,
    25
  ]
}