{
  "rounds": [
    {
      "answers": [
        {
          "ans": "The Loot",
          "pnt": 33
        },
        {
          "ans": "ID",
          "pnt": 22
        },
        {
          "ans": "Fingerprints",
          "pnt": 20
        },
        {
          "ans": "Wallet",
          "pnt": 14
        },
        {
          "ans": "His gun",
          "pnt": 5
        }
      ],
      "multiply": 1,
      "question": "Name something the world’s dumbest bank robber might leave at the scene of the crime"
    },
    {
      "answers": [
        {
          "ans": "Egypt ",
          "pnt": 42
        },
        {
          "ans": "Bandages ",
          "pnt": 27
        },
        {
          "ans": "A Tomb ",
          "pnt": 18
        }
      ],
      "multiply": 1,
      "question": "Name Something Associated With A Mummy"
    },
    {
      "answers": [
        {
          "ans": "Wine",
          "pnt": 36
        },
        {
          "ans": "Coffee",
          "pnt": 35
        },
        {
          "ans": "Beer",
          "pnt": 13
        },
        {
          "ans": "Juice",
          "pnt": 8
        },
        {
          "ans": "Milk",
          "pnt": 5
        }
      ],
      "multiply": 1,
      "question": "Name A Kind Of Drink You Wouldn’t Want To Have Spilled On You."
    },
    {
      "answers": [
        {
          "ans": "Test",
          "pnt": 51
        },
        {
          "ans": "Partner",
          "pnt": 33
        },
        {
          "ans": "Taxes",
          "pnt": 22
        },
        {
          "ans": "Diet",
          "pnt": 14
        }
      ],
      "multiply": 2,
      "question": "Name Something People Cheat On"
    },
    {
      "answers": [
        {
          "ans": "Jewelry Store",
          "pnt": 44
        },
        {
          "ans": "Macys",
          "pnt": 27
        },
        {
          "ans": "Neman Marcus",
          "pnt": 8
        },
        {
          "ans": "Bloomingdales",
          "pnt": 8
        },
        {
          "ans": "Department Store",
          "pnt": 3
        },
        {
          "ans": "Lord & Taylor",
          "pnt": 3
        }
      ],
      "multiply": 2,
      "question": "Name A Store Or Type Of Store That Sells Expensive Merchandise."
    },
    {
      "answers": [
        {
          "ans": "Head",
          "pnt": 41
        },
        {
          "ans": "Throat",
          "pnt": 16
        },
        {
          "ans": "Feet",
          "pnt": 15
        },
        {
          "ans": "Neck",
          "pnt": 10
        },
        {
          "ans": "Back",
          "pnt": 4
        },
        {
          "ans": "Ears",
          "pnt": 4
        }
      ],
      "multiply": 2,
      "question": "Name Something That Might Hurt After You Attend A Rock Concert."
    }
  ],
  "final_round": [
    {
      "answers": [
        [
          "School",
          41
        ],
        [
          "The Mall",
          20
        ],
        [
          "The Movies",
          15
        ],
        [
          "Clubs/Practice",
          12
        ],
        [
          "Friemd’s/Party",
          10
        ]
      ],
      "question": "Name Someplace That Kids Need Their Parents To Drive Them"
    },
    {
      "answers": [
        [
          "Helmet",
          55
        ],
        [
          "Shorts",
          36
        ],
        [
          "Gloves",
          23
        ],
        [
          "Glasses/Goggles",
          15
        ]
      ],
      "question": "Name Something You Wear When You Ride A Bike."
    },
    {
      "answers": [
        [
          "Parent",
          43
        ],
        [
          "Boss",
          19
        ],
        [
          "Sibling",
          18
        ],
        [
          "Ex",
          10
        ],
        [
          "Best Friend",
          5
        ],
        [
          "Boy/Girlfriend",
          3
        ]
      ],
      "question": "Name A Person In Your Life Who It Would Be Unwise To Live With."
    },
    {
      "answers": [
        [
          "Tacos",
          47
        ],
        [
          "Nachos",
          31
        ],
        [
          "Burito",
          20
        ],
        [
          "Fajitas",
          13
        ]
      ],
      "question": "Name The Best Dish To Order At A Mexican Restaurant"
    }
  ],
  "final_round_timers": [
    20,
    25
  ]
}