{
  "rounds": [
    {
      "answers": [
        {
          "ans": "Patience",
          "pnt": 50
        },
        {
          "ans": "Bullets",
          "pnt": 33
        },
        {
          "ans": "Courage",
          "pnt": 21
        },
        {
          "ans": "Donuts",
          "pnt": 14
        },
        {
          "ans": "Citations",
          "pnt": 9
        },
        {
          "ans": "Coffee",
          "pnt": 6
        },
        {
          "ans": "Back Up",
          "pnt": 4
        }
      ],
      "multiply": 1,
      "question": "Name Something A Police Officer Needs A Lot Of"
    },
    {
      "answers": [
        {
          "ans": "Money",
          "pnt": 50
        },
        {
          "ans": "Bad Grades",
          "pnt": 33
        },
        {
          "ans": "Kids",
          "pnt": 21
        },
        {
          "ans": "Time",
          "pnt": 14
        },
        {
          "ans": "Work",
          "pnt": 9
        },
        {
          "ans": "Apathy",
          "pnt": 6
        }
      ],
      "multiply": 1,
      "question": "What, Specifically, Keeps You From Getting A Degree?"
    },
    {
      "answers": [
        {
          "ans": "Alarm",
          "pnt": 50
        },
        {
          "ans": "TV",
          "pnt": 24
        },
        {
          "ans": "Lamp",
          "pnt": 12
        },
        {
          "ans": "Radio",
          "pnt": 7
        },
        {
          "ans": "Electric Blanket",
          "pnt": 4
        }
      ],
      "multiply": 1,
      "question": "Name Something People Turn On Just Before They Get In Bed."
    },
    {
      "answers": [
        {
          "ans": 120,
          "pnt": 110
        },
        {
          "ans": 100,
          "pnt": 105
        },
        {
          "ans": 115,
          "pnt": 95
        },
        {
          "ans": 125,
          "pnt": null
        }
      ],
      "multiply": 2,
      "question": "How Much Does The Average Supermodel Weigh?"
    },
    {
      "answers": [
        {
          "ans": "Don’t Talk To Strangers",
          "pnt": 56
        },
        {
          "ans": "Look Both Ways",
          "pnt": 36
        },
        {
          "ans": "Wear Helmet",
          "pnt": 24
        },
        {
          "ans": "Be Careful",
          "pnt": 16
        }
      ],
      "multiply": 2,
      "question": "Safety Advice Parents Give Kids"
    },
    {
      "answers": [
        {
          "ans": "Tire",
          "pnt": 40
        },
        {
          "ans": "Hair",
          "pnt": 33
        },
        {
          "ans": "Soda",
          "pnt": 20
        },
        {
          "ans": "Beer",
          "pnt": 5
        }
      ],
      "multiply": 2,
      "question": "Name Something You Try To Prevent From Getting Flat."
    }
  ],
  "final_round": [
    {
      "answers": [
        [
          "Monkey",
          32
        ],
        [
          "Dog",
          18
        ],
        [
          "Cat",
          16
        ],
        [
          "Horse",
          11
        ],
        [
          "Tiger",
          9
        ],
        [
          "Kangaroo",
          7
        ]
      ],
      "question": "Name An Animal With A Long Tail."
    },
    {
      "answers": [
        [
          "Cherry",
          54
        ],
        [
          "Strawberry",
          18
        ],
        [
          "Orange",
          15
        ],
        [
          "Grape",
          6
        ],
        [
          "Raspberry",
          2
        ],
        [
          "Banana",
          2
        ],
        [
          "Bubble Gum",
          2
        ]
      ],
      "question": "Name The Best Flavor Of Popsicle."
    },
    {
      "answers": [
        [
          "I’m Quitting",
          43
        ],
        [
          "I’m Pregnant",
          29
        ],
        [
          "I Got A New Job",
          23
        ],
        [
          "I Hate This Job/Boss",
          11
        ]
      ],
      "question": "Name An Announcement That You’d Hate For Your Boss To Overhear You Making"
    },
    {
      "answers": [
        [
          "Pay Phones",
          36
        ],
        [
          "Home Phones",
          26
        ],
        [
          "Pagers",
          23
        ],
        [
          "Letters",
          11
        ]
      ],
      "question": "Name Something You Started Seeing Less Of Since Cell Phones Became Popular"
    }
  ],
  "final_round_timers": [
    20,
    25
  ]
}