{
  "rounds": [
    {
      "answers": [
        {
          "ans": "Ball Game",
          "pnt": 46
        },
        {
          "ans": "Commercials",
          "pnt": 17
        },
        {
          "ans": "Boxing Match",
          "pnt": 12
        },
        {
          "ans": "News",
          "pnt": 10
        },
        {
          "ans": "Politics",
          "pnt": 5
        },
        {
          "ans": "Horror Movie",
          "pnt": 5
        },
        {
          "ans": "Game Show",
          "pnt": 3
        }
      ],
      "multiply": 1,
      "question": "Name Something On TV That Causes People To Yell At Their Screens"
    },
    {
      "answers": [
        {
          "ans": "Sleeping",
          "pnt": 38
        },
        {
          "ans": "Eating/Drinking",
          "pnt": 17
        },
        {
          "ans": "Kissing",
          "pnt": 14
        },
        {
          "ans": "Use Phone",
          "pnt": 11
        },
        {
          "ans": "freshening Up",
          "pnt": 8
        },
        {
          "ans": "Reading Map",
          "pnt": 4
        },
        {
          "ans": "Smoking",
          "pnt": 3
        }
      ],
      "multiply": 1,
      "question": "Name Something That People Might Be Seen Doing In Their Vehicles As A Rest Area Along The Freeway"
    },
    {
      "answers": [
        {
          "ans": "Toilet",
          "pnt": 53
        },
        {
          "ans": "Shoes",
          "pnt": 34
        },
        {
          "ans": "Floor",
          "pnt": 23
        },
        {
          "ans": "Jewelry",
          "pnt": 15
        }
      ],
      "multiply": 1,
      "question": "Other Than Teeth Something People Use Toothbrush To Clean"
    },
    {
      "answers": [
        {
          "ans": "Pen/Pencil",
          "pnt": 43
        },
        {
          "ans": "Stapler",
          "pnt": 20
        },
        {
          "ans": "Paperclip",
          "pnt": 18
        },
        {
          "ans": "Tape",
          "pnt": 8
        },
        {
          "ans": "Paper",
          "pnt": 7
        },
        {
          "ans": "Candy",
          "pnt": 4
        }
      ],
      "multiply": 2,
      "question": "Name Something Specific You Might Borrow From Your Coworker’s Desk That You’re Least Likely To Return"
    },
    {
      "answers": [
        {
          "ans": "Musician / Singer ",
          "pnt": 57
        },
        {
          "ans": "Disc Jockey ",
          "pnt": 37
        },
        {
          "ans": "Tv Announcer ",
          "pnt": 24
        },
        {
          "ans": "MC ",
          "pnt": 16
        },
        {
          "ans": "Radio Announcer ",
          "pnt": 10
        }
      ],
      "multiply": 2,
      "question": "Name An Occupation That Uses A Microphone"
    },
    {
      "answers": [
        {
          "ans": "Eating Sweets",
          "pnt": 29
        },
        {
          "ans": "Falling In Love",
          "pnt": 27
        },
        {
          "ans": "Playing Games/Sports",
          "pnt": 13
        },
        {
          "ans": "Being Around Kids",
          "pnt": 8
        },
        {
          "ans": "Disney/Theme Park",
          "pnt": 7
        },
        {
          "ans": "Riding A Bike",
          "pnt": 6
        },
        {
          "ans": "Dancing",
          "pnt": 4
        }
      ],
      "multiply": 2,
      "question": "No Matter What Your Age, Name Something That Can Make You Feel Like A Kid Again"
    }
  ],
  "final_round": [
    {
      "answers": [
        [
          "President",
          49
        ],
        [
          "Peanuts",
          32
        ],
        [
          "Amy Carter",
          21
        ],
        [
          "Habitat For Humanity",
          14
        ],
        [
          "Roselyn Carter",
          9
        ]
      ],
      "question": "Name Something Associated With Jimmy Carter"
    },
    {
      "answers": [
        [
          "Football ",
          44
        ],
        [
          "Skating ",
          29
        ],
        [
          "Tennis ",
          19
        ],
        [
          "Running ",
          12
        ],
        [
          "Golf ",
          8
        ]
      ],
      "question": "Name An activity the Requires Special Footwear"
    },
    {
      "answers": [
        [
          "Tarzan",
          22
        ],
        [
          "Bird Watcher",
          21
        ],
        [
          "Monkey",
          15
        ],
        [
          "Tree Trimmer",
          12
        ],
        [
          "Bird",
          9
        ],
        [
          "Firefighter",
          9
        ],
        [
          "Child",
          7
        ]
      ],
      "question": "Name An Animal Or Person Who Might Spend Time In A Tree"
    },
    {
      "answers": [
        [
          "Restaurant",
          52
        ],
        [
          "Hotel",
          34
        ],
        [
          "Store",
          22
        ],
        [
          "Club",
          14
        ],
        [
          "Hospital",
          9
        ],
        [
          "Rehab",
          6
        ],
        [
          "Jail",
          4
        ]
      ],
      "question": "At What Place Might A Celebrity Get Special Treatment"
    }
  ],
  "final_round_timers": [
    20,
    25
  ]
}