{
  "rounds": [
    {
      "answers": [
        {
          "ans": "Jealous",
          "pnt": 57
        },
        {
          "ans": "Drinking",
          "pnt": 21
        },
        {
          "ans": "No Dinner",
          "pnt": 11
        },
        {
          "ans": "Has To Watch Kids",
          "pnt": 3
        },
        {
          "ans": "Lonely",
          "pnt": 3
        }
      ],
      "multiply": 1,
      "question": "Name A Reason Why A Man Might Not Want His Wife To Have A Girl’s Night Out."
    },
    {
      "answers": [
        {
          "ans": "Food/Diet Food",
          "pnt": 38
        },
        {
          "ans": "High Heels",
          "pnt": 18
        },
        {
          "ans": "Camaras",
          "pnt": 16
        },
        {
          "ans": "Makeup",
          "pnt": 13
        },
        {
          "ans": "Flaws",
          "pnt": 9
        }
      ],
      "multiply": 1,
      "question": "Name Something That Supermodels Would Rather Do Without."
    },
    {
      "answers": [
        {
          "ans": "Anniversary",
          "pnt": 37
        },
        {
          "ans": "Baby Due",
          "pnt": 24
        },
        {
          "ans": "Trying For A Baby",
          "pnt": 21
        },
        {
          "ans": "Wedding day",
          "pnt": 8
        }
      ],
      "multiply": 1,
      "question": "Name A Reason A Couple May Keep A Close Watch On A Calender."
    },
    {
      "answers": [
        {
          "ans": "Spaceship / UFO ",
          "pnt": 54
        },
        {
          "ans": "Outer Space ",
          "pnt": 35
        },
        {
          "ans": "Mars / Martians ",
          "pnt": 23
        },
        {
          "ans": "ET ",
          "pnt": 15
        },
        {
          "ans": "Green ",
          "pnt": 10
        }
      ],
      "multiply": 2,
      "question": "Name Something Associated With Aliens"
    },
    {
      "answers": [
        {
          "ans": "Wand",
          "pnt": 34
        },
        {
          "ans": "Witch",
          "pnt": 24
        },
        {
          "ans": "Fairy Godmother",
          "pnt": 18
        },
        {
          "ans": "Wizard",
          "pnt": 12
        },
        {
          "ans": "Fairy Dust",
          "pnt": 4
        },
        {
          "ans": "Broom",
          "pnt": 4
        }
      ],
      "multiply": 2,
      "question": "Name Something That often Has Magical Powers In fairy Tales"
    },
    {
      "answers": [
        {
          "ans": "People",
          "pnt": 37
        },
        {
          "ans": "Bench",
          "pnt": 23
        },
        {
          "ans": "Bus",
          "pnt": 13
        },
        {
          "ans": "Bus signs",
          "pnt": 10
        },
        {
          "ans": "Bus schedule",
          "pnt": 8
        },
        {
          "ans": "Poster",
          "pnt": 6
        }
      ],
      "multiply": 2,
      "question": "Name something you might see at a bus stop."
    }
  ],
  "final_round": [
    {
      "answers": [
        [
          "Romeo",
          56
        ],
        [
          "Hamlet",
          20
        ],
        [
          "Juliet",
          15
        ],
        [
          "Macbeth",
          3
        ],
        [
          "Othello",
          3
        ]
      ],
      "question": "Name A Shakespeare Character Who Most People Have Heard Of."
    },
    {
      "answers": [
        [
          "Play Teacher/Go To Job",
          22
        ],
        [
          "Dress Up/Make Up",
          21
        ],
        [
          "Go To Doctor",
          18
        ],
        [
          "Cook",
          12
        ],
        [
          "Have A Wedding",
          12
        ],
        [
          "Act Like Mom/Dad",
          8
        ]
      ],
      "question": "Name A Grown-Up Activity Kids Do When They’re Playing Pretend"
    },
    {
      "answers": [
        [
          "Ring",
          58
        ],
        [
          "Bride",
          38
        ],
        [
          "Tux",
          25
        ]
      ],
      "question": "Name Something A Groom Hate To Lose Before Wedding"
    },
    {
      "answers": [
        [
          "Pass Gas",
          42
        ],
        [
          "Throw Up/Get Sick",
          18
        ],
        [
          "Talk Too Much",
          11
        ],
        [
          "Go Home Together",
          9
        ],
        [
          "Get Drunk",
          7
        ],
        [
          "Talk About Ex",
          6
        ]
      ],
      "question": "Name Something You Might Do On A First Date That Ruins It."
    }
  ],
  "final_round_timers": [
    20,
    25
  ]
}