{
  "rounds": [
    {
      "answers": [
        {
          "ans": "Stereo",
          "pnt": 52
        },
        {
          "ans": "TV",
          "pnt": 25
        },
        {
          "ans": "Headset",
          "pnt": 6
        },
        {
          "ans": "Computer",
          "pnt": 3
        }
      ],
      "multiply": 1,
      "question": "Name Something Some People Blast The Volume On"
    },
    {
      "answers": [
        {
          "ans": "Plumber",
          "pnt": 59
        },
        {
          "ans": "Salesperson",
          "pnt": 38
        },
        {
          "ans": "Housekeeper",
          "pnt": 25
        },
        {
          "ans": "Police",
          "pnt": 16
        },
        {
          "ans": "Real Estate",
          "pnt": 11
        },
        {
          "ans": "Electrician",
          "pnt": 7
        },
        {
          "ans": "Cable Installer",
          "pnt": 4
        }
      ],
      "multiply": 1,
      "question": "Name A Profession Where People Go Into Strangers Houses"
    },
    {
      "answers": [
        {
          "ans": "Pose",
          "pnt": 35
        },
        {
          "ans": "Work Out",
          "pnt": 30
        },
        {
          "ans": "Act",
          "pnt": 13
        },
        {
          "ans": "Dress Up",
          "pnt": 8
        },
        {
          "ans": "Fight",
          "pnt": 7
        },
        {
          "ans": "Strut",
          "pnt": 4
        }
      ],
      "multiply": 1,
      "question": "Name Something Models And Wrestlers Both Do."
    },
    {
      "answers": [
        {
          "ans": "Contacts",
          "pnt": 49
        },
        {
          "ans": "Perfume",
          "pnt": 32
        },
        {
          "ans": "Lotion",
          "pnt": 21
        },
        {
          "ans": "Deodorant",
          "pnt": 14
        },
        {
          "ans": "Braces",
          "pnt": 9
        },
        {
          "ans": "Hairspray",
          "pnt": 6
        },
        {
          "ans": "Sunscreen",
          "pnt": 4
        }
      ],
      "multiply": 2,
      "question": "Name Something You Wear That Is Invisible"
    },
    {
      "answers": [
        {
          "ans": "Boss",
          "pnt": 23
        },
        {
          "ans": "Police",
          "pnt": 21
        },
        {
          "ans": "Parents",
          "pnt": 19
        },
        {
          "ans": "President",
          "pnt": 14
        },
        {
          "ans": "Judge",
          "pnt": 10
        },
        {
          "ans": "Doctor",
          "pnt": 9
        }
      ],
      "multiply": 2,
      "question": "Name Someone Whose Orders Should Be Followed."
    },
    {
      "answers": [
        {
          "ans": "Wile E Coyote",
          "pnt": 44
        },
        {
          "ans": "Daffy Duck",
          "pnt": 18
        },
        {
          "ans": "Tom/Jerry",
          "pnt": 17
        },
        {
          "ans": "Tasmanian Devil",
          "pnt": 8
        },
        {
          "ans": "Itchy & Scratchy",
          "pnt": 7
        }
      ],
      "multiply": 2,
      "question": "Name a cartoon character who’s always getting hurt."
    }
  ],
  "final_round": [
    {
      "answers": [
        [
          "Waiter / Waitress ",
          43
        ],
        [
          "Checkout Person ",
          28
        ],
        [
          "Tour Guide ",
          18
        ]
      ],
      "question": "Name A Person Who Might Wear A Name Tag"
    },
    {
      "answers": [
        [
          "Red Nose ",
          40
        ],
        [
          "Hat ",
          26
        ],
        [
          "Big Shoes ",
          17
        ],
        [
          "Wig ",
          11
        ],
        [
          "Face Paint ",
          7
        ]
      ],
      "question": "Name Something That A Clown Might Wear"
    },
    {
      "answers": [
        [
          "Clothes",
          39
        ],
        [
          "Shoes",
          18
        ],
        [
          "Books",
          15
        ],
        [
          "Food",
          12
        ],
        [
          "Magazines",
          4
        ],
        [
          "CD’s",
          4
        ],
        [
          "Trash",
          4
        ]
      ],
      "question": "Name Something That Might Be Lying On A Teenager’s Floor"
    },
    {
      "answers": [
        [
          "Bed ",
          52
        ],
        [
          "Bible ",
          34
        ],
        [
          "Towel ",
          22
        ],
        [
          "Tv ",
          14
        ],
        [
          "Soap ",
          9
        ],
        [
          "Phone ",
          6
        ]
      ],
      "question": "Name Something You Find In A Hotel Room"
    }
  ],
  "final_round_timers": [
    20,
    25
  ]
}