{
  "rounds": [
    {
      "answers": [
        {
          "ans": "Ghost",
          "pnt": 50
        },
        {
          "ans": "Skeleton",
          "pnt": 33
        },
        {
          "ans": "Spiderwebs",
          "pnt": 21
        },
        {
          "ans": "Monsters",
          "pnt": 14
        },
        {
          "ans": "Witch",
          "pnt": 9
        }
      ],
      "multiply": 1,
      "question": "Name Something You Might Find In A Spook House"
    },
    {
      "answers": [
        {
          "ans": "Lamp",
          "pnt": 58
        },
        {
          "ans": "Vase",
          "pnt": 38
        },
        {
          "ans": "Glasses",
          "pnt": 25
        },
        {
          "ans": "Windows",
          "pnt": 16
        },
        {
          "ans": "Table",
          "pnt": 11
        },
        {
          "ans": "TV",
          "pnt": 7
        },
        {
          "ans": "Chairs",
          "pnt": 4
        }
      ],
      "multiply": 1,
      "question": "Name Something In Your House Might Get Broken In Wild Party"
    },
    {
      "answers": [
        {
          "ans": "Computer",
          "pnt": 30
        },
        {
          "ans": "Money",
          "pnt": 27
        },
        {
          "ans": "Book",
          "pnt": 24
        },
        {
          "ans": "Car",
          "pnt": 5
        },
        {
          "ans": "Bike",
          "pnt": 4
        },
        {
          "ans": "Phone",
          "pnt": 4
        },
        {
          "ans": "Ipod",
          "pnt": 3
        }
      ],
      "multiply": 1,
      "question": "Name Something That College Students Get Stolen From Them On Campus."
    },
    {
      "answers": [
        {
          "ans": "Exercise",
          "pnt": 61
        },
        {
          "ans": "Fire",
          "pnt": 20
        },
        {
          "ans": "Elevator Broken",
          "pnt": 6
        },
        {
          "ans": "Fear Of Small Spaces",
          "pnt": 6
        },
        {
          "ans": "Faster",
          "pnt": 3
        }
      ],
      "multiply": 2,
      "question": "Why Might A Person Use Stairs Instead Of The Elevator?"
    },
    {
      "answers": [
        {
          "ans": "Monday",
          "pnt": 34
        },
        {
          "ans": "Thursday",
          "pnt": 31
        },
        {
          "ans": "Wednesday",
          "pnt": 30
        },
        {
          "ans": "Tuesday",
          "pnt": 5
        }
      ],
      "multiply": 2,
      "question": "Tell Me The Day Of The Week When You Start Thinking About The Weekend."
    },
    {
      "answers": [
        {
          "ans": "Change Clothes",
          "pnt": 33
        },
        {
          "ans": "Shower",
          "pnt": 25
        },
        {
          "ans": "Pass Gas",
          "pnt": 16
        },
        {
          "ans": "Run",
          "pnt": 11
        },
        {
          "ans": "Stretch/Bend Over",
          "pnt": 6
        },
        {
          "ans": "Dance",
          "pnt": 3
        }
      ],
      "multiply": 2,
      "question": "Name Something You Are Embarrassed To Do In Front Of People At The Gym"
    }
  ],
  "final_round": [
    {
      "answers": [
        [
          "Lei",
          57
        ],
        [
          "Sand",
          11
        ],
        [
          "Hawaiian Shirt",
          9
        ],
        [
          "Seashell",
          6
        ],
        [
          "Grass Skirt",
          6
        ],
        [
          "Pineapple",
          4
        ],
        [
          "Coconut",
          3
        ]
      ],
      "question": "What Souvenir Would You Bring Back From Hawaii"
    },
    {
      "answers": [
        [
          "Cologne",
          40
        ],
        [
          "Suit",
          29
        ],
        [
          "Tie",
          22
        ],
        [
          "Shorts",
          7
        ]
      ],
      "question": "Tell Me Something Women Would Want Men To wear More Often"
    },
    {
      "answers": [
        [
          "Chocolate/ Fudge",
          33
        ],
        [
          "Sprinkles",
          27
        ],
        [
          "Strawberry",
          13
        ],
        [
          "Nuts",
          9
        ],
        [
          "Cherry",
          8
        ],
        [
          "Caramel",
          4
        ],
        [
          "Whipped Cream",
          3
        ]
      ],
      "question": "Name An Ice Cream Topping That Every Ice Cream Shop Should Have"
    },
    {
      "answers": [
        [
          "Black Cat",
          65
        ],
        [
          "Breaking A Mirror",
          18
        ],
        [
          "Walk Under A Ladder",
          9
        ],
        [
          "Number 13",
          3
        ],
        [
          "Step On A Crack",
          3
        ]
      ],
      "question": "Name Something That Superstitious People Believe Will Bring Bad Luck."
    }
  ],
  "final_round_timers": [
    20,
    25
  ]
}