{
  "rounds": [
    {
      "answers": [
        {
          "ans": "Car",
          "pnt": 41
        },
        {
          "ans": "TV",
          "pnt": 37
        },
        {
          "ans": "Computer",
          "pnt": 15
        },
        {
          "ans": "Clothes",
          "pnt": 5
        }
      ],
      "multiply": 1,
      "question": "What Was The Last Item On Which You Spent At Least $500?"
    },
    {
      "answers": [
        {
          "ans": "Slow Down",
          "pnt": 67
        },
        {
          "ans": "Pull Over",
          "pnt": 10
        },
        {
          "ans": "Put Seat Belt On",
          "pnt": 9
        },
        {
          "ans": "Run The Other Way",
          "pnt": 7
        },
        {
          "ans": "Panic",
          "pnt": 5
        }
      ],
      "multiply": 1,
      "question": "Name Something A Driver Might Do When He Sees A Police Car."
    },
    {
      "answers": [
        {
          "ans": "Numbers ",
          "pnt": 57
        },
        {
          "ans": "Fingers ",
          "pnt": 37
        },
        {
          "ans": "Sheep ",
          "pnt": 24
        },
        {
          "ans": "Money ",
          "pnt": 16
        },
        {
          "ans": "Toes ",
          "pnt": 10
        }
      ],
      "multiply": 1,
      "question": "Name Something You Can Count"
    },
    {
      "answers": [
        {
          "ans": "Cook",
          "pnt": 34
        },
        {
          "ans": "Clean",
          "pnt": 31
        },
        {
          "ans": "Work Drive Thru",
          "pnt": 20
        },
        {
          "ans": "Use Cash Register",
          "pnt": 6
        },
        {
          "ans": "Wear Uniform",
          "pnt": 4
        }
      ],
      "multiply": 2,
      "question": "What Do Fast-Food Employees Have To Do, That 5-Star Wait Staff Don’t?"
    },
    {
      "answers": [
        {
          "ans": "Blankey",
          "pnt": 36
        },
        {
          "ans": "Crayons",
          "pnt": 21
        },
        {
          "ans": "Lunchbox",
          "pnt": 15
        },
        {
          "ans": "Teddy Bear",
          "pnt": 12
        },
        {
          "ans": "Parent",
          "pnt": 10
        }
      ],
      "multiply": 2,
      "question": "Name Something A Soldier Took To The First Day Of Kindergarten, That They Wouldn’t Take To Their First Day Of Training."
    },
    {
      "answers": [
        {
          "ans": "Magazines",
          "pnt": 37
        },
        {
          "ans": "News Paper",
          "pnt": 13
        },
        {
          "ans": "Soda",
          "pnt": 11
        },
        {
          "ans": "Coffee",
          "pnt": 9
        },
        {
          "ans": "Snacks",
          "pnt": 8
        },
        {
          "ans": "Souvenir",
          "pnt": 8
        },
        {
          "ans": "Book",
          "pnt": 7
        }
      ],
      "multiply": 2,
      "question": "Name Something You Might Buy At The Airport While Waiting For Your Flight To Take Off."
    }
  ],
  "final_round": [
    {
      "answers": [
        [
          "Wolf",
          49
        ],
        [
          "Ogre",
          16
        ],
        [
          "Dragon",
          13
        ],
        [
          "Witch",
          9
        ],
        [
          "Monster",
          7
        ]
      ],
      "question": "Which Type Of Creatures Is Often The Villain In Fairy Tales?"
    },
    {
      "answers": [
        [
          "Sugar",
          56
        ],
        [
          "Flour",
          24
        ],
        [
          "Eggs",
          7
        ],
        [
          "Butter",
          5
        ],
        [
          "Salt",
          3
        ]
      ],
      "question": "Name An Ingredient That Cookies Would Taste Terrible If You Forgot To Add."
    },
    {
      "answers": [
        [
          "Drawers",
          31
        ],
        [
          "Panties",
          29
        ],
        [
          "Undies",
          12
        ],
        [
          "Boxer Shorts",
          9
        ],
        [
          "Skivvies",
          7
        ],
        [
          "Briefs",
          5
        ],
        [
          "Knickers",
          3
        ]
      ],
      "question": "Tell Me A Slang Word For “Underwear."
    },
    {
      "answers": [
        [
          "Talking Back",
          28
        ],
        [
          "Swearing",
          26
        ],
        [
          "Cheating",
          17
        ],
        [
          "Chewing Gum",
          10
        ],
        [
          "Use Cell Phone",
          8
        ],
        [
          "Skipping Class",
          4
        ],
        [
          "Arriving Late",
          4
        ]
      ],
      "question": "Name Something Kids Get Away With In Schools Today, That They Wouldn’t Have 50 Years Ago."
    }
  ],
  "final_round_timers": [
    20,
    25
  ]
}