{
  "rounds": [
    {
      "answers": [
        {
          "ans": "Yell",
          "pnt": 56
        },
        {
          "ans": "Throw Things",
          "pnt": 13
        },
        {
          "ans": "Argue",
          "pnt": 11
        },
        {
          "ans": "Curse",
          "pnt": 7
        },
        {
          "ans": "Cry",
          "pnt": 7
        },
        {
          "ans": "Turn Red",
          "pnt": 3
        }
      ],
      "multiply": 1,
      "question": "Name Something People Do When They’ve Lost Their Temper"
    },
    {
      "answers": [
        {
          "ans": "Locker",
          "pnt": 47
        },
        {
          "ans": "Beach Bag",
          "pnt": 12
        },
        {
          "ans": "Purse",
          "pnt": 12
        },
        {
          "ans": "Pocket",
          "pnt": 9
        },
        {
          "ans": "Cars",
          "pnt": 6
        },
        {
          "ans": "Shoes",
          "pnt": 5
        },
        {
          "ans": "Towel",
          "pnt": 5
        }
      ],
      "multiply": 1,
      "question": "Name A Place You May Keep Your Keys While Swimming"
    },
    {
      "answers": [
        {
          "ans": "Vet ",
          "pnt": 53
        },
        {
          "ans": "Film Star ",
          "pnt": 34
        },
        {
          "ans": "Chef ",
          "pnt": 23
        },
        {
          "ans": "Lion Tamer ",
          "pnt": 15
        },
        {
          "ans": "Trainer ",
          "pnt": 10
        },
        {
          "ans": "Zoo Keeper ",
          "pnt": 6
        }
      ],
      "multiply": 1,
      "question": "Name Someone Who Works With Animals"
    },
    {
      "answers": [
        {
          "ans": "Towel",
          "pnt": 54
        },
        {
          "ans": "Sunscreen",
          "pnt": 30
        },
        {
          "ans": "Beach Toys",
          "pnt": 6
        },
        {
          "ans": "Sandals",
          "pnt": 5
        }
      ],
      "multiply": 2,
      "question": "Name Something In A Beach Bag, That’s Not In Most Purses."
    },
    {
      "answers": [
        {
          "ans": "Bathroom",
          "pnt": 34
        },
        {
          "ans": "Playground",
          "pnt": 22
        },
        {
          "ans": "Hallway",
          "pnt": 17
        },
        {
          "ans": "Alley",
          "pnt": 11
        },
        {
          "ans": "Cafeteria",
          "pnt": 6
        },
        {
          "ans": "Locker room",
          "pnt": 5
        }
      ],
      "multiply": 2,
      "question": "Name a specific place where you hated to run into a school bully."
    },
    {
      "answers": [
        {
          "ans": "Parent",
          "pnt": 44
        },
        {
          "ans": "Boss",
          "pnt": 31
        },
        {
          "ans": "Ex",
          "pnt": 17
        },
        {
          "ans": "partner",
          "pnt": 4
        },
        {
          "ans": "Kids",
          "pnt": 3
        }
      ],
      "multiply": 2,
      "question": "Name Someone Specific Who You wouldn’t Want Viewing Your Facebook Page"
    }
  ],
  "final_round": [
    {
      "answers": [
        [
          "Haunted House",
          34
        ],
        [
          "Cemetry",
          30
        ],
        [
          "Wedding",
          10
        ],
        [
          "Restaurant",
          5
        ],
        [
          "Woods",
          4
        ],
        [
          "Bar",
          3
        ]
      ],
      "question": "Name A Place That You Wish You Had The Nerve To Go Alone"
    },
    {
      "answers": [
        [
          "Buy Beer",
          45
        ],
        [
          "See Music",
          29
        ],
        [
          "Drive",
          19
        ],
        [
          "FJob Interview",
          12
        ],
        [
          "Impress Someone",
          8
        ],
        [
          "Buy Cigarettes",
          5
        ],
        [
          "Date",
          3
        ]
      ],
      "question": "Name A Reason A Person Might Pretend To Be Older"
    },
    {
      "answers": [
        [
          "Alarm",
          35
        ],
        [
          "Kids",
          31
        ],
        [
          "Work",
          16
        ],
        [
          "Pet",
          5
        ],
        [
          "Hunger",
          4
        ],
        [
          "Sunlight",
          4
        ],
        [
          "Phone",
          3
        ]
      ],
      "question": "When You Donâ€™t Want To Get Out Of Bed In The Morning, Name Something That Gets You Up Anyway"
    },
    {
      "answers": [
        [
          "Witch ",
          53
        ],
        [
          "Cleaner ",
          34
        ],
        [
          "Road Sweeper ",
          23
        ],
        [
          "Chimney Sweep ",
          15
        ]
      ],
      "question": "Name A Person Who Uses A Broom"
    }
  ],
  "final_round_timers": [
    20,
    25
  ]
}