{
  "rounds": [
    {
      "answers": [
        {
          "ans": "Hands",
          "pnt": 39
        },
        {
          "ans": "Flag",
          "pnt": 24
        },
        {
          "ans": "Sign/Banner",
          "pnt": 13
        },
        {
          "ans": "Kite",
          "pnt": 11
        },
        {
          "ans": "Lighter",
          "pnt": 6
        }
      ],
      "multiply": 1,
      "question": "Name Something You Wave In The Air."
    },
    {
      "answers": [
        {
          "ans": "Rockies",
          "pnt": 35
        },
        {
          "ans": "Swiss Alps",
          "pnt": 32
        },
        {
          "ans": "Sierras",
          "pnt": 8
        },
        {
          "ans": "Appalachian",
          "pnt": 6
        },
        {
          "ans": "Himilaysa",
          "pnt": 4
        }
      ],
      "multiply": 1,
      "question": "Name A Mountain Range Known For Skiing"
    },
    {
      "answers": [
        {
          "ans": "Bats ",
          "pnt": 53
        },
        {
          "ans": "Bear ",
          "pnt": 34
        },
        {
          "ans": "Treasure ",
          "pnt": 23
        },
        {
          "ans": "Caveman ",
          "pnt": 15
        },
        {
          "ans": "Rocks ",
          "pnt": 10
        }
      ],
      "multiply": 1,
      "question": "Name Something You Might Find In A Cave"
    },
    {
      "answers": [
        {
          "ans": "Chair",
          "pnt": 29
        },
        {
          "ans": "Water",
          "pnt": 29
        },
        {
          "ans": "Magazines",
          "pnt": 14
        },
        {
          "ans": "Towels",
          "pnt": 9
        },
        {
          "ans": "Waiting Room",
          "pnt": 9
        },
        {
          "ans": "Music",
          "pnt": 8
        }
      ],
      "multiply": 2,
      "question": "Name Something That Both A Dental Office And A Spa Might Have"
    },
    {
      "answers": [
        {
          "ans": "Bacon",
          "pnt": 45
        },
        {
          "ans": "Coffee",
          "pnt": 25
        },
        {
          "ans": "Eggs",
          "pnt": 11
        },
        {
          "ans": "Pancakes",
          "pnt": 11
        },
        {
          "ans": "Sausage",
          "pnt": 4
        },
        {
          "ans": "Donuts",
          "pnt": 3
        }
      ],
      "multiply": 2,
      "question": "Name A Specific Smell From A Diner In The Morning That Makes You Want To Go In"
    },
    {
      "answers": [
        {
          "ans": "Fall Off",
          "pnt": 41
        },
        {
          "ans": "Start Moving",
          "pnt": 27
        },
        {
          "ans": "Crash",
          "pnt": 17
        },
        {
          "ans": "Flat Tire",
          "pnt": 11
        }
      ],
      "multiply": 2,
      "question": "What Would Be Surprised To Happen Riding Stationary Bike"
    }
  ],
  "final_round": [
    {
      "answers": [
        [
          "POLICE OFFICER",
          45
        ],
        [
          "LAYWER",
          29
        ],
        [
          "TEACHER",
          19
        ],
        [
          "DOCTOR",
          12
        ],
        [
          "BOUNCER",
          8
        ],
        [
          "JUDGE",
          5
        ]
      ],
      "question": "Name An Occupation In Which Someone With A Baby Face Might Have A Hard Time Providing Their Authority"
    },
    {
      "answers": [
        [
          "Being In A Cage",
          72
        ],
        [
          "Feeding Time",
          14
        ],
        [
          "People Looking At You",
          9
        ],
        [
          "Noisy Children",
          4
        ]
      ],
      "question": "Name Something You’d Have To Get Used To If You Were A Zoo Animal"
    },
    {
      "answers": [
        [
          "Cartoon",
          51
        ],
        [
          "Songs",
          33
        ],
        [
          "Puppets",
          22
        ],
        [
          "Rating",
          14
        ],
        [
          "Commercials",
          9
        ]
      ],
      "question": "How can You Tell The Show You’re watching Is Made Fore Kids?"
    },
    {
      "answers": [
        [
          "Toothbrush",
          45
        ],
        [
          "Sunscreen",
          29
        ],
        [
          "Soap",
          19
        ],
        [
          "Bug Spray",
          12
        ]
      ],
      "question": "Name Something A Parent Reminds Kid Use At Summer Camp"
    }
  ],
  "final_round_timers": [
    20,
    25
  ]
}