{
  "rounds": [
    {
      "answers": [
        {
          "ans": "Drink",
          "pnt": 34
        },
        {
          "ans": "Bedtime Story",
          "pnt": 28
        },
        {
          "ans": "Snacks",
          "pnt": 17
        },
        {
          "ans": "Hug/Kiss",
          "pnt": 10
        }
      ],
      "multiply": 1,
      "question": "Name Something A Child Asks For Just To Delay His Bedtime"
    },
    {
      "answers": [
        {
          "ans": "Gobble",
          "pnt": 47
        },
        {
          "ans": "Thanksgiving",
          "pnt": 25
        },
        {
          "ans": "Tast Good",
          "pnt": 22
        },
        {
          "ans": "Can’t Fly",
          "pnt": 3
        }
      ],
      "multiply": 1,
      "question": "Name Something Everybody Knows About Turkeys."
    },
    {
      "answers": [
        {
          "ans": "Smooch",
          "pnt": 44
        },
        {
          "ans": "Peck",
          "pnt": 32
        },
        {
          "ans": "Smack",
          "pnt": 8
        },
        {
          "ans": "Lip Lock",
          "pnt": 6
        },
        {
          "ans": "Sugar",
          "pnt": 3
        },
        {
          "ans": "French",
          "pnt": 3
        }
      ],
      "multiply": 1,
      "question": "Name Another Word For Kiss"
    },
    {
      "answers": [
        {
          "ans": "Quiet",
          "pnt": 16
        },
        {
          "ans": "Good Cook",
          "pnt": 10
        },
        {
          "ans": "Not Nosey",
          "pnt": 8
        },
        {
          "ans": "Lives Far Away",
          "pnt": 5
        },
        {
          "ans": "Nice",
          "pnt": 5
        }
      ],
      "multiply": 2,
      "question": "Name Something Every Newlywed Hopes Their Mother-In-Law Will Be"
    },
    {
      "answers": [
        {
          "ans": "Urinate On Self",
          "pnt": 27
        },
        {
          "ans": "Urinate In Bed",
          "pnt": 25
        },
        {
          "ans": "Pick Nose In Public",
          "pnt": 24
        },
        {
          "ans": "Cry",
          "pnt": 7
        },
        {
          "ans": "Nothing",
          "pnt": 4
        },
        {
          "ans": "Play In Dirt",
          "pnt": 4
        }
      ],
      "multiply": 2,
      "question": "Name Something You Did As A 5-Year-Old That You’d Be Embarrassed To Do Now."
    },
    {
      "answers": [
        {
          "ans": "Bow",
          "pnt": 49
        },
        {
          "ans": "Your Highness",
          "pnt": 32
        },
        {
          "ans": "Sir",
          "pnt": 21
        },
        {
          "ans": "Your Majesty",
          "pnt": 14
        }
      ],
      "multiply": 2,
      "question": "How Would Your Friends Begin Greeting You If Royal Family Mem"
    }
  ],
  "final_round": [
    {
      "answers": [
        [
          "Work",
          34
        ],
        [
          "Pay Bills",
          25
        ],
        [
          "Cook",
          13
        ],
        [
          "Clean/Laundry",
          13
        ],
        [
          "Doctor/Dentist",
          7
        ],
        [
          "Oil Change",
          6
        ]
      ],
      "question": "Tell Me Something That Responsible Adults Do On A Regular Basis"
    },
    {
      "answers": [
        [
          "Socket",
          39
        ],
        [
          "Nose",
          21
        ],
        [
          "Mouth",
          18
        ],
        [
          "Light Switch",
          9
        ],
        [
          "Ear",
          8
        ]
      ],
      "question": "Name A Place A Baby Sticks His Fingers That He’s Not Supposed To"
    },
    {
      "answers": [
        [
          "Skydive",
          40
        ],
        [
          "Fly",
          27
        ],
        [
          "Get married",
          15
        ],
        [
          "Bungee jump",
          7
        ],
        [
          "Gamble",
          6
        ]
      ],
      "question": "Name something risky that most people do at least once in their lifetimes."
    },
    {
      "answers": [
        [
          "Inspector Gadget",
          32
        ],
        [
          "Sherlock Holmes",
          29
        ],
        [
          "James Bond",
          25
        ],
        [
          "Nancy Drew",
          5
        ]
      ],
      "question": "Name A Fictional Character Who Makes Spy Work Look Like A Lot Of Fun."
    }
  ],
  "final_round_timers": [
    20,
    25
  ]
}