{
  "rounds": [
    {
      "answers": [
        {
          "ans": "Fly",
          "pnt": 86
        },
        {
          "ans": "Build A Nest",
          "pnt": 5
        },
        {
          "ans": "Eat Worms",
          "pnt": 4
        },
        {
          "ans": "Sing",
          "pnt": 2
        },
        {
          "ans": "Avoid Cats",
          "pnt": 2
        }
      ],
      "multiply": 1,
      "question": "If You Were Turned Into A Bird, Name Something You’d Have To Learn How To Do"
    },
    {
      "answers": [
        {
          "ans": "Eat",
          "pnt": 42
        },
        {
          "ans": "Drink Coffee",
          "pnt": 27
        },
        {
          "ans": "Smoke",
          "pnt": 18
        },
        {
          "ans": "Fill Gas Tank",
          "pnt": 12
        },
        {
          "ans": "Talk On Cb",
          "pnt": 7
        },
        {
          "ans": "Sit",
          "pnt": 5
        },
        {
          "ans": "Listen To Radio",
          "pnt": 3
        }
      ],
      "multiply": 1,
      "question": "Name Something A Trucker Does More Than You Do"
    },
    {
      "answers": [
        {
          "ans": "Clothes",
          "pnt": 36
        },
        {
          "ans": "Food",
          "pnt": 25
        },
        {
          "ans": "Money",
          "pnt": 15
        },
        {
          "ans": "Bedding",
          "pnt": 7
        },
        {
          "ans": "Toys",
          "pnt": 6
        },
        {
          "ans": "Backpack",
          "pnt": 5
        },
        {
          "ans": "Bike",
          "pnt": 3
        }
      ],
      "multiply": 1,
      "question": "What Might A Kid Take Along If He’s Planning To Run Away From Home?"
    },
    {
      "answers": [
        {
          "ans": "Circus",
          "pnt": 36
        },
        {
          "ans": "Fair",
          "pnt": 26
        },
        {
          "ans": "Carnival",
          "pnt": 23
        },
        {
          "ans": "Amusement Park",
          "pnt": 5
        },
        {
          "ans": "Movie Theater",
          "pnt": 4
        },
        {
          "ans": "Candy Store",
          "pnt": 3
        },
        {
          "ans": "Chuck E. Cheese",
          "pnt": 2
        }
      ],
      "multiply": 2,
      "question": "Name Someplace Where They Sell Cotton Candy."
    },
    {
      "answers": [
        {
          "ans": "Milk",
          "pnt": 45
        },
        {
          "ans": "Eggs",
          "pnt": 29
        },
        {
          "ans": "Baking Soda",
          "pnt": 19
        },
        {
          "ans": "Mayo",
          "pnt": 12
        }
      ],
      "multiply": 2,
      "question": "Name Something That Is White In Your Refrigerator."
    },
    {
      "answers": [
        {
          "ans": "Tuba",
          "pnt": 43
        },
        {
          "ans": "Trumpet",
          "pnt": 23
        },
        {
          "ans": "Trombone",
          "pnt": 12
        },
        {
          "ans": "Saxaphone",
          "pnt": 1
        },
        {
          "ans": "Flute",
          "pnt": 5
        },
        {
          "ans": "Bagpipe",
          "pnt": 3
        }
      ],
      "multiply": 2,
      "question": "Name A Band Instrument That Requires A Player With A Good Set Of Lungs"
    }
  ],
  "final_round": [
    {
      "answers": [
        [
          "Food",
          27
        ],
        [
          "Map",
          21
        ],
        [
          "Change Of Clothes",
          17
        ],
        [
          "Coffee",
          15
        ],
        [
          "Companion",
          9
        ],
        [
          "Music`",
          5
        ],
        [
          "Cell Phone",
          4
        ]
      ],
      "question": "What Are Some Things Truckers Might Take With Them On A Trip?"
    },
    {
      "answers": [
        [
          "Light Fire",
          50
        ],
        [
          "Use Latrine",
          33
        ],
        [
          "Hike",
          21
        ],
        [
          "Sing Campfire Songs",
          14
        ],
        [
          "Sleep In Tent",
          9
        ]
      ],
      "question": "Name Something A Camper Does That He Wouldn’t Do At Home"
    },
    {
      "answers": [
        [
          "Fiction ",
          57
        ],
        [
          "Non Fiction ",
          37
        ],
        [
          "Reference ",
          24
        ],
        [
          "History ",
          16
        ],
        [
          "Travel ",
          10
        ],
        [
          "Sport ",
          7
        ]
      ],
      "question": "Name A Popular Section Of A Library"
    },
    {
      "answers": [
        [
          "Lay Down",
          42
        ],
        [
          "Make Love",
          31
        ],
        [
          "Stand Up",
          10
        ],
        [
          "Fit More People",
          9
        ],
        [
          "Haul Stuff",
          5
        ],
        [
          "Watch TV",
          3
        ]
      ],
      "question": "Name Something You Can Do In A Van That You Can’t Do In A Sports Car."
    }
  ],
  "final_round_timers": [
    20,
    25
  ]
}