{
  "rounds": [
    {
      "answers": [
        {
          "ans": "Wedding",
          "pnt": 43
        },
        {
          "ans": "Church",
          "pnt": 24
        },
        {
          "ans": "Prom",
          "pnt": 15
        },
        {
          "ans": "Funeral",
          "pnt": 11
        },
        {
          "ans": "Graduation",
          "pnt": 5
        }
      ],
      "multiply": 1,
      "question": "Name A Reason A Teenaged Boy Would Have For Wearing A Suit."
    },
    {
      "answers": [
        {
          "ans": "Bread",
          "pnt": 49
        },
        {
          "ans": "Cheese",
          "pnt": 32
        },
        {
          "ans": "Meat",
          "pnt": 21
        },
        {
          "ans": "Pasta",
          "pnt": 14
        }
      ],
      "multiply": 1,
      "question": "Food Often Served With Wine"
    },
    {
      "answers": [
        {
          "ans": "Income",
          "pnt": 31
        },
        {
          "ans": "Tax Information",
          "pnt": 26
        },
        {
          "ans": "Social Security",
          "pnt": 21
        },
        {
          "ans": "Criminal Record",
          "pnt": 15
        },
        {
          "ans": "Debt",
          "pnt": 5
        }
      ],
      "multiply": 1,
      "question": "Name Something The Government Knows About You, But You Wouldn’t Talk To A Co-Worker About."
    },
    {
      "answers": [
        {
          "ans": "Computers",
          "pnt": 31
        },
        {
          "ans": "People skills",
          "pnt": 29
        },
        {
          "ans": "Punctuality",
          "pnt": 17
        },
        {
          "ans": "Multitasking",
          "pnt": 15
        },
        {
          "ans": "Organization",
          "pnt": 5
        }
      ],
      "multiply": 2,
      "question": "Name something everyone says they’re good at when at a job interview,even if it’s a lie."
    },
    {
      "answers": [
        {
          "ans": "Bar",
          "pnt": 26
        },
        {
          "ans": "Highway",
          "pnt": 20
        },
        {
          "ans": "Bank",
          "pnt": 18
        },
        {
          "ans": "Public Transit",
          "pnt": 9
        },
        {
          "ans": "Shopping Center",
          "pnt": 9
        },
        {
          "ans": "Grocery Store",
          "pnt": 7
        },
        {
          "ans": "Restaurant",
          "pnt": 6
        }
      ],
      "multiply": 2,
      "question": "Name A Place That Gets Crowded At The End Of A Work Day."
    },
    {
      "answers": [
        {
          "ans": "Cowboy Hat",
          "pnt": 24
        },
        {
          "ans": "Guitar",
          "pnt": 21
        },
        {
          "ans": "Cowboy Boots",
          "pnt": 14
        },
        {
          "ans": "Horses",
          "pnt": 12
        },
        {
          "ans": "Cowboys",
          "pnt": 11
        },
        {
          "ans": "Dancing",
          "pnt": 10
        },
        {
          "ans": "Truck",
          "pnt": 8
        }
      ],
      "multiply": 2,
      "question": "Name Something You Might See In A Country Western Music Video."
    }
  ],
  "final_round": [
    {
      "answers": [
        [
          "Smoking",
          37
        ],
        [
          "Cell Phone",
          24
        ],
        [
          "Kids",
          14
        ],
        [
          "Noise",
          13
        ]
      ],
      "question": "Name Some Things That Annoy You In Public Places Such As Restaurants"
    },
    {
      "answers": [
        [
          "Skirt",
          45
        ],
        [
          "Shorts",
          29
        ],
        [
          "Hair",
          19
        ],
        [
          "Shirt",
          12
        ],
        [
          "Nails",
          8
        ]
      ],
      "question": "Name Something Some Women Wear Very Short"
    },
    {
      "answers": [
        [
          "Wedding",
          35
        ],
        [
          "Party",
          28
        ],
        [
          "Prom",
          18
        ],
        [
          "Birthday",
          6
        ],
        [
          "Club",
          3
        ],
        [
          "Concert",
          3
        ]
      ],
      "question": "Name An Occasion Where You’d See People Dancing."
    },
    {
      "answers": [
        [
          "Kids",
          30
        ],
        [
          "Income",
          22
        ],
        [
          "Their job",
          14
        ],
        [
          "Bodies",
          12
        ],
        [
          "Their cars",
          9
        ],
        [
          "Sports ability",
          7
        ]
      ],
      "question": "Name something people brag about."
    }
  ],
  "final_round_timers": [
    20,
    25
  ]
}