{
  "rounds": [
    {
      "answers": [
        {
          "ans": "Walk Away",
          "pnt": 35
        },
        {
          "ans": "Leave Store",
          "pnt": 24
        },
        {
          "ans": "No Eye Contact",
          "pnt": 13
        },
        {
          "ans": "Use Cell Phone",
          "pnt": 11
        },
        {
          "ans": "Hide",
          "pnt": 7
        },
        {
          "ans": "Ask To Be Alone",
          "pnt": 4
        }
      ],
      "multiply": 1,
      "question": "What Might You Do To Avoid Being Approached By A Pushy Salesperson At A Car Lot?"
    },
    {
      "answers": [
        {
          "ans": "Home Cooking",
          "pnt": 41
        },
        {
          "ans": "Holiday",
          "pnt": 30
        },
        {
          "ans": "Free",
          "pnt": 22
        },
        {
          "ans": "See Family",
          "pnt": 6
        }
      ],
      "multiply": 1,
      "question": "Name A Reason You Would Go To Grandma’s House For Dinner Instead Of A Restaurant."
    },
    {
      "answers": [
        {
          "ans": "Accent",
          "pnt": 77
        },
        {
          "ans": "Wearing Maple Flag",
          "pnt": 9
        },
        {
          "ans": "Different Currency",
          "pnt": 8
        },
        {
          "ans": "Love Hockey",
          "pnt": 4
        }
      ],
      "multiply": 1,
      "question": "Name Something That Would Lead You To Suspect That The Person You’ve Just Met Is From Canada."
    },
    {
      "answers": [
        {
          "ans": "Road Sign",
          "pnt": 51
        },
        {
          "ans": "Yellow Tape",
          "pnt": 20
        },
        {
          "ans": "Wet Floor Sign",
          "pnt": 10
        },
        {
          "ans": "Hot Drink",
          "pnt": 15
        },
        {
          "ans": "Poisonous Substance",
          "pnt": 4
        }
      ],
      "multiply": 2,
      "question": "Name A Specific Object On Which You Might See The Word “Caution.”"
    },
    {
      "answers": [
        {
          "ans": "Nudge Them ",
          "pnt": 56
        },
        {
          "ans": "Sleep Elsewhere ",
          "pnt": 36
        },
        {
          "ans": "Kick Em Outa Bed ",
          "pnt": 24
        },
        {
          "ans": "Ear Plugs ",
          "pnt": 16
        },
        {
          "ans": "Divorce Them ",
          "pnt": 10
        }
      ],
      "multiply": 2,
      "question": "Name Something You Might Do If Your Partner Snores"
    },
    {
      "answers": [
        {
          "ans": "Principal",
          "pnt": 54
        },
        {
          "ans": "Teacher",
          "pnt": 16
        },
        {
          "ans": "Star Athlete",
          "pnt": 13
        },
        {
          "ans": "Bully",
          "pnt": 13
        }
      ],
      "multiply": 2,
      "question": "Which Person In A School Building Is Likely To Get The Biggest Ego"
    }
  ],
  "final_round": [
    {
      "answers": [
        [
          "Cry",
          30
        ],
        [
          "Bite",
          24
        ],
        [
          "Pull Hair",
          19
        ],
        [
          "Pout",
          8
        ],
        [
          "Throw Something",
          6
        ],
        [
          "Scream",
          6
        ],
        [
          "Tantrum",
          4
        ]
      ],
      "question": "If Adults Had Fight Like Toddlers Do, What Might Your Spouse Do The Next Time You Disagreed?"
    },
    {
      "answers": [
        [
          "Traffic Jam",
          69
        ],
        [
          "No Money",
          12
        ],
        [
          "Want Exercise",
          7
        ],
        [
          "Short Distance",
          5
        ],
        [
          "Nice Weather",
          4
        ]
      ],
      "question": "Name a Situation When It’s Better To Ride A Bike Than Take A Taxi"
    },
    {
      "answers": [
        [
          "Jump ",
          59
        ],
        [
          "Investigate ",
          38
        ],
        [
          "Laugh ",
          25
        ],
        [
          "Scream ",
          16
        ]
      ],
      "question": "Name Something That You Do When Startled By A Loud Noise"
    },
    {
      "answers": [
        [
          "Blood",
          41
        ],
        [
          "Wrestling",
          34
        ],
        [
          "Bodies",
          10
        ],
        [
          "Names",
          7
        ],
        [
          "Injuries",
          3
        ],
        [
          "Tan",
          3
        ]
      ],
      "question": "Name Something That’s Fake On WWF Wrestling"
    }
  ],
  "final_round_timers": [
    20,
    25
  ]
}