{
  "rounds": [
    {
      "answers": [
        {
          "ans": "Romance Novels",
          "pnt": 30
        },
        {
          "ans": "Long Hair",
          "pnt": 26
        },
        {
          "ans": "Commercials",
          "pnt": 20
        },
        {
          "ans": "Handsome",
          "pnt": 9
        },
        {
          "ans": "Model",
          "pnt": 5
        },
        {
          "ans": "Bare Chest",
          "pnt": 4
        }
      ],
      "multiply": 1,
      "question": "Name Something Associated With Fabio."
    },
    {
      "answers": [
        {
          "ans": "Computer",
          "pnt": 39
        },
        {
          "ans": "Cell Phone",
          "pnt": 18
        },
        {
          "ans": "TV",
          "pnt": 17
        },
        {
          "ans": "Camera",
          "pnt": 9
        },
        {
          "ans": "DVD Player",
          "pnt": 6
        },
        {
          "ans": "Car",
          "pnt": 4
        }
      ],
      "multiply": 1,
      "question": "Name Something People Buy, And Then Don’t Know How To Use."
    },
    {
      "answers": [
        {
          "ans": "Ford",
          "pnt": 62
        },
        {
          "ans": "Chevrolet",
          "pnt": 10
        },
        {
          "ans": "Chrysler",
          "pnt": 5
        },
        {
          "ans": "Dodge",
          "pnt": 5
        },
        {
          "ans": "GM",
          "pnt": 4
        },
        {
          "ans": "Toyota",
          "pnt": 4
        },
        {
          "ans": "Jeep",
          "pnt": 3
        }
      ],
      "multiply": 1,
      "question": "Name A Company That Makes Sport Utility Vehicles"
    },
    {
      "answers": [
        {
          "ans": "Coffee shop",
          "pnt": 71
        },
        {
          "ans": "Energy Drink",
          "pnt": 16
        },
        {
          "ans": "Soda",
          "pnt": 9
        },
        {
          "ans": "Tea",
          "pnt": 3
        }
      ],
      "multiply": 2,
      "question": "Name something People Drink To Keep Them Awake"
    },
    {
      "answers": [
        {
          "ans": "Car",
          "pnt": 57
        },
        {
          "ans": "Planae",
          "pnt": 25
        },
        {
          "ans": "Fire",
          "pnt": 7
        },
        {
          "ans": "Anger/Temper",
          "pnt": 5
        },
        {
          "ans": "Body",
          "pnt": 3
        }
      ],
      "multiply": 2,
      "question": "Name Something That gets fueled"
    },
    {
      "answers": [
        {
          "ans": "Address",
          "pnt": 33
        },
        {
          "ans": "Size of family",
          "pnt": 22
        },
        {
          "ans": "How noisy",
          "pnt": 15
        },
        {
          "ans": "Pets",
          "pnt": 12
        },
        {
          "ans": "Evening activities",
          "pnt": 11
        },
        {
          "ans": "Car you drive",
          "pnt": 5
        }
      ],
      "multiply": 2,
      "question": "Tell me a piece of information that your neighbors are more likely to know about you than your coworkers are."
    }
  ],
  "final_round": [
    {
      "answers": [
        [
          "Tattoo",
          37
        ],
        [
          "Acne",
          27
        ],
        [
          "Bald Spot",
          19
        ],
        [
          "Wedding ring",
          7
        ],
        [
          "Belly",
          5
        ]
      ],
      "question": "Name something a man might try to keep covered during a first date."
    },
    {
      "answers": [
        [
          "Drink",
          59
        ],
        [
          "Eat",
          38
        ],
        [
          "Play Video Games",
          25
        ],
        [
          "Play Pool",
          16
        ],
        [
          "Smoke",
          11
        ],
        [
          "Meet People",
          7
        ]
      ],
      "question": "Name Something You Can Do At A Bowling Ally, But It’s Not The Reason Most People Go"
    },
    {
      "answers": [
        [
          "Gum",
          51
        ],
        [
          "Toothpaste",
          17
        ],
        [
          "Mouothwash",
          16
        ],
        [
          "Hard Candy/Sucker",
          12
        ]
      ],
      "question": "name Something You Put in Your Mouth But don’t Swallow"
    },
    {
      "answers": [
        [
          "Gym",
          35
        ],
        [
          "English",
          21
        ],
        [
          "Art",
          20
        ],
        [
          "Math",
          20
        ]
      ],
      "question": "Which subject would most elementary school kids say is their favorite?"
    }
  ],
  "final_round_timers": [
    20,
    25
  ]
}