{
  "rounds": [
    {
      "answers": [
        {
          "ans": "Laundry",
          "pnt": 48
        },
        {
          "ans": "Names",
          "pnt": 21
        },
        {
          "ans": "Toys",
          "pnt": 11
        },
        {
          "ans": "Birthdays",
          "pnt": 9
        },
        {
          "ans": "Food",
          "pnt": 7
        },
        {
          "ans": "Toothbrush",
          "pnt": 3
        }
      ],
      "multiply": 1,
      "question": "In a large family,what often gets mixed up with that of your siblings?"
    },
    {
      "answers": [
        {
          "ans": "Hair",
          "pnt": 36
        },
        {
          "ans": "Clothes/Pants",
          "pnt": 31
        },
        {
          "ans": "Hands",
          "pnt": 15
        },
        {
          "ans": "Car",
          "pnt": 13
        }
      ],
      "multiply": 1,
      "question": "Name Something That People Today Probably Wash More Than They Need To."
    },
    {
      "answers": [
        {
          "ans": "Coat",
          "pnt": 41
        },
        {
          "ans": "Car",
          "pnt": 37
        },
        {
          "ans": "Sweatshirt",
          "pnt": 18
        },
        {
          "ans": "Cape",
          "pnt": 3
        }
      ],
      "multiply": 1,
      "question": "Name Something That Comes With A Hood"
    },
    {
      "answers": [
        {
          "ans": "Sleeping Pill",
          "pnt": 18
        },
        {
          "ans": "Count Sheep",
          "pnt": 16
        },
        {
          "ans": "Drink Warm Milk",
          "pnt": 16
        },
        {
          "ans": "Read",
          "pnt": 13
        },
        {
          "ans": "Watch TV",
          "pnt": 10
        },
        {
          "ans": "Listen To Music",
          "pnt": 8
        },
        {
          "ans": "Listen To The Radio",
          "pnt": 5
        }
      ],
      "multiply": 2,
      "question": "Name Something People Do To Help Them Fall Asleep At Night."
    },
    {
      "answers": [
        {
          "ans": "President’s Day",
          "pnt": 40
        },
        {
          "ans": "Martin Luther King",
          "pnt": 26
        },
        {
          "ans": "Valentine’s Day",
          "pnt": 18
        },
        {
          "ans": "Columbus Day",
          "pnt": 11
        }
      ],
      "multiply": 2,
      "question": "Name A Holiday That Most People Don’t Get Off From Work."
    },
    {
      "answers": [
        {
          "ans": "Dust",
          "pnt": 37
        },
        {
          "ans": "Dirt",
          "pnt": 29
        },
        {
          "ans": "Eyelash",
          "pnt": 14
        },
        {
          "ans": "Bug",
          "pnt": 6
        },
        {
          "ans": "Soap",
          "pnt": 5
        },
        {
          "ans": "Smoke",
          "pnt": 3
        }
      ],
      "multiply": 2,
      "question": "Name Something That Gets In Your Eye And Irritates It."
    }
  ],
  "final_round": [
    {
      "answers": [
        [
          "Good Weather",
          62
        ],
        [
          "Good time",
          28
        ],
        [
          "Plenty Of Rest",
          4
        ],
        [
          "Tan",
          4
        ]
      ],
      "question": "name something You Hope For, But Can’t Count On, When Going On Vacation"
    },
    {
      "answers": [
        [
          "First Come 1St Served",
          26
        ],
        [
          "First Love",
          18
        ],
        [
          "First Class",
          10
        ],
        [
          "First Things First",
          10
        ],
        [
          "First Time",
          10
        ],
        [
          "First Kiss",
          10
        ],
        [
          "First Base",
          10
        ]
      ],
      "question": "Name An Expression That Begins With The Word â€œFirstâ€"
    },
    {
      "answers": [
        [
          "Autograph",
          49
        ],
        [
          "Picture",
          32
        ],
        [
          "Kiss",
          21
        ],
        [
          "Sing A Song",
          14
        ]
      ],
      "question": "What Might A Fan Ask Of Their Favorite Musician For If They Met In Person"
    },
    {
      "answers": [
        [
          "Gas",
          70
        ],
        [
          "Battery",
          8
        ],
        [
          "Oil",
          6
        ],
        [
          "Engine",
          5
        ],
        [
          "Tires",
          4
        ],
        [
          "Radiator",
          2
        ]
      ],
      "question": "Name Something A Car Can’t Run Without"
    }
  ],
  "final_round_timers": [
    20,
    25
  ]
}