{
  "rounds": [
    {
      "answers": [
        {
          "ans": "Churn Butter",
          "pnt": 28
        },
        {
          "ans": "Carry Water",
          "pnt": 18
        },
        {
          "ans": "Handwash Clothes",
          "pnt": 13
        },
        {
          "ans": "Milk Cows",
          "pnt": 13
        },
        {
          "ans": "Farm Work",
          "pnt": 10
        },
        {
          "ans": "Chop Wood",
          "pnt": 10
        },
        {
          "ans": "Hunt",
          "pnt": 6
        }
      ],
      "multiply": 1,
      "question": "Name A Chore People Had To Do During Colonial Times That We Don’t Do Any More"
    },
    {
      "answers": [
        {
          "ans": "Eggs",
          "pnt": 35
        },
        {
          "ans": "Coffee",
          "pnt": 30
        },
        {
          "ans": "Pancakes",
          "pnt": 16
        },
        {
          "ans": "Bacon",
          "pnt": 6
        },
        {
          "ans": "Juice",
          "pnt": 4
        },
        {
          "ans": "Toast",
          "pnt": 4
        }
      ],
      "multiply": 1,
      "question": "Name Something You’ll Find On The Breakfast Menu, No Matter What Kind Of Restaurant You’re At."
    },
    {
      "answers": [
        {
          "ans": "Bungee Jumping ",
          "pnt": 40
        },
        {
          "ans": "Parachuting ",
          "pnt": 26
        },
        {
          "ans": "Roller Coaster ",
          "pnt": 17
        },
        {
          "ans": "Hang Gliding ",
          "pnt": 11
        },
        {
          "ans": "Skiing ",
          "pnt": 7
        }
      ],
      "multiply": 1,
      "question": "Name Something You're Afraid To Try Even Though It Seems Fun"
    },
    {
      "answers": [
        {
          "ans": "Doctor",
          "pnt": 38
        },
        {
          "ans": "Police",
          "pnt": 17
        },
        {
          "ans": "Firefighter",
          "pnt": 15
        },
        {
          "ans": "Lawyer",
          "pnt": 12
        },
        {
          "ans": "Teachers",
          "pnt": 11
        },
        {
          "ans": "Nurse",
          "pnt": 7
        }
      ],
      "multiply": 2,
      "question": "Tell Me A Profession That Works Long Hours."
    },
    {
      "answers": [
        {
          "ans": "Turning Green",
          "pnt": 39
        },
        {
          "ans": "Ears Grow",
          "pnt": 35
        },
        {
          "ans": "Growing Antennas",
          "pnt": 8
        },
        {
          "ans": "Eyes Get Bigger",
          "pnt": 6
        },
        {
          "ans": "Glowing",
          "pnt": 4
        },
        {
          "ans": "Can’t Speak",
          "pnt": 2
        }
      ],
      "multiply": 2,
      "question": "Name A Reason You Might Suspect You’re Becoming A Martian."
    },
    {
      "answers": [
        {
          "ans": "MILK",
          "pnt": 27
        },
        {
          "ans": "CIGARETTES",
          "pnt": 20
        },
        {
          "ans": "MEAT",
          "pnt": 17
        },
        {
          "ans": "ICE CREAM",
          "pnt": 16
        },
        {
          "ans": "ALCOHOL",
          "pnt": 8
        },
        {
          "ans": "FLOWERS",
          "pnt": 7
        }
      ],
      "multiply": 2,
      "question": "Name Something Grocery Stores Keep In A Glass Case"
    }
  ],
  "final_round": [
    {
      "answers": [
        [
          "Sports",
          51
        ],
        [
          "Reaching",
          26
        ],
        [
          "Hugging",
          6
        ],
        [
          "Rock Climbing",
          6
        ],
        [
          "Paint Ceilings",
          5
        ],
        [
          "Change Lightbulbs",
          3
        ]
      ],
      "question": "Name Something A Person With Extra Long Arms Would Be Good At"
    },
    {
      "answers": [
        [
          "New York",
          42
        ],
        [
          "Venice",
          27
        ],
        [
          "Los Angeles",
          18
        ],
        [
          "Las Vegas",
          12
        ]
      ],
      "question": "Name A City Where A Movie Car Chase Never Be Filmed"
    },
    {
      "answers": [
        [
          "Typing",
          42
        ],
        [
          "Working Hard",
          27
        ],
        [
          "Communication",
          18
        ],
        [
          "Computer Program",
          12
        ],
        [
          "Sales",
          7
        ],
        [
          "Customer Service",
          5
        ],
        [
          "Foreign Language",
          3
        ]
      ],
      "question": "Name A Skill That A Person’s Resume Might Claim Than Are"
    },
    {
      "answers": [
        [
          "Sponge ",
          57
        ],
        [
          "Water ",
          37
        ],
        [
          "Cloth / Chamois Leather ",
          24
        ],
        [
          "Hose ",
          16
        ],
        [
          "Shampoo ",
          10
        ],
        [
          "Bucket ",
          7
        ]
      ],
      "question": "Name Something You Use To Wash The Car"
    }
  ],
  "final_round_timers": [
    20,
    25
  ]
}