{
  "rounds": [
    {
      "answers": [
        {
          "ans": "Blender",
          "pnt": 40
        },
        {
          "ans": "Toaster",
          "pnt": 22
        },
        {
          "ans": "Mixer",
          "pnt": 15
        },
        {
          "ans": "Dishwasher",
          "pnt": 11
        },
        {
          "ans": "Pan",
          "pnt": 4
        },
        {
          "ans": "Knife",
          "pnt": 4
        },
        {
          "ans": "Spatula",
          "pnt": 3
        }
      ],
      "multiply": 1,
      "question": "Name A Kitchen Item That A Man Generally Does Not Own Until He Is Married"
    },
    {
      "answers": [
        {
          "ans": "Humor/Comics",
          "pnt": 31
        },
        {
          "ans": "Romance",
          "pnt": 19
        },
        {
          "ans": "History",
          "pnt": 17
        },
        {
          "ans": "Horror",
          "pnt": 12
        },
        {
          "ans": "Self Help",
          "pnt": 11
        },
        {
          "ans": "Sci Fi/Fantasy",
          "pnt": 3
        }
      ],
      "multiply": 1,
      "question": "Besides “Biographies,” Which Section Of A Bookstore Would A Memoir About Your Life Belong In?"
    },
    {
      "answers": [
        {
          "ans": "At Work",
          "pnt": 41
        },
        {
          "ans": "Midnight",
          "pnt": 22
        },
        {
          "ans": "While Driving",
          "pnt": 13
        },
        {
          "ans": "When Mad",
          "pnt": 12
        },
        {
          "ans": "After Drinking",
          "pnt": 10
        }
      ],
      "multiply": 1,
      "question": "Name A Time When You Should Not Send A Text Message To Your Love Interest."
    },
    {
      "answers": [
        {
          "ans": "Teeth",
          "pnt": 38
        },
        {
          "ans": "Shirt",
          "pnt": 22
        },
        {
          "ans": "Glass",
          "pnt": 13
        },
        {
          "ans": "Someone’s Cheek",
          "pnt": 13
        },
        {
          "ans": "Around Lips",
          "pnt": 11
        }
      ],
      "multiply": 2,
      "question": "Where Does A Woman Try To Avoid Leaving Lipstick Marks?"
    },
    {
      "answers": [
        {
          "ans": "Title",
          "pnt": 38
        },
        {
          "ans": "Interest",
          "pnt": 22
        },
        {
          "ans": "Tax",
          "pnt": 20
        },
        {
          "ans": "Air Conditioner",
          "pnt": 8
        },
        {
          "ans": "Stereo",
          "pnt": 7
        }
      ],
      "multiply": 2,
      "question": "Name A Hidden Cost When Buying A Car."
    },
    {
      "answers": [
        {
          "ans": "Limo Driver",
          "pnt": 32
        },
        {
          "ans": "police Officer",
          "pnt": 25
        },
        {
          "ans": "Racecar Driver",
          "pnt": 22
        },
        {
          "ans": "Taxi Driver",
          "pnt": 11
        },
        {
          "ans": "Pizza driver",
          "pnt": 8
        }
      ],
      "multiply": 2,
      "question": "Name An Occupation You’d Want Just For The Car."
    }
  ],
  "final_round": [
    {
      "answers": [
        [
          "Cold Drinks",
          26
        ],
        [
          "Eat Ice Cream",
          18
        ],
        [
          "Use A Fan",
          17
        ],
        [
          "Cold Shower",
          14
        ],
        [
          "Air COnditioning",
          14
        ],
        [
          "Sit In Shade",
          6
        ]
      ],
      "question": "Besides Swimming, Name Something People Do To Stay Cool In The Summer"
    },
    {
      "answers": [
        [
          "Cat ",
          48
        ],
        [
          "Fish ",
          31
        ],
        [
          "Bird ",
          20
        ],
        [
          "Snake ",
          13
        ],
        [
          "Dog ",
          9
        ]
      ],
      "question": "Name A Pet That Requires Very Little Maintenance"
    },
    {
      "answers": [
        [
          "Towels",
          25
        ],
        [
          "Clothes",
          23
        ],
        [
          "Lockers",
          19
        ],
        [
          "Jock Straps",
          13
        ],
        [
          "Shoes",
          10
        ]
      ],
      "question": "Name Something You’d Find In A Boy’s High School Gym Locker Room."
    },
    {
      "answers": [
        [
          "Parents",
          49
        ],
        [
          "Hair",
          32
        ],
        [
          "Eye Color",
          21
        ],
        [
          "Last Name",
          14
        ],
        [
          "Facial Features",
          9
        ]
      ],
      "question": "Name Something Some Siblings Have In Common That Others Don’t"
    }
  ],
  "final_round_timers": [
    20,
    25
  ]
}