{
  "rounds": [
    {
      "answers": [
        {
          "ans": "Chipmunk/Squirrel",
          "pnt": 53
        },
        {
          "ans": "Pig",
          "pnt": 34
        },
        {
          "ans": "Panda/Koala Bear",
          "pnt": 23
        },
        {
          "ans": "Monkey",
          "pnt": 15
        },
        {
          "ans": "Bulldog",
          "pnt": 10
        },
        {
          "ans": "Rabbit",
          "pnt": 6
        }
      ],
      "multiply": 1,
      "question": "Name An Animal A Person With Chubby Cheeks Might Resemble"
    },
    {
      "answers": [
        {
          "ans": "Hopscotch",
          "pnt": 32
        },
        {
          "ans": "Hide N Seek",
          "pnt": 17
        },
        {
          "ans": "Tag",
          "pnt": 15
        },
        {
          "ans": "Twister",
          "pnt": 11
        },
        {
          "ans": "Jump Rope",
          "pnt": 9
        },
        {
          "ans": "Musical Chairs",
          "pnt": 8
        },
        {
          "ans": "Dress Up",
          "pnt": 5
        }
      ],
      "multiply": 1,
      "question": "Name A Kid’s Game A Grown Man Would Look Pretty Silly Playing"
    },
    {
      "answers": [
        {
          "ans": "Great Expectations",
          "pnt": 36
        },
        {
          "ans": "Great Dane",
          "pnt": 24
        },
        {
          "ans": "Great Wall Of China",
          "pnt": 12
        },
        {
          "ans": "Great Day",
          "pnt": 6
        },
        {
          "ans": "Great Grandparents",
          "pnt": 5
        },
        {
          "ans": "Great Buy",
          "pnt": 5
        },
        {
          "ans": "Great Scott",
          "pnt": 4
        }
      ],
      "multiply": 1,
      "question": "Name Something That Begins With The Word “Great.”"
    },
    {
      "answers": [
        {
          "ans": "Baby / Child ",
          "pnt": 53
        },
        {
          "ans": "Puppy ",
          "pnt": 34
        },
        {
          "ans": "Teddy Bear ",
          "pnt": 23
        },
        {
          "ans": "Kitten ",
          "pnt": 15
        },
        {
          "ans": "Dress ",
          "pnt": 10
        }
      ],
      "multiply": 2,
      "question": "Name Something That Might Be Described As Adorable"
    },
    {
      "answers": [
        {
          "ans": "Roadkill",
          "pnt": 40
        },
        {
          "ans": "Garbage",
          "pnt": 16
        },
        {
          "ans": "Hitchhiker",
          "pnt": 14
        },
        {
          "ans": "Trees",
          "pnt": 13
        },
        {
          "ans": "Sign",
          "pnt": 8
        }
      ],
      "multiply": 2,
      "question": "What Might You See On The Side Of The Road"
    },
    {
      "answers": [
        {
          "ans": "School",
          "pnt": 41
        },
        {
          "ans": "Outside Of House",
          "pnt": 25
        },
        {
          "ans": "On A Car",
          "pnt": 18
        },
        {
          "ans": "Side Of A Building",
          "pnt": 9
        },
        {
          "ans": "Display Case",
          "pnt": 3
        },
        {
          "ans": "On A Uniform",
          "pnt": 3
        }
      ],
      "multiply": 2,
      "question": "Besides On Top Of A Flag Pole, Where Else Would You See The American Flag?"
    }
  ],
  "final_round": [
    {
      "answers": [
        [
          "Smoking",
          39
        ],
        [
          "Fighting",
          21
        ],
        [
          "Alcohol/Drugs",
          17
        ],
        [
          "Skipping School",
          14
        ],
        [
          "Swearing",
          5
        ],
        [
          "Breaking Curfew",
          3
        ]
      ],
      "question": "Name An Act Of High School Rebellion That You Can’t Imagine A Kindergartener Doing."
    },
    {
      "answers": [
        [
          "Nervous",
          38
        ],
        [
          "No Money",
          33
        ],
        [
          "Not Ready",
          17
        ],
        [
          "Unsure",
          6
        ],
        [
          "Someone Else",
          5
        ]
      ],
      "question": "Name A Reason Why A Man Might Delay Proposing To His Girlfriend."
    },
    {
      "answers": [
        [
          "Lifeguard",
          34
        ],
        [
          "Security Guard",
          27
        ],
        [
          "Bodyguard",
          19
        ],
        [
          "Prison Guard",
          7
        ],
        [
          "National Guard",
          5
        ],
        [
          "Crossing Guard",
          4
        ]
      ],
      "question": "Name A Job That Ends With The Word “Guard.”"
    },
    {
      "answers": [
        [
          "Boxer ",
          51
        ],
        [
          "Doctor ",
          33
        ],
        [
          "Builder ",
          22
        ],
        [
          "Doorman ",
          14
        ],
        [
          "Policeman ",
          9
        ]
      ],
      "question": "Name A Person That Wears Gloves"
    }
  ],
  "final_round_timers": [
    20,
    25
  ]
}