{
  "rounds": [
    {
      "answers": [
        {
          "ans": "Toilet",
          "pnt": 32
        },
        {
          "ans": "Sink",
          "pnt": 29
        },
        {
          "ans": "Bathtub",
          "pnt": 25
        },
        {
          "ans": "Tiles/Floor",
          "pnt": 12
        }
      ],
      "multiply": 1,
      "question": "Name Something You Might Replace If You Are Remodeling Your Bathroom"
    },
    {
      "answers": [
        {
          "ans": "Texting/Phone",
          "pnt": 32
        },
        {
          "ans": "Sleeping",
          "pnt": 17
        },
        {
          "ans": "Clean Litter Box",
          "pnt": 15
        },
        {
          "ans": "Watching TV",
          "pnt": 14
        },
        {
          "ans": "Internet",
          "pnt": 10
        },
        {
          "ans": "Video Games",
          "pnt": 5
        },
        {
          "ans": "Shopping",
          "pnt": 5
        }
      ],
      "multiply": 1,
      "question": "Name Something That Teenagers Spend More Time Doing Than Adults"
    },
    {
      "answers": [
        {
          "ans": "Mall",
          "pnt": 50
        },
        {
          "ans": "North Pole",
          "pnt": 32
        },
        {
          "ans": "Home",
          "pnt": 13
        },
        {
          "ans": "Sky",
          "pnt": 4
        }
      ],
      "multiply": 1,
      "question": "Name Places Where You Might See Santa"
    },
    {
      "answers": [
        {
          "ans": "Library",
          "pnt": 52
        },
        {
          "ans": "Church",
          "pnt": 34
        },
        {
          "ans": "Movie Theater",
          "pnt": 22
        },
        {
          "ans": "Hospital",
          "pnt": 14
        },
        {
          "ans": "Funeral Home",
          "pnt": 9
        },
        {
          "ans": "Theater",
          "pnt": 6
        },
        {
          "ans": "Court",
          "pnt": 4
        }
      ],
      "multiply": 2,
      "question": "Name Some Place Where Not Allowed To Make Noise"
    },
    {
      "answers": [
        {
          "ans": "Radio ",
          "pnt": 40
        },
        {
          "ans": "Tv ",
          "pnt": 26
        },
        {
          "ans": "Car ",
          "pnt": 17
        },
        {
          "ans": "Engine / Motor ",
          "pnt": 11
        },
        {
          "ans": "Mower ",
          "pnt": 7
        },
        {
          "ans": "Partner ",
          "pnt": 5
        }
      ],
      "multiply": 2,
      "question": "Name Something That Makes A Noise When It's Turned On"
    },
    {
      "answers": [
        {
          "ans": "Pilot",
          "pnt": 47
        },
        {
          "ans": "Salesperson",
          "pnt": 17
        },
        {
          "ans": "Musician",
          "pnt": 10
        },
        {
          "ans": "Truck Driver",
          "pnt": 8
        },
        {
          "ans": "Flight Attendant",
          "pnt": 7
        }
      ],
      "multiply": 2,
      "question": "Name An Occupation In Which You Might Be In A New City Every Night"
    }
  ],
  "final_round": [
    {
      "answers": [
        [
          "Parent’s House",
          37
        ],
        [
          "Own House",
          29
        ],
        [
          "Grandparents Home",
          20
        ],
        [
          "Table",
          3
        ],
        [
          "In Laws’ House",
          2
        ],
        [
          "Restaurant",
          2
        ]
      ],
      "question": "Name A Place People Have A Holiday Dinner."
    },
    {
      "answers": [
        [
          "Kids",
          44
        ],
        [
          "Parent",
          35
        ],
        [
          "Partner",
          14
        ],
        [
          "Boss",
          5
        ]
      ],
      "question": "Name someone you have a very hard time saying no to."
    },
    {
      "answers": [
        [
          "Carrot Top",
          40
        ],
        [
          "Chris Rock",
          26
        ],
        [
          "Jim Carrey",
          17
        ],
        [
          "Dane Cook",
          11
        ],
        [
          "Adam Sandler",
          7
        ]
      ],
      "question": "Name A Comedian That Gets On Peoples Nerves"
    },
    {
      "answers": [
        [
          "Madonna",
          54
        ],
        [
          "Anna Nicole Smith",
          35
        ],
        [
          "Christina Aguilera",
          23
        ],
        [
          "Pamela Anderson",
          15
        ]
      ],
      "question": "Name A Famous Marilyn Monroe “Wannabe”"
    }
  ],
  "final_round_timers": [
    20,
    25
  ]
}