{
  "rounds": [
    {
      "answers": [
        {
          "ans": "Reading",
          "pnt": 45
        },
        {
          "ans": "Sports",
          "pnt": 20
        },
        {
          "ans": "Dancing",
          "pnt": 15
        },
        {
          "ans": "Hiking",
          "pnt": 10
        },
        {
          "ans": "Watching Movies",
          "pnt": 5
        }
      ],
      "multiply": 1,
      "question": "On A Dating Website, What Activity Do People Often List As A Pastime?"
    },
    {
      "answers": [
        {
          "ans": "Car",
          "pnt": 42
        },
        {
          "ans": "Tattoo",
          "pnt": 27
        },
        {
          "ans": "Motorcycle",
          "pnt": 18
        },
        {
          "ans": "Piercings",
          "pnt": 12
        },
        {
          "ans": "Kid",
          "pnt": 7
        },
        {
          "ans": "Criminal Record",
          "pnt": 5
        },
        {
          "ans": "His Own Place",
          "pnt": 3
        }
      ],
      "multiply": 1,
      "question": "Name Something A Teenage Girl’s Parents Would Hope Thet Her Boyfriend Didn’t Have"
    },
    {
      "answers": [
        {
          "ans": "Balloon",
          "pnt": 53
        },
        {
          "ans": "Popcorn",
          "pnt": 34
        },
        {
          "ans": "Gun",
          "pnt": 23
        },
        {
          "ans": "Gum",
          "pnt": 15
        },
        {
          "ans": "Tire",
          "pnt": 10
        }
      ],
      "multiply": 1,
      "question": "Name Something That Makes Loud Sound When It Pops"
    },
    {
      "answers": [
        {
          "ans": "Slow",
          "pnt": 36
        },
        {
          "ans": "Waltz",
          "pnt": 33
        },
        {
          "ans": "Jazz",
          "pnt": 20
        },
        {
          "ans": "Country",
          "pnt": 7
        }
      ],
      "multiply": 2,
      "question": "Name The Best Kind Of Music To Dance To With Someone You Want To Be Close To"
    },
    {
      "answers": [
        {
          "ans": "Beard",
          "pnt": 49
        },
        {
          "ans": "Size",
          "pnt": 34
        },
        {
          "ans": "Hearty Laugh",
          "pnt": 8
        },
        {
          "ans": "Stranger",
          "pnt": 5
        },
        {
          "ans": "Deep Voice",
          "pnt": 3
        }
      ],
      "multiply": 2,
      "question": "Name Something Specific About Santa That Causes Children To Be Afraid Of Him At The Mall."
    },
    {
      "answers": [
        {
          "ans": "Hamburger",
          "pnt": 45
        },
        {
          "ans": "French Fries",
          "pnt": 27
        },
        {
          "ans": "Chicken Nuggets",
          "pnt": 10
        },
        {
          "ans": "Milkshake",
          "pnt": 8
        },
        {
          "ans": "Filet O Fish",
          "pnt": 5
        }
      ],
      "multiply": 2,
      "question": "Name Something You Order At McDonald’s That You’d Never Order At A Fancy French Restaurant."
    }
  ],
  "final_round": [
    {
      "answers": [
        [
          "Hat",
          38
        ],
        [
          "Glasses",
          22
        ],
        [
          "Scarf",
          12
        ],
        [
          "Gloves",
          10
        ],
        [
          "Tie",
          8
        ]
      ],
      "question": "Name Something People Wear That Only Comes In One Size."
    },
    {
      "answers": [
        [
          "Birth Date",
          34
        ],
        [
          "Name",
          25
        ],
        [
          "Address",
          18
        ],
        [
          "License Number",
          13
        ],
        [
          "Description",
          10
        ]
      ],
      "question": "Name Something On Everyone’s Driver’s License."
    },
    {
      "answers": [
        [
          "Laugh",
          51
        ],
        [
          "Burp",
          33
        ],
        [
          "Sing",
          22
        ],
        [
          "Sneeze",
          14
        ],
        [
          "Cough",
          9
        ],
        [
          "Drink",
          6
        ],
        [
          "Smoke",
          4
        ]
      ],
      "question": "Other Than Talking, Name Something Shouldn’t Do While Eating"
    },
    {
      "answers": [
        [
          "Traffic",
          45
        ],
        [
          "Weather",
          29
        ],
        [
          "Smog",
          19
        ],
        [
          "Lots Of People",
          12
        ],
        [
          "Noise",
          8
        ],
        [
          "Crime",
          5
        ],
        [
          "Prices",
          3
        ]
      ],
      "question": "If you moved to Los Angeles, what would be the first thing youd have to get used to."
    }
  ],
  "final_round_timers": [
    20,
    25
  ]
}