{
  "rounds": [
    {
      "answers": [
        {
          "ans": "Spit",
          "pnt": 27
        },
        {
          "ans": "Chew Tobacco",
          "pnt": 22
        },
        {
          "ans": "Chew Gum",
          "pnt": 20
        },
        {
          "ans": "Drink Fluids",
          "pnt": 12
        },
        {
          "ans": "Watch Game",
          "pnt": 8
        },
        {
          "ans": "Talk",
          "pnt": 6
        },
        {
          "ans": "Cheer",
          "pnt": 5
        }
      ],
      "multiply": 1,
      "question": "Name Something Baseball Players Do While They’re In The Dugout."
    },
    {
      "answers": [
        {
          "ans": "Gym Teacher/Coach",
          "pnt": 51
        },
        {
          "ans": "Personal Trainer",
          "pnt": 39
        },
        {
          "ans": "Janitor",
          "pnt": 3
        },
        {
          "ans": "Babysitter",
          "pnt": 3
        }
      ],
      "multiply": 1,
      "question": "In Which Profession Would It Be Easiest To Get Away With Wearing Sweat Pants?"
    },
    {
      "answers": [
        {
          "ans": "Lay down",
          "pnt": 46
        },
        {
          "ans": "Drink",
          "pnt": 21
        },
        {
          "ans": "Smile",
          "pnt": 14
        },
        {
          "ans": "Eat",
          "pnt": 11
        },
        {
          "ans": "Cry",
          "pnt": 4
        },
        {
          "ans": "Talk About It",
          "pnt": 3
        }
      ],
      "multiply": 1,
      "question": "When You’ve Had A Bad Day, Name Something You’re Told To Do To Make You Feel Better."
    },
    {
      "answers": [
        {
          "ans": "Eggs",
          "pnt": 46
        },
        {
          "ans": "Donuts",
          "pnt": 30
        },
        {
          "ans": "Roses",
          "pnt": 20
        },
        {
          "ans": "Beer",
          "pnt": 13
        },
        {
          "ans": "Soda",
          "pnt": 8
        },
        {
          "ans": "Socks",
          "pnt": 5
        },
        {
          "ans": "Dishes",
          "pnt": 3
        }
      ],
      "multiply": 2,
      "question": "Name Something That Usually Comes In Sets Of 12"
    },
    {
      "answers": [
        {
          "ans": "Scream",
          "pnt": 45
        },
        {
          "ans": "Get Into Fight",
          "pnt": 21
        },
        {
          "ans": "Argue With ref",
          "pnt": 17
        },
        {
          "ans": "Swear",
          "pnt": 7
        },
        {
          "ans": "Insult Players",
          "pnt": 3
        },
        {
          "ans": "Bother Coach",
          "pnt": 3
        }
      ],
      "multiply": 2,
      "question": "What Might An Overboard Soccer Mom Do At A Game That Causes Her To Be Thrown Out?"
    },
    {
      "answers": [
        {
          "ans": 8,
          "pnt": 47
        },
        {
          "ans": 7,
          "pnt": 18
        },
        {
          "ans": 6,
          "pnt": 17
        },
        {
          "ans": 10,
          "pnt": 3
        },
        {
          "ans": 9,
          "pnt": 3
        }
      ],
      "multiply": 2,
      "question": "How Many Hours Of Sleep Does The Average Person Need In Order To Wake Up Refreshed?"
    }
  ],
  "final_round": [
    {
      "answers": [
        [
          "Chinese",
          54
        ],
        [
          "Jewish",
          26
        ],
        [
          "Islam",
          7
        ],
        [
          "Japan",
          5
        ],
        [
          "Buddhist",
          4
        ],
        [
          "India",
          3
        ]
      ],
      "question": "Name A Culture Or Religion That Celebrates A Different New Year Then The West"
    },
    {
      "answers": [
        [
          "Guitar",
          30
        ],
        [
          "Violin",
          26
        ],
        [
          "Flute/Pipe",
          18
        ],
        [
          "Clarinet",
          8
        ],
        [
          "Oboe",
          5
        ]
      ],
      "question": "Name A Musical Instrument Made Out Of Wood"
    },
    {
      "answers": [
        [
          "Nurse ",
          58
        ],
        [
          "Care Assistant ",
          38
        ],
        [
          "Child Minder ",
          25
        ]
      ],
      "question": "Name A Good Job For Someone Who Likes To Take Care Of People"
    },
    {
      "answers": [
        [
          "Vacuum Cleaner",
          46
        ],
        [
          "Cosmetics",
          28
        ],
        [
          "Encyclopedia",
          11
        ],
        [
          "Bible",
          5
        ],
        [
          "Knives",
          4
        ]
      ],
      "question": "Name A Product Door-To-Door Salesmen Used To Sell."
    }
  ],
  "final_round_timers": [
    20,
    25
  ]
}