{
  "rounds": [
    {
      "answers": [
        {
          "ans": "Shark",
          "pnt": 58
        },
        {
          "ans": "Stop",
          "pnt": 38
        },
        {
          "ans": "Get Out",
          "pnt": 25
        },
        {
          "ans": "No Running",
          "pnt": 16
        }
      ],
      "multiply": 1,
      "question": "Name A Word Or Phrase That A Lifeguard Might Yell"
    },
    {
      "answers": [
        {
          "ans": "Stethoscope",
          "pnt": 39
        },
        {
          "ans": "White Coat",
          "pnt": 28
        },
        {
          "ans": "Scrubs",
          "pnt": 19
        },
        {
          "ans": "ID Photo",
          "pnt": 9
        }
      ],
      "multiply": 1,
      "question": "Name A Way You Can Tell Someone Is A Doctor By Just Looking At Them."
    },
    {
      "answers": [
        {
          "ans": "Bears",
          "pnt": 39
        },
        {
          "ans": "Dolphins",
          "pnt": 13
        },
        {
          "ans": "Lions",
          "pnt": 12
        },
        {
          "ans": "Eagles",
          "pnt": 11
        },
        {
          "ans": "Panthers",
          "pnt": 7
        },
        {
          "ans": "Colts",
          "pnt": 6
        },
        {
          "ans": "Rams",
          "pnt": 5
        }
      ],
      "multiply": 1,
      "question": "Name A Professional Football Team That’s Named For An Animal."
    },
    {
      "answers": [
        {
          "ans": "Money",
          "pnt": 41
        },
        {
          "ans": "Hair",
          "pnt": 28
        },
        {
          "ans": "Time",
          "pnt": 7
        },
        {
          "ans": "Muscles",
          "pnt": 5
        },
        {
          "ans": "Love",
          "pnt": 5
        },
        {
          "ans": "Energy",
          "pnt": 3
        },
        {
          "ans": "patience",
          "pnt": 3
        }
      ],
      "multiply": 2,
      "question": "Name Something A Woman Might Wish Her Husband Had More Of."
    },
    {
      "answers": [
        {
          "ans": "Barking",
          "pnt": 51
        },
        {
          "ans": "Grow A Tail",
          "pnt": 14
        },
        {
          "ans": "Growing Fur",
          "pnt": 12
        },
        {
          "ans": "Need T Scratch",
          "pnt": 7
        },
        {
          "ans": "Fetch",
          "pnt": 6
        },
        {
          "ans": "Floppy Ears",
          "pnt": 2
        }
      ],
      "multiply": 2,
      "question": "Name A Sign That You Might Be Turning Into A Dog."
    },
    {
      "answers": [
        {
          "ans": "Rake ",
          "pnt": 46
        },
        {
          "ans": "Spade ",
          "pnt": 30
        },
        {
          "ans": "Shovel ",
          "pnt": 20
        },
        {
          "ans": "Pitchfork ",
          "pnt": 13
        },
        {
          "ans": "Hoe ",
          "pnt": 8
        }
      ],
      "multiply": 2,
      "question": "Name A Popular Garden Tool"
    }
  ],
  "final_round": [
    {
      "answers": [
        [
          "HANDS",
          42
        ],
        [
          "FEET",
          27
        ],
        [
          "ARMS",
          18
        ],
        [
          "LEGS",
          12
        ],
        [
          "BACK",
          7
        ],
        [
          "EYES",
          5
        ],
        [
          "MOUTH",
          3
        ]
      ],
      "question": "Name A Part Of A Beauticians Body That Probably Gets Tired By The End Of The Day"
    },
    {
      "answers": [
        [
          "Sports",
          44
        ],
        [
          "Driving",
          33
        ],
        [
          "Working",
          16
        ],
        [
          "Cooking",
          4
        ]
      ],
      "question": "Name something a chauvinist might try to claim that men are better at."
    },
    {
      "answers": [
        [
          "Sports",
          60
        ],
        [
          "Cheerleading",
          24
        ],
        [
          "Band",
          8
        ],
        [
          "Student Council",
          4
        ]
      ],
      "question": "Name Something A High School Student Might Join In Order To Become More Popular."
    },
    {
      "answers": [
        [
          "Sit",
          34
        ],
        [
          "House Training",
          20
        ],
        [
          "Fetch",
          19
        ],
        [
          "Roll Over",
          16
        ],
        [
          "Don’t Bite/Chew",
          5
        ],
        [
          "Stay",
          5
        ]
      ],
      "question": "If You Got A New Puppy, Name Something You’d Teach It"
    }
  ],
  "final_round_timers": [
    20,
    25
  ]
}