{
  "rounds": [
    {
      "answers": [
        {
          "ans": "Back ",
          "pnt": 41
        },
        {
          "ans": "Head ",
          "pnt": 27
        },
        {
          "ans": "Legs ",
          "pnt": 17
        },
        {
          "ans": "Feet ",
          "pnt": 11
        },
        {
          "ans": "Neck ",
          "pnt": 7
        }
      ],
      "multiply": 1,
      "question": "Name A Part Of Your Body That Aches"
    },
    {
      "answers": [
        {
          "ans": "Money ",
          "pnt": 43
        },
        {
          "ans": "Jewellery ",
          "pnt": 28
        },
        {
          "ans": "A Will ",
          "pnt": 18
        },
        {
          "ans": "Documents ",
          "pnt": 12
        },
        {
          "ans": "Deeds ",
          "pnt": 8
        }
      ],
      "multiply": 1,
      "question": "Name Something You Might Have Locked In A Safe"
    },
    {
      "answers": [
        {
          "ans": "Grouchy",
          "pnt": 28
        },
        {
          "ans": "Grumpy",
          "pnt": 21
        },
        {
          "ans": "Crabby",
          "pnt": 18
        },
        {
          "ans": "Cranky",
          "pnt": 13
        },
        {
          "ans": "Angry",
          "pnt": 7
        },
        {
          "ans": "Moody",
          "pnt": 5
        }
      ],
      "multiply": 1,
      "question": "Name A Word People Use To Describe Someone Who’s In A Bad Mood"
    },
    {
      "answers": [
        {
          "ans": "Ring ",
          "pnt": 41
        },
        {
          "ans": "Money ",
          "pnt": 27
        },
        {
          "ans": "Engagement ",
          "pnt": 17
        },
        {
          "ans": "Sparkles ",
          "pnt": 11
        },
        {
          "ans": "Necklace ",
          "pnt": 7
        }
      ],
      "multiply": 2,
      "question": "Name Something You associate With Diamonds"
    },
    {
      "answers": [
        {
          "ans": "Money",
          "pnt": 52
        },
        {
          "ans": "Make Up",
          "pnt": 34
        },
        {
          "ans": "My Cell Phone",
          "pnt": 6
        },
        {
          "ans": "My Keys",
          "pnt": 4
        }
      ],
      "multiply": 2,
      "question": "We Asked 100 Women To Fill In The Blank: I’d Notice Right Away If _____ Was Missing From My Purse."
    },
    {
      "answers": [
        {
          "ans": "Windows ",
          "pnt": 46
        },
        {
          "ans": "Gutter ",
          "pnt": 30
        },
        {
          "ans": "Chimney ",
          "pnt": 20
        }
      ],
      "multiply": 2,
      "question": "Name Something you Might Need A Ladder To Clean"
    }
  ],
  "final_round": [
    {
      "answers": [
        [
          "Presents",
          52
        ],
        [
          "Reindeer",
          26
        ],
        [
          "Sleigh",
          18
        ],
        [
          "List",
          3
        ]
      ],
      "question": "What Would Santa Hate To Forget On Christmas Eve?"
    },
    {
      "answers": [
        [
          "Passport",
          46
        ],
        [
          "ID/License",
          38
        ],
        [
          "Birth Certificate",
          6
        ],
        [
          "Luggage",
          5
        ]
      ],
      "question": "What Might Authorities Ask To See When You’re Crossing An International Border?"
    },
    {
      "answers": [
        [
          "Hide And Seek",
          44
        ],
        [
          "Tag",
          18
        ],
        [
          "Twister",
          16
        ],
        [
          "Limbo",
          10
        ]
      ],
      "question": "Name A Game In Which Small Children Have An Advantage Over Adults"
    },
    {
      "answers": [
        [
          "Pasta",
          37
        ],
        [
          "Pizza",
          18
        ],
        [
          "Chicken Strips",
          11
        ],
        [
          "Shrimp",
          9
        ],
        [
          "Steak",
          9
        ],
        [
          "Fish",
          7
        ],
        [
          "French Fries",
          5
        ]
      ],
      "question": "Name A Food That Usually Comes With A Particular Sauce"
    }
  ],
  "final_round_timers": [
    20,
    25
  ]
}