{
  "rounds": [
    {
      "answers": [
        {
          "ans": "Santa",
          "pnt": 61
        },
        {
          "ans": "Parents",
          "pnt": 11
        },
        {
          "ans": "Grandparents",
          "pnt": 9
        },
        {
          "ans": "Friends",
          "pnt": 5
        },
        {
          "ans": "Pen Pal",
          "pnt": 5
        },
        {
          "ans": "President",
          "pnt": 3
        }
      ],
      "multiply": 1,
      "question": "Name Someone Kids Write Letters To."
    },
    {
      "answers": [
        {
          "ans": "Tire",
          "pnt": 23
        },
        {
          "ans": "Lightbulb",
          "pnt": 19
        },
        {
          "ans": "Windshield Wipers",
          "pnt": 18
        },
        {
          "ans": "Spark Plugs",
          "pnt": 11
        },
        {
          "ans": "Battery",
          "pnt": 11
        },
        {
          "ans": "Air Filter",
          "pnt": 11
        }
      ],
      "multiply": 1,
      "question": "Name A Part On A Car Most People Would Replace Themselves"
    },
    {
      "answers": [
        {
          "ans": "Wine ",
          "pnt": 52
        },
        {
          "ans": "Vine ",
          "pnt": 34
        },
        {
          "ans": "Seeds ",
          "pnt": 22
        },
        {
          "ans": "Bunch ",
          "pnt": 14
        },
        {
          "ans": "Green ",
          "pnt": 9
        }
      ],
      "multiply": 1,
      "question": "Name Something Associated With Grapes"
    },
    {
      "answers": [
        {
          "ans": "Consession Stand",
          "pnt": 36
        },
        {
          "ans": "Seats",
          "pnt": 25
        },
        {
          "ans": "Screen",
          "pnt": 22
        },
        {
          "ans": "Bathroom",
          "pnt": 6
        },
        {
          "ans": "Movies",
          "pnt": 6
        },
        {
          "ans": "Customers",
          "pnt": 3
        }
      ],
      "multiply": 2,
      "question": "Name Something That Every Movie Theatre, Fancy Or Not, Has."
    },
    {
      "answers": [
        {
          "ans": "Eating",
          "pnt": 36
        },
        {
          "ans": "Cooking",
          "pnt": 27
        },
        {
          "ans": "Beauty",
          "pnt": 19
        },
        {
          "ans": "Singing",
          "pnt": 7
        }
      ],
      "multiply": 2,
      "question": "Name A Type Of Contest You Might Enter At A County Fair"
    },
    {
      "answers": [
        {
          "ans": "Jeans",
          "pnt": 38
        },
        {
          "ans": "Bikini",
          "pnt": 19
        },
        {
          "ans": "Birthday Suit",
          "pnt": 14
        },
        {
          "ans": "Shorts",
          "pnt": 7
        },
        {
          "ans": "Underwear",
          "pnt": 5
        },
        {
          "ans": "Sweats",
          "pnt": 4
        },
        {
          "ans": "Sneakers",
          "pnt": 4
        }
      ],
      "multiply": 2,
      "question": "Name Something You’d Be Shocked To See A Celebrity Wear On The Red Carpet."
    }
  ],
  "final_round": [
    {
      "answers": [
        [
          "Cook",
          51
        ],
        [
          "Clean",
          12
        ],
        [
          "Smoke Inside",
          11
        ],
        [
          "Play Loud Music",
          9
        ],
        [
          "Walk Around Naked",
          7
        ],
        [
          "Laundry",
          5
        ]
      ],
      "question": "Name Something You Do At Home, But Not While Staying In A Hotel."
    },
    {
      "answers": [
        [
          "Work",
          59
        ],
        [
          "Parenting",
          38
        ],
        [
          "Cooking",
          25
        ],
        [
          "Marriage",
          16
        ]
      ],
      "question": "Name Something Most Women Want To Be Successful At"
    },
    {
      "answers": [
        [
          "Patients ",
          59
        ],
        [
          "Gloves ",
          38
        ],
        [
          "Pens ",
          25
        ]
      ],
      "question": "Name Something A Doctor Would Hate To Run Out Of"
    },
    {
      "answers": [
        [
          "Daylight ",
          59
        ],
        [
          "Cross ",
          38
        ],
        [
          "Garlic ",
          25
        ],
        [
          "Steak ",
          16
        ],
        [
          "Blade ",
          11
        ],
        [
          "Water ",
          7
        ]
      ],
      "question": "Name Something Vampires Hate"
    }
  ],
  "final_round_timers": [
    20,
    25
  ]
}