{
  "rounds": [
    {
      "answers": [
        {
          "ans": "Smile",
          "pnt": 50
        },
        {
          "ans": "Kiss",
          "pnt": 32
        },
        {
          "ans": "Pose",
          "pnt": 5
        },
        {
          "ans": "Hold Hands",
          "pnt": 3
        },
        {
          "ans": "Dress Up",
          "pnt": 3
        },
        {
          "ans": "Embrace",
          "pnt": 3
        }
      ],
      "multiply": 1,
      "question": "Name Something People Do In An Engagement Photo, That They Don’t Do In A Mug Shot."
    },
    {
      "answers": [
        {
          "ans": "Bar",
          "pnt": 32
        },
        {
          "ans": "Mall",
          "pnt": 19
        },
        {
          "ans": "Jail",
          "pnt": 17
        },
        {
          "ans": "Casino",
          "pnt": 16
        },
        {
          "ans": "Church",
          "pnt": 8
        },
        {
          "ans": "Party",
          "pnt": 4
        }
      ],
      "multiply": 1,
      "question": "Name A Place That, Once You Enter, It’s Hard To Leave"
    },
    {
      "answers": [
        {
          "ans": "Children",
          "pnt": 36
        },
        {
          "ans": "Money",
          "pnt": 23
        },
        {
          "ans": "Shopping",
          "pnt": 12
        },
        {
          "ans": "Shoes",
          "pnt": 9
        },
        {
          "ans": "Pet",
          "pnt": 8
        },
        {
          "ans": "Chocolate",
          "pnt": 4
        },
        {
          "ans": "Jewelry",
          "pnt": 3
        }
      ],
      "multiply": 1,
      "question": "What Might Some Women Love More Than Their Spouse?"
    },
    {
      "answers": [
        {
          "ans": "Shrek",
          "pnt": 23
        },
        {
          "ans": "Toy Story",
          "pnt": 22
        },
        {
          "ans": "Lion King",
          "pnt": 20
        },
        {
          "ans": "ET",
          "pnt": 10
        },
        {
          "ans": "Bambi",
          "pnt": 9
        },
        {
          "ans": "Cinderella",
          "pnt": 8
        },
        {
          "ans": "Finding Nemo",
          "pnt": 6
        }
      ],
      "multiply": 2,
      "question": "Name A Kid’s Movie That Most Adults Have Seen Too."
    },
    {
      "answers": [
        {
          "ans": "Racoon",
          "pnt": 44
        },
        {
          "ans": "Rat",
          "pnt": 21
        },
        {
          "ans": "Dog",
          "pnt": 13
        },
        {
          "ans": "Pig",
          "pnt": 6
        },
        {
          "ans": "Bear",
          "pnt": 5
        },
        {
          "ans": "Goat",
          "pnt": 4
        }
      ],
      "multiply": 2,
      "question": "Name An Animal That’s Known For Eating Garbage"
    },
    {
      "answers": [
        {
          "ans": "Sleep",
          "pnt": 40
        },
        {
          "ans": "Burp",
          "pnt": 17
        },
        {
          "ans": "Unbutton Pants",
          "pnt": 13
        },
        {
          "ans": "Go To Bathroom",
          "pnt": 10
        },
        {
          "ans": "Smoke Cigarettes",
          "pnt": 7
        },
        {
          "ans": "Take Antacid",
          "pnt": 7
        }
      ],
      "multiply": 2,
      "question": "Name Something People Do After They’ve Eaten Too Much."
    }
  ],
  "final_round": [
    {
      "answers": [
        [
          "Phone",
          37
        ],
        [
          "Jewelry/watch",
          22
        ],
        [
          "Toothbrush",
          13
        ],
        [
          "Comb/hairbrush",
          9
        ],
        [
          "Keys",
          8
        ],
        [
          "Glasses",
          5
        ],
        [
          "Money",
          3
        ]
      ],
      "question": "Tell me something you’ve accidentally dropped in the toilet."
    },
    {
      "answers": [
        [
          "Humpty Dumpty",
          40
        ],
        [
          "Jack/ Jill",
          26
        ],
        [
          "Red Riding Hood",
          17
        ],
        [
          "Lil Bo Peep",
          11
        ]
      ],
      "question": "Name A Nursery Rhyme Character With Bad Luck"
    },
    {
      "answers": [
        [
          "Candles ",
          56
        ],
        [
          "The Dark ",
          36
        ],
        [
          "Storm ",
          24
        ],
        [
          "Lights ",
          16
        ],
        [
          "Lightning ",
          10
        ]
      ],
      "question": "Name Something You Associate With A Blackout"
    },
    {
      "answers": [
        [
          "Scream",
          39
        ],
        [
          "Splash With Water",
          37
        ],
        [
          "Shake You",
          10
        ],
        [
          "Jump On Bed",
          6
        ],
        [
          "Use The Alarm",
          5
        ]
      ],
      "question": "Tell Me The Worst Way For Someone To Wake You Up."
    }
  ],
  "final_round_timers": [
    20,
    25
  ]
}