{
  "rounds": [
    {
      "answers": [
        {
          "ans": "No Smoking",
          "pnt": 78
        },
        {
          "ans": "Restrooms",
          "pnt": 7
        },
        {
          "ans": "Wait To Be Seated",
          "pnt": 5
        },
        {
          "ans": "No Shirt No Service",
          "pnt": 2
        },
        {
          "ans": "Not Resp. For Items",
          "pnt": 2
        }
      ],
      "multiply": 1,
      "question": "Name A Sign You Might See Posted In A Restaurant."
    },
    {
      "answers": [
        {
          "ans": "Miami",
          "pnt": 30
        },
        {
          "ans": "Orlando",
          "pnt": 27
        },
        {
          "ans": "Jacksonville",
          "pnt": 18
        },
        {
          "ans": "Tampa Bay",
          "pnt": 14
        },
        {
          "ans": "Daytona Beach",
          "pnt": 12
        },
        {
          "ans": "Tellahassee",
          "pnt": 9
        },
        {
          "ans": "Key West",
          "pnt": 6
        }
      ],
      "multiply": 1,
      "question": "Name A City In Florida"
    },
    {
      "answers": [
        {
          "ans": "Lawnmower ",
          "pnt": 46
        },
        {
          "ans": "Conversation ",
          "pnt": 30
        },
        {
          "ans": "A Business ",
          "pnt": 20
        }
      ],
      "multiply": 1,
      "question": "Name Something That Is Hard To Start"
    },
    {
      "answers": [
        {
          "ans": "No Food",
          "pnt": 36
        },
        {
          "ans": "Spoiled Food",
          "pnt": 24
        },
        {
          "ans": "Frost",
          "pnt": 11
        },
        {
          "ans": "Empty Ice Tray",
          "pnt": 10
        },
        {
          "ans": "Food Is Thawed",
          "pnt": 9
        },
        {
          "ans": "Exploded Can",
          "pnt": 7
        }
      ],
      "multiply": 2,
      "question": "Name Something You Hate To Find When You Open Your Freezer"
    },
    {
      "answers": [
        {
          "ans": "Tyres ",
          "pnt": 58
        },
        {
          "ans": "Exhaust ",
          "pnt": 38
        },
        {
          "ans": "Windscreen ",
          "pnt": 25
        },
        {
          "ans": "Clutch ",
          "pnt": 16
        },
        {
          "ans": "Windscreen Wipers ",
          "pnt": 11
        }
      ],
      "multiply": 2,
      "question": "Name A Part Of A Car That's Often Replaced"
    },
    {
      "answers": [
        {
          "ans": "Mexico",
          "pnt": 43
        },
        {
          "ans": "France",
          "pnt": 28
        },
        {
          "ans": "Canada",
          "pnt": 18
        },
        {
          "ans": "England",
          "pnt": 12
        },
        {
          "ans": "Ireland",
          "pnt": 8
        },
        {
          "ans": "Holland",
          "pnt": 5
        },
        {
          "ans": "Italy",
          "pnt": 3
        }
      ],
      "multiply": 2,
      "question": "Name A Country American Kids Visit In Hope Lucky In College"
    }
  ],
  "final_round": [
    {
      "answers": [
        [
          "Bones",
          27
        ],
        [
          "Food",
          21
        ],
        [
          "People",
          11
        ],
        [
          "Treats",
          11
        ],
        [
          "Other Dogs",
          11
        ],
        [
          "Going For A Walk",
          7
        ],
        [
          "Toys",
          7
        ]
      ],
      "question": "Name Something Dogs Get More Excited About Than People."
    },
    {
      "answers": [
        [
          "Money",
          55
        ],
        [
          "Cell Phone",
          36
        ],
        [
          "ID|",
          23
        ],
        [
          "Keys",
          15
        ],
        [
          "Ipod",
          10
        ]
      ],
      "question": "Name Name Something You Bring With You Everywhere"
    },
    {
      "answers": [
        [
          "Morgan freeman",
          25
        ],
        [
          "James earl Jones",
          24
        ],
        [
          "Brad Pitt",
          13
        ],
        [
          "Julia Roberts",
          11
        ],
        [
          "Sean Connery",
          10
        ],
        [
          "Denzil Washington",
          9
        ],
        [
          "Robert Redford",
          8
        ]
      ],
      "question": "If You Could Have A Movie Star Narrate Your Life, Whose Voice Would You Choose?"
    },
    {
      "answers": [
        [
          "Plane ",
          50
        ],
        [
          "Port ",
          33
        ],
        [
          "Craft ",
          21
        ],
        [
          "Force ",
          14
        ],
        [
          "Vent ",
          9
        ]
      ],
      "question": "Besides Air Conditioning Name A Word That Starts With Air"
    }
  ],
  "final_round_timers": [
    20,
    25
  ]
}