{
  "rounds": [
    {
      "answers": [
        {
          "ans": "Homes For Sale",
          "pnt": 53
        },
        {
          "ans": "Car",
          "pnt": 16
        },
        {
          "ans": "Clients",
          "pnt": 11
        },
        {
          "ans": "Advertisement",
          "pnt": 8
        },
        {
          "ans": "Good Attitude",
          "pnt": 6
        }
      ],
      "multiply": 1,
      "question": "Name Something A Real Estate Agent Needs To Do His Job."
    },
    {
      "answers": [
        {
          "ans": "Casper",
          "pnt": 51
        },
        {
          "ans": "Headless Horseman",
          "pnt": 33
        },
        {
          "ans": "Nearly Headless Nich",
          "pnt": 22
        },
        {
          "ans": "Ghost of Xmas Past",
          "pnt": 14
        },
        {
          "ans": "Ghost of Xmas Future",
          "pnt": 9
        },
        {
          "ans": "Christmas Present",
          "pnt": 6
        },
        {
          "ans": "Jacob Marley",
          "pnt": 4
        }
      ],
      "multiply": 1,
      "question": "Name a famous Ghost"
    },
    {
      "answers": [
        {
          "ans": "Open Door",
          "pnt": 53
        },
        {
          "ans": "Pay",
          "pnt": 34
        },
        {
          "ans": "Bring Flowers",
          "pnt": 23
        },
        {
          "ans": "Cook Dinner",
          "pnt": 15
        }
      ],
      "multiply": 1,
      "question": "Man Do On First Date To Be Husband Material"
    },
    {
      "answers": [
        {
          "ans": "High Heels",
          "pnt": 45
        },
        {
          "ans": "Pantyhose",
          "pnt": 23
        },
        {
          "ans": "Makeup",
          "pnt": 12
        },
        {
          "ans": "Girdle/Corset",
          "pnt": 9
        },
        {
          "ans": "Perfume",
          "pnt": 4
        }
      ],
      "multiply": 2,
      "question": "Name Something A Woman’s Doctor Might Advise Her Not To Wear."
    },
    {
      "answers": [
        {
          "ans": "No Service",
          "pnt": 21
        },
        {
          "ans": "Dropped Calls",
          "pnt": 19
        },
        {
          "ans": "Fuzzy Reception",
          "pnt": 16
        },
        {
          "ans": "Expensive",
          "pnt": 14
        },
        {
          "ans": "Batteries Die Fast",
          "pnt": 12
        },
        {
          "ans": "Break Easily",
          "pnt": 4
        },
        {
          "ans": "Can’t Hear Well",
          "pnt": 3
        }
      ],
      "multiply": 2,
      "question": "Name A Complaint People Have About Their Cell Phones"
    },
    {
      "answers": [
        {
          "ans": "Cup Of Sugar",
          "pnt": 51
        },
        {
          "ans": "Lawn Mower",
          "pnt": 9
        },
        {
          "ans": "Charcoal",
          "pnt": 4
        },
        {
          "ans": "Milk",
          "pnt": 4
        },
        {
          "ans": "Mayonnaise",
          "pnt": 3
        },
        {
          "ans": "Tool",
          "pnt": 3
        },
        {
          "ans": "RAKE",
          "pnt": 3
        }
      ],
      "multiply": 2,
      "question": "Name Something Your Neighbor Might Ask To Borrow"
    }
  ],
  "final_round": [
    {
      "answers": [
        [
          "Code/Secret Knock",
          54
        ],
        [
          "Ladder",
          35
        ],
        [
          "Rope",
          23
        ],
        [
          "Permission",
          15
        ]
      ],
      "question": "Name Something You Might Need In Order To Enter A Childs Treehouse"
    },
    {
      "answers": [
        [
          "…Come,First Served",
          24
        ],
        [
          "First Love",
          17
        ],
        [
          "First Class",
          9
        ],
        [
          "First Things First",
          9
        ],
        [
          "First Time",
          9
        ],
        [
          "First Kiss",
          9
        ],
        [
          "First Base",
          9
        ]
      ],
      "question": "Name An Expression That Begins With The Word “First.”"
    },
    {
      "answers": [
        [
          "Party",
          24
        ],
        [
          "Mall",
          20
        ],
        [
          "Place Of Worship",
          18
        ],
        [
          "Work",
          14
        ],
        [
          "School",
          10
        ],
        [
          "Hair Saloon",
          5
        ],
        [
          "Coffee Shop",
          4
        ]
      ],
      "question": "Name Someplace Were You’d See A Lot Of People Gossiping"
    },
    {
      "answers": [
        [
          "Love",
          38
        ],
        [
          "Fear/Worry",
          16
        ],
        [
          "Anger",
          12
        ],
        [
          "Happy",
          11
        ],
        [
          "Distrustful",
          10
        ],
        [
          "Compassion",
          7
        ],
        [
          "Pride",
          3
        ]
      ],
      "question": "Tell Me An Emotion That Gets Stronger After You Have Children"
    }
  ],
  "final_round_timers": [
    20,
    25
  ]
}