{
  "rounds": [
    {
      "answers": [
        {
          "ans": "Eggs Benidict",
          "pnt": 35
        },
        {
          "ans": "Crepes",
          "pnt": 21
        },
        {
          "ans": "Belgian Waffles",
          "pnt": 15
        },
        {
          "ans": "Bagel",
          "pnt": 13
        },
        {
          "ans": "Quiche",
          "pnt": 8
        },
        {
          "ans": "Croissant",
          "pnt": 4
        }
      ],
      "multiply": 1,
      "question": "Name A Breakfast Item That You’d Find On The Menu Of A Fancy Restaurant, But Not Your Local Diner"
    },
    {
      "answers": [
        {
          "ans": "Her Bedroom",
          "pnt": 38
        },
        {
          "ans": "Take A Bath",
          "pnt": 30
        },
        {
          "ans": "Spa",
          "pnt": 11
        },
        {
          "ans": "Place Of worship",
          "pnt": 9
        },
        {
          "ans": "Library",
          "pnt": 6
        },
        {
          "ans": "Park",
          "pnt": 3
        }
      ],
      "multiply": 1,
      "question": "Name A Place Where A Mom Might Go When She Says, ” I Need Peace And Quiet.”"
    },
    {
      "answers": [
        {
          "ans": "Z ",
          "pnt": 40
        },
        {
          "ans": "Q ",
          "pnt": 26
        },
        {
          "ans": "X ",
          "pnt": 17
        },
        {
          "ans": "Y ",
          "pnt": 11
        },
        {
          "ans": "U ",
          "pnt": 7
        }
      ],
      "multiply": 1,
      "question": "Name A Letter Of The Alphabet Not Often Used"
    },
    {
      "answers": [
        {
          "ans": "Mat ",
          "pnt": 41
        },
        {
          "ans": "Milk Bottles ",
          "pnt": 27
        },
        {
          "ans": "Paper ",
          "pnt": 17
        },
        {
          "ans": "Pot Plant ",
          "pnt": 11
        },
        {
          "ans": "Cat ",
          "pnt": 7
        }
      ],
      "multiply": 2,
      "question": "Name Something You See On A Doorstep"
    },
    {
      "answers": [
        {
          "ans": "Sock ",
          "pnt": 56
        },
        {
          "ans": "Wellington ",
          "pnt": 36
        },
        {
          "ans": "Stiletto ",
          "pnt": 24
        },
        {
          "ans": "Winke Picker ",
          "pnt": 16
        }
      ],
      "multiply": 2,
      "question": "Name A Type Of Shoe"
    },
    {
      "answers": [
        {
          "ans": "Food/Drinks",
          "pnt": 42
        },
        {
          "ans": "Cable TV",
          "pnt": 27
        },
        {
          "ans": "Hot Tub/Pool",
          "pnt": 11
        },
        {
          "ans": "Alarm",
          "pnt": 7
        },
        {
          "ans": "Internet Access",
          "pnt": 6
        },
        {
          "ans": "Air Conditioning",
          "pnt": 3
        }
      ],
      "multiply": 2,
      "question": "Name Something You Hope That The People You’re Housesitting For Have In Their Home."
    }
  ],
  "final_round": [
    {
      "answers": [
        [
          "Kevin Keagan ",
          43
        ],
        [
          "Ray Clemence ",
          28
        ],
        [
          "Peter Shilton ",
          18
        ],
        [
          "Trevor Brooking ",
          12
        ],
        [
          "Steve Coppell ",
          8
        ],
        [
          "Mick Mills ",
          5
        ]
      ],
      "question": "Name A Famous England Footballer From The 70's"
    },
    {
      "answers": [
        [
          "Soda",
          59
        ],
        [
          "Beer",
          27
        ],
        [
          "Chips",
          5
        ],
        [
          "Wine",
          4
        ]
      ],
      "question": "Name A Food Or Drink That Makes A Sound The First Time Its Container Is Opened."
    },
    {
      "answers": [
        [
          "Magazines",
          56
        ],
        [
          "Greeting Cards",
          36
        ],
        [
          "Derergent",
          24
        ],
        [
          "Newspapers",
          16
        ],
        [
          "Toilet Paper",
          10
        ]
      ],
      "question": "Besides Food, Name Something You Buy At A Supermarket"
    },
    {
      "answers": [
        [
          "Mr Rogers",
          43
        ],
        [
          "Bill Cosby",
          23
        ],
        [
          "Captain Kangaroo",
          16
        ],
        [
          "Barney",
          10
        ]
      ],
      "question": "Name Someone, Past Or Present, Who Is Known For Hosting A Children’s Television Program"
    }
  ],
  "final_round_timers": [
    20,
    25
  ]
}