{
  "rounds": [
    {
      "answers": [
        {
          "ans": "Sunglasses",
          "pnt": 38
        },
        {
          "ans": "Mask",
          "pnt": 27
        },
        {
          "ans": "Wig",
          "pnt": 27
        },
        {
          "ans": "Facial Hair",
          "pnt": 4
        },
        {
          "ans": "Trench Coat",
          "pnt": 3
        }
      ],
      "multiply": 1,
      "question": "Tell Me Something Spies Wear To Disguise Their Identity."
    },
    {
      "answers": [
        {
          "ans": "Drive",
          "pnt": 34
        },
        {
          "ans": "Cook",
          "pnt": 14
        },
        {
          "ans": "Ride A Bike",
          "pnt": 13
        },
        {
          "ans": "Cut/Carve",
          "pnt": 12
        },
        {
          "ans": "Swim",
          "pnt": 8
        },
        {
          "ans": "Use Tools",
          "pnt": 5
        }
      ],
      "multiply": 1,
      "question": "Name Something That’s Dangerous To Do One-Handed."
    },
    {
      "answers": [
        {
          "ans": "Childhood",
          "pnt": 29
        },
        {
          "ans": "Daughter’s Skirt",
          "pnt": 28
        },
        {
          "ans": "Summer/School Calendar",
          "pnt": 17
        },
        {
          "ans": "Money",
          "pnt": 11
        },
        {
          "ans": "Life",
          "pnt": 10
        },
        {
          "ans": "Fuse/Temper",
          "pnt": 5
        }
      ],
      "multiply": 1,
      "question": "Name Something Parents Say Is Too Short."
    },
    {
      "answers": [
        {
          "ans": "Swimming",
          "pnt": 52
        },
        {
          "ans": "Basketball",
          "pnt": 20
        },
        {
          "ans": "Volleyball",
          "pnt": 18
        },
        {
          "ans": "Soccer",
          "pnt": 6
        },
        {
          "ans": "Tennis",
          "pnt": 6
        },
        {
          "ans": "Wrestling",
          "pnt": 3
        },
        {
          "ans": "Boxing",
          "pnt": 3
        }
      ],
      "multiply": 2,
      "question": "Name A Sport In Which The Athletes Don’t Wear A Lot Of Clothes."
    },
    {
      "answers": [
        {
          "ans": "Rock And Roll",
          "pnt": 45
        },
        {
          "ans": "Rubber",
          "pnt": 24
        },
        {
          "ans": "Wedding",
          "pnt": 11
        },
        {
          "ans": "Jazz",
          "pnt": 8
        },
        {
          "ans": "Country",
          "pnt": 2
        },
        {
          "ans": "Mariachi",
          "pnt": 2
        }
      ],
      "multiply": 2,
      "question": "Name A Type Of Band."
    },
    {
      "answers": [
        {
          "ans": "Lobster",
          "pnt": 33
        },
        {
          "ans": "Steak",
          "pnt": 32
        },
        {
          "ans": "Fish",
          "pnt": 19
        },
        {
          "ans": "French Fries",
          "pnt": 8
        }
      ],
      "multiply": 2,
      "question": "Name Something You Never Cook At Home, But Order When Eating At The Restaurant"
    }
  ],
  "final_round": [
    {
      "answers": [
        [
          "Pass Gas",
          28
        ],
        [
          "Sneeze",
          22
        ],
        [
          "Smoke",
          19
        ],
        [
          "Blow Nose",
          15
        ],
        [
          "Cough",
          8
        ]
      ],
      "question": "Name Something You Don’t Want The Person Next To You To Do While You’re Eating."
    },
    {
      "answers": [
        [
          "Shop Assistant ",
          47
        ],
        [
          "Nurse ",
          31
        ],
        [
          "Waiter / Waitress ",
          20
        ],
        [
          "Police Officer ",
          13
        ],
        [
          "Hairdresser ",
          8
        ],
        [
          "Runner ",
          5
        ]
      ],
      "question": "Name An Occupation That Keeps You On Your Feet"
    },
    {
      "answers": [
        [
          "Dog ",
          50
        ],
        [
          "Cat ",
          33
        ],
        [
          "Lion ",
          21
        ],
        [
          "Tiger ",
          14
        ],
        [
          "Crocodile ",
          9
        ]
      ],
      "question": "Name An Animal That Eats Meat"
    },
    {
      "answers": [
        [
          "Telethon",
          58
        ],
        [
          "Comedy",
          17
        ],
        [
          "Dean Martin",
          13
        ],
        [
          "Nutty Proffesor",
          8
        ]
      ],
      "question": "Name Something You Associate With Jerry Lewis."
    }
  ],
  "final_round_timers": [
    20,
    25
  ]
}