{
  "rounds": [
    {
      "answers": [
        {
          "ans": "On Your Head",
          "pnt": 41
        },
        {
          "ans": "Table/Night Stand",
          "pnt": 22
        },
        {
          "ans": "In The Car",
          "pnt": 19
        },
        {
          "ans": "Purse",
          "pnt": 13
        }
      ],
      "multiply": 1,
      "question": "If You Can’t Find Your Eye Glasses, Where Should You Look?"
    },
    {
      "answers": [
        {
          "ans": "Cops",
          "pnt": 31
        },
        {
          "ans": "Cheaters",
          "pnt": 27
        },
        {
          "ans": "America’s Most Wanted",
          "pnt": 21
        },
        {
          "ans": "Jerry Springer",
          "pnt": 13
        },
        {
          "ans": "The Bachelor",
          "pnt": 5
        }
      ],
      "multiply": 1,
      "question": "Which Show Might You See A Man On That Would Cause You To Cancel Your Date With Him Immediately?"
    },
    {
      "answers": [
        {
          "ans": "Shoe/Boot",
          "pnt": 47
        },
        {
          "ans": "Car Seat",
          "pnt": 28
        },
        {
          "ans": "Bag/Purse",
          "pnt": 11
        },
        {
          "ans": "Coat",
          "pnt": 6
        },
        {
          "ans": "Suit Case",
          "pnt": 5
        }
      ],
      "multiply": 1,
      "question": "Other Than A Belt, Name Something That Can Have A Buckle."
    },
    {
      "answers": [
        {
          "ans": "Bodies",
          "pnt": 39
        },
        {
          "ans": "Guns",
          "pnt": 21
        },
        {
          "ans": "Money",
          "pnt": 17
        },
        {
          "ans": "Wine",
          "pnt": 7
        },
        {
          "ans": "Horse’s Head",
          "pnt": 5
        },
        {
          "ans": "Jimmy Hoffa",
          "pnt": 4
        }
      ],
      "multiply": 2,
      "question": "Name Something You Might Find In The Godfather’s Basement."
    },
    {
      "answers": [
        {
          "ans": "Church",
          "pnt": 53
        },
        {
          "ans": "Grocery Store",
          "pnt": 34
        },
        {
          "ans": "Gym",
          "pnt": 23
        },
        {
          "ans": "Bank",
          "pnt": 15
        },
        {
          "ans": "Movie Theater",
          "pnt": 10
        }
      ],
      "multiply": 2,
      "question": "Name A Place Where Many People Go Once A Week"
    },
    {
      "answers": [
        {
          "ans": "Parent",
          "pnt": 42
        },
        {
          "ans": "Boss",
          "pnt": 41
        },
        {
          "ans": "Pastor",
          "pnt": 7
        },
        {
          "ans": "Police Officer",
          "pnt": 4
        },
        {
          "ans": "In Laws",
          "pnt": 4
        }
      ],
      "multiply": 2,
      "question": "Name A Person You Wouldn’t Want To Get Tipsy In Front Of."
    }
  ],
  "final_round": [
    {
      "answers": [
        [
          "Kids",
          34
        ],
        [
          "Drama/Gossip",
          29
        ],
        [
          "Dating",
          15
        ],
        [
          "Noise",
          12
        ],
        [
          "Nightlife",
          8
        ]
      ],
      "question": "Name Something You’ve Come To Realize You’re Too Old To Put Up With."
    },
    {
      "answers": [
        [
          "Lu’au",
          30
        ],
        [
          "Dance",
          28
        ],
        [
          "Surf",
          14
        ],
        [
          "Party",
          11
        ],
        [
          "Decorate",
          8
        ],
        [
          "Swim",
          3
        ]
      ],
      "question": "Name Something Hawaiians Do To Celebrate Winter"
    },
    {
      "answers": [
        [
          "Seeds",
          41
        ],
        [
          "Tools",
          17
        ],
        [
          "Dirt",
          16
        ],
        [
          "Water",
          10
        ],
        [
          "Sunlight",
          7
        ],
        [
          "Fertilizer",
          5
        ],
        [
          "Yard",
          4
        ]
      ],
      "question": "Name Something You Need To Grow A Vegetable Garden"
    },
    {
      "answers": [
        [
          "Snickers",
          41
        ],
        [
          "Butterfingers",
          22
        ],
        [
          "Chunky",
          13
        ],
        [
          "Mars",
          8
        ],
        [
          "Mounds",
          7
        ],
        [
          "Hershey",
          7
        ]
      ],
      "question": "What Brand Of Candy Bar Would Make For An Unflattering Nickname?"
    }
  ],
  "final_round_timers": [
    20,
    25
  ]
}