{
  "rounds": [
    {
      "answers": [
        {
          "ans": "Office ",
          "pnt": 42
        },
        {
          "ans": "Car ",
          "pnt": 27
        },
        {
          "ans": "Bank ",
          "pnt": 18
        },
        {
          "ans": "Aeroplane ",
          "pnt": 12
        },
        {
          "ans": "Hotel ",
          "pnt": 7
        }
      ],
      "multiply": 1,
      "question": "Name Somewhere You Might Find Air Conditioning"
    },
    {
      "answers": [
        {
          "ans": "Beer ",
          "pnt": 52
        },
        {
          "ans": "Milkshake ",
          "pnt": 34
        },
        {
          "ans": "Cappuccino ",
          "pnt": 22
        },
        {
          "ans": "Soap ",
          "pnt": 14
        },
        {
          "ans": "Drink ",
          "pnt": 9
        }
      ],
      "multiply": 1,
      "question": "Name Something Frothy"
    },
    {
      "answers": [
        {
          "ans": "Over Dinner",
          "pnt": 27
        },
        {
          "ans": "With A Party",
          "pnt": 20
        },
        {
          "ans": "In An Email",
          "pnt": 15
        },
        {
          "ans": "Send Out Announcements",
          "pnt": 12
        },
        {
          "ans": "By Phone",
          "pnt": 8
        },
        {
          "ans": "In Person",
          "pnt": 6
        }
      ],
      "multiply": 1,
      "question": "By What Method Might A Woman Make The Announcement That She’s Pregnant"
    },
    {
      "answers": [
        {
          "ans": "Beer",
          "pnt": 44
        },
        {
          "ans": "Chips",
          "pnt": 34
        },
        {
          "ans": "Popcorn",
          "pnt": 8
        },
        {
          "ans": "Pizza",
          "pnt": 8
        },
        {
          "ans": "Soda",
          "pnt": 3
        },
        {
          "ans": "Wings",
          "pnt": 3
        }
      ],
      "multiply": 2,
      "question": "Name A Food Or Drink You’d Buy If You Were Having A Super Bowl Party."
    },
    {
      "answers": [
        {
          "ans": "Brazil",
          "pnt": 59
        },
        {
          "ans": "Mexico",
          "pnt": 38
        },
        {
          "ans": "Spain",
          "pnt": 25
        },
        {
          "ans": "Germany",
          "pnt": 16
        },
        {
          "ans": "England",
          "pnt": 11
        },
        {
          "ans": "France",
          "pnt": 7
        },
        {
          "ans": "Italy",
          "pnt": 4
        }
      ],
      "multiply": 2,
      "question": "Country That Does Well In World Cup"
    },
    {
      "answers": [
        {
          "ans": "Commercial",
          "pnt": 34
        },
        {
          "ans": "News",
          "pnt": 26
        },
        {
          "ans": "Bad Songs",
          "pnt": 18
        },
        {
          "ans": "Static",
          "pnt": 17
        },
        {
          "ans": "Cursing",
          "pnt": 4
        }
      ],
      "multiply": 2,
      "question": "What Would You Hear On The Radio That Would Make You Turn The Station?"
    }
  ],
  "final_round": [
    {
      "answers": [
        [
          "Pasta",
          38
        ],
        [
          "Ice Cream",
          28
        ],
        [
          "Chocolate/ Desserts",
          22
        ],
        [
          "Sloppy Joe",
          5
        ],
        [
          "Pizza",
          4
        ]
      ],
      "question": "Name A Food Parents Are Afraid To Give Their Children Due To Its Messiness"
    },
    {
      "answers": [
        [
          "Skaters ",
          45
        ],
        [
          "Falling ",
          29
        ],
        [
          "Rink ",
          19
        ],
        [
          "Bruises ",
          12
        ],
        [
          "Music ",
          8
        ]
      ],
      "question": "Name Something You'd Associate With Roller Skates"
    },
    {
      "answers": [
        [
          "Letters ",
          51
        ],
        [
          "Telegram ",
          33
        ],
        [
          "Telegraph ",
          22
        ],
        [
          "Signals ",
          14
        ],
        [
          "Talking ",
          9
        ]
      ],
      "question": "Name A Way People Communicated Before The Phone"
    },
    {
      "answers": [
        [
          "Intelligence",
          32
        ],
        [
          "Math",
          17
        ],
        [
          "MC^2",
          16
        ],
        [
          "Theory Of Relativity",
          15
        ],
        [
          "Physics",
          8
        ],
        [
          "Wild Hair",
          6
        ]
      ],
      "question": "Name Something People Associate With Albert Einstein."
    }
  ],
  "final_round_timers": [
    20,
    25
  ]
}