{
  "rounds": [
    {
      "answers": [
        {
          "ans": "Peas",
          "pnt": 35
        },
        {
          "ans": "Spinach",
          "pnt": 22
        },
        {
          "ans": "Carrots",
          "pnt": 17
        },
        {
          "ans": "Corn",
          "pnt": 11
        },
        {
          "ans": "Green Beans",
          "pnt": 7
        },
        {
          "ans": "Asparagus",
          "pnt": 6
        }
      ],
      "multiply": 1,
      "question": "Name The Vegetable That Tastes The Worst When it Comes From A Can."
    },
    {
      "answers": [
        {
          "ans": "Caviar",
          "pnt": 31
        },
        {
          "ans": "Filet Mignon",
          "pnt": 27
        },
        {
          "ans": "Lobster",
          "pnt": 24
        },
        {
          "ans": "Shrimp",
          "pnt": 8
        },
        {
          "ans": "Sushi",
          "pnt": 7
        }
      ],
      "multiply": 1,
      "question": "Name An Expensive Food That You Wouldn’t Serve At A Kid’s Birthday Party"
    },
    {
      "answers": [
        {
          "ans": "Food",
          "pnt": 41
        },
        {
          "ans": "Gum",
          "pnt": 26
        },
        {
          "ans": "Money",
          "pnt": 17
        },
        {
          "ans": "Drink",
          "pnt": 6
        },
        {
          "ans": "Reading Material",
          "pnt": 5
        }
      ],
      "multiply": 1,
      "question": "If Someone Is Talking Too Much, What Might You Offer Them In The Hope Of Keeping Them Quiet?"
    },
    {
      "answers": [
        {
          "ans": "Microwave ",
          "pnt": 57
        },
        {
          "ans": "Microphone ",
          "pnt": 37
        },
        {
          "ans": "Microscope ",
          "pnt": 24
        },
        {
          "ans": "Microchip ",
          "pnt": 16
        },
        {
          "ans": "Microfilm ",
          "pnt": 10
        }
      ],
      "multiply": 2,
      "question": "Name Something That Begins With Micro"
    },
    {
      "answers": [
        {
          "ans": "Flowers",
          "pnt": 38
        },
        {
          "ans": "Jewelry",
          "pnt": 27
        },
        {
          "ans": "Perfume",
          "pnt": 13
        },
        {
          "ans": "Candy",
          "pnt": 12
        },
        {
          "ans": "Lingerie",
          "pnt": 7
        }
      ],
      "multiply": 2,
      "question": "Name A Gift That A Very Practical Woman Would Not Be Impressed By Receiving From A Man."
    },
    {
      "answers": [
        {
          "ans": "PRESENTS",
          "pnt": 34
        },
        {
          "ans": "WRAPPING PAPER",
          "pnt": 31
        },
        {
          "ans": "FOOD",
          "pnt": 15
        },
        {
          "ans": "PINE NEEDLES",
          "pnt": 6
        },
        {
          "ans": "BOXES",
          "pnt": 5
        },
        {
          "ans": "PEOPLE",
          "pnt": 4
        }
      ],
      "multiply": 2,
      "question": "Name Something Your House Is Full Of After Christmas"
    }
  ],
  "final_round": [
    {
      "answers": [
        [
          "Car",
          45
        ],
        [
          "Clothes/Shoes",
          24
        ],
        [
          "Food",
          15
        ],
        [
          "Lawn Mower",
          8
        ],
        [
          "Phone",
          3
        ]
      ],
      "question": "If Fred Flintstone Was Your Neighbor, Name Something You Wouldn’t Ask To Borrow."
    },
    {
      "answers": [
        [
          "Bathroom ",
          54
        ],
        [
          "Kitchen ",
          35
        ],
        [
          "Bedroom ",
          23
        ],
        [
          "Study ",
          15
        ],
        [
          "Childrens Room ",
          10
        ]
      ],
      "question": "Name A Room In Your Home Thats Hard To Keep Clean"
    },
    {
      "answers": [
        [
          "Ask A Question",
          36
        ],
        [
          "Check Up",
          24
        ],
        [
          "Perscription Refill",
          14
        ],
        [
          "Doctor’s Excuse",
          12
        ],
        [
          "Someone Else Sick",
          8
        ],
        [
          "Vaccination",
          4
        ]
      ],
      "question": "Why Would You Call The Doctor If You’re Not Sick?"
    },
    {
      "answers": [
        [
          "Car",
          26
        ],
        [
          "Wealth",
          17
        ],
        [
          "House",
          14
        ],
        [
          "Kids",
          13
        ],
        [
          "Body",
          12
        ],
        [
          "New Clothes",
          8
        ],
        [
          "Weeding Ring/ Jewelry",
          6
        ]
      ],
      "question": "Name Something That People Like To Show Off"
    }
  ],
  "final_round_timers": [
    20,
    25
  ]
}