{
  "rounds": [
    {
      "answers": [
        {
          "ans": "Food",
          "pnt": 25
        },
        {
          "ans": "Football/Baseball",
          "pnt": 18
        },
        {
          "ans": "Snowballs",
          "pnt": 16
        },
        {
          "ans": "Stones",
          "pnt": 16
        },
        {
          "ans": "Tantrum",
          "pnt": 12
        },
        {
          "ans": "Spitballs",
          "pnt": 11
        }
      ],
      "multiply": 1,
      "question": "Name Something Kids Get In Trouble For Throwing."
    },
    {
      "answers": [
        {
          "ans": "Work/School",
          "pnt": 55
        },
        {
          "ans": "Politics",
          "pnt": 36
        },
        {
          "ans": "Weather",
          "pnt": 23
        },
        {
          "ans": "Past Relationships",
          "pnt": 15
        },
        {
          "ans": "Kids",
          "pnt": 10
        },
        {
          "ans": "Money",
          "pnt": 6
        }
      ],
      "multiply": 1,
      "question": "Name A Boring Topic That A Person Should Not Talk About On A Date"
    },
    {
      "answers": [
        {
          "ans": "Easter",
          "pnt": 48
        },
        {
          "ans": "Mothers Day",
          "pnt": 25
        },
        {
          "ans": "Wedding",
          "pnt": 12
        },
        {
          "ans": "Graduation",
          "pnt": 11
        }
      ],
      "multiply": 1,
      "question": "Name A Type of Greeting Card That You See A Lot Of In The Spring."
    },
    {
      "answers": [
        {
          "ans": "Cry ",
          "pnt": 56
        },
        {
          "ans": "Dirty Nappy ",
          "pnt": 36
        },
        {
          "ans": "Burp ",
          "pnt": 24
        },
        {
          "ans": "Dribble ",
          "pnt": 16
        },
        {
          "ans": "Sleep ",
          "pnt": 10
        }
      ],
      "multiply": 2,
      "question": "Name Something That Every Baby Does"
    },
    {
      "answers": [
        {
          "ans": "Alcohol",
          "pnt": 61
        },
        {
          "ans": "Dessert",
          "pnt": 13
        },
        {
          "ans": "Salad",
          "pnt": 12
        },
        {
          "ans": "Chips",
          "pnt": 8
        }
      ],
      "multiply": 2,
      "question": "When Hosting A Dinner Party What Might You Ask A Friend To Bring."
    },
    {
      "answers": [
        {
          "ans": "Surf",
          "pnt": 27
        },
        {
          "ans": "Swim",
          "pnt": 25
        },
        {
          "ans": "Sun Bathe",
          "pnt": 23
        },
        {
          "ans": "Wear Bathing Suits",
          "pnt": 7
        },
        {
          "ans": "Hula Dance",
          "pnt": 6
        },
        {
          "ans": "Skinny Dip",
          "pnt": 5
        }
      ],
      "multiply": 2,
      "question": "Name Something People Do In Hawaii That They Don’t Do In Alaska In The Winter"
    }
  ],
  "final_round": [
    {
      "answers": [
        [
          "Miami",
          46
        ],
        [
          "San Francisco",
          30
        ],
        [
          "New York City",
          20
        ],
        [
          "Los Angeles",
          13
        ],
        [
          "San Diego",
          8
        ],
        [
          "Boston",
          5
        ],
        [
          "Atlantic City",
          3
        ]
      ],
      "question": "Name A Us City On The Ocean."
    },
    {
      "answers": [
        [
          "Facial Hair",
          44
        ],
        [
          "Size Of Lips",
          25
        ],
        [
          "Smell",
          19
        ],
        [
          "Braces/Teeth",
          10
        ]
      ],
      "question": "With Eyes Closed, Name Something About A Man’s Mouth That A Woman Kissing Him Could Use To Identify Him."
    },
    {
      "answers": [
        [
          "Good Speaker",
          35
        ],
        [
          "Smart",
          33
        ],
        [
          "Sense Of Humor",
          19
        ],
        [
          "Personality",
          8
        ],
        [
          "Patience",
          3
        ]
      ],
      "question": "Name Something That A Game Show Host And A Good Teacher Have In Common"
    },
    {
      "answers": [
        [
          "Library",
          39
        ],
        [
          "Place Of Worship",
          16
        ],
        [
          "Parking",
          14
        ],
        [
          "Bedroom",
          12
        ],
        [
          "Bathroom",
          11
        ],
        [
          "By The Ocean",
          6
        ]
      ],
      "question": "Name Someplace People Go To Help Them Think."
    }
  ],
  "final_round_timers": [
    20,
    25
  ]
}