{
  "rounds": [
    {
      "answers": [
        {
          "ans": "TV",
          "pnt": 51
        },
        {
          "ans": "Bathroom",
          "pnt": 33
        },
        {
          "ans": "Toys",
          "pnt": 22
        },
        {
          "ans": "Food",
          "pnt": 14
        },
        {
          "ans": "Computer",
          "pnt": 9
        },
        {
          "ans": "Bed",
          "pnt": 6
        },
        {
          "ans": "Parents Attention",
          "pnt": 4
        }
      ],
      "multiply": 1,
      "question": "Name Something That Siblings Accuse You Hogging"
    },
    {
      "answers": [
        {
          "ans": "Complain",
          "pnt": 40
        },
        {
          "ans": "Get Sick",
          "pnt": 18
        },
        {
          "ans": "Never Return",
          "pnt": 14
        },
        {
          "ans": "Bad Tip",
          "pnt": 13
        },
        {
          "ans": "Tell Friends",
          "pnt": 8
        },
        {
          "ans": "Bad Review",
          "pnt": 4
        }
      ],
      "multiply": 1,
      "question": "Name Something You Might Do After A Bad Restaurant Experience"
    },
    {
      "answers": [
        {
          "ans": "Nurse ",
          "pnt": 52
        },
        {
          "ans": "Doctor ",
          "pnt": 34
        },
        {
          "ans": "Cleaner ",
          "pnt": 22
        },
        {
          "ans": "Porter ",
          "pnt": 14
        }
      ],
      "multiply": 1,
      "question": "Name Someone Who Works In A Hospital"
    },
    {
      "answers": [
        {
          "ans": "Outfit",
          "pnt": 66
        },
        {
          "ans": "Man",
          "pnt": 15
        },
        {
          "ans": "Hairstyle",
          "pnt": 10
        },
        {
          "ans": "Purse",
          "pnt": 4
        }
      ],
      "multiply": 2,
      "question": "Name Something A Woman Would Hate To Have The Same As Someone Else"
    },
    {
      "answers": [
        {
          "ans": "Turkey",
          "pnt": 87
        },
        {
          "ans": "Cranberry Sauce",
          "pnt": 8
        },
        {
          "ans": "Family Dinner",
          "pnt": 3
        },
        {
          "ans": "Pumpkin Pie",
          "pnt": 2
        }
      ],
      "multiply": 2,
      "question": "Name Something People Associat With Thanksgiving."
    },
    {
      "answers": [
        {
          "ans": "Priest",
          "pnt": 50
        },
        {
          "ans": "Exorcist",
          "pnt": 17
        },
        {
          "ans": "Ghost Busters",
          "pnt": 16
        },
        {
          "ans": "Psychic",
          "pnt": 9
        },
        {
          "ans": "Movers",
          "pnt": 2
        },
        {
          "ans": "Police",
          "pnt": 2
        }
      ],
      "multiply": 2,
      "question": "Name Someone You Might Call If You Thought Your House Was Haunted."
    }
  ],
  "final_round": [
    {
      "answers": [
        [
          "Romance",
          40
        ],
        [
          "His feelings",
          36
        ],
        [
          "Clothes",
          9
        ],
        [
          "The marriage",
          5
        ],
        [
          "Finances",
          4
        ],
        [
          "Parenting",
          4
        ]
      ],
      "question": "Name something that many women wish their husbands could talk about."
    },
    {
      "answers": [
        [
          "TV",
          41
        ],
        [
          "Computer",
          27
        ],
        [
          "Phone",
          14
        ],
        [
          "Bathroom",
          13
        ]
      ],
      "question": "Name Something In A House That A Spoiled Kid Might Have Their Own Of."
    },
    {
      "answers": [
        [
          "Free Gift",
          38
        ],
        [
          "Call Now",
          28
        ],
        [
          "On Sale",
          20
        ],
        [
          "Limited Time Offer",
          9
        ]
      ],
      "question": "Name A Phrase That’s Said In Commercials To Get You To Buy The Product Right Away."
    },
    {
      "answers": [
        [
          "Work",
          37
        ],
        [
          "Tests",
          20
        ],
        [
          "Schoolwork",
          18
        ],
        [
          "Reading",
          15
        ]
      ],
      "question": "Name Something That You Often Have A Hard Time Concentrating On."
    }
  ],
  "final_round_timers": [
    20,
    25
  ]
}