{
  "rounds": [
    {
      "answers": [
        {
          "ans": "Best Man",
          "pnt": 43
        },
        {
          "ans": "Parent",
          "pnt": 28
        },
        {
          "ans": "Bridesmaid",
          "pnt": 14
        },
        {
          "ans": "Bride/Groom",
          "pnt": 9
        },
        {
          "ans": "Clergy Member",
          "pnt": 5
        }
      ],
      "multiply": 1,
      "question": "Name Someone Who Might Make A Speech At A Wedding."
    },
    {
      "answers": [
        {
          "ans": "Redial",
          "pnt": 39
        },
        {
          "ans": "Speaker Phone",
          "pnt": 14
        },
        {
          "ans": "Call Waiting",
          "pnt": 14
        },
        {
          "ans": "Caller ID",
          "pnt": 11
        },
        {
          "ans": "Speed Dial",
          "pnt": 8
        },
        {
          "ans": "Mute",
          "pnt": 4
        },
        {
          "ans": "Voice Mail",
          "pnt": 3
        }
      ],
      "multiply": 1,
      "question": "Name A Function You Have On Your Telephone, That Your Child Doesn’t Have On Their Tin Can Phone."
    },
    {
      "answers": [
        {
          "ans": "No Eye Contact",
          "pnt": 38
        },
        {
          "ans": "Stutter",
          "pnt": 25
        },
        {
          "ans": "Sweating",
          "pnt": 15
        },
        {
          "ans": "Smile/Nervous Laugh",
          "pnt": 11
        },
        {
          "ans": "Red Face",
          "pnt": 5
        }
      ],
      "multiply": 1,
      "question": "Name Something People Do While Telling A Lie That Gives Them Away."
    },
    {
      "answers": [
        {
          "ans": "Violin ",
          "pnt": 58
        },
        {
          "ans": "Harp ",
          "pnt": 38
        },
        {
          "ans": "Piano ",
          "pnt": 25
        },
        {
          "ans": "Guitar ",
          "pnt": 16
        },
        {
          "ans": "Flute ",
          "pnt": 11
        }
      ],
      "multiply": 2,
      "question": "Name A Musical Instrument That's Difficult To Play"
    },
    {
      "answers": [
        {
          "ans": "Alarm Clock",
          "pnt": 31
        },
        {
          "ans": "Birds",
          "pnt": 24
        },
        {
          "ans": "Phone Call",
          "pnt": 17
        },
        {
          "ans": "Kids",
          "pnt": 12
        },
        {
          "ans": "Dog Barking",
          "pnt": 9
        },
        {
          "ans": "Traffic",
          "pnt": 6
        }
      ],
      "multiply": 2,
      "question": "Name A Specific Sound That Has Woken You Up Before You Felt Ready To Be Awake"
    },
    {
      "answers": [
        {
          "ans": "Pizza",
          "pnt": 47
        },
        {
          "ans": "Mac And Cheese",
          "pnt": 21
        },
        {
          "ans": "Grilled Cheese",
          "pnt": 10
        },
        {
          "ans": "Nachos",
          "pnt": 9
        },
        {
          "ans": "Crackers",
          "pnt": 9
        }
      ],
      "multiply": 2,
      "question": "Name A Comfort Food That Has Cheese In/On It."
    }
  ],
  "final_round": [
    {
      "answers": [
        [
          "Prancer",
          25
        ],
        [
          "Dasher",
          21
        ],
        [
          "Cupid",
          16
        ],
        [
          "Vixen",
          14
        ],
        [
          "Dancer",
          14
        ],
        [
          "Blitzen",
          7
        ]
      ],
      "question": "Which Of Santa’s Reindeer Have Names That Sound Like Nicknames For A Lady’s Man?"
    },
    {
      "answers": [
        [
          "Dishes",
          42
        ],
        [
          "Laundry",
          31
        ],
        [
          "Cooking",
          14
        ],
        [
          "Parenting",
          11
        ]
      ],
      "question": "We Asked 100 Wives: Name Something Specific You Wish Your Husband Would Be More Helpful With Around The House"
    },
    {
      "answers": [
        [
          "Burger and Fries",
          42
        ],
        [
          "Drive Thru",
          27
        ],
        [
          "Disposable Cup/Fork",
          18
        ],
        [
          "Ketchup Packets",
          12
        ],
        [
          "Paper Napkins",
          7
        ]
      ],
      "question": "Name something a fast food restaurant has that a fancy restaurant would never have."
    },
    {
      "answers": [
        [
          "Stuffing",
          43
        ],
        [
          "Cranberry Sauce",
          31
        ],
        [
          "Pumpkin Pie",
          18
        ],
        [
          "Yams",
          7
        ]
      ],
      "question": "Name A Food You eat At Thanksgiving, but Not During The Rest Of The Year"
    }
  ],
  "final_round_timers": [
    20,
    25
  ]
}