{
  "rounds": [
    {
      "answers": [
        {
          "ans": "Cat ",
          "pnt": 52
        },
        {
          "ans": "Dog ",
          "pnt": 34
        },
        {
          "ans": "Bear ",
          "pnt": 22
        },
        {
          "ans": "Lion ",
          "pnt": 14
        },
        {
          "ans": "Tiger ",
          "pnt": 9
        }
      ],
      "multiply": 1,
      "question": "Name A Type Of Animal That Has Paws"
    },
    {
      "answers": [
        {
          "ans": "Smells",
          "pnt": 41
        },
        {
          "ans": "Noise",
          "pnt": 27
        },
        {
          "ans": "Bugs/Rodents",
          "pnt": 17
        },
        {
          "ans": "Traffic/Cars",
          "pnt": 11
        }
      ],
      "multiply": 1,
      "question": "Name A Disadvantage To Living Upstairs From A Restaurant"
    },
    {
      "answers": [
        {
          "ans": "Scream",
          "pnt": 43
        },
        {
          "ans": "Raise Arms",
          "pnt": 32
        },
        {
          "ans": "Get Sick",
          "pnt": 13
        },
        {
          "ans": "Laugh",
          "pnt": 4
        },
        {
          "ans": "Close Their Eyes",
          "pnt": 4
        }
      ],
      "multiply": 1,
      "question": "Name Something People Do While Riding A Rollercoaster"
    },
    {
      "answers": [
        {
          "ans": "Wear a hat",
          "pnt": 54
        },
        {
          "ans": "Tie it back",
          "pnt": 15
        },
        {
          "ans": "Cry",
          "pnt": 11
        },
        {
          "ans": "Get it wet",
          "pnt": 7
        },
        {
          "ans": "Stay home",
          "pnt": 6
        },
        {
          "ans": "Cut it",
          "pnt": 3
        }
      ],
      "multiply": 2,
      "question": "What do you do when having a bad hair day?"
    },
    {
      "answers": [
        {
          "ans": "Bike",
          "pnt": 42
        },
        {
          "ans": "Bus",
          "pnt": 15
        },
        {
          "ans": "Parents",
          "pnt": 14
        },
        {
          "ans": "Walking",
          "pnt": 13
        },
        {
          "ans": "Scooter",
          "pnt": 9
        },
        {
          "ans": "Skateboard",
          "pnt": 7
        }
      ],
      "multiply": 2,
      "question": "Name A Way A Kid Might Get Around Town"
    },
    {
      "answers": [
        {
          "ans": "Wallet",
          "pnt": 63
        },
        {
          "ans": "Keys",
          "pnt": 14
        },
        {
          "ans": "Phone",
          "pnt": 12
        },
        {
          "ans": "Comb",
          "pnt": 5
        },
        {
          "ans": "Glasses",
          "pnt": 3
        }
      ],
      "multiply": 2,
      "question": "Name A Specific Item That A Man Carries Around That He Might Secretly Wish He Could Just Put In A Purse."
    }
  ],
  "final_round": [
    {
      "answers": [
        [
          "Beads",
          53
        ],
        [
          "Mask",
          24
        ],
        [
          "Pictures",
          8
        ],
        [
          "Food",
          7
        ],
        [
          "Hangover",
          6
        ]
      ],
      "question": "Name Something You Might bring Home With From The Mardigras"
    },
    {
      "answers": [
        [
          "Fried Chicken",
          57
        ],
        [
          "Grits",
          15
        ],
        [
          "Collard Greens",
          9
        ],
        [
          "BBQ Ribs",
          8
        ],
        [
          "Gumbo",
          7
        ],
        [
          "Cornbread",
          4
        ]
      ],
      "question": "Name A Specific Food That You Associate With The South"
    },
    {
      "answers": [
        [
          "I Love You",
          65
        ],
        [
          "Compliments",
          23
        ],
        [
          "Missed You",
          2
        ],
        [
          "Want Breakfast In Bed",
          2
        ],
        [
          "I Got A Raise",
          2
        ]
      ],
      "question": "Tell Me Something A Wife Likes To Hear From Her Husband."
    },
    {
      "answers": [
        [
          "Nose ",
          54
        ],
        [
          "Eyes ",
          35
        ],
        [
          "Mouth ",
          23
        ]
      ],
      "question": "Name A Part Of Your Face"
    }
  ],
  "final_round_timers": [
    20,
    25
  ]
}