{
  "rounds": [
    {
      "answers": [
        {
          "ans": "All Caps",
          "pnt": 68
        },
        {
          "ans": "Exclamation Points",
          "pnt": 12
        },
        {
          "ans": "Swearing",
          "pnt": 7
        },
        {
          "ans": "Angry Face",
          "pnt": 6
        },
        {
          "ans": "No Response",
          "pnt": 5
        }
      ],
      "multiply": 1,
      "question": "How Can You Tell Somebody Is Angry At You From Their Text Messages?"
    },
    {
      "answers": [
        {
          "ans": "No Bills",
          "pnt": 53
        },
        {
          "ans": "No Work",
          "pnt": 19
        },
        {
          "ans": "No Worries",
          "pnt": 12
        },
        {
          "ans": "More Fun/Playing",
          "pnt": 9
        },
        {
          "ans": "No Resposibility",
          "pnt": 6
        }
      ],
      "multiply": 1,
      "question": "Name A Reason Why Parents Say That Childhood Is Better Than Adulthood."
    },
    {
      "answers": [
        {
          "ans": "Tent",
          "pnt": 49
        },
        {
          "ans": "Sleeping Bag",
          "pnt": 18
        },
        {
          "ans": "Food",
          "pnt": 11
        },
        {
          "ans": "Water",
          "pnt": 10
        },
        {
          "ans": "Matches",
          "pnt": 6
        },
        {
          "ans": "Bug Spray",
          "pnt": 4
        }
      ],
      "multiply": 1,
      "question": "What Is The Worst Thing To Forget On A Camping Trip?"
    },
    {
      "answers": [
        {
          "ans": "Reading Material",
          "pnt": 49
        },
        {
          "ans": "TV",
          "pnt": 31
        },
        {
          "ans": "Music",
          "pnt": 10
        },
        {
          "ans": "Coffee",
          "pnt": 4
        }
      ],
      "multiply": 2,
      "question": "Name Something Provided In Some Waiting Rooms To Help Pass The Time"
    },
    {
      "answers": [
        {
          "ans": "Van",
          "pnt": 44
        },
        {
          "ans": "SUV",
          "pnt": 29
        },
        {
          "ans": "Bus",
          "pnt": 19
        },
        {
          "ans": "Station Wagon",
          "pnt": 12
        }
      ],
      "multiply": 2,
      "question": "What Type Of Vehicle Might A Family With Lots Of Children Want To Own?"
    },
    {
      "answers": [
        {
          "ans": "Playing In The Snow",
          "pnt": 58
        },
        {
          "ans": "Christmas",
          "pnt": 29
        },
        {
          "ans": "Sled/ Ski",
          "pnt": 5
        },
        {
          "ans": "Vacation",
          "pnt": 4
        }
      ],
      "multiply": 2,
      "question": "Name Something Kids Look Forward To The Most In The Winter."
    }
  ],
  "final_round": [
    {
      "answers": [
        [
          "Good Ones Taken",
          40
        ],
        [
          "After Younger Women",
          26
        ],
        [
          "Men Are Dogs/Pigs",
          17
        ],
        [
          "They Don’t Work",
          11
        ],
        [
          "Only Want One Thing",
          7
        ],
        [
          "Men Are Immature",
          5
        ]
      ],
      "question": "What Do Some Women Say About Men As A Reason For Why They Can’t Get Dates"
    },
    {
      "answers": [
        [
          "Scream",
          59
        ],
        [
          "Jason",
          38
        ],
        [
          "Ghost",
          25
        ],
        [
          "Witch",
          16
        ],
        [
          "Frankenstein",
          11
        ],
        [
          "Skull",
          7
        ],
        [
          "Presidents",
          4
        ]
      ],
      "question": "Name The Most Popular Halloween Masks"
    },
    {
      "answers": [
        [
          "Classical",
          43
        ],
        [
          "Country",
          27
        ],
        [
          "Jazz",
          19
        ],
        [
          "Opera",
          9
        ]
      ],
      "question": "Name A Style Of Music That You’d Be Surprised To Hear That A Teenager Listened To."
    },
    {
      "answers": [
        [
          "Have A drink",
          38
        ],
        [
          "rehearse",
          32
        ],
        [
          "Imagine crowd Naked",
          12
        ],
        [
          "Deep Breaths",
          5
        ],
        [
          "Mediate",
          5
        ],
        [
          "Count To 10",
          3
        ]
      ],
      "question": "What Might An Actor Do To Cure Stage Fright?"
    }
  ],
  "final_round_timers": [
    20,
    25
  ]
}