{
  "rounds": [
    {
      "answers": [
        {
          "ans": "Money",
          "pnt": 47
        },
        {
          "ans": "Love",
          "pnt": 34
        },
        {
          "ans": "Family",
          "pnt": 7
        },
        {
          "ans": "Friends",
          "pnt": 5
        },
        {
          "ans": "Health",
          "pnt": 3
        },
        {
          "ans": "Food",
          "pnt": 3
        }
      ],
      "multiply": 1,
      "question": "Name Something You Need In Order To Be Happy"
    },
    {
      "answers": [
        {
          "ans": "Trees",
          "pnt": 37
        },
        {
          "ans": "Ornaments",
          "pnt": 19
        },
        {
          "ans": "Toys",
          "pnt": 11
        },
        {
          "ans": "Lights",
          "pnt": 8
        },
        {
          "ans": "Wrapping Paper",
          "pnt": 7
        },
        {
          "ans": "Christmas Cards",
          "pnt": 4
        }
      ],
      "multiply": 1,
      "question": "Name An Item Stores Probably Have A Hard Time Selling After Christmas"
    },
    {
      "answers": [
        {
          "ans": "Marine Animals",
          "pnt": 50
        },
        {
          "ans": "Treasure",
          "pnt": 33
        },
        {
          "ans": "Shells",
          "pnt": 21
        },
        {
          "ans": "Missing Person",
          "pnt": 14
        },
        {
          "ans": "Sunken Ship",
          "pnt": 9
        }
      ],
      "multiply": 1,
      "question": "Name Something A Diver Might Look For Underwater"
    },
    {
      "answers": [
        {
          "ans": "Laugh",
          "pnt": 40
        },
        {
          "ans": "Interest",
          "pnt": 26
        },
        {
          "ans": "Smile",
          "pnt": 17
        },
        {
          "ans": "Name",
          "pnt": 11
        },
        {
          "ans": "Accent",
          "pnt": 7
        }
      ],
      "multiply": 2,
      "question": "During Conversation You Might Fake"
    },
    {
      "answers": [
        {
          "ans": "Age",
          "pnt": 40
        },
        {
          "ans": "Height",
          "pnt": 26
        },
        {
          "ans": "Marital Status",
          "pnt": 17
        },
        {
          "ans": "Weight",
          "pnt": 11
        },
        {
          "ans": "Horoscope Sign",
          "pnt": 7
        }
      ],
      "multiply": 2,
      "question": "Name A Piece Of Information You’d Include In Personals Ad"
    },
    {
      "answers": [
        {
          "ans": "Beaches",
          "pnt": 37
        },
        {
          "ans": "Luau",
          "pnt": 15
        },
        {
          "ans": "Volcanos",
          "pnt": 13
        },
        {
          "ans": "Hula Dancers",
          "pnt": 11
        },
        {
          "ans": "Leis",
          "pnt": 9
        },
        {
          "ans": "Pineapples",
          "pnt": 8
        },
        {
          "ans": "Islands",
          "pnt": 6
        }
      ],
      "multiply": 2,
      "question": "Name Something Hawaii Is Known For."
    }
  ],
  "final_round": [
    {
      "answers": [
        [
          8,
          47
        ],
        [
          7,
          18
        ],
        [
          6,
          17
        ],
        [
          10,
          3
        ],
        [
          9,
          3
        ]
      ],
      "question": "how Many Hours Of Sleep Does The average person Need In Oder To Wake Up Refreshed?"
    },
    {
      "answers": [
        [
          "Bread",
          35
        ],
        [
          "Bananas",
          16
        ],
        [
          "Cookies",
          13
        ],
        [
          "Chips",
          10
        ],
        [
          "Potatoes",
          8
        ],
        [
          "Cereal",
          6
        ],
        [
          "Canned Goods",
          6
        ]
      ],
      "question": "Name A Food That Doesn’t Need To Be Refrigerated"
    },
    {
      "answers": [
        [
          "Gun",
          45
        ],
        [
          "Mom",
          26
        ],
        [
          "Skull",
          9
        ],
        [
          "Snake",
          5
        ],
        [
          "Cross",
          4
        ],
        [
          "Money",
          4
        ]
      ],
      "question": "Name Something A Mobster Might Have A Tattoo Of."
    },
    {
      "answers": [
        [
          "Strawberries",
          33
        ],
        [
          "Pinapple",
          27
        ],
        [
          "Bananas",
          14
        ],
        [
          "Apples",
          12
        ],
        [
          "Lemon",
          4
        ],
        [
          "Cherries",
          3
        ],
        [
          "Peaches",
          3
        ]
      ],
      "question": "Name A Fruit People Put In Cakes"
    }
  ],
  "final_round_timers": [
    20,
    25
  ]
}