{
  "rounds": [
    {
      "answers": [
        {
          "ans": "Bell ",
          "pnt": 48
        },
        {
          "ans": "Light ",
          "pnt": 31
        },
        {
          "ans": "Things In The Spokes ",
          "pnt": 20
        },
        {
          "ans": "A Clapper ",
          "pnt": 13
        },
        {
          "ans": "Stickers ",
          "pnt": 9
        }
      ],
      "multiply": 1,
      "question": "Name An Accessory Children Put On Their Bikes"
    },
    {
      "answers": [
        {
          "ans": "Nurse",
          "pnt": 49
        },
        {
          "ans": "Teacher",
          "pnt": 32
        },
        {
          "ans": "Police Officer",
          "pnt": 21
        },
        {
          "ans": "Doctor",
          "pnt": 14
        }
      ],
      "multiply": 1,
      "question": "Name an occupation that thers a shortage of in the United States"
    },
    {
      "answers": [
        {
          "ans": "Monument",
          "pnt": 46
        },
        {
          "ans": "Library",
          "pnt": 30
        },
        {
          "ans": "Bridge",
          "pnt": 20
        }
      ],
      "multiply": 1,
      "question": "Structure Named For Dead People"
    },
    {
      "answers": [
        {
          "ans": "TOILET PAPER",
          "pnt": 35
        },
        {
          "ans": "BREAD",
          "pnt": 23
        },
        {
          "ans": "PILLOW",
          "pnt": 17
        },
        {
          "ans": "BLANKET",
          "pnt": 14
        },
        {
          "ans": "TOWEL",
          "pnt": 4
        },
        {
          "ans": "SHIRT",
          "pnt": 3
        }
      ],
      "multiply": 2,
      "question": "In The Store, Name A Product That You Might Choose Because It’s Soft"
    },
    {
      "answers": [
        {
          "ans": "Bird Droppings ",
          "pnt": 40
        },
        {
          "ans": "Parking Ticket ",
          "pnt": 26
        },
        {
          "ans": "Frost Or Ice ",
          "pnt": 17
        },
        {
          "ans": "Flies / Insects ",
          "pnt": 11
        },
        {
          "ans": "Crack ",
          "pnt": 7
        },
        {
          "ans": "Flyers / Ads ",
          "pnt": 5
        }
      ],
      "multiply": 2,
      "question": "Name Something You Might Find On Your Windscreen"
    },
    {
      "answers": [
        {
          "ans": "Kool Aid",
          "pnt": 39
        },
        {
          "ans": "Tea",
          "pnt": 32
        },
        {
          "ans": "Juice Concentrate",
          "pnt": 14
        },
        {
          "ans": "Coffee",
          "pnt": 11
        }
      ],
      "multiply": 2,
      "question": "Name Something You Mix With Water Before Drinking"
    }
  ],
  "final_round": [
    {
      "answers": [
        [
          "Pictures",
          46
        ],
        [
          "Jewelry",
          32
        ],
        [
          "Their Clothes",
          14
        ],
        [
          "Letters",
          6
        ]
      ],
      "question": "Name Something From Your Ex That You Might Get Rid Of When Starting A New Relationship."
    },
    {
      "answers": [
        [
          "Surf",
          41
        ],
        [
          "Swim",
          29
        ],
        [
          "Snorkel/scuba dive",
          10
        ],
        [
          "Hula dance",
          9
        ],
        [
          "Luau",
          6
        ]
      ],
      "question": "Name an activity you might do while on a Hawaiian honeymoon."
    },
    {
      "answers": [
        [
          "Package",
          23
        ],
        [
          "Mail",
          21
        ],
        [
          "Furniture",
          17
        ],
        [
          "Cars",
          14
        ],
        [
          "Appliances",
          9
        ],
        [
          "Milk",
          8
        ],
        [
          "Food",
          8
        ]
      ],
      "question": "Name Something That Gets Delivered By Trucks."
    },
    {
      "answers": [
        [
          "Firefighter",
          57
        ],
        [
          "Pro Athlete",
          37
        ],
        [
          "Astronaut",
          24
        ],
        [
          "Actor",
          16
        ],
        [
          "Race Car Driver",
          10
        ],
        [
          "Pilot",
          7
        ],
        [
          "President",
          4
        ]
      ],
      "question": "Name An Occupation That Adult Men Still Dream About Having"
    }
  ],
  "final_round_timers": [
    20,
    25
  ]
}