{
  "rounds": [
    {
      "answers": [
        {
          "ans": "Throw Away",
          "pnt": 43
        },
        {
          "ans": "Hide Them",
          "pnt": 5
        },
        {
          "ans": "Burn Them",
          "pnt": 5
        },
        {
          "ans": "Change Grade",
          "pnt": 5
        },
        {
          "ans": "Rip Them",
          "pnt": 3
        }
      ],
      "multiply": 1,
      "question": "Name Something Kids Do With Bad Test Papers"
    },
    {
      "answers": [
        {
          "ans": "Flying Reindeer",
          "pnt": 36
        },
        {
          "ans": "Generosity",
          "pnt": 21
        },
        {
          "ans": "Works Once A Year",
          "pnt": 12
        },
        {
          "ans": "World Travel",
          "pnt": 11
        },
        {
          "ans": "Paid In Cookies",
          "pnt": 8
        },
        {
          "ans": "Fancy Sleigh",
          "pnt": 6
        },
        {
          "ans": "Efficiency",
          "pnt": 4
        }
      ],
      "multiply": 1,
      "question": "Name Something About His Job That Santa Claus Might Brag About."
    },
    {
      "answers": [
        {
          "ans": "Sugar",
          "pnt": 66
        },
        {
          "ans": "Chocolate",
          "pnt": 16
        },
        {
          "ans": "Corn Syrup",
          "pnt": 8
        },
        {
          "ans": "Salt",
          "pnt": 4
        }
      ],
      "multiply": 1,
      "question": "Name An Unhealthy Ingredient You Often See In Kids’ Cereals."
    },
    {
      "answers": [
        {
          "ans": "Say Thank You",
          "pnt": 55
        },
        {
          "ans": "Blush",
          "pnt": 36
        },
        {
          "ans": "Smile",
          "pnt": 23
        },
        {
          "ans": "Brush It Off",
          "pnt": 15
        }
      ],
      "multiply": 2,
      "question": "Name Something Many People Do In Response To Compliment"
    },
    {
      "answers": [
        {
          "ans": "Soap Opera",
          "pnt": 74
        },
        {
          "ans": "Talk Shows",
          "pnt": 15
        },
        {
          "ans": "Cooking",
          "pnt": 5
        },
        {
          "ans": "Fashion",
          "pnt": 2
        }
      ],
      "multiply": 2,
      "question": "Name A Type Of TV Show You’d Be Surprised To See A Man Watching."
    },
    {
      "answers": [
        {
          "ans": "Ship / Boat ",
          "pnt": 43
        },
        {
          "ans": "Fish ",
          "pnt": 28
        },
        {
          "ans": "Submarine ",
          "pnt": 18
        },
        {
          "ans": "Dolphin ",
          "pnt": 12
        },
        {
          "ans": "Shark ",
          "pnt": 8
        }
      ],
      "multiply": 2,
      "question": "Name Something That Travels Through Water"
    }
  ],
  "final_round": [
    {
      "answers": [
        [
          "Maid",
          45
        ],
        [
          "Butler",
          37
        ],
        [
          "Cook",
          5
        ],
        [
          "Gardener",
          5
        ],
        [
          "Chauffeur",
          2
        ]
      ],
      "question": "Name Someone Who Might Work At A Mansion."
    },
    {
      "answers": [
        [
          "Chili",
          52
        ],
        [
          "Curry",
          34
        ],
        [
          "Tacos",
          22
        ],
        [
          "Chips and Salsa",
          14
        ],
        [
          "Hot Wings",
          9
        ],
        [
          "Jalapeno Pepper",
          6
        ]
      ],
      "question": "Name A Spicy Food Some People Love To Eat"
    },
    {
      "answers": [
        [
          "Weigh Very Little ",
          43
        ],
        [
          "Nothing ",
          28
        ],
        [
          "Bottled Food ",
          18
        ],
        [
          "Umbilical Cord ",
          12
        ],
        [
          "Both Float ",
          8
        ]
      ],
      "question": "Name Something An Astonaut And A Baby Have In Common"
    },
    {
      "answers": [
        [
          "Wash Dishes",
          49
        ],
        [
          "Laundry",
          27
        ],
        [
          "Clean Toilet",
          14
        ],
        [
          "Cooking",
          6
        ]
      ],
      "question": "If You Could Have Just One Chore That Someone Else Would Always Do For You, What Would It Be? (More Specific Than “Clean.”)"
    }
  ],
  "final_round_timers": [
    20,
    25
  ]
}