{
  "rounds": [
    {
      "answers": [
        {
          "ans": "Letter/Card",
          "pnt": 52
        },
        {
          "ans": "Check",
          "pnt": 27
        },
        {
          "ans": "Signature",
          "pnt": 11
        },
        {
          "ans": "Grocery List",
          "pnt": 6
        }
      ],
      "multiply": 1,
      "question": "Name Something That You Write Out By Hand, Instead Of Type."
    },
    {
      "answers": [
        {
          "ans": "Watch TV/ Movie",
          "pnt": 58
        },
        {
          "ans": "Read",
          "pnt": 16
        },
        {
          "ans": "Snack",
          "pnt": 14
        },
        {
          "ans": "Drink",
          "pnt": 7
        },
        {
          "ans": "Play Computer Games",
          "pnt": 3
        }
      ],
      "multiply": 1,
      "question": "Tell Me Something You Do When You Stay Up Late At Night."
    },
    {
      "answers": [
        {
          "ans": "Rose West ",
          "pnt": 44
        },
        {
          "ans": "Dr Crippin ",
          "pnt": 29
        },
        {
          "ans": "Fred West ",
          "pnt": 19
        },
        {
          "ans": "Myra Hindley ",
          "pnt": 12
        },
        {
          "ans": "Ian Brady ",
          "pnt": 8
        },
        {
          "ans": "Jack The Ripper ",
          "pnt": 5
        }
      ],
      "multiply": 1,
      "question": "Name A Famous British Serial Killer"
    },
    {
      "answers": [
        {
          "ans": "The Food ",
          "pnt": 49
        },
        {
          "ans": "Being Homesick ",
          "pnt": 32
        },
        {
          "ans": "Insects / Bugs ",
          "pnt": 21
        },
        {
          "ans": "Boredom ",
          "pnt": 14
        },
        {
          "ans": "Too Hot ",
          "pnt": 9
        },
        {
          "ans": "Too Cold ",
          "pnt": 6
        }
      ],
      "multiply": 2,
      "question": "Name Something A Child Might Complain About While At Camp"
    },
    {
      "answers": [
        {
          "ans": "Bowtie",
          "pnt": 28
        },
        {
          "ans": "Name Tag/ Badge",
          "pnt": 19
        },
        {
          "ans": "Cap/ Visor",
          "pnt": 17
        },
        {
          "ans": "Apron",
          "pnt": 11
        },
        {
          "ans": "Work Boots",
          "pnt": 10
        },
        {
          "ans": "Hard Hat",
          "pnt": 8
        },
        {
          "ans": "Hairnet",
          "pnt": 4
        }
      ],
      "multiply": 2,
      "question": "Name Something You May Have Once Worn With A Work Uniform, But Wouldn’t Wear For A Night On The Town"
    },
    {
      "answers": [
        {
          "ans": "Gun",
          "pnt": 44
        },
        {
          "ans": "Car",
          "pnt": 14
        },
        {
          "ans": "Sunglasses",
          "pnt": 11
        },
        {
          "ans": "Phone",
          "pnt": 10
        },
        {
          "ans": "Clothes",
          "pnt": 9
        },
        {
          "ans": "Watch",
          "pnt": 5
        },
        {
          "ans": "Briefcase",
          "pnt": 4
        }
      ],
      "multiply": 2,
      "question": "Name An Accessory That Might Be Sold With A James Bond Action Figure."
    }
  ],
  "final_round": [
    {
      "answers": [
        [
          "Air Bags",
          46
        ],
        [
          "Seat Belt",
          30
        ],
        [
          "CD Player",
          20
        ],
        [
          "Cruise control",
          13
        ],
        [
          "Computer",
          8
        ]
      ],
      "question": "Name something cars have today they didnt’ have 50 years ago"
    },
    {
      "answers": [
        [
          "Cell Phone",
          55
        ],
        [
          "Computer",
          24
        ],
        [
          "TV",
          11
        ],
        [
          "Microwave",
          3
        ]
      ],
      "question": "Name The Electronic Device That You Use Most In A Day"
    },
    {
      "answers": [
        [
          "Buy Clothes",
          27
        ],
        [
          "Save Money",
          26
        ],
        [
          "Buy Crib",
          19
        ],
        [
          "Decorate Nursery",
          11
        ],
        [
          "Have Baby Shower",
          10
        ],
        [
          "Choose A Name",
          4
        ]
      ],
      "question": "Name Something Couples Do Months In Advance To Prepare For Having A Baby."
    },
    {
      "answers": [
        [
          "Sleep ",
          45
        ],
        [
          "Read ",
          29
        ],
        [
          "Bath / Shower ",
          19
        ],
        [
          "Sing ",
          12
        ],
        [
          "Computer / Internet ",
          8
        ]
      ],
      "question": "Name Something You Do When Alone"
    }
  ],
  "final_round_timers": [
    20,
    25
  ]
}