{
  "rounds": [
    {
      "answers": [
        {
          "ans": "Cat",
          "pnt": 46
        },
        {
          "ans": "Dog",
          "pnt": 44
        },
        {
          "ans": "Cow",
          "pnt": 4
        },
        {
          "ans": "Pig",
          "pnt": 3
        }
      ],
      "multiply": 1,
      "question": "Name An Animal That Walks On 4 Legs, But Can’t Give Rides."
    },
    {
      "answers": [
        {
          "ans": "Peaches",
          "pnt": 21
        },
        {
          "ans": "Pineapple",
          "pnt": 18
        },
        {
          "ans": "Oranges",
          "pnt": 15
        },
        {
          "ans": "Pepper",
          "pnt": 15
        },
        {
          "ans": "Blueberry",
          "pnt": 12
        },
        {
          "ans": "Salt",
          "pnt": 10
        },
        {
          "ans": "Jelly",
          "pnt": 8
        }
      ],
      "multiply": 1,
      "question": "Name Something People Might Put On Cottage Cheese"
    },
    {
      "answers": [
        {
          "ans": "Baseball",
          "pnt": 29
        },
        {
          "ans": "Football",
          "pnt": 27
        },
        {
          "ans": "Basketball",
          "pnt": 14
        },
        {
          "ans": "Soccer",
          "pnt": 11
        },
        {
          "ans": "Tennis",
          "pnt": 8
        },
        {
          "ans": "Dodgeball",
          "pnt": 4
        },
        {
          "ans": "Volleyball",
          "pnt": 3
        }
      ],
      "multiply": 1,
      "question": "What Sport Would Become Disastrous If The Regular Ball Was Replaced With A Bowling Ball?"
    },
    {
      "answers": [
        {
          "ans": "Funeral",
          "pnt": 54
        },
        {
          "ans": "Birthday",
          "pnt": 22
        },
        {
          "ans": "Graduation",
          "pnt": 12
        },
        {
          "ans": "Baby Shower",
          "pnt": 5
        },
        {
          "ans": "Baptism",
          "pnt": 3
        },
        {
          "ans": "Anniversary",
          "pnt": 3
        }
      ],
      "multiply": 2,
      "question": "Unlike A Wedding, Name A Social Event That You’d Never Want To Crash"
    },
    {
      "answers": [
        {
          "ans": "Trim It ",
          "pnt": 58
        },
        {
          "ans": "Shave It ",
          "pnt": 38
        },
        {
          "ans": "Twirl It ",
          "pnt": 25
        },
        {
          "ans": "Comb It ",
          "pnt": 16
        },
        {
          "ans": "Wax It ",
          "pnt": 11
        }
      ],
      "multiply": 2,
      "question": "Name Something You Might Do To A Moustache"
    },
    {
      "answers": [
        {
          "ans": "Family",
          "pnt": 44
        },
        {
          "ans": "Relationships",
          "pnt": 21
        },
        {
          "ans": "Sports",
          "pnt": 14
        },
        {
          "ans": "Weather",
          "pnt": 6
        },
        {
          "ans": "TV",
          "pnt": 5
        },
        {
          "ans": "Weekend",
          "pnt": 4
        }
      ],
      "multiply": 2,
      "question": "Other Than Work, Name Something You Often Find Yourself Talking To Co-Workers About."
    }
  ],
  "final_round": [
    {
      "answers": [
        [
          "Water ",
          45
        ],
        [
          "Air ",
          29
        ],
        [
          "Food ",
          19
        ]
      ],
      "question": "Name Something Everybody Needs To Survive"
    },
    {
      "answers": [
        [
          "Straw ",
          52
        ],
        [
          "Leather ",
          34
        ],
        [
          "Wool ",
          22
        ]
      ],
      "question": "Name Something A Hat Might Be Made From"
    },
    {
      "answers": [
        [
          "Cats Tail ",
          45
        ],
        [
          "Money ",
          29
        ],
        [
          "A Marble ",
          19
        ],
        [
          "Dogs Tail ",
          12
        ],
        [
          "A Nail ",
          8
        ]
      ],
      "question": "Name Something You Wouldn't Run Over With A Vacuum Cleaner"
    },
    {
      "answers": [
        [
          "Age",
          45
        ],
        [
          "Weight",
          27
        ],
        [
          "Appearance",
          14
        ],
        [
          "Money",
          4
        ]
      ],
      "question": "Name Something Many People Probably Lie About In Their Personal Ads"
    }
  ],
  "final_round_timers": [
    20,
    25
  ]
}