{
  "rounds": [
    {
      "answers": [
        {
          "ans": "Money",
          "pnt": 31
        },
        {
          "ans": "Work",
          "pnt": 24
        },
        {
          "ans": "Romance",
          "pnt": 24
        },
        {
          "ans": "Fashion",
          "pnt": 7
        },
        {
          "ans": "Parenting",
          "pnt": 5
        },
        {
          "ans": "Relationships",
          "pnt": 3
        }
      ],
      "multiply": 1,
      "question": "Name A Subject You Count On Your Partner To Give You Advice On."
    },
    {
      "answers": [
        {
          "ans": "TV ",
          "pnt": 52
        },
        {
          "ans": "Video / DVD ",
          "pnt": 34
        },
        {
          "ans": "Video Games ",
          "pnt": 22
        },
        {
          "ans": "Toys ",
          "pnt": 14
        },
        {
          "ans": "Games ",
          "pnt": 9
        }
      ],
      "multiply": 1,
      "question": "Name Something That Keeps Kids Amused For Hours"
    },
    {
      "answers": [
        {
          "ans": "Lawyer",
          "pnt": 31
        },
        {
          "ans": "Doctor",
          "pnt": 27
        },
        {
          "ans": "Politician",
          "pnt": 19
        },
        {
          "ans": "Judge",
          "pnt": 9
        },
        {
          "ans": "Teacher",
          "pnt": 4
        },
        {
          "ans": "Police",
          "pnt": 4
        },
        {
          "ans": "Accountant",
          "pnt": 3
        }
      ],
      "multiply": 1,
      "question": "Name A Type Of Professional That You Seldom See Joking Around."
    },
    {
      "answers": [
        {
          "ans": "Stamp",
          "pnt": 64
        },
        {
          "ans": "Signature",
          "pnt": 19
        },
        {
          "ans": "Address",
          "pnt": 12
        },
        {
          "ans": "Salutation/ Greeting",
          "pnt": 3
        }
      ],
      "multiply": 2,
      "question": "Name Something You Include On A Letter, But Not On An E-Mail."
    },
    {
      "answers": [
        {
          "ans": "Sleep",
          "pnt": 46
        },
        {
          "ans": "Cheat",
          "pnt": 30
        },
        {
          "ans": "Gossip",
          "pnt": 20
        },
        {
          "ans": "Smoke",
          "pnt": 13
        },
        {
          "ans": "Flirt",
          "pnt": 8
        },
        {
          "ans": "Daydream",
          "pnt": 5
        },
        {
          "ans": "Bite Nails",
          "pnt": 3
        }
      ],
      "multiply": 2,
      "question": "Tell Me Something You Did In High School Still Do At Work"
    },
    {
      "answers": [
        {
          "ans": "Spend Time With Kids",
          "pnt": 24
        },
        {
          "ans": "Set Own Hours",
          "pnt": 17
        },
        {
          "ans": "Dress Casual",
          "pnt": 15
        },
        {
          "ans": "Sleep In",
          "pnt": 10
        },
        {
          "ans": "Rest",
          "pnt": 10
        },
        {
          "ans": "No Boss",
          "pnt": 10
        }
      ],
      "multiply": 2,
      "question": "Name An Advantage Of Working At Home."
    }
  ],
  "final_round": [
    {
      "answers": [
        [
          "Sleep",
          32
        ],
        [
          "Vote",
          25
        ],
        [
          "Retire",
          16
        ],
        [
          "Keep License",
          10
        ],
        [
          "Get Social security",
          8
        ]
      ],
      "question": "A Young Person “Fights For Their Right To Party.” What Might An Old Person Fight For The Right To Do?"
    },
    {
      "answers": [
        [
          "BATHROOM IN PANTS",
          56
        ],
        [
          "BURP",
          36
        ],
        [
          "CRY",
          24
        ],
        [
          "SPIT UP",
          16
        ],
        [
          "DROOL",
          10
        ],
        [
          "SUCK THUMB",
          7
        ]
      ],
      "question": "Name Something Babies Do That You Would Be Embarrassed To Have Someone See You Do As An Adult"
    },
    {
      "answers": [
        [
          "Remote Control",
          47
        ],
        [
          "Magazines",
          18
        ],
        [
          "Telephone",
          11
        ],
        [
          "Newspaper",
          10
        ],
        [
          "Books",
          9
        ],
        [
          "Drink",
          5
        ]
      ],
      "question": "Name Something People Keep Near Their Favorite Easy Chair."
    },
    {
      "answers": [
        [
          "New York",
          29
        ],
        [
          "Nebraska",
          26
        ],
        [
          "Nevada",
          20
        ],
        [
          "New Mexico",
          8
        ],
        [
          "New Jersey",
          6
        ],
        [
          "North Dakota",
          4
        ],
        [
          "New Hampshire",
          3
        ]
      ],
      "question": "Name A State That Starts With The Letter “N.”"
    }
  ],
  "final_round_timers": [
    20,
    25
  ]
}