{
  "rounds": [
    {
      "answers": [
        {
          "ans": "Insurance",
          "pnt": 53
        },
        {
          "ans": "Better Stereo",
          "pnt": 13
        },
        {
          "ans": "Milage Fees",
          "pnt": 12
        },
        {
          "ans": "Bigger Car",
          "pnt": 10
        },
        {
          "ans": "GPS",
          "pnt": 7
        }
      ],
      "multiply": 1,
      "question": "Name Something You Might Pay Extra For When Renting A Car"
    },
    {
      "answers": [
        {
          "ans": "Baby Showers",
          "pnt": 54
        },
        {
          "ans": "Bridal Showers",
          "pnt": 32
        },
        {
          "ans": "Bachelorette Party",
          "pnt": 7
        },
        {
          "ans": "Girls Sleepover",
          "pnt": 2
        }
      ],
      "multiply": 1,
      "question": "Name An Event That Men Are Usually Not Invited To"
    },
    {
      "answers": [
        {
          "ans": "Merry",
          "pnt": 39
        },
        {
          "ans": "Santa",
          "pnt": 22
        },
        {
          "ans": "Snow",
          "pnt": 17
        },
        {
          "ans": "Bells",
          "pnt": 9
        },
        {
          "ans": "Holiday",
          "pnt": 6
        }
      ],
      "multiply": 1,
      "question": "Other Than “Christmas”, Name A Word That’s In Almost Every Christmas Song"
    },
    {
      "answers": [
        {
          "ans": "Soap ",
          "pnt": 47
        },
        {
          "ans": "Pencil ",
          "pnt": 31
        },
        {
          "ans": "Lipstick ",
          "pnt": 20
        },
        {
          "ans": "Eraser ",
          "pnt": 13
        },
        {
          "ans": "Wallet ",
          "pnt": 8
        },
        {
          "ans": "Chalk ",
          "pnt": 5
        }
      ],
      "multiply": 2,
      "question": "Name Something That Gets Smaller The More You Use It"
    },
    {
      "answers": [
        {
          "ans": "Exercise",
          "pnt": 58
        },
        {
          "ans": "Eat Healthy",
          "pnt": 38
        },
        {
          "ans": "Sleep",
          "pnt": 25
        },
        {
          "ans": "Drink Water",
          "pnt": 16
        }
      ],
      "multiply": 2,
      "question": "Name Something A doctor Tells You To Do More Of"
    },
    {
      "answers": [
        {
          "ans": "Swings",
          "pnt": 36
        },
        {
          "ans": "Jungle Gym",
          "pnt": 30
        },
        {
          "ans": "Slide",
          "pnt": 23
        },
        {
          "ans": "Seesaw",
          "pnt": 4
        },
        {
          "ans": "Merry Go Round",
          "pnt": 4
        }
      ],
      "multiply": 2,
      "question": "Which Piece Of Playground Equipment Has Probably Resulted In The Most Injuries?"
    }
  ],
  "final_round": [
    {
      "answers": [
        [
          "Giggle",
          33
        ],
        [
          "Play Dolls",
          27
        ],
        [
          "Dress Up/Makeover",
          16
        ],
        [
          "Play House",
          11
        ],
        [
          "Tea Party",
          6
        ],
        [
          "Jump Rope",
          4
        ]
      ],
      "question": "Name Something That Little Girls Do When They Get Together"
    },
    {
      "answers": [
        [
          "Expensive",
          35
        ],
        [
          "Too Old",
          25
        ],
        [
          "Focus On Career",
          14
        ],
        [
          "Not Married",
          14
        ],
        [
          "Too Young",
          10
        ]
      ],
      "question": "Name A Reason A Couple Might Not Want To Have Kids."
    },
    {
      "answers": [
        [
          "Money",
          51
        ],
        [
          "Problems",
          12
        ],
        [
          "Supporters",
          11
        ],
        [
          "Charisma",
          8
        ],
        [
          "Security/Guards",
          8
        ],
        [
          "Opponents",
          5
        ],
        [
          "Power",
          4
        ]
      ],
      "question": "Name Something That President Obama Has A Lot Of."
    },
    {
      "answers": [
        [
          "Wedding",
          46
        ],
        [
          "Funeral",
          30
        ],
        [
          "Graduation",
          20
        ],
        [
          "Birthday",
          13
        ]
      ],
      "question": "Name Event Your Loved Ones Might Travel To Attend"
    }
  ],
  "final_round_timers": [
    20,
    25
  ]
}