{
  "rounds": [
    {
      "answers": [
        {
          "ans": "Water It ",
          "pnt": 57
        },
        {
          "ans": "Fertilizer ",
          "pnt": 37
        },
        {
          "ans": "Talk To It ",
          "pnt": 24
        },
        {
          "ans": "Music ",
          "pnt": 16
        }
      ],
      "multiply": 1,
      "question": "Name Something A Person Might Do To Help A House Plant Grow"
    },
    {
      "answers": [
        {
          "ans": "Child",
          "pnt": 37
        },
        {
          "ans": "Puppy",
          "pnt": 36
        },
        {
          "ans": "Teddy Bear",
          "pnt": 8
        },
        {
          "ans": "Woman",
          "pnt": 3
        },
        {
          "ans": "ID",
          "pnt": 3
        }
      ],
      "multiply": 1,
      "question": "What Might A Hitchhiker Take With Him, In Order To Seem Less Dangerous?"
    },
    {
      "answers": [
        {
          "ans": "Bad Tips",
          "pnt": 47
        },
        {
          "ans": "Dogs",
          "pnt": 16
        },
        {
          "ans": "Driving",
          "pnt": 14
        },
        {
          "ans": "Finding House",
          "pnt": 14
        },
        {
          "ans": "Bad Areas",
          "pnt": 8
        }
      ],
      "multiply": 1,
      "question": "Name Something A Pizza Delivery Person Hates About Their Job"
    },
    {
      "answers": [
        {
          "ans": "Bar Of Soap",
          "pnt": 34
        },
        {
          "ans": "Wash Cloth/Loofah",
          "pnt": 28
        },
        {
          "ans": "Bubble Bath/Salts",
          "pnt": 13
        },
        {
          "ans": "Shampoo",
          "pnt": 11
        },
        {
          "ans": "Rubber Ducky",
          "pnt": 8
        },
        {
          "ans": "Razor",
          "pnt": 3
        }
      ],
      "multiply": 2,
      "question": "Name Something You Use In The Bathtub, that You’d Look Silly Bringing Into A Jacuzzi"
    },
    {
      "answers": [
        {
          "ans": "Family",
          "pnt": 54
        },
        {
          "ans": "Yourself",
          "pnt": 35
        },
        {
          "ans": "Money",
          "pnt": 23
        },
        {
          "ans": "Last Job",
          "pnt": 15
        },
        {
          "ans": "Politics",
          "pnt": 10
        }
      ],
      "multiply": 2,
      "question": "Name A Topic Shouldn’t Bring Up In A Job Interview"
    },
    {
      "answers": [
        {
          "ans": "Dust",
          "pnt": 39
        },
        {
          "ans": "vacuum",
          "pnt": 25
        },
        {
          "ans": "Sweep",
          "pnt": 13
        },
        {
          "ans": "Mop",
          "pnt": 1
        },
        {
          "ans": "Wipe Windows",
          "pnt": 10
        }
      ],
      "multiply": 2,
      "question": "Name A Household Chore That You Do Less Frequently Because It’s Barely Noticeable When It’s Done"
    }
  ],
  "final_round": [
    {
      "answers": [
        [
          "Eye Patch ",
          56
        ],
        [
          "Ship ",
          36
        ],
        [
          "Sword ",
          24
        ],
        [
          "Treasure ",
          16
        ],
        [
          "Skull & Crossbones ",
          10
        ]
      ],
      "question": "Name Something You Associate With A Pirate"
    },
    {
      "answers": [
        [
          "Cheeks",
          48
        ],
        [
          "Legs",
          32
        ],
        [
          "Belly",
          7
        ],
        [
          "Arms",
          5
        ],
        [
          "Hands",
          3
        ],
        [
          "Feet",
          3
        ]
      ],
      "question": "Name Something On A Baby That Might Be Described As “Chubby”."
    },
    {
      "answers": [
        [
          "Cash",
          47
        ],
        [
          "Drivers License",
          31
        ],
        [
          "Photos",
          20
        ],
        [
          "Credit Cards",
          13
        ]
      ],
      "question": "Name Something You Can Find In Wallets"
    },
    {
      "answers": [
        [
          "Eyebrows ",
          41
        ],
        [
          "Chicken ",
          27
        ],
        [
          "Turkey ",
          17
        ]
      ],
      "question": "Name Something That Gets Plucked"
    }
  ],
  "final_round_timers": [
    20,
    25
  ]
}