{
  "rounds": [
    {
      "answers": [
        {
          "ans": "Grapes ",
          "pnt": 53
        },
        {
          "ans": "Tomatoes ",
          "pnt": 34
        },
        {
          "ans": "Ivy / Poison Ivy ",
          "pnt": 23
        },
        {
          "ans": "Strawberries ",
          "pnt": 15
        },
        {
          "ans": "Blackberries ",
          "pnt": 10
        }
      ],
      "multiply": 1,
      "question": "Name Something That Grows On A Vine"
    },
    {
      "answers": [
        {
          "ans": "Lassie",
          "pnt": 29
        },
        {
          "ans": "101 Dalmations",
          "pnt": 18
        },
        {
          "ans": "Benji",
          "pnt": 13
        },
        {
          "ans": "Dogs Go To Heaven",
          "pnt": 12
        },
        {
          "ans": "Bolt",
          "pnt": 11
        },
        {
          "ans": "Lady & The Tramp",
          "pnt": 9
        },
        {
          "ans": "Shaggy Dog",
          "pnt": 6
        }
      ],
      "multiply": 1,
      "question": "Name A Movie That A Dog Would Love To Watch"
    },
    {
      "answers": [
        {
          "ans": "Helmet ",
          "pnt": 58
        },
        {
          "ans": "Shorts ",
          "pnt": 38
        },
        {
          "ans": "Gloves ",
          "pnt": 25
        },
        {
          "ans": "Glasses ",
          "pnt": 16
        }
      ],
      "multiply": 1,
      "question": "Name Something A Cyclist Might Wear"
    },
    {
      "answers": [
        {
          "ans": "Hair Dryer",
          "pnt": 39
        },
        {
          "ans": "Scissors",
          "pnt": 26
        },
        {
          "ans": "Make Up",
          "pnt": 14
        },
        {
          "ans": "Salon Chairs",
          "pnt": 8
        },
        {
          "ans": "Shampoo",
          "pnt": 5
        },
        {
          "ans": "Women",
          "pnt": 3
        }
      ],
      "multiply": 2,
      "question": "Name Something You Might See In A Beauty Shop."
    },
    {
      "answers": [
        {
          "ans": "Soda",
          "pnt": 48
        },
        {
          "ans": "Coffee",
          "pnt": 19
        },
        {
          "ans": "Tea",
          "pnt": 18
        },
        {
          "ans": "Water",
          "pnt": 12
        }
      ],
      "multiply": 2,
      "question": "Name A Beverage You Get Re-Filled For Free At Many Restaurants"
    },
    {
      "answers": [
        {
          "ans": "Solar Panels",
          "pnt": 40
        },
        {
          "ans": "Good Insulation",
          "pnt": 21
        },
        {
          "ans": "Efficient Bilbs",
          "pnt": 19
        },
        {
          "ans": "New Windows",
          "pnt": 18
        }
      ],
      "multiply": 2,
      "question": "Name Something A Home Might Have To Make It energy Efficient"
    }
  ],
  "final_round": [
    {
      "answers": [
        [
          "Cat In The Hat",
          29
        ],
        [
          "Indiana Jones",
          16
        ],
        [
          "Sherlock Holmes",
          13
        ],
        [
          "Willy Wonka",
          12
        ],
        [
          "Dick Tracey",
          11
        ],
        [
          "Zorro",
          9
        ],
        [
          "Peter Pan",
          7
        ]
      ],
      "question": "Name A Movie Character Who Always Wears A Hat."
    },
    {
      "answers": [
        [
          "Hard Day",
          45
        ],
        [
          "Birthday",
          29
        ],
        [
          "Promotion",
          19
        ],
        [
          "Date",
          12
        ],
        [
          "Friday",
          8
        ]
      ],
      "question": "Name A Specific Reason Co-Worker Drinks After Work"
    },
    {
      "answers": [
        [
          "Tax System",
          25
        ],
        [
          "Budget Deficit",
          21
        ],
        [
          "Health Care",
          17
        ],
        [
          "Schools",
          14
        ],
        [
          "War",
          9
        ],
        [
          "Welfare",
          7
        ],
        [
          "Roads",
          4
        ]
      ],
      "question": "Name Something Politicians Always Say They’ll Improve."
    },
    {
      "answers": [
        [
          "Phone Number",
          37
        ],
        [
          "Hair",
          21
        ],
        [
          "Name",
          18
        ],
        [
          "Locks",
          12
        ],
        [
          "Address",
          6
        ]
      ],
      "question": "Name Something A Person Might Change After Breaking Up With A Partner."
    }
  ],
  "final_round_timers": [
    20,
    25
  ]
}