{
  "rounds": [
    {
      "answers": [
        {
          "ans": "Mowing Lawn",
          "pnt": 45
        },
        {
          "ans": "Washing Car",
          "pnt": 29
        },
        {
          "ans": "Gardening",
          "pnt": 19
        },
        {
          "ans": "Raking",
          "pnt": 12
        },
        {
          "ans": "Taking Out Trash",
          "pnt": 8
        }
      ],
      "multiply": 1,
      "question": "Name A Chore You Get Out Of If It Rains"
    },
    {
      "answers": [
        {
          "ans": "Jesus",
          "pnt": 59
        },
        {
          "ans": "Gandhi",
          "pnt": 15
        },
        {
          "ans": "President Bush",
          "pnt": 7
        },
        {
          "ans": "Martin Luther King, Jr.",
          "pnt": 5
        },
        {
          "ans": "Moses",
          "pnt": 4
        },
        {
          "ans": "Dalai Lama",
          "pnt": 3
        }
      ],
      "multiply": 1,
      "question": "Name someone who has/had many followers."
    },
    {
      "answers": [
        {
          "ans": "Child",
          "pnt": 55
        },
        {
          "ans": "Dog",
          "pnt": 25
        },
        {
          "ans": "Police Officer",
          "pnt": 13
        },
        {
          "ans": "Owner",
          "pnt": 5
        }
      ],
      "multiply": 1,
      "question": "What Would A Car Thief Hate To Find In The Backseat Of The Car He’d Just Stolen?"
    },
    {
      "answers": [
        {
          "ans": "Decent Food",
          "pnt": 31
        },
        {
          "ans": "Family",
          "pnt": 26
        },
        {
          "ans": "Gravity",
          "pnt": 25
        },
        {
          "ans": "Normal Bathroom",
          "pnt": 13
        }
      ],
      "multiply": 2,
      "question": "Name Something An Astronaut Has To Go Without When Traveling In Space"
    },
    {
      "answers": [
        {
          "ans": "Gym",
          "pnt": 54
        },
        {
          "ans": "Golf/Country Club",
          "pnt": 35
        },
        {
          "ans": "Military",
          "pnt": 23
        },
        {
          "ans": "Fraternity",
          "pnt": 15
        }
      ],
      "multiply": 2,
      "question": "Name Something That Men Join"
    },
    {
      "answers": [
        {
          "ans": "They’re Dirty",
          "pnt": 33
        },
        {
          "ans": "Picture Day",
          "pnt": 29
        },
        {
          "ans": "It’s Halloween",
          "pnt": 24
        },
        {
          "ans": "Wear’s A Uniform",
          "pnt": 9
        }
      ],
      "multiply": 2,
      "question": "Name A Reason Why A Kid Might Not Wear His Ordinary Clothes To School."
    }
  ],
  "final_round": [
    {
      "answers": [
        [
          "Toilet",
          39
        ],
        [
          "Windows",
          21
        ],
        [
          "Floor",
          21
        ],
        [
          "Stove/Oven",
          10
        ],
        [
          "Ceiling Fan",
          6
        ]
      ],
      "question": "Name something that house cleaners clean more often than you do(More specific than a room)"
    },
    {
      "answers": [
        [
          "Dog",
          56
        ],
        [
          "Lion",
          36
        ],
        [
          "Cat",
          24
        ],
        [
          "Monkey",
          16
        ],
        [
          "Tiger",
          10
        ],
        [
          "Eagle",
          7
        ],
        [
          "Bear",
          4
        ]
      ],
      "question": "Name An Animal That You See On A Motivational Poster"
    },
    {
      "answers": [
        [
          "Picasso",
          49
        ],
        [
          "Van Gogh",
          15
        ],
        [
          "Da Vinci",
          12
        ],
        [
          "Monet",
          12
        ],
        [
          "Michaelangelo",
          10
        ]
      ],
      "question": "Which Famous Painter Would You Ask To Paint Your Portrait?"
    },
    {
      "answers": [
        [
          "Secret Service",
          51
        ],
        [
          "Cell Phone",
          21
        ],
        [
          "Money",
          10
        ],
        [
          "First Lady",
          9
        ],
        [
          "Assistant",
          5
        ]
      ],
      "question": "Name Something A President Probably Has With Him Everywhere He Goes?"
    }
  ],
  "final_round_timers": [
    20,
    25
  ]
}