{
  "rounds": [
    {
      "answers": [
        {
          "ans": "Rain",
          "pnt": 66
        },
        {
          "ans": "Wind",
          "pnt": 17
        },
        {
          "ans": "Humidity",
          "pnt": 12
        },
        {
          "ans": "Lightning",
          "pnt": 3
        }
      ],
      "multiply": 1,
      "question": "Name A Weather Condition That Might Cause You To Have Wacky Hair"
    },
    {
      "answers": [
        {
          "ans": "In Love",
          "pnt": 41
        },
        {
          "ans": "Pregnant",
          "pnt": 34
        },
        {
          "ans": "Stability",
          "pnt": 20
        },
        {
          "ans": "Green Card",
          "pnt": 3
        }
      ],
      "multiply": 1,
      "question": "Tell Me A Reason People Get Married"
    },
    {
      "answers": [
        {
          "ans": "Stranger At Door",
          "pnt": 43
        },
        {
          "ans": "Hungry",
          "pnt": 18
        },
        {
          "ans": "Sees A Cat",
          "pnt": 16
        },
        {
          "ans": "Hears A Loud Noise",
          "pnt": 10
        },
        {
          "ans": "Sees Another Dog",
          "pnt": 7
        }
      ],
      "multiply": 1,
      "question": "Name A reason Why A Dog Barks"
    },
    {
      "answers": [
        {
          "ans": "Internet Acronyms",
          "pnt": 41
        },
        {
          "ans": "Slang",
          "pnt": 31
        },
        {
          "ans": "Misspelling",
          "pnt": 13
        },
        {
          "ans": "Swearing",
          "pnt": 7
        },
        {
          "ans": "Smiley Face",
          "pnt": 5
        }
      ],
      "multiply": 2,
      "question": "What Might You See In An Email That Would Make Yo Think A Teen Wrote It"
    },
    {
      "answers": [
        {
          "ans": "Family Name",
          "pnt": 51
        },
        {
          "ans": "Job",
          "pnt": 33
        },
        {
          "ans": "Age",
          "pnt": 22
        },
        {
          "ans": "Hometown",
          "pnt": 14
        }
      ],
      "multiply": 2,
      "question": "On Family Feud, Name Something Host Asks Players About"
    },
    {
      "answers": [
        {
          "ans": "Black",
          "pnt": 41
        },
        {
          "ans": "Red",
          "pnt": 19
        },
        {
          "ans": "Green",
          "pnt": 16
        },
        {
          "ans": "Blue",
          "pnt": 9
        },
        {
          "ans": "Grey",
          "pnt": 8
        },
        {
          "ans": "White",
          "pnt": 6
        }
      ],
      "multiply": 2,
      "question": "Name A Color You See A Lot Of In Mobster Movies"
    }
  ],
  "final_round": [
    {
      "answers": [
        [
          "Crash",
          62
        ],
        [
          "Engine Trouble",
          12
        ],
        [
          "Runs Out Of Gas",
          10
        ],
        [
          "Flat Tire",
          10
        ],
        [
          "Die",
          6
        ]
      ],
      "question": "Name Something An Auto Racer Hopes Won’t Happen To Him During A Race."
    },
    {
      "answers": [
        [
          "Coworker",
          50
        ],
        [
          "Mail Carrier",
          28
        ],
        [
          "Teacher",
          11
        ],
        [
          "Newspaper Delivery",
          6
        ],
        [
          "Hairdresser",
          3
        ]
      ],
      "question": "Other Thank Family And Friends, Name A Person You Give A Gift Or Tip To During The Holidays"
    },
    {
      "answers": [
        [
          "Sky Diving",
          52
        ],
        [
          "Fly",
          28
        ],
        [
          "Bungee Jumping",
          10
        ],
        [
          "Driving A Race Car",
          5
        ]
      ],
      "question": "If You Got To Be Fearless For One Day, Name The First Thing You’d Try"
    },
    {
      "answers": [
        [
          "Frodo",
          37
        ],
        [
          "Grandalf",
          16
        ],
        [
          "Gollum",
          13
        ],
        [
          "Legolas",
          12
        ],
        [
          "Aragorn",
          9
        ],
        [
          "Sam",
          7
        ],
        [
          "Gimli",
          3
        ]
      ],
      "question": "Name A Character From The Lord Of The rings"
    }
  ],
  "final_round_timers": [
    20,
    25
  ]
}