{
  "rounds": [
    {
      "answers": [
        {
          "ans": "Sports Illustrated",
          "pnt": 38
        },
        {
          "ans": "Time",
          "pnt": 30
        },
        {
          "ans": "G.O.",
          "pnt": 10
        },
        {
          "ans": "Vogue",
          "pnt": 8
        },
        {
          "ans": "Rolling Stone",
          "pnt": 4
        },
        {
          "ans": "Money",
          "pnt": 3
        }
      ],
      "multiply": 1,
      "question": "Name The Magazine Cover You’d Most Like To Appear On"
    },
    {
      "answers": [
        {
          "ans": "Vacuums",
          "pnt": 23
        },
        {
          "ans": "Book",
          "pnt": 17
        },
        {
          "ans": "Magazines",
          "pnt": 14
        },
        {
          "ans": "Cosmetics",
          "pnt": 14
        },
        {
          "ans": "Cookies",
          "pnt": 11
        },
        {
          "ans": "Insurance",
          "pnt": 10
        },
        {
          "ans": "Fuller Brushes",
          "pnt": 6
        }
      ],
      "multiply": 1,
      "question": "Name Something Sold Door-To-Door"
    },
    {
      "answers": [
        {
          "ans": "Baked ",
          "pnt": 45
        },
        {
          "ans": "Runner ",
          "pnt": 29
        },
        {
          "ans": "Broad ",
          "pnt": 19
        },
        {
          "ans": "Kidney ",
          "pnt": 12
        },
        {
          "ans": "Soya ",
          "pnt": 8
        },
        {
          "ans": "Les-Bean (True) ",
          "pnt": 5
        }
      ],
      "multiply": 1,
      "question": "Name A Type Of Bean"
    },
    {
      "answers": [
        {
          "ans": "Wear Makeup",
          "pnt": 28
        },
        {
          "ans": "Shave",
          "pnt": 25
        },
        {
          "ans": "Pierce Ears",
          "pnt": 23
        },
        {
          "ans": "Cook",
          "pnt": 10
        },
        {
          "ans": "Stay Home Alone",
          "pnt": 3
        }
      ],
      "multiply": 2,
      "question": "Name Something A Mom Might Make Her Daughter Wait Til She’s 12 Years Old To Do."
    },
    {
      "answers": [
        {
          "ans": "Beating On Chest",
          "pnt": 56
        },
        {
          "ans": "Eating Habits",
          "pnt": 36
        },
        {
          "ans": "Very Possessive",
          "pnt": 24
        },
        {
          "ans": "Hair All Over",
          "pnt": 16
        },
        {
          "ans": "Pull Hair",
          "pnt": 10
        },
        {
          "ans": "Has Club",
          "pnt": 7
        },
        {
          "ans": "Rude",
          "pnt": 4
        }
      ],
      "multiply": 2,
      "question": "Name A Sign The Man You’Re Dating Is A Caveman"
    },
    {
      "answers": [
        {
          "ans": "Opie",
          "pnt": 42
        },
        {
          "ans": "Barney Fife",
          "pnt": 34
        },
        {
          "ans": "Aunt Bea",
          "pnt": 17
        },
        {
          "ans": "Gomer Pyle",
          "pnt": 3
        }
      ],
      "multiply": 2,
      "question": "Besides Andy, Name A Character From “The Andy Griffith Show.”"
    }
  ],
  "final_round": [
    {
      "answers": [
        [
          "Cut It ",
          42
        ],
        [
          "Dye It ",
          27
        ],
        [
          "Shave It ",
          18
        ]
      ],
      "question": "Name Something People Do To Their Hair That Makes Them Look Silly"
    },
    {
      "answers": [
        [
          "Hamburger",
          39
        ],
        [
          "Fried Chicken",
          20
        ],
        [
          "Pizza",
          17
        ],
        [
          "Hot Dog",
          13
        ],
        [
          "Apple Pie",
          8
        ]
      ],
      "question": "Which Traditional Dish Would You Prepare For Somebody Learning About American Culture?"
    },
    {
      "answers": [
        [
          "Smart",
          54
        ],
        [
          "Outgoing",
          17
        ],
        [
          "Convincing",
          12
        ],
        [
          "Trusted",
          7
        ],
        [
          "Looks Professional",
          7
        ]
      ],
      "question": "Which Trait Of A Good Teacher Would Also Be Important For A Good Con Man?"
    },
    {
      "answers": [
        [
          "Policeman ",
          52
        ],
        [
          "Chef ",
          34
        ],
        [
          "Builder ",
          22
        ],
        [
          "Fireman ",
          14
        ]
      ],
      "question": "Name An Occupation In Which You Might Wear A Hat"
    }
  ],
  "final_round_timers": [
    20,
    25
  ]
}