{
  "rounds": [
    {
      "answers": [
        {
          "ans": "Security Guard",
          "pnt": 59
        },
        {
          "ans": "Police Officer",
          "pnt": 38
        },
        {
          "ans": "Nurse",
          "pnt": 25
        },
        {
          "ans": "Conv. Store Clerk",
          "pnt": 16
        },
        {
          "ans": "Factory Worker",
          "pnt": 11
        },
        {
          "ans": "Doctor",
          "pnt": 7
        },
        {
          "ans": "Janitor",
          "pnt": 4
        }
      ],
      "multiply": 1,
      "question": "Name An Occupation Where You Might Work All Night"
    },
    {
      "answers": [
        {
          "ans": "Open Door",
          "pnt": 42
        },
        {
          "ans": "Pay Bills",
          "pnt": 26
        },
        {
          "ans": "Be Affectionate",
          "pnt": 23
        },
        {
          "ans": "Bring Flowers",
          "pnt": 5
        }
      ],
      "multiply": 1,
      "question": "We Asked 100 Men: Name Something You Do On A First Date, That You Wouldn’t Do A Year Into A The Relationship."
    },
    {
      "answers": [
        {
          "ans": "Trivial Pursuit ",
          "pnt": 57
        },
        {
          "ans": "Monopoly ",
          "pnt": 37
        },
        {
          "ans": "Chess ",
          "pnt": 24
        },
        {
          "ans": "Scrabble ",
          "pnt": 16
        },
        {
          "ans": "Pictionary ",
          "pnt": 10
        }
      ],
      "multiply": 1,
      "question": "Name An Adult Board Game"
    },
    {
      "answers": [
        {
          "ans": "ABC’S",
          "pnt": 30
        },
        {
          "ans": "Reading",
          "pnt": 29
        },
        {
          "ans": "Math",
          "pnt": 15
        },
        {
          "ans": "Writing",
          "pnt": 9
        },
        {
          "ans": "Spelling",
          "pnt": 9
        },
        {
          "ans": "Writing Name",
          "pnt": 4
        }
      ],
      "multiply": 2,
      "question": "Name Something That’s Taught In The First Grade."
    },
    {
      "answers": [
        {
          "ans": "Formal dress",
          "pnt": 39
        },
        {
          "ans": "High Heels",
          "pnt": 26
        },
        {
          "ans": "Makeup",
          "pnt": 17
        },
        {
          "ans": "Coursage",
          "pnt": 11
        },
        {
          "ans": "Bra",
          "pnt": 4
        }
      ],
      "multiply": 2,
      "question": "What Might A Girl Wear For The First Time To Her Junior High Dance?"
    },
    {
      "answers": [
        {
          "ans": "Seats ",
          "pnt": 50
        },
        {
          "ans": "Popcorn ",
          "pnt": 33
        },
        {
          "ans": "People ",
          "pnt": 21
        },
        {
          "ans": "Screen ",
          "pnt": 14
        },
        {
          "ans": "Food ",
          "pnt": 9
        }
      ],
      "multiply": 2,
      "question": "Name Something Found In A Movie Theatre"
    }
  ],
  "final_round": [
    {
      "answers": [
        [
          "Cold Cereal",
          33
        ],
        [
          "Cookies",
          16
        ],
        [
          "POatmeal",
          14
        ],
        [
          "Salad",
          13
        ],
        [
          "Bread",
          11
        ],
        [
          "Bagels",
          7
        ]
      ],
      "question": "Name A Food You Find Raisins In."
    },
    {
      "answers": [
        [
          "Swimming Pool",
          61
        ],
        [
          "Garden",
          13
        ],
        [
          "Playground",
          10
        ],
        [
          "Hot Tub",
          6
        ],
        [
          "Pond",
          4
        ]
      ],
      "question": "Name Something You Wish You Had In Your Backyard"
    },
    {
      "answers": [
        [
          "Flowers",
          29
        ],
        [
          "Cake",
          26
        ],
        [
          "Groom",
          16
        ],
        [
          "Ring",
          10
        ],
        [
          "White Dress",
          8
        ],
        [
          "Family",
          5
        ],
        [
          "Gifts",
          3
        ]
      ],
      "question": "Name Something Almost Everyday Bride Wants At Her Wedding"
    },
    {
      "answers": [
        [
          "Crazy/Nuts",
          58
        ],
        [
          "Wild",
          17
        ],
        [
          "Up A Wall",
          11
        ],
        [
          "To Drink",
          9
        ]
      ],
      "question": "Name A Phrase You’d Say To Your Partner That Starts With “You Drive Me __.”"
    }
  ],
  "final_round_timers": [
    20,
    25
  ]
}