{
  "rounds": [
    {
      "answers": [
        {
          "ans": "Crown",
          "pnt": 53
        },
        {
          "ans": "Castle",
          "pnt": 11
        },
        {
          "ans": "Marriage to queen",
          "pnt": 10
        },
        {
          "ans": "Thrown",
          "pnt": 6
        },
        {
          "ans": "Riches",
          "pnt": 6
        },
        {
          "ans": "Servants",
          "pnt": 4
        },
        {
          "ans": "Command",
          "pnt": 3
        }
      ],
      "multiply": 1,
      "question": "Name Something A King Has, But Most Men Don’t."
    },
    {
      "answers": [
        {
          "ans": "Brazil ",
          "pnt": 43
        },
        {
          "ans": "Hazel ",
          "pnt": 28
        },
        {
          "ans": "Peanut ",
          "pnt": 18
        },
        {
          "ans": "Chestnut ",
          "pnt": 12
        },
        {
          "ans": "Cashew ",
          "pnt": 8
        }
      ],
      "multiply": 1,
      "question": "Name A Type Of Nut"
    },
    {
      "answers": [
        {
          "ans": "Drink ",
          "pnt": 44
        },
        {
          "ans": "Go Out ",
          "pnt": 29
        },
        {
          "ans": "Have A Party ",
          "pnt": 19
        },
        {
          "ans": "Dance ",
          "pnt": 12
        },
        {
          "ans": "Make Phone Calls ",
          "pnt": 8
        }
      ],
      "multiply": 1,
      "question": "Name Something Most People Do Every New Years Eve"
    },
    {
      "answers": [
        {
          "ans": "Gym",
          "pnt": 58
        },
        {
          "ans": "Work",
          "pnt": 38
        },
        {
          "ans": "Theme/Water Park",
          "pnt": 25
        },
        {
          "ans": "Bus Station",
          "pnt": 16
        }
      ],
      "multiply": 2,
      "question": "Other Than School, Name A Place Where You Find "
    },
    {
      "answers": [
        {
          "ans": "Beans",
          "pnt": 34
        },
        {
          "ans": "Hot Dog",
          "pnt": 26
        },
        {
          "ans": "Fish",
          "pnt": 19
        },
        {
          "ans": "Marshmellows",
          "pnt": 11
        },
        {
          "ans": "Spam",
          "pnt": 3
        },
        {
          "ans": "Beef Jerky",
          "pnt": 3
        }
      ],
      "multiply": 2,
      "question": "Name A Less Than Tasty Food You’d Only Eat If You Were Camping"
    },
    {
      "answers": [
        {
          "ans": "Lens ",
          "pnt": 44
        },
        {
          "ans": "Shutter ",
          "pnt": 29
        },
        {
          "ans": "Lens Cap ",
          "pnt": 19
        },
        {
          "ans": "Film ",
          "pnt": 12
        }
      ],
      "multiply": 2,
      "question": "Name A Part Of A Camera"
    }
  ],
  "final_round": [
    {
      "answers": [
        [
          "Coins",
          55
        ],
        [
          "Food",
          36
        ],
        [
          "Remote Control",
          23
        ],
        [
          "Keys",
          15
        ],
        [
          "Dirt",
          10
        ]
      ],
      "question": "What Might You Find Under Couch Cushion?"
    },
    {
      "answers": [
        [
          "Chips",
          68
        ],
        [
          "Popcorn",
          18
        ],
        [
          "French Fries",
          5
        ],
        [
          "Candy",
          5
        ],
        [
          "Peanuts",
          3
        ]
      ],
      "question": "Name Something Specific You Almost Always Eat Out Of A Bag."
    },
    {
      "answers": [
        [
          "Bathroom",
          35
        ],
        [
          "Their Room",
          26
        ],
        [
          "Refrigerator",
          19
        ],
        [
          "Textbooks",
          6
        ]
      ],
      "question": "Name Something College Freshmen Have To Start Sharing When They Live In The Dorms."
    },
    {
      "answers": [
        [
          "Cook",
          78
        ],
        [
          "Dishwasher",
          12
        ],
        [
          "Server",
          4
        ],
        [
          "Busser",
          4
        ]
      ],
      "question": "Name A Restaurant Job That A Stay-At-Home Parent Does For Free All The Time"
    }
  ],
  "final_round_timers": [
    20,
    25
  ]
}