{
  "rounds": [
    {
      "answers": [
        {
          "ans": "Concierge",
          "pnt": 32
        },
        {
          "ans": "Bellhop",
          "pnt": 22
        },
        {
          "ans": "Valet",
          "pnt": 17
        },
        {
          "ans": "Doorperson",
          "pnt": 12
        },
        {
          "ans": "Room Service",
          "pnt": 8
        },
        {
          "ans": "Chef",
          "pnt": 6
        }
      ],
      "multiply": 1,
      "question": "Name An Employee You’d Find At A Fancy Hotel, But Not At A Budget Motel"
    },
    {
      "answers": [
        {
          "ans": "Movies",
          "pnt": 38
        },
        {
          "ans": "Airplane",
          "pnt": 27
        },
        {
          "ans": "Church",
          "pnt": 13
        },
        {
          "ans": "Comedy Club",
          "pnt": 8
        },
        {
          "ans": "Restaurant",
          "pnt": 5
        },
        {
          "ans": "Bus",
          "pnt": 5
        }
      ],
      "multiply": 1,
      "question": "A What Place Would You Not want To Be Seated Next To Someone With An Annoying Laugh"
    },
    {
      "answers": [
        {
          "ans": "Beer",
          "pnt": 53
        },
        {
          "ans": "Food",
          "pnt": 23
        },
        {
          "ans": "Girls",
          "pnt": 16
        },
        {
          "ans": "Music",
          "pnt": 4
        }
      ],
      "multiply": 1,
      "question": "Name Something You’d Be Surprised To Find That A Frat Party Had None Of"
    },
    {
      "answers": [
        {
          "ans": "Roller Coasters",
          "pnt": 52
        },
        {
          "ans": "Cotton Candy",
          "pnt": 11
        },
        {
          "ans": "Ferris Wheels",
          "pnt": 11
        },
        {
          "ans": "Merry Go Round",
          "pnt": 6
        },
        {
          "ans": "Consession Stands",
          "pnt": 5
        },
        {
          "ans": "Crowds",
          "pnt": 5
        },
        {
          "ans": "Kids",
          "pnt": 3
        }
      ],
      "multiply": 2,
      "question": "Name Something You’d Find At Most Amusement Parks. (More Specific Than “Rides.”)"
    },
    {
      "answers": [
        {
          "ans": "Actor",
          "pnt": 47
        },
        {
          "ans": "Singer",
          "pnt": 27
        },
        {
          "ans": "Teacher",
          "pnt": 12
        },
        {
          "ans": "Model",
          "pnt": 6
        },
        {
          "ans": "politician",
          "pnt": 4
        }
      ],
      "multiply": 2,
      "question": "Name A Good Occupation For Someone Who Likes To Be The Center Of Attention"
    },
    {
      "answers": [
        {
          "ans": "Cheating",
          "pnt": 44
        },
        {
          "ans": "Drunk",
          "pnt": 15
        },
        {
          "ans": "Smoking",
          "pnt": 12
        },
        {
          "ans": "Winning Too Much",
          "pnt": 10
        },
        {
          "ans": "Loud",
          "pnt": 7
        },
        {
          "ans": "Rude",
          "pnt": 4
        }
      ],
      "multiply": 2,
      "question": "Name A Reason A Casino Dealer Might Complain About Someone At Their Table"
    }
  ],
  "final_round": [
    {
      "answers": [
        [
          "Smile",
          37
        ],
        [
          "Laugh",
          22
        ],
        [
          "Talk",
          16
        ],
        [
          "Hide",
          10
        ],
        [
          "Wave",
          5
        ],
        [
          "Pose/Show Off",
          5
        ],
        [
          "Act Silly",
          3
        ]
      ],
      "question": "Name Something You Do More Of When Someone’s Taking A Home Video Of You."
    },
    {
      "answers": [
        [
          "Silent Treatment",
          44
        ],
        [
          "Yell",
          29
        ],
        [
          "Pout/Frown",
          19
        ],
        [
          "Roll Eyes",
          12
        ],
        [
          "Slam Doors",
          8
        ],
        [
          "Glare",
          5
        ]
      ],
      "question": "Tell Me Something Your Spouse Does That Makes You Suspect They’re Angry At You"
    },
    {
      "answers": [
        [
          "Letters",
          43
        ],
        [
          "Stickers",
          26
        ],
        [
          "Hair",
          11
        ],
        [
          "Ticket Stubs",
          8
        ],
        [
          "Drawings",
          5
        ],
        [
          "News Clippings",
          4
        ]
      ],
      "question": "Besides Photos, Name Something Someone Would Include In Their Scrapbook."
    },
    {
      "answers": [
        [
          "Twinkle Twinkle ",
          41
        ],
        [
          "Ba Ba Black Sheep ",
          27
        ],
        [
          "Humpty Dumpty ",
          17
        ],
        [
          "Mary Had A Little Lamb ",
          11
        ],
        [
          "Rock A Bye Baby ",
          7
        ]
      ],
      "question": "Name A Well Known Childrens Song"
    }
  ],
  "final_round_timers": [
    20,
    25
  ]
}