{
  "rounds": [
    {
      "answers": [
        {
          "ans": "Bambi",
          "pnt": 30
        },
        {
          "ans": "Mickey Mouse",
          "pnt": 25
        },
        {
          "ans": "Castle",
          "pnt": 15
        },
        {
          "ans": "People",
          "pnt": 10
        },
        {
          "ans": "Epcot Center",
          "pnt": 9
        },
        {
          "ans": "Space Mountain",
          "pnt": 5
        },
        {
          "ans": "Tea Cups",
          "pnt": 5
        }
      ],
      "multiply": 1,
      "question": "Name something that Godzilla would crush at Disneyworld."
    },
    {
      "answers": [
        {
          "ans": "Donuts",
          "pnt": 47
        },
        {
          "ans": "Coffee Cake",
          "pnt": 15
        },
        {
          "ans": "Bagels",
          "pnt": 14
        },
        {
          "ans": "Cookies",
          "pnt": 13
        },
        {
          "ans": "Toast",
          "pnt": 5
        },
        {
          "ans": "Buscuit",
          "pnt": 4
        }
      ],
      "multiply": 1,
      "question": "Name A Snack That Goes Great With Coffee."
    },
    {
      "answers": [
        {
          "ans": "BUY FLOWERS",
          "pnt": 47
        },
        {
          "ans": "OPEN DOORS",
          "pnt": 29
        },
        {
          "ans": "KISS",
          "pnt": 9
        },
        {
          "ans": "HOLD HANDS",
          "pnt": 7
        },
        {
          "ans": "BE NICE",
          "pnt": 5
        }
      ],
      "multiply": 1,
      "question": "Name Something A Man Might Do In The Beginning Of A Relationship That He Won”t Do After About A Year"
    },
    {
      "answers": [
        {
          "ans": "Skis ",
          "pnt": 56
        },
        {
          "ans": "Warm Clothes ",
          "pnt": 36
        },
        {
          "ans": "Gloves ",
          "pnt": 24
        },
        {
          "ans": "Jumper ",
          "pnt": 16
        },
        {
          "ans": "Ski Suit ",
          "pnt": 10
        }
      ],
      "multiply": 2,
      "question": "Name Something You Might Take On A Skiing Trip"
    },
    {
      "answers": [
        {
          "ans": "Bathroom",
          "pnt": 51
        },
        {
          "ans": "Kitchen",
          "pnt": 15
        },
        {
          "ans": "Roof",
          "pnt": 10
        },
        {
          "ans": "Garage",
          "pnt": 9
        },
        {
          "ans": "Doors",
          "pnt": 5
        },
        {
          "ans": "Basement",
          "pnt": 4
        }
      ],
      "multiply": 2,
      "question": "While Looking For A New Home, What Would You Be Surprised To Find That A House Didn’t Have?"
    },
    {
      "answers": [
        {
          "ans": "Casino/Slots",
          "pnt": 32
        },
        {
          "ans": "Money/Coins",
          "pnt": 25
        },
        {
          "ans": "Poker Chips",
          "pnt": 13
        },
        {
          "ans": "Bar/Restaurant",
          "pnt": 12
        },
        {
          "ans": "Show Girls",
          "pnt": 9
        },
        {
          "ans": "Fountain",
          "pnt": 6
        }
      ],
      "multiply": 2,
      "question": "Name Something Specific You’d Probably See On A Brochure For Las Vegas."
    }
  ],
  "final_round": [
    {
      "answers": [
        [
          "Stuffing",
          44
        ],
        [
          "Cranberry Sauce",
          31
        ],
        [
          "Corn",
          16
        ],
        [
          "Yams",
          8
        ]
      ],
      "question": "Name A Thanksgiving Food That Often Comes From A Box Or Can."
    },
    {
      "answers": [
        [
          "Bellhop",
          67
        ],
        [
          "Doorman",
          14
        ],
        [
          "Waiter",
          7
        ],
        [
          "Maid",
          5
        ],
        [
          "Room Service",
          4
        ]
      ],
      "question": "Name Someone You Might Tip At A Hotel"
    },
    {
      "answers": [
        [
          "Doctor ",
          49
        ],
        [
          "Massage / Beauty ",
          32
        ],
        [
          "Nurse ",
          21
        ],
        [
          "Dentist ",
          14
        ],
        [
          "Hairdresser ",
          9
        ]
      ],
      "question": "Name An Occupation That Involves Touching People"
    },
    {
      "answers": [
        [
          "GOLF",
          57
        ],
        [
          "RUNNING",
          37
        ],
        [
          "HIKING",
          24
        ],
        [
          "DANCING",
          16
        ],
        [
          "BOWLING",
          10
        ],
        [
          "BASEBALL",
          7
        ]
      ],
      "question": "Name A Pastime You’d Know Someone Has, Just By Looking At Their Shoes"
    }
  ],
  "final_round_timers": [
    20,
    25
  ]
}