{
  "rounds": [
    {
      "answers": [
        {
          "ans": 3,
          "pnt": 30
        },
        {
          "ans": 4,
          "pnt": 21
        },
        {
          "ans": 2,
          "pnt": 21
        },
        {
          "ans": 6,
          "pnt": 13
        },
        {
          "ans": 5,
          "pnt": 5
        },
        {
          "ans": 1,
          "pnt": 3
        }
      ],
      "multiply": 1,
      "question": "Tell Me How Many Hours A Day A Teenage Girl Talks On The Phone"
    },
    {
      "answers": [
        {
          "ans": "Lord Of The Rings",
          "pnt": 21
        },
        {
          "ans": "Star Wars",
          "pnt": 20
        },
        {
          "ans": "Titanic",
          "pnt": 19
        },
        {
          "ans": "Jaws",
          "pnt": 14
        },
        {
          "ans": "King Kong",
          "pnt": 12
        },
        {
          "ans": "Jurassic Park",
          "pnt": 6
        },
        {
          "ans": "The Matrix",
          "pnt": 5
        }
      ],
      "multiply": 1,
      "question": "Which Movie Should Only Be Watched On A Giant Screen?"
    },
    {
      "answers": [
        {
          "ans": "Old Clothes",
          "pnt": 35
        },
        {
          "ans": "Toys",
          "pnt": 33
        },
        {
          "ans": "Funiture",
          "pnt": 22
        },
        {
          "ans": "Photos",
          "pnt": 5
        }
      ],
      "multiply": 1,
      "question": "Name Something A Grown Child May Leave In Storage At His Parents’ House"
    },
    {
      "answers": [
        {
          "ans": "Smell ",
          "pnt": 47
        },
        {
          "ans": "Flowers ",
          "pnt": 31
        },
        {
          "ans": "Woman ",
          "pnt": 20
        }
      ],
      "multiply": 2,
      "question": "Name Something You Associate With Perfume"
    },
    {
      "answers": [
        {
          "ans": "Model ",
          "pnt": 57
        },
        {
          "ans": "Salesperson ",
          "pnt": 37
        },
        {
          "ans": "Cabin Crew ",
          "pnt": 24
        },
        {
          "ans": "Receptionist ",
          "pnt": 16
        },
        {
          "ans": "Hostess ",
          "pnt": 10
        }
      ],
      "multiply": 2,
      "question": "Name A Profession Where You Have To Smile A Lot"
    },
    {
      "answers": [
        {
          "ans": "Auto",
          "pnt": 51
        },
        {
          "ans": "Dental",
          "pnt": 33
        },
        {
          "ans": "Life",
          "pnt": 22
        },
        {
          "ans": "Home",
          "pnt": 14
        },
        {
          "ans": "Vision",
          "pnt": 9
        }
      ],
      "multiply": 2,
      "question": "Name A Type Of Insurance That Employers Don’t Provide"
    }
  ],
  "final_round": [
    {
      "answers": [
        [
          "Surprise Party",
          50
        ],
        [
          "Pin Tail On Donkey",
          27
        ],
        [
          "Kidnapped",
          18
        ],
        [
          "Pinata",
          3
        ]
      ],
      "question": "Name A Reason Why You’d Get A Blindfold."
    },
    {
      "answers": [
        [
          "Library/Study",
          40
        ],
        [
          "Game Room",
          22
        ],
        [
          "Pool Room",
          18
        ],
        [
          "Parlor",
          9
        ],
        [
          "Home Theatre",
          8
        ]
      ],
      "question": "Name A Room That You’d Find In A Mansion, But Not A Regular House"
    },
    {
      "answers": [
        [
          "Smoke",
          48
        ],
        [
          "Talk On Cell Phone",
          24
        ],
        [
          "Walk Away",
          15
        ],
        [
          "Leave The Car On",
          9
        ]
      ],
      "question": "Name Something You’re Not Supposed To Do While Filling Your Gas Tank."
    },
    {
      "answers": [
        [
          "Throw Eggs",
          43
        ],
        [
          "Smash Pumpkins",
          28
        ],
        [
          "Toilet Paper Houses",
          18
        ],
        [
          "Snatch Candy Bags",
          12
        ]
      ],
      "question": "Name A Mean Prank Kids Play On Halloween"
    }
  ],
  "final_round_timers": [
    20,
    25
  ]
}