{
  "rounds": [
    {
      "answers": [
        {
          "ans": "Zebra",
          "pnt": 51
        },
        {
          "ans": "Skunk",
          "pnt": 17
        },
        {
          "ans": "Panda Bear",
          "pnt": 13
        },
        {
          "ans": "Cow",
          "pnt": 4
        },
        {
          "ans": "Penguin",
          "pnt": 3
        }
      ],
      "multiply": 1,
      "question": "Name An Animal That’s Black-And-White"
    },
    {
      "answers": [
        {
          "ans": "Television",
          "pnt": 29
        },
        {
          "ans": "Couch",
          "pnt": 17
        },
        {
          "ans": "Refrigerator",
          "pnt": 15
        },
        {
          "ans": "Microwave",
          "pnt": 14
        },
        {
          "ans": "Table",
          "pnt": 8
        },
        {
          "ans": "Bed",
          "pnt": 8
        }
      ],
      "multiply": 1,
      "question": "Name A Specific Item In Your House That’s Too Big To Throw Away In The Trash Can"
    },
    {
      "answers": [
        {
          "ans": "Mole",
          "pnt": 35
        },
        {
          "ans": "Modeling",
          "pnt": 31
        },
        {
          "ans": "Beauty",
          "pnt": 23
        },
        {
          "ans": "Aerobics",
          "pnt": 7
        },
        {
          "ans": "Body",
          "pnt": 3
        }
      ],
      "multiply": 1,
      "question": "Name Something Cindy Crawford Is Known For"
    },
    {
      "answers": [
        {
          "ans": "Blender",
          "pnt": 24
        },
        {
          "ans": "Dish Washer",
          "pnt": 17
        },
        {
          "ans": "Coffe Maker",
          "pnt": 17
        },
        {
          "ans": "TV",
          "pnt": 16
        },
        {
          "ans": "Microwave",
          "pnt": 11
        },
        {
          "ans": "Fridge",
          "pnt": 9
        }
      ],
      "multiply": 2,
      "question": "Name A Household Appliance You Would Actually Enjoy Receiving As A Gift."
    },
    {
      "answers": [
        {
          "ans": "Sleep",
          "pnt": 55
        },
        {
          "ans": "Practice Responses",
          "pnt": 36
        },
        {
          "ans": "Pray",
          "pnt": 23
        },
        {
          "ans": "Clothes",
          "pnt": 15
        }
      ],
      "multiply": 2,
      "question": "What Do You Do The Night Before A Big Job Interview"
    },
    {
      "answers": [
        {
          "ans": "Walking",
          "pnt": 38
        },
        {
          "ans": "Driving",
          "pnt": 18
        },
        {
          "ans": "Using Bathroom",
          "pnt": 14
        },
        {
          "ans": "Eating",
          "pnt": 8
        },
        {
          "ans": "Paying Bills",
          "pnt": 6
        },
        {
          "ans": "Dressing",
          "pnt": 5
        },
        {
          "ans": "Laundry",
          "pnt": 5
        }
      ],
      "multiply": 2,
      "question": "Name Something Most Parents Can’t Wait Until Their Child Starts Doing On His Own"
    }
  ],
  "final_round": [
    {
      "answers": [
        [
          "Park",
          68
        ],
        [
          "Beach",
          11
        ],
        [
          "Roadside",
          8
        ],
        [
          "Yard",
          7
        ],
        [
          "Schoolyard",
          3
        ]
      ],
      "question": "Name A Place You Hate To See Litter."
    },
    {
      "answers": [
        [
          "Read",
          36
        ],
        [
          "Watch TV/Movie",
          27
        ],
        [
          "Make Love",
          19
        ],
        [
          "Sun Bathe",
          6
        ],
        [
          "Exercise",
          3
        ]
      ],
      "question": "Other Than Sleep, Name Something You Do While Lying Down"
    },
    {
      "answers": [
        [
          "High Heels",
          24
        ],
        [
          "Jeans",
          23
        ],
        [
          "Dress/Skirt",
          21
        ],
        [
          "Bathing Suit",
          12
        ],
        [
          "Business Suit",
          11
        ],
        [
          "Boots",
          5
        ]
      ],
      "question": "Name Something You’d Never Wear To Work Out At The Gym."
    },
    {
      "answers": [
        [
          "Cold Feet",
          69
        ],
        [
          "Cheating",
          13
        ],
        [
          "Not In Love",
          9
        ],
        [
          "Not Ready",
          4
        ],
        [
          "Had A Fight",
          3
        ]
      ],
      "question": "Why Might A Bride Or Groom Back Out Of Wedding At The Last Minute"
    }
  ],
  "final_round_timers": [
    20,
    25
  ]
}