{
  "rounds": [
    {
      "answers": [
        {
          "ans": "Girdle",
          "pnt": 42
        },
        {
          "ans": "Bra",
          "pnt": 27
        },
        {
          "ans": "High Heels",
          "pnt": 18
        },
        {
          "ans": "Thong",
          "pnt": 12
        },
        {
          "ans": "Earrings",
          "pnt": 7
        }
      ],
      "multiply": 1,
      "question": "Name Something Specific That Women Wear That Hurts"
    },
    {
      "answers": [
        {
          "ans": "Kiss",
          "pnt": 38
        },
        {
          "ans": "Picnic",
          "pnt": 35
        },
        {
          "ans": "Walk",
          "pnt": 16
        },
        {
          "ans": "Hold Hands",
          "pnt": 6
        },
        {
          "ans": "Use Playground",
          "pnt": 3
        }
      ],
      "multiply": 1,
      "question": "Name Something You Might Do On A Date In The Park."
    },
    {
      "answers": [
        {
          "ans": "Ready To Order",
          "pnt": 41
        },
        {
          "ans": "Is Everything OK",
          "pnt": 27
        },
        {
          "ans": "Want A Refill",
          "pnt": 17
        },
        {
          "ans": "Need Anything Else",
          "pnt": 11
        },
        {
          "ans": "Want The Bill",
          "pnt": 7
        }
      ],
      "multiply": 1,
      "question": "Name a question Your Server Usually Asks At Least At A Restaurant."
    },
    {
      "answers": [
        {
          "ans": "Afraid of Commitment",
          "pnt": 44
        },
        {
          "ans": "Not Ready",
          "pnt": 30
        },
        {
          "ans": "Saving Money",
          "pnt": 16
        },
        {
          "ans": "Too Young",
          "pnt": 7
        }
      ],
      "multiply": 2,
      "question": "Name A Reason Why Someone Might Hold Off On Getting Married."
    },
    {
      "answers": [
        {
          "ans": "Skydiving",
          "pnt": 48
        },
        {
          "ans": "Hunting",
          "pnt": 16
        },
        {
          "ans": "Flying",
          "pnt": 16
        },
        {
          "ans": "Rock Climbing",
          "pnt": 14
        },
        {
          "ans": "Car Racing",
          "pnt": 3
        },
        {
          "ans": "Motorcycling",
          "pnt": 3
        }
      ],
      "multiply": 2,
      "question": "Name A Dangerous Hobby You Wouldn’t Want Your Partner To Have"
    },
    {
      "answers": [
        {
          "ans": "Golf Balls",
          "pnt": 40
        },
        {
          "ans": "Tees",
          "pnt": 24
        },
        {
          "ans": "Patience",
          "pnt": 21
        },
        {
          "ans": "Clubs",
          "pnt": 11
        },
        {
          "ans": "Energy",
          "pnt": 3
        }
      ],
      "multiply": 2,
      "question": "Name Something A Bad Golfer Often Runs Out Of"
    }
  ],
  "final_round": [
    {
      "answers": [
        [
          "Secret Service",
          34
        ],
        [
          "Secret Agent",
          20
        ],
        [
          "Secret Admirer",
          19
        ],
        [
          "Secret Santa",
          14
        ],
        [
          "Secret Garden",
          7
        ]
      ],
      "question": "Name A Two-Word Term That Starts With “Secret.”"
    },
    {
      "answers": [
        [
          "Good Answer",
          47
        ],
        [
          "Laugh",
          31
        ],
        [
          "Get Mad",
          20
        ],
        [
          "Roll Eyes",
          13
        ]
      ],
      "question": "What Do Family Fued Contestants Do After Their Relative Has Given A Bad Answer"
    },
    {
      "answers": [
        [
          "Money ",
          52
        ],
        [
          "Cashier ",
          34
        ],
        [
          "Robber ",
          22
        ],
        [
          "People ",
          14
        ],
        [
          "Security Guard ",
          9
        ]
      ],
      "question": "Name Something You Might See In A Bank"
    },
    {
      "answers": [
        [
          "Hair",
          59
        ],
        [
          "Tooth",
          38
        ],
        [
          "Birth Cert",
          25
        ],
        [
          "Pictures",
          16
        ],
        [
          "Foot Print",
          11
        ],
        [
          "Booties",
          7
        ],
        [
          "Hospital Bracelet",
          4
        ]
      ],
      "question": "Keepsake People Put In Baby’s Scrapbook"
    }
  ],
  "final_round_timers": [
    20,
    25
  ]
}