{
  "rounds": [
    {
      "answers": [
        {
          "ans": "Underwear",
          "pnt": 38
        },
        {
          "ans": "Socks",
          "pnt": 26
        },
        {
          "ans": "Cologne",
          "pnt": 15
        },
        {
          "ans": "Tools",
          "pnt": 12
        },
        {
          "ans": "Groceries",
          "pnt": 8
        }
      ],
      "multiply": 1,
      "question": "Name something Many Women Regularly Buy For Their Husbands, But Men Don’t Buy For Their Wives ( More specific Then Clothes)"
    },
    {
      "answers": [
        {
          "ans": "Furniture",
          "pnt": 37
        },
        {
          "ans": "Food",
          "pnt": 31
        },
        {
          "ans": "Decoration",
          "pnt": 9
        },
        {
          "ans": "Family",
          "pnt": 7
        },
        {
          "ans": "Appliances",
          "pnt": 4
        }
      ],
      "multiply": 1,
      "question": "Name Something In A Regular House That Might Be Missing In A Batchelor Pad."
    },
    {
      "answers": [
        {
          "ans": "Speak",
          "pnt": 45
        },
        {
          "ans": "Dress",
          "pnt": 29
        },
        {
          "ans": "Sit",
          "pnt": 19
        },
        {
          "ans": "Hair",
          "pnt": 12
        }
      ],
      "multiply": 1,
      "question": "Something You Do Differently For Job Interview"
    },
    {
      "answers": [
        {
          "ans": "Pageant Walk",
          "pnt": 30
        },
        {
          "ans": "Winning Smile",
          "pnt": 16
        },
        {
          "ans": "Make Up Application",
          "pnt": 16
        },
        {
          "ans": "Pageant Wave",
          "pnt": 14
        },
        {
          "ans": "Hair Styling",
          "pnt": 9
        },
        {
          "ans": "Singing",
          "pnt": 6
        },
        {
          "ans": "Correct Posture",
          "pnt": 6
        }
      ],
      "multiply": 2,
      "question": "If There Was A School For Beauty Queens, Name A Skill That Would Be Taught There."
    },
    {
      "answers": [
        {
          "ans": "Swim",
          "pnt": 41
        },
        {
          "ans": "Breathe/Blow Hole",
          "pnt": 17
        },
        {
          "ans": "Jump High",
          "pnt": 14
        },
        {
          "ans": "Catch Fish",
          "pnt": 12
        },
        {
          "ans": "Balance Ball ON Nose",
          "pnt": 9
        },
        {
          "ans": "Speak Dolphin",
          "pnt": 5
        }
      ],
      "multiply": 2,
      "question": "If You Were Turned Into A Dolphin, Name Something You’d Have To Learn How To Do."
    },
    {
      "answers": [
        {
          "ans": "Hats",
          "pnt": 44
        },
        {
          "ans": "Shoes",
          "pnt": 31
        },
        {
          "ans": "Glasses",
          "pnt": 12
        },
        {
          "ans": "Sweater",
          "pnt": 10
        }
      ],
      "multiply": 2,
      "question": "Name Something Humans Wear, But Cats Look Silly In"
    }
  ],
  "final_round": [
    {
      "answers": [
        [
          "Carrots",
          41
        ],
        [
          "Peas",
          39
        ],
        [
          "Beans",
          8
        ],
        [
          "Corn",
          4
        ],
        [
          "Spinach",
          2
        ]
      ],
      "question": "Name A Vegetable That They Make Baby Food Out Of."
    },
    {
      "answers": [
        [
          "Hair",
          31
        ],
        [
          "Summer Vacation",
          21
        ],
        [
          "Pants/Clothing",
          18
        ],
        [
          "Themselves",
          14
        ],
        [
          "Recess/Playtime",
          8
        ],
        [
          "Bedtime Story",
          6
        ]
      ],
      "question": "Name Something A Child Would Say Is Too Short."
    },
    {
      "answers": [
        [
          "Home Sweet Home ",
          46
        ],
        [
          "No Place Like Home",
          30
        ],
        [
          "Welcome Home ",
          20
        ],
        [
          "Home Is Where The Heart Is ",
          13
        ],
        [
          "Home Alone ",
          8
        ],
        [
          "Homeward Bound ",
          5
        ]
      ],
      "question": "Name A Phrase That Has The Word Home In It"
    },
    {
      "answers": [
        [
          "Oprah",
          52
        ],
        [
          "Jerry Springer",
          34
        ],
        [
          "Maury",
          22
        ],
        [
          "Dr Phil",
          14
        ],
        [
          "Tyra Banks",
          9
        ]
      ],
      "question": "Name A Talk Show You Might Go On To Tell About Your Disaster Wedding"
    }
  ],
  "final_round_timers": [
    20,
    25
  ]
}