{
  "rounds": [
    {
      "answers": [
        {
          "ans": "Popcorn",
          "pnt": 37
        },
        {
          "ans": "Soda Pop",
          "pnt": 25
        },
        {
          "ans": "Pop Tart",
          "pnt": 12
        },
        {
          "ans": "Popsicle",
          "pnt": 9
        },
        {
          "ans": "Popular",
          "pnt": 6
        },
        {
          "ans": "Pop Goes The Weasel",
          "pnt": 5
        }
      ],
      "multiply": 1,
      "question": "Name Something That Has The Word “Pop” In It."
    },
    {
      "answers": [
        {
          "ans": "Speed ",
          "pnt": 44
        },
        {
          "ans": "Eat ",
          "pnt": 29
        },
        {
          "ans": "Run A Red Light ",
          "pnt": 19
        },
        {
          "ans": "No Seatbelt ",
          "pnt": 12
        },
        {
          "ans": "Sing ",
          "pnt": 8
        }
      ],
      "multiply": 1,
      "question": "Name Something You Do While Driving That You Don't Do On A Test"
    },
    {
      "answers": [
        {
          "ans": "Train Tracks",
          "pnt": 24
        },
        {
          "ans": "Tower",
          "pnt": 20
        },
        {
          "ans": "Castle",
          "pnt": 19
        },
        {
          "ans": "A Dark Alley",
          "pnt": 10
        },
        {
          "ans": "Basement",
          "pnt": 7
        },
        {
          "ans": "Car",
          "pnt": 7
        },
        {
          "ans": "Elevator",
          "pnt": 7
        }
      ],
      "multiply": 1,
      "question": "In The Movies, Name A Specific Place A Damsel In Distress Might Get Trapped Or Face Danger."
    },
    {
      "answers": [
        {
          "ans": "Pool cue",
          "pnt": 59
        },
        {
          "ans": "Balls",
          "pnt": 19
        },
        {
          "ans": "Cover",
          "pnt": 4
        },
        {
          "ans": "Chalk",
          "pnt": 3
        }
      ],
      "multiply": 2,
      "question": "Name Something You Might Buy To go with Your New Pool Table"
    },
    {
      "answers": [
        {
          "ans": "Book ",
          "pnt": 46
        },
        {
          "ans": "Trophy ",
          "pnt": 30
        },
        {
          "ans": "Ribbon ",
          "pnt": 20
        },
        {
          "ans": "Medal ",
          "pnt": 13
        },
        {
          "ans": "Certificate ",
          "pnt": 8
        }
      ],
      "multiply": 2,
      "question": "Name Something You May Have Won As A Prize At School"
    },
    {
      "answers": [
        {
          "ans": "Toffee ",
          "pnt": 45
        },
        {
          "ans": "Chewing Gum ",
          "pnt": 29
        },
        {
          "ans": "Nuts ",
          "pnt": 19
        }
      ],
      "multiply": 2,
      "question": "Name Something People Shouldn't Eat If they Have Braces"
    }
  ],
  "final_round": [
    {
      "answers": [
        [
          "Read",
          62
        ],
        [
          "Cook",
          21
        ],
        [
          "Write",
          8
        ],
        [
          "Sew",
          6
        ]
      ],
      "question": "Name An Activity That’d Be Hard To Do By CandleLight"
    },
    {
      "answers": [
        [
          "bargains",
          38
        ],
        [
          "treasure",
          16
        ],
        [
          "Easter Eggs",
          14
        ],
        [
          "Lost Keys",
          11
        ],
        [
          "Job",
          8
        ],
        [
          "Dates",
          7
        ]
      ],
      "question": "aside From Animals, Name Something People Hunt For."
    },
    {
      "answers": [
        [
          "RED NOSE",
          51
        ],
        [
          "WIG",
          33
        ],
        [
          "BIG SHOES",
          22
        ],
        [
          "MAKEUP",
          14
        ],
        [
          "COSTUME",
          9
        ]
      ],
      "question": "What Should A Clown Avoid Wearing When Not On Duty"
    },
    {
      "answers": [
        [
          "Couch/Recliner",
          42
        ],
        [
          "Bed",
          20
        ],
        [
          "Remote Control",
          15
        ],
        [
          "Pillows",
          6
        ],
        [
          "Blanket",
          5
        ],
        [
          "Alcohol",
          5
        ]
      ],
      "question": "Name Something From Home That You Wish Movie Theaters Had"
    }
  ],
  "final_round_timers": [
    20,
    25
  ]
}