{
  "rounds": [
    {
      "answers": [
        {
          "ans": "Milk And Cookies",
          "pnt": 67
        },
        {
          "ans": "Write A Letter",
          "pnt": 12
        },
        {
          "ans": "Be Good",
          "pnt": 5
        },
        {
          "ans": "Make A Picture",
          "pnt": 3
        },
        {
          "ans": "Clean Their Room",
          "pnt": 3
        },
        {
          "ans": "Make A List",
          "pnt": 2
        },
        {
          "ans": "Hug Him",
          "pnt": 2
        }
      ],
      "multiply": 1,
      "question": "Name Something A Child Might Do For Or Give Santa"
    },
    {
      "answers": [
        {
          "ans": "Talks",
          "pnt": 75
        },
        {
          "ans": "Wears Clothes",
          "pnt": 11
        },
        {
          "ans": "Throw Tantrums",
          "pnt": 7
        },
        {
          "ans": "Walks Upright",
          "pnt": 2
        }
      ],
      "multiply": 1,
      "question": "Name Something Donald Duck Does That Most Ducks Don’t"
    },
    {
      "answers": [
        {
          "ans": "Hairdresser ",
          "pnt": 41
        },
        {
          "ans": "Butcher ",
          "pnt": 27
        },
        {
          "ans": "Lumberjack ",
          "pnt": 17
        },
        {
          "ans": "Gardening / Pruning ",
          "pnt": 11
        },
        {
          "ans": "Chef ",
          "pnt": 7
        },
        {
          "ans": "Film Director ",
          "pnt": 5
        }
      ],
      "multiply": 1,
      "question": "Name A Job That Involves A Lot Of Cutting"
    },
    {
      "answers": [
        {
          "ans": "Soap",
          "pnt": 40
        },
        {
          "ans": "Yeast",
          "pnt": 26
        },
        {
          "ans": "Coffee/ Tea",
          "pnt": 13
        },
        {
          "ans": "Kool Aid",
          "pnt": 8
        },
        {
          "ans": "Sea Monkeys",
          "pnt": 5
        }
      ],
      "multiply": 2,
      "question": "Name Something That Gets Activated By Water"
    },
    {
      "answers": [
        {
          "ans": "Elephant",
          "pnt": 71
        },
        {
          "ans": "Horse",
          "pnt": 18
        },
        {
          "ans": "Camel",
          "pnt": 5
        },
        {
          "ans": "Donkey",
          "pnt": 4
        }
      ],
      "multiply": 2,
      "question": "Name An Animal That You Can Ride At The Circus"
    },
    {
      "answers": [
        {
          "ans": "Beer",
          "pnt": 40
        },
        {
          "ans": "Food",
          "pnt": 37
        },
        {
          "ans": "Grill",
          "pnt": 9
        },
        {
          "ans": "Truck",
          "pnt": 9
        }
      ],
      "multiply": 2,
      "question": "Name Something You Bring To A Tailgate Party"
    }
  ],
  "final_round": [
    {
      "answers": [
        [
          "Coins",
          37
        ],
        [
          "Baseball Cards",
          22
        ],
        [
          "Stamps",
          19
        ],
        [
          "Comic Books",
          9
        ],
        [
          "Toys",
          7
        ],
        [
          "Records",
          3
        ]
      ],
      "question": "Name Something That Kids And Some Adults Both Collect"
    },
    {
      "answers": [
        [
          "Germs/Sickness",
          61
        ],
        [
          "Homework",
          16
        ],
        [
          "Lice",
          11
        ],
        [
          "Bad Habits",
          6
        ],
        [
          "Swears",
          3
        ]
      ],
      "question": "Name Something A Kid Picks Up From School"
    },
    {
      "answers": [
        [
          "Towel",
          48
        ],
        [
          "Shirt",
          14
        ],
        [
          "Napkins",
          13
        ],
        [
          "Rag",
          12
        ]
      ],
      "question": "If Stuck With No Diapers, What Might A Desperate Parent Use Instead?"
    },
    {
      "answers": [
        [
          3,
          34
        ],
        [
          5,
          22
        ],
        [
          4,
          17
        ],
        [
          2,
          11
        ],
        [
          6,
          11
        ],
        [
          1,
          4
        ]
      ],
      "question": "How Many Credit Cards Does The Average Person Have? (Numeric Only)"
    }
  ],
  "final_round_timers": [
    20,
    25
  ]
}