{
  "rounds": [
    {
      "answers": [
        {
          "ans": "Light Out",
          "pnt": 35
        },
        {
          "ans": "Swerving",
          "pnt": 34
        },
        {
          "ans": "Failure To Stop",
          "pnt": 23
        },
        {
          "ans": "No Seatbelt",
          "pnt": 6
        }
      ],
      "multiply": 1,
      "question": "Other Than Speeding, Name A Reason A Cop Might Pull You Over."
    },
    {
      "answers": [
        {
          "ans": "Bird",
          "pnt": 47
        },
        {
          "ans": "Snakes",
          "pnt": 32
        },
        {
          "ans": "Bee",
          "pnt": 12
        },
        {
          "ans": "Rat",
          "pnt": 3
        }
      ],
      "multiply": 1,
      "question": "Name Something That Builds A Nest"
    },
    {
      "answers": [
        {
          "ans": "Laundry",
          "pnt": 36
        },
        {
          "ans": "Dishes",
          "pnt": 22
        },
        {
          "ans": "Cooking",
          "pnt": 19
        },
        {
          "ans": "Fixing Car",
          "pnt": 8
        },
        {
          "ans": "Mowing Lawn",
          "pnt": 5
        },
        {
          "ans": "Fixing Toilet",
          "pnt": 3
        }
      ],
      "multiply": 1,
      "question": "Name A Job Many Husbands Pretend They Don’t Know How To Do, Just To Get Out Of Doing It."
    },
    {
      "answers": [
        {
          "ans": "Dog ",
          "pnt": 48
        },
        {
          "ans": "Gerbil ",
          "pnt": 31
        },
        {
          "ans": "Hampster ",
          "pnt": 20
        },
        {
          "ans": "Rabbit ",
          "pnt": 13
        }
      ],
      "multiply": 2,
      "question": "Name A Pet All Children Want"
    },
    {
      "answers": [
        {
          "ans": "Popcorn ",
          "pnt": 49
        },
        {
          "ans": "Crisps ",
          "pnt": 32
        },
        {
          "ans": "Nuts ",
          "pnt": 21
        },
        {
          "ans": "Chips ",
          "pnt": 14
        }
      ],
      "multiply": 2,
      "question": "Name Something You Eat By The Handful"
    },
    {
      "answers": [
        {
          "ans": "Al/ Peggy Bundy",
          "pnt": 41
        },
        {
          "ans": "Homer/Marge Simpson",
          "pnt": 27
        },
        {
          "ans": "RoseAnn/ Dan Conner",
          "pnt": 17
        },
        {
          "ans": "Archie/Edith Bunker",
          "pnt": 11
        }
      ],
      "multiply": 2,
      "question": "Past Or Present, Name A TV Couple Whose Marriage You Don’t Want To Emulate."
    }
  ],
  "final_round": [
    {
      "answers": [
        [
          "Muscle Man",
          32
        ],
        [
          "Coffee",
          16
        ],
        [
          "Metal/Steel",
          15
        ],
        [
          "Odor",
          14
        ],
        [
          "Cocktail",
          5
        ],
        [
          "Will/Heart",
          4
        ]
      ],
      "question": "Name Something That Might Be Described As “Strong.”"
    },
    {
      "answers": [
        [
          "Newman ",
          56
        ],
        [
          "Scholes ",
          36
        ],
        [
          "Mc Cartney ",
          24
        ],
        [
          "O Grady ",
          16
        ],
        [
          "Daniels ",
          10
        ],
        [
          "Merton ",
          7
        ]
      ],
      "question": "Name A Famous Paul (Surname)"
    },
    {
      "answers": [
        [
          "Monkey Bars",
          66
        ],
        [
          "Swing",
          24
        ],
        [
          "See Saw",
          6
        ],
        [
          "Chinup Bar",
          3
        ]
      ],
      "question": "Name Something On A Kids’ Playground That Adults Could Use As Exercise Equipment."
    },
    {
      "answers": [
        [
          "Clothes Don’t Fit",
          24
        ],
        [
          "Back Pain",
          16
        ],
        [
          "Hungry",
          14
        ],
        [
          "Tired",
          14
        ],
        [
          "Morning Sickness",
          12
        ],
        [
          "Swollen Feet",
          10
        ],
        [
          "Cramps",
          7
        ]
      ],
      "question": "Name A Complaint A Pregnant Women Might Have"
    }
  ],
  "final_round_timers": [
    20,
    25
  ]
}