{
  "rounds": [
    {
      "answers": [
        {
          "ans": "Salesperson",
          "pnt": 29
        },
        {
          "ans": "Collections/Landlord",
          "pnt": 19
        },
        {
          "ans": "Parents/In Laws",
          "pnt": 12
        },
        {
          "ans": "Neighbor",
          "pnt": 12
        },
        {
          "ans": "Cops",
          "pnt": 10
        },
        {
          "ans": "Friend",
          "pnt": 10
        },
        {
          "ans": "Postal Worker",
          "pnt": 6
        }
      ],
      "multiply": 1,
      "question": "Tell Me Who Was At The Door The Last Time You Pretended Not To Be Home."
    },
    {
      "answers": [
        {
          "ans": "Smoking",
          "pnt": 48
        },
        {
          "ans": "Drinking",
          "pnt": 23
        },
        {
          "ans": "Staying Out Late",
          "pnt": 12
        },
        {
          "ans": "Swearing",
          "pnt": 11
        }
      ],
      "multiply": 1,
      "question": "Name Something A Woman Might Want Her Husband To Quit Doing Before They Have Children"
    },
    {
      "answers": [
        {
          "ans": "Vicar ",
          "pnt": 58
        },
        {
          "ans": "Altar ",
          "pnt": 38
        },
        {
          "ans": "Pew ",
          "pnt": 25
        },
        {
          "ans": "People ",
          "pnt": 16
        },
        {
          "ans": "Seats ",
          "pnt": 11
        },
        {
          "ans": "Stain Glass Windows ",
          "pnt": 7
        }
      ],
      "multiply": 1,
      "question": "Name Something You Might Find In A Church"
    },
    {
      "answers": [
        {
          "ans": "Wedding",
          "pnt": 52
        },
        {
          "ans": "Party",
          "pnt": 32
        },
        {
          "ans": "Reunion",
          "pnt": 6
        },
        {
          "ans": "Christmas",
          "pnt": 5
        }
      ],
      "multiply": 2,
      "question": "What Event Might Someone Attend Without Their Spouse That Would Make You Think They Broke Up?"
    },
    {
      "answers": [
        {
          "ans": "Candles",
          "pnt": 35
        },
        {
          "ans": "Mirrors",
          "pnt": 25
        },
        {
          "ans": "Colored Lights",
          "pnt": 16
        },
        {
          "ans": "Silk Sheets",
          "pnt": 11
        },
        {
          "ans": "Stereo System",
          "pnt": 6
        }
      ],
      "multiply": 2,
      "question": "Name Something A Bachelor Might Buy For His Bedroom To Make It More Romantic."
    },
    {
      "answers": [
        {
          "ans": "Legs",
          "pnt": 27
        },
        {
          "ans": "Hearts",
          "pnt": 25
        },
        {
          "ans": "Glass",
          "pnt": 18
        },
        {
          "ans": "Promise",
          "pnt": 14
        },
        {
          "ans": "Rules",
          "pnt": 7
        },
        {
          "ans": "The Bank",
          "pnt": 5
        },
        {
          "ans": "Habbits",
          "pnt": 3
        }
      ],
      "multiply": 2,
      "question": "Name Something People Are Said To “Break.”"
    }
  ],
  "final_round": [
    {
      "answers": [
        [
          "Her waist",
          33
        ],
        [
          "Bust",
          30
        ],
        [
          "Her Hips",
          10
        ],
        [
          "Her Weight",
          7
        ],
        [
          "Butt Size",
          7
        ],
        [
          "Feet Size",
          6
        ]
      ],
      "question": "Name A Measurement A Man Probably Doesn’t Know About His Wife’s Body."
    },
    {
      "answers": [
        [
          "Dating",
          53
        ],
        [
          "Divorce",
          34
        ],
        [
          "Kids",
          23
        ],
        [
          "Wedding",
          15
        ],
        [
          "Infidelity",
          10
        ],
        [
          "Diet",
          6
        ],
        [
          "Plastic Surgery",
          4
        ]
      ],
      "question": "Name Something About A Celebrity’s Life Plastered Magazines"
    },
    {
      "answers": [
        [
          "Jokes",
          40
        ],
        [
          "Being Tickled",
          26
        ],
        [
          "TV Show/Movie",
          17
        ],
        [
          "Clown",
          11
        ]
      ],
      "question": "Name Something That Causes A Person To Laugh"
    },
    {
      "answers": [
        [
          "Drink Alcohol",
          44
        ],
        [
          "Drive",
          31
        ],
        [
          "Vote",
          9
        ],
        [
          "Smoke",
          7
        ],
        [
          "Gamble",
          4
        ],
        [
          "Retire",
          3
        ]
      ],
      "question": "Name Something You Can’t Do Until You’re A Certain Age."
    }
  ],
  "final_round_timers": [
    20,
    25
  ]
}