{
  "rounds": [
    {
      "answers": [
        {
          "ans": "Stores",
          "pnt": 45
        },
        {
          "ans": "People",
          "pnt": 19
        },
        {
          "ans": "Entertainment",
          "pnt": 13
        },
        {
          "ans": "Crime",
          "pnt": 7
        },
        {
          "ans": "Traffic",
          "pnt": 7
        },
        {
          "ans": "Money",
          "pnt": 6
        }
      ],
      "multiply": 1,
      "question": "Name Something A Small Town May Lack."
    },
    {
      "answers": [
        {
          "ans": "Crashing The Car",
          "pnt": 43
        },
        {
          "ans": "Speeding",
          "pnt": 22
        },
        {
          "ans": "Fighting",
          "pnt": 17
        },
        {
          "ans": "Jumping Off Roof",
          "pnt": 15
        }
      ],
      "multiply": 1,
      "question": "Name Something A Hollywood Stunt Person Gets Paid To Do, But Your Teen Would Get Punished For Doing."
    },
    {
      "answers": [
        {
          "ans": "Beef",
          "pnt": 43
        },
        {
          "ans": "Milkbone",
          "pnt": 25
        },
        {
          "ans": "Bacon",
          "pnt": 13
        },
        {
          "ans": "Chicken",
          "pnt": 9
        },
        {
          "ans": "Cat",
          "pnt": 8
        }
      ],
      "multiply": 1,
      "question": "If There Was A Gourmet Cafe For Dogs, Which Coffee Flavors Would Likely Be On The Menu?"
    },
    {
      "answers": [
        {
          "ans": "Blue Jeans",
          "pnt": 41
        },
        {
          "ans": "Shorts",
          "pnt": 27
        },
        {
          "ans": "T Shirt",
          "pnt": 17
        },
        {
          "ans": "Bathing Suit",
          "pnt": 11
        },
        {
          "ans": "Tank Top",
          "pnt": 7
        },
        {
          "ans": "Sneakers",
          "pnt": 5
        },
        {
          "ans": "Sweats",
          "pnt": 3
        }
      ],
      "multiply": 2,
      "question": "Name An Article Of Clothing Never Wear Fancy Restaurant"
    },
    {
      "answers": [
        {
          "ans": "Run",
          "pnt": 50
        },
        {
          "ans": "Go In To Work",
          "pnt": 18
        },
        {
          "ans": "Yard Work",
          "pnt": 15
        },
        {
          "ans": "Sleep",
          "pnt": 10
        },
        {
          "ans": "Breathe",
          "pnt": 5
        }
      ],
      "multiply": 2,
      "question": "Name Something That’s Hard To Do On A Particularly Hot Summer Day."
    },
    {
      "answers": [
        {
          "ans": "Bedtime",
          "pnt": 45
        },
        {
          "ans": "Before A Trip",
          "pnt": 33
        },
        {
          "ans": "Before Church",
          "pnt": 14
        },
        {
          "ans": "At The Movies",
          "pnt": 7
        }
      ],
      "multiply": 2,
      "question": "Name An Instance When Parents Are Likely To Ask Their Children If They Need To Use The Bathroom."
    }
  ],
  "final_round": [
    {
      "answers": [
        [
          "Speed",
          40
        ],
        [
          "Not Clean It",
          15
        ],
        [
          "Travel Far",
          13
        ],
        [
          "Smoke In It",
          9
        ],
        [
          "Crash It",
          7
        ],
        [
          "Drive Recklessly",
          7
        ]
      ],
      "question": "Name Something People Might Do With A Rental Car That They Wouldn’t Do With Their Own Car."
    },
    {
      "answers": [
        [
          "Party",
          40
        ],
        [
          "Wedding",
          26
        ],
        [
          "New Job",
          17
        ],
        [
          "Famous",
          11
        ],
        [
          "Reunion",
          7
        ]
      ],
      "question": "Name A Reason Why You Might Get Introduced Many People At Once"
    },
    {
      "answers": [
        [
          "Eagle ",
          52
        ],
        [
          "Ostrich ",
          34
        ],
        [
          "Penguin ",
          22
        ],
        [
          "Falcon ",
          14
        ]
      ],
      "question": "Name A Type Of Bird You'd Never Keep As A Household Pet"
    },
    {
      "answers": [
        [
          "Names",
          31
        ],
        [
          "Feeding",
          26
        ],
        [
          "Labor Pain",
          15
        ],
        [
          "Potty Training",
          10
        ],
        [
          "Must Have Items",
          9
        ],
        [
          "Sleeping Schedule",
          7
        ]
      ],
      "question": "Name Something A Mother-To-Be Might Ask Her Friends’ Advice On Before The Baby Is Born."
    }
  ],
  "final_round_timers": [
    20,
    25
  ]
}