{
  "rounds": [
    {
      "answers": [
        {
          "ans": "Laziness",
          "pnt": 43
        },
        {
          "ans": "Lateness",
          "pnt": 27
        },
        {
          "ans": "Lying",
          "pnt": 11
        },
        {
          "ans": "Stealing",
          "pnt": 5
        },
        {
          "ans": "Poor Attendance",
          "pnt": 5
        }
      ],
      "multiply": 1,
      "question": "Which Bad Work Trait Would Be Hard To Detect While Interviewing Someone?"
    },
    {
      "answers": [
        {
          "ans": "Burp",
          "pnt": 41
        },
        {
          "ans": "Elbows On Table",
          "pnt": 32
        },
        {
          "ans": "Talk With Full Mouth",
          "pnt": 18
        },
        {
          "ans": "Eat With Hands",
          "pnt": 3
        },
        {
          "ans": "Chew With Mouth Open",
          "pnt": 3
        }
      ],
      "multiply": 1,
      "question": "Name Something People Do At The Dinner Table, Even Though It’s Considered Bad Manners"
    },
    {
      "answers": [
        {
          "ans": "School",
          "pnt": 28
        },
        {
          "ans": "Mall",
          "pnt": 26
        },
        {
          "ans": "Sports Game",
          "pnt": 21
        },
        {
          "ans": "Park",
          "pnt": 12
        },
        {
          "ans": "Car Dealership",
          "pnt": 6
        },
        {
          "ans": "Grocery Store",
          "pnt": 5
        }
      ],
      "multiply": 1,
      "question": "Name A Place Where You Might See Lots Of Minivans In The Parking Lot."
    },
    {
      "answers": [
        {
          "ans": "Cat ",
          "pnt": 43
        },
        {
          "ans": "Dog ",
          "pnt": 28
        },
        {
          "ans": "Dolphin ",
          "pnt": 18
        }
      ],
      "multiply": 2,
      "question": "Name An Animal That Plays With A Ball"
    },
    {
      "answers": [
        {
          "ans": "Bartender",
          "pnt": 42
        },
        {
          "ans": "DJ",
          "pnt": 27
        },
        {
          "ans": "People",
          "pnt": 18
        },
        {
          "ans": "Drinks",
          "pnt": 12
        },
        {
          "ans": "Band",
          "pnt": 7
        },
        {
          "ans": "Lights",
          "pnt": 5
        },
        {
          "ans": "Dancers",
          "pnt": 3
        }
      ],
      "multiply": 2,
      "question": "Name Something Or Someone At A Nightclub"
    },
    {
      "answers": [
        {
          "ans": "Breakfast",
          "pnt": 42
        },
        {
          "ans": "Makeup",
          "pnt": 14
        },
        {
          "ans": "Shower",
          "pnt": 14
        },
        {
          "ans": "Doing Dishes",
          "pnt": 11
        },
        {
          "ans": "Coffee",
          "pnt": 6
        },
        {
          "ans": "Exercise",
          "pnt": 5
        }
      ],
      "multiply": 2,
      "question": "Name Something You Might Cut Out Of Your Morning Routine If You Were In A Big Hurry"
    }
  ],
  "final_round": [
    {
      "answers": [
        [
          "Shave",
          46
        ],
        [
          "Work Out",
          33
        ],
        [
          "New Hairstyle",
          14
        ],
        [
          "Dress Up",
          4
        ]
      ],
      "question": "Name Something A Woman Might Suggest Her Husband Do To Improve His Appearance."
    },
    {
      "answers": [
        [
          "Red Light",
          32
        ],
        [
          "Accident",
          23
        ],
        [
          "Traffic Jam",
          21
        ],
        [
          "Police/Sirens",
          12
        ],
        [
          "Needs Gas",
          8
        ]
      ],
      "question": "Other Than For A Passenger, Name A Reason A Cab Driver Would Stop The Car."
    },
    {
      "answers": [
        [
          "Floral",
          43
        ],
        [
          "Plaid",
          26
        ],
        [
          "Polka Dots",
          17
        ],
        [
          "Paisley",
          7
        ],
        [
          "Leopard Print",
          5
        ]
      ],
      "question": "Name A Print You’d Find On A Woman’s Dress, But Not On A Country’s Flag."
    },
    {
      "answers": [
        [
          "E Mail",
          37
        ],
        [
          "Time",
          31
        ],
        [
          "Mailbox",
          11
        ],
        [
          "Hair",
          10
        ],
        [
          "Voice Mail",
          6
        ]
      ],
      "question": "Name Something People Check At Least Once A Day."
    }
  ],
  "final_round_timers": [
    20,
    25
  ]
}