{
  "rounds": [
    {
      "answers": [
        {
          "ans": "Water ",
          "pnt": 48
        },
        {
          "ans": "Food ",
          "pnt": 31
        },
        {
          "ans": "Hat / Cap ",
          "pnt": 20
        },
        {
          "ans": "Shade ",
          "pnt": 13
        },
        {
          "ans": "Map ",
          "pnt": 9
        },
        {
          "ans": "Compass ",
          "pnt": 6
        }
      ],
      "multiply": 1,
      "question": "Name Something You Might Need If Lost In A Desert"
    },
    {
      "answers": [
        {
          "ans": "Money",
          "pnt": 59
        },
        {
          "ans": "House",
          "pnt": 38
        },
        {
          "ans": "Freedom",
          "pnt": 25
        },
        {
          "ans": "Apple Pie",
          "pnt": 16
        },
        {
          "ans": "Car",
          "pnt": 11
        }
      ],
      "multiply": 1,
      "question": "Name Things That Are Part Of The American Dream"
    },
    {
      "answers": [
        {
          "ans": "Shower",
          "pnt": 38
        },
        {
          "ans": "Coffeemaker",
          "pnt": 26
        },
        {
          "ans": "Car",
          "pnt": 18
        },
        {
          "ans": "Hair Dryer",
          "pnt": 6
        },
        {
          "ans": "Alarm Clock",
          "pnt": 5
        }
      ],
      "multiply": 1,
      "question": "During Your Morning Routine, Name Something You’d Hate To Discover Wasn’t Working."
    },
    {
      "answers": [
        {
          "ans": "Pepperoni",
          "pnt": 33
        },
        {
          "ans": "Onions",
          "pnt": 27
        },
        {
          "ans": "Mushrooms",
          "pnt": 14
        },
        {
          "ans": "Sausage",
          "pnt": 10
        },
        {
          "ans": "Olives",
          "pnt": 6
        },
        {
          "ans": "Anchovies",
          "pnt": 3
        },
        {
          "ans": "Peppers",
          "pnt": 3
        }
      ],
      "multiply": 2,
      "question": "If You Ordered A Pizza With “The Works”, Name A Topping That You’d Expect."
    },
    {
      "answers": [
        {
          "ans": "Brush Their Teeth ",
          "pnt": 50
        },
        {
          "ans": "Ask For A Story ",
          "pnt": 33
        },
        {
          "ans": "Pray ",
          "pnt": 21
        },
        {
          "ans": "Kiss Goodnite ",
          "pnt": 14
        },
        {
          "ans": "Turn Light Out ",
          "pnt": 9
        }
      ],
      "multiply": 2,
      "question": "Name Something A Child Might Do Before They Go To Bed"
    },
    {
      "answers": [
        {
          "ans": "Joan Of Ark ",
          "pnt": 51
        },
        {
          "ans": "Florence Nightingale",
          "pnt": 33
        },
        {
          "ans": "Margeret Thatcher ",
          "pnt": 22
        },
        {
          "ans": "Mother Theresa ",
          "pnt": 14
        },
        {
          "ans": "Cleopatra ",
          "pnt": 9
        }
      ],
      "multiply": 2,
      "question": "Apart From The Queen Name A Famous Woman In History"
    }
  ],
  "final_round": [
    {
      "answers": [
        [
          "Study",
          53
        ],
        [
          "Play Sports",
          34
        ],
        [
          "Eat",
          23
        ],
        [
          "Dress",
          15
        ],
        [
          "Walk",
          10
        ],
        [
          "Socialize",
          6
        ],
        [
          "Date",
          4
        ]
      ],
      "question": "Name Something That Jocks In High School Don’t Do Same As Their Peers"
    },
    {
      "answers": [
        [
          "Have Photo Taken ",
          46
        ],
        [
          "Have Your Fortune Told ",
          30
        ],
        [
          "Kiss ",
          20
        ],
        [
          "Smoke ",
          13
        ],
        [
          "Work ",
          8
        ]
      ],
      "question": "Name Something You Do In A Booth"
    },
    {
      "answers": [
        [
          "Chocolate",
          42
        ],
        [
          "Strawberries",
          30
        ],
        [
          "Oysters",
          12
        ],
        [
          "Spaghetti",
          8
        ],
        [
          "Steak",
          5
        ]
      ],
      "question": "Name A Food That’s Associated With Romance."
    },
    {
      "answers": [
        [
          "Swim",
          40
        ],
        [
          "Run Track",
          33
        ],
        [
          "Sauna",
          8
        ],
        [
          "Lift Weights",
          6
        ],
        [
          "Socialize",
          5
        ]
      ],
      "question": "Name Something You Can’t Do In A Home Gym Thant You Can Do In A Real Gym"
    }
  ],
  "final_round_timers": [
    20,
    25
  ]
}