{
  "rounds": [
    {
      "answers": [
        {
          "ans": "Eyes",
          "pnt": 51
        },
        {
          "ans": "Hair",
          "pnt": 29
        },
        {
          "ans": "Smile",
          "pnt": 8
        },
        {
          "ans": "Clothes",
          "pnt": 8
        },
        {
          "ans": "Body",
          "pnt": 3
        }
      ],
      "multiply": 1,
      "question": "Name Something Specific A Man Often Compliments A Woman On When Trying To Pick Her Up."
    },
    {
      "answers": [
        {
          "ans": "Shirt",
          "pnt": 55
        },
        {
          "ans": "Underwear",
          "pnt": 36
        },
        {
          "ans": "Socks",
          "pnt": 23
        },
        {
          "ans": "Pants",
          "pnt": 15
        }
      ],
      "multiply": 1,
      "question": "Name Something A Batchelor Might Turn Inside Out"
    },
    {
      "answers": [
        {
          "ans": "Fast Food Restaurant",
          "pnt": 41
        },
        {
          "ans": "Movies",
          "pnt": 27
        },
        {
          "ans": "Park",
          "pnt": 17
        },
        {
          "ans": "Bar",
          "pnt": 11
        },
        {
          "ans": "Bowling Alley",
          "pnt": 7
        }
      ],
      "multiply": 1,
      "question": "Where Might A Cheapskate Take You On A First Date?"
    },
    {
      "answers": [
        {
          "ans": "Jungle ",
          "pnt": 47
        },
        {
          "ans": "Rain / Rainforest ",
          "pnt": 31
        },
        {
          "ans": "River ",
          "pnt": 20
        },
        {
          "ans": "Snakes ",
          "pnt": 13
        },
        {
          "ans": "Piranhas ",
          "pnt": 8
        }
      ],
      "multiply": 2,
      "question": "Name Something Associated With The Amazon"
    },
    {
      "answers": [
        {
          "ans": "Goldfish",
          "pnt": 42
        },
        {
          "ans": "Kitten",
          "pnt": 14
        },
        {
          "ans": "Bunny",
          "pnt": 12
        },
        {
          "ans": "Hamster",
          "pnt": 10
        },
        {
          "ans": "Turtle",
          "pnt": 8
        },
        {
          "ans": "Gerbil",
          "pnt": 6
        }
      ],
      "multiply": 2,
      "question": "Name An Animal In A Pet Store That Probably Wouldn’t Attack Someone."
    },
    {
      "answers": [
        {
          "ans": "Food/drinks",
          "pnt": 36
        },
        {
          "ans": "Presents/bonus",
          "pnt": 21
        },
        {
          "ans": "Fun",
          "pnt": 18
        },
        {
          "ans": "To network/suck up",
          "pnt": 14
        }
      ],
      "multiply": 2,
      "question": "Tell me a good reason to attend your company holiday party."
    }
  ],
  "final_round": [
    {
      "answers": [
        [
          "Sporting Event",
          50
        ],
        [
          "Carnival",
          32
        ],
        [
          "Street Corner",
          9
        ],
        [
          "Beach",
          5
        ]
      ],
      "question": "Name A Place Where Hot Dogs Are Often Served."
    },
    {
      "answers": [
        [
          "Age",
          57
        ],
        [
          "Job",
          37
        ],
        [
          "Curfew",
          24
        ],
        [
          "Education",
          16
        ],
        [
          "Intentions",
          10
        ]
      ],
      "question": "Name Something A Parent May Grill Their Daughters About"
    },
    {
      "answers": [
        [
          "Family Feud",
          38
        ],
        [
          "Wheel Of Fortune",
          30
        ],
        [
          "Price Is Right",
          15
        ],
        [
          "Millionaire",
          5
        ],
        [
          "Lingo",
          4
        ],
        [
          "Jeopardy",
          3
        ],
        [
          "Deal Or No Deal",
          3
        ]
      ],
      "question": "Name A TV Gameshow You Think You Have A Good Chance Of Winning"
    },
    {
      "answers": [
        [
          "Sour",
          41
        ],
        [
          "Old",
          29
        ],
        [
          "Rotten",
          18
        ],
        [
          "Curdled",
          8
        ]
      ],
      "question": "Name A Word Or Phrase Used To Describe Milk That’s Past Its Expiration Date."
    }
  ],
  "final_round_timers": [
    20,
    25
  ]
}