{
  "rounds": [
    {
      "answers": [
        {
          "ans": "Cigarettes",
          "pnt": 56
        },
        {
          "ans": "Rotten Fruit",
          "pnt": 8
        },
        {
          "ans": "Spoiled Milk",
          "pnt": 8
        },
        {
          "ans": "Fish",
          "pnt": 7
        },
        {
          "ans": "Wet Dog",
          "pnt": 6
        },
        {
          "ans": "Body Ordor",
          "pnt": 5
        },
        {
          "ans": "Onion",
          "pnt": 3
        }
      ],
      "multiply": 1,
      "question": "Name Something That Can Stink Up Your Car"
    },
    {
      "answers": [
        {
          "ans": "Staying Up Late",
          "pnt": 51
        },
        {
          "ans": "Sneaking Out",
          "pnt": 31
        },
        {
          "ans": "Eating Junk Food",
          "pnt": 9
        },
        {
          "ans": "Drinking",
          "pnt": 4
        }
      ],
      "multiply": 1,
      "question": "Name Something Kids Might Try To Get Away With At A Sleepover"
    },
    {
      "answers": [
        {
          "ans": "Mileage",
          "pnt": 38
        },
        {
          "ans": "Gas",
          "pnt": 34
        },
        {
          "ans": "If There Is Damage",
          "pnt": 15
        },
        {
          "ans": "If It is Clean",
          "pnt": 12
        }
      ],
      "multiply": 1,
      "question": "Name Something Specific A Rental Car Company Checks When You Return Your Car."
    },
    {
      "answers": [
        {
          "ans": "Jell O",
          "pnt": 46
        },
        {
          "ans": "Soup",
          "pnt": 28
        },
        {
          "ans": "Ice Cream",
          "pnt": 12
        },
        {
          "ans": "Pudding",
          "pnt": 8
        },
        {
          "ans": "Apple Sauce",
          "pnt": 6
        }
      ],
      "multiply": 2,
      "question": "What Do People Eat In The Hospital"
    },
    {
      "answers": [
        {
          "ans": "Color",
          "pnt": 47
        },
        {
          "ans": "License Plate",
          "pnt": 34
        },
        {
          "ans": "Dents",
          "pnt": 6
        },
        {
          "ans": "Bumper Stickers",
          "pnt": 4
        },
        {
          "ans": "Tires",
          "pnt": 3
        },
        {
          "ans": "Dirty/Clean",
          "pnt": 3
        }
      ],
      "multiply": 2,
      "question": "How Can You Tell One Car Apart From Another Of The Same Model And Year?"
    },
    {
      "answers": [
        {
          "ans": "Toy Store",
          "pnt": 44
        },
        {
          "ans": "Toy Maker",
          "pnt": 27
        },
        {
          "ans": "Child Care",
          "pnt": 18
        },
        {
          "ans": "Puppeteer",
          "pnt": 9
        }
      ],
      "multiply": 2,
      "question": "Name A Job Where You Get To Play With Dolls All Day."
    }
  ],
  "final_round": [
    {
      "answers": [
        [
          "Tea ",
          50
        ],
        [
          "Coffee ",
          33
        ],
        [
          "Cereal ",
          21
        ],
        [
          "Eggs ",
          14
        ]
      ],
      "question": "Name Something You Add Milk To"
    },
    {
      "answers": [
        [
          "Save Them",
          68
        ],
        [
          "Throw In A Fountain",
          12
        ],
        [
          "Roll Them Up",
          9
        ],
        [
          "Throw Them Away",
          3
        ],
        [
          "Spend Them",
          3
        ]
      ],
      "question": "Name Something People Do With Pennies."
    },
    {
      "answers": [
        [
          "Woods",
          36
        ],
        [
          "Mountains",
          13
        ],
        [
          "Farm",
          12
        ],
        [
          "Garden",
          12
        ],
        [
          "Grass",
          9
        ],
        [
          "Desert",
          9
        ],
        [
          "Zoo",
          7
        ]
      ],
      "question": "Name Someplace You Might Expect To Find A Snake."
    },
    {
      "answers": [
        [
          "Dennis Rodman",
          22
        ],
        [
          "Charlie Sheen",
          20
        ],
        [
          "Paris Hilton",
          16
        ],
        [
          "Lindsay Lohan",
          15
        ],
        [
          "Mike Tyson",
          7
        ],
        [
          "Kid Rock",
          7
        ],
        [
          "Britney Spears",
          6
        ]
      ],
      "question": "Name a Rowdy Star Who Might Benefit From Going To Charm School"
    }
  ],
  "final_round_timers": [
    20,
    25
  ]
}