{
  "rounds": [
    {
      "answers": [
        {
          "ans": "Matches",
          "pnt": 46
        },
        {
          "ans": "Lighter",
          "pnt": 25
        },
        {
          "ans": "Gasoline",
          "pnt": 12
        },
        {
          "ans": "Kindling",
          "pnt": 11
        },
        {
          "ans": "newspaper",
          "pnt": 4
        }
      ],
      "multiply": 1,
      "question": "Name Something A Boy Scout Wouldn’t Need To Start A Fire, But You Do"
    },
    {
      "answers": [
        {
          "ans": "Hammer ",
          "pnt": 44
        },
        {
          "ans": "Finger ",
          "pnt": 29
        },
        {
          "ans": "Polish ",
          "pnt": 19
        },
        {
          "ans": "Wood ",
          "pnt": 12
        },
        {
          "ans": "Building ",
          "pnt": 8
        }
      ],
      "multiply": 1,
      "question": "Name Something Associated With Nails"
    },
    {
      "answers": [
        {
          "ans": "Bathroom",
          "pnt": 42
        },
        {
          "ans": "kitchen",
          "pnt": 27
        },
        {
          "ans": "Basement",
          "pnt": 18
        },
        {
          "ans": "Laundry Room",
          "pnt": 12
        }
      ],
      "multiply": 1,
      "question": "Name A Room In Your House You Wouldn’t Want Carpeted."
    },
    {
      "answers": [
        {
          "ans": "Car Keys",
          "pnt": 54
        },
        {
          "ans": "Wallet",
          "pnt": 33
        },
        {
          "ans": "Pen",
          "pnt": 5
        },
        {
          "ans": "Pocket Knife",
          "pnt": 3
        }
      ],
      "multiply": 2,
      "question": "If Someone Turned You Upside Down, Name Something That Would Fall Out Of Your Pockets."
    },
    {
      "answers": [
        {
          "ans": "Mow The Lawn",
          "pnt": 48
        },
        {
          "ans": "Plant Flowers",
          "pnt": 31
        },
        {
          "ans": "Host Barbeque",
          "pnt": 20
        },
        {
          "ans": "Paint The House",
          "pnt": 13
        },
        {
          "ans": "Wash The Car",
          "pnt": 9
        },
        {
          "ans": "Decorate Holiday",
          "pnt": 6
        },
        {
          "ans": "Buy New Car",
          "pnt": 3
        }
      ],
      "multiply": 2,
      "question": "Name Something That, Once You Do It, Neighbors Start Doing It"
    },
    {
      "answers": [
        {
          "ans": "Wine ",
          "pnt": 52
        },
        {
          "ans": "Bottle ",
          "pnt": 34
        },
        {
          "ans": "Tiles ",
          "pnt": 22
        },
        {
          "ans": "Corkscrew ",
          "pnt": 14
        },
        {
          "ans": "Champagne ",
          "pnt": 9
        },
        {
          "ans": "Ireland ",
          "pnt": 6
        }
      ],
      "multiply": 2,
      "question": "Name Something You Associate With The Word Cork"
    }
  ],
  "final_round": [
    {
      "answers": [
        [
          "Book ",
          56
        ],
        [
          "Movie ",
          36
        ],
        [
          "Play ",
          24
        ],
        [
          "Restaurant ",
          16
        ],
        [
          "Music ",
          10
        ]
      ],
      "question": "Name Something A Critic Might Review"
    },
    {
      "answers": [
        [
          "Produce",
          34
        ],
        [
          "Meat",
          23
        ],
        [
          "Frozen Food",
          14
        ],
        [
          "Bakery",
          9
        ],
        [
          "Check Out",
          8
        ],
        [
          "Dairy Section",
          5
        ]
      ],
      "question": "Name The Best Part Of The Grocery Store To Pick Up A Date"
    },
    {
      "answers": [
        [
          "Teacher",
          58
        ],
        [
          "Writer",
          17
        ],
        [
          "Librarian",
          13
        ],
        [
          "Editor",
          8
        ],
        [
          "Journalist",
          4
        ]
      ],
      "question": "Name a profession that would help you be good at solving crossword puzzles."
    },
    {
      "answers": [
        [
          "Monster",
          43
        ],
        [
          "Snake",
          16
        ],
        [
          "Rotting Food",
          12
        ],
        [
          "Spider",
          10
        ],
        [
          "Rodent",
          8
        ],
        [
          "Dust",
          4
        ],
        [
          "Person",
          3
        ]
      ],
      "question": "Name Something You Would Hate To Find Under Your Bed"
    }
  ],
  "final_round_timers": [
    20,
    25
  ]
}