{
  "rounds": [
    {
      "answers": [
        {
          "ans": "Weather ",
          "pnt": 56
        },
        {
          "ans": "Health ",
          "pnt": 36
        },
        {
          "ans": "Prices ",
          "pnt": 24
        },
        {
          "ans": "Partners ",
          "pnt": 16
        },
        {
          "ans": "Work ",
          "pnt": 10
        },
        {
          "ans": "Traffic ",
          "pnt": 7
        }
      ],
      "multiply": 1,
      "question": "Name Something People Moan About"
    },
    {
      "answers": [
        {
          "ans": "Gray Hair",
          "pnt": 43
        },
        {
          "ans": "Wrinkles",
          "pnt": 39
        },
        {
          "ans": "Fat",
          "pnt": 12
        },
        {
          "ans": "Bald",
          "pnt": 4
        }
      ],
      "multiply": 1,
      "question": "Name Something Most People Start To Get By The Age Of 35"
    },
    {
      "answers": [
        {
          "ans": "Birthday ",
          "pnt": 57
        },
        {
          "ans": "Christmas ",
          "pnt": 37
        },
        {
          "ans": "Wedding ",
          "pnt": 24
        }
      ],
      "multiply": 1,
      "question": "Name An Occasion When You Give A Present"
    },
    {
      "answers": [
        {
          "ans": "Expectations",
          "pnt": 48
        },
        {
          "ans": "Mom",
          "pnt": 31
        },
        {
          "ans": "Fiancee",
          "pnt": 20
        },
        {
          "ans": "Dancer",
          "pnt": 13
        },
        {
          "ans": "Boss",
          "pnt": 9
        },
        {
          "ans": "Dad",
          "pnt": 6
        },
        {
          "ans": "Minister",
          "pnt": 3
        }
      ],
      "multiply": 2,
      "question": "Tell Me A Person You Wouldn’t Want See Batchelorette Party"
    },
    {
      "answers": [
        {
          "ans": "Park ",
          "pnt": 54
        },
        {
          "ans": "Forest ",
          "pnt": 35
        },
        {
          "ans": "Race Track ",
          "pnt": 23
        }
      ],
      "multiply": 2,
      "question": "Name A Place You Might Take A Dog For A Run"
    },
    {
      "answers": [
        {
          "ans": "Loud Sounds",
          "pnt": 38
        },
        {
          "ans": "Played Too Much",
          "pnt": 22
        },
        {
          "ans": "Too Long",
          "pnt": 15
        },
        {
          "ans": "Catchy Song",
          "pnt": 15
        },
        {
          "ans": "Too Boring",
          "pnt": 6
        }
      ],
      "multiply": 2,
      "question": "Name A Reason Why Some TV Commercials Are More Irritating Than Others."
    }
  ],
  "final_round": [
    {
      "answers": [
        [
          "Fingers ",
          59
        ],
        [
          "Mirror ",
          38
        ],
        [
          "Drill ",
          25
        ],
        [
          "Scraper ",
          16
        ],
        [
          "Torch ",
          11
        ]
      ],
      "question": "Name Something Dentists Put In Your Mouth"
    },
    {
      "answers": [
        [
          "Many Scratches",
          30
        ],
        [
          "Strong Smells",
          28
        ],
        [
          "Hair All Over",
          25
        ],
        [
          "Lots Of Stains",
          4
        ],
        [
          "Chewed Up",
          4
        ]
      ],
      "question": "Name Something That Happens To The Furniture Of A Person Who Owns Pets."
    },
    {
      "answers": [
        [
          "Bathing",
          62
        ],
        [
          "Swimming",
          18
        ],
        [
          "Cooking",
          14
        ],
        [
          "Dishes",
          6
        ]
      ],
      "question": "What Activity Don’t You Start Doing Until The Water Gets Warm?"
    },
    {
      "answers": [
        [
          "Hot Dogs",
          36
        ],
        [
          "Pizza",
          35
        ],
        [
          "Cheesecake",
          15
        ],
        [
          "Bagels",
          8
        ]
      ],
      "question": "Name A Food New York Is Famous For."
    }
  ],
  "final_round_timers": [
    20,
    25
  ]
}