{
  "rounds": [
    {
      "answers": [
        {
          "ans": "Camping Ground ",
          "pnt": 46
        },
        {
          "ans": "Caravan Park ",
          "pnt": 30
        },
        {
          "ans": "Park ",
          "pnt": 20
        },
        {
          "ans": "Circus ",
          "pnt": 13
        },
        {
          "ans": "Beach ",
          "pnt": 8
        }
      ],
      "multiply": 1,
      "question": "Name A Place You Would Expect To See Lots Of Tents"
    },
    {
      "answers": [
        {
          "ans": "Tired",
          "pnt": 37
        },
        {
          "ans": "Sick",
          "pnt": 27
        },
        {
          "ans": "Bad Weather",
          "pnt": 17
        },
        {
          "ans": "Going To Work/School",
          "pnt": 12
        },
        {
          "ans": "Stayed Up Late",
          "pnt": 3
        },
        {
          "ans": "It’s Monday",
          "pnt": 3
        }
      ],
      "multiply": 1,
      "question": "Name A Reason Why It’s Harder To Get Out Of Bed On Some Days Than On Others."
    },
    {
      "answers": [
        {
          "ans": "Party",
          "pnt": 44
        },
        {
          "ans": "Steal",
          "pnt": 15
        },
        {
          "ans": "Use My Clothes",
          "pnt": 15
        },
        {
          "ans": "Make A Mess",
          "pnt": 8
        },
        {
          "ans": "Smoke",
          "pnt": 8
        }
      ],
      "multiply": 1,
      "question": "Name Something You Hope Your Friend Doesn’t Do When House Sitting For You."
    },
    {
      "answers": [
        {
          "ans": "Santa Claus",
          "pnt": 28
        },
        {
          "ans": "Roofer",
          "pnt": 27
        },
        {
          "ans": "Chimney Sweep",
          "pnt": 23
        },
        {
          "ans": "Burglar",
          "pnt": 11
        },
        {
          "ans": "Electrician",
          "pnt": 3
        },
        {
          "ans": "A Fiddler",
          "pnt": 2
        }
      ],
      "multiply": 2,
      "question": "Name Someone Who Might Be On Your Roof."
    },
    {
      "answers": [
        {
          "ans": "Brad Pitt",
          "pnt": 63
        },
        {
          "ans": "George Clooney",
          "pnt": 20
        },
        {
          "ans": "Tom Cruise",
          "pnt": 6
        },
        {
          "ans": "Will Smith",
          "pnt": 5
        },
        {
          "ans": "Denzel Washington",
          "pnt": 3
        }
      ],
      "multiply": 2,
      "question": "Name A Celebrity Who’s So Handsome He Could Make A Santa Suit Look Sexy."
    },
    {
      "answers": [
        {
          "ans": "Religous Activity",
          "pnt": 25
        },
        {
          "ans": "Sports",
          "pnt": 21
        },
        {
          "ans": "Reading",
          "pnt": 18
        },
        {
          "ans": "Family Meals",
          "pnt": 14
        },
        {
          "ans": "Board Games",
          "pnt": 10
        },
        {
          "ans": "Baking/Cooking",
          "pnt": 9
        }
      ],
      "multiply": 2,
      "question": "Name An Activity That Could Be Described As “Wholesome.”"
    }
  ],
  "final_round": [
    {
      "answers": [
        [
          "Are You Twins?",
          29
        ],
        [
          "Identical / Fraternal",
          23
        ],
        [
          "Who’S Older?",
          20
        ],
        [
          "Who’S Who?",
          16
        ],
        [
          "Similar Names?",
          4
        ],
        [
          "Think Alike?",
          3
        ],
        [
          "Dress Alike?",
          3
        ]
      ],
      "question": "Tell Me A Question That Twins Are Often Asked"
    },
    {
      "answers": [
        [
          7,
          36
        ],
        [
          3,
          25
        ],
        [
          5,
          17
        ],
        [
          4,
          10
        ],
        [
          6,
          6
        ]
      ],
      "question": "How Many Days Does A Cold Last?"
    },
    {
      "answers": [
        [
          "Jewelry",
          33
        ],
        [
          "Make Up",
          31
        ],
        [
          "Jacket",
          15
        ],
        [
          "Scarf",
          8
        ],
        [
          "Heels",
          8
        ]
      ],
      "question": "We Asked 100 Women: If You’re Underdressed For A Party, What Can You Put On Quickly To Look Dressed Up?"
    },
    {
      "answers": [
        [
          "Laundry",
          31
        ],
        [
          "Tolls",
          24
        ],
        [
          "Parking",
          15
        ],
        [
          "Soda/Snacks",
          13
        ],
        [
          "Pay Phone Calls",
          6
        ],
        [
          "Car Wash",
          4
        ]
      ],
      "question": "Name Something People Need Change In Order To Pay For."
    }
  ],
  "final_round_timers": [
    20,
    25
  ]
}