{
  "rounds": [
    {
      "answers": [
        {
          "ans": "Microwave",
          "pnt": 53
        },
        {
          "ans": "Dishwasher",
          "pnt": 35
        },
        {
          "ans": "Fridge",
          "pnt": 5
        },
        {
          "ans": "Blender",
          "pnt": 5
        }
      ],
      "multiply": 1,
      "question": "Name something modern a homemaker from 100 years ago would have loved to have in the kitchen."
    },
    {
      "answers": [
        {
          "ans": "$50 ",
          "pnt": 23
        },
        {
          "ans": "$30 ",
          "pnt": 19
        },
        {
          "ans": "$25 ",
          "pnt": 14
        },
        {
          "ans": "$15 ",
          "pnt": 12
        },
        {
          "ans": "$20 ",
          "pnt": 11
        },
        {
          "ans": "$60 ",
          "pnt": 8
        },
        {
          "ans": "$100 ",
          "pnt": 7
        }
      ],
      "multiply": 1,
      "question": "Tell Me How Much You’d Expect To Pay For A Bottle Of Wine At A Fancy Restaurant."
    },
    {
      "answers": [
        {
          "ans": "Bed",
          "pnt": 40
        },
        {
          "ans": "Towels",
          "pnt": 28
        },
        {
          "ans": "TV",
          "pnt": 15
        },
        {
          "ans": "Bible",
          "pnt": 7
        },
        {
          "ans": "Soap",
          "pnt": 4
        },
        {
          "ans": "Coffeemaker",
          "pnt": 3
        }
      ],
      "multiply": 1,
      "question": "Name Something You Expect To See Inside Every Hotel Room"
    },
    {
      "answers": [
        {
          "ans": "Mate",
          "pnt": 46
        },
        {
          "ans": "Job",
          "pnt": 29
        },
        {
          "ans": "Clothes",
          "pnt": 11
        },
        {
          "ans": "Living Space",
          "pnt": 10
        }
      ],
      "multiply": 2,
      "question": "Name Something About Which Friends Say, “Keep Looking. You Can Do Better.”"
    },
    {
      "answers": [
        {
          "ans": "Drive",
          "pnt": 38
        },
        {
          "ans": "Date",
          "pnt": 30
        },
        {
          "ans": "Graduate",
          "pnt": 13
        },
        {
          "ans": "Hit puberty",
          "pnt": 11
        },
        {
          "ans": "Get a phone",
          "pnt": 5
        }
      ],
      "multiply": 2,
      "question": "Name something a teenager would hate to be the last of their friends to do."
    },
    {
      "answers": [
        {
          "ans": "Guitar",
          "pnt": 51
        },
        {
          "ans": "Coyboy Hat",
          "pnt": 22
        },
        {
          "ans": "Great Voice",
          "pnt": 14
        },
        {
          "ans": "Boots",
          "pnt": 6
        },
        {
          "ans": "Accent/Twang",
          "pnt": 4
        },
        {
          "ans": "Sad Song",
          "pnt": 3
        }
      ],
      "multiply": 2,
      "question": "Tell Me Something That Every Country Singer Needs."
    }
  ],
  "final_round": [
    {
      "answers": [
        [
          "Extension Cable ",
          58
        ],
        [
          "Childrens Toys ",
          38
        ],
        [
          "Telephone Cable ",
          25
        ],
        [
          "Carpet ",
          16
        ],
        [
          "Shoes ",
          11
        ]
      ],
      "question": "Name Something In The Home That People Might Trip Over"
    },
    {
      "answers": [
        [
          "Mountain / Hill ",
          47
        ],
        [
          "Tree ",
          31
        ],
        [
          "Ladder ",
          20
        ],
        [
          "Rope ",
          13
        ],
        [
          "Stairs ",
          8
        ]
      ],
      "question": "Name Something You Might Climb"
    },
    {
      "answers": [
        [
          "Illness",
          41
        ],
        [
          "Fish",
          36
        ],
        [
          "Balls",
          15
        ],
        [
          "Bouquet",
          3
        ]
      ],
      "question": "Name Something People Catch."
    },
    {
      "answers": [
        [
          "Hola",
          55
        ],
        [
          "Bonjour",
          21
        ],
        [
          "Aloha",
          13
        ],
        [
          "Ciao",
          5
        ]
      ],
      "question": "Tell Me A Way To Say Hi In Another Language"
    }
  ],
  "final_round_timers": [
    20,
    25
  ]
}