{
  "rounds": [
    {
      "answers": [
        {
          "ans": "Made Of Cheese",
          "pnt": 48
        },
        {
          "ans": "Man Lives In It",
          "pnt": 17
        },
        {
          "ans": "Round",
          "pnt": 10
        },
        {
          "ans": "Astronauts Landed",
          "pnt": 10
        },
        {
          "ans": "Big",
          "pnt": 7
        },
        {
          "ans": "Bright",
          "pnt": 5
        },
        {
          "ans": "Far Away",
          "pnt": 3
        }
      ],
      "multiply": 1,
      "question": "If You Asked A Six-Year-Old, Name Something They’d Tell You About The Moon."
    },
    {
      "answers": [
        {
          "ans": "Bottle",
          "pnt": 42
        },
        {
          "ans": "Blanket",
          "pnt": 31
        },
        {
          "ans": "Pacifier",
          "pnt": 9
        },
        {
          "ans": "Rattle",
          "pnt": 7
        },
        {
          "ans": "Toy",
          "pnt": 6
        },
        {
          "ans": "Candy",
          "pnt": 5
        }
      ],
      "multiply": 1,
      "question": "Name Something Toddlers Carry Around With Them All The Time"
    },
    {
      "answers": [
        {
          "ans": "Scissors",
          "pnt": 39
        },
        {
          "ans": "Baseball Glove",
          "pnt": 17
        },
        {
          "ans": "Golf Club",
          "pnt": 15
        },
        {
          "ans": "Guitar",
          "pnt": 11
        },
        {
          "ans": "Desk",
          "pnt": 7
        },
        {
          "ans": "Computer Mouse",
          "pnt": 6
        }
      ],
      "multiply": 1,
      "question": "Name Something That Left Handed People Need To Use A Special Version Of"
    },
    {
      "answers": [
        {
          "ans": "Read",
          "pnt": 41
        },
        {
          "ans": "Study",
          "pnt": 24
        },
        {
          "ans": "Check Out Books",
          "pnt": 15
        },
        {
          "ans": "Research",
          "pnt": 9
        },
        {
          "ans": "Use A Computer",
          "pnt": 7
        },
        {
          "ans": "Make Photocopies",
          "pnt": 4
        }
      ],
      "multiply": 2,
      "question": "Name Something You Do At The Library."
    },
    {
      "answers": [
        {
          "ans": "Pop It",
          "pnt": 47
        },
        {
          "ans": "Smack",
          "pnt": 19
        },
        {
          "ans": "Blow Bubbles",
          "pnt": 13
        },
        {
          "ans": "Put Under Table",
          "pnt": 8
        },
        {
          "ans": "Spit It Out",
          "pnt": 8
        }
      ],
      "multiply": 2,
      "question": "Name Something A Person Might Do With Chewing Gum That Other People Think Is Rude."
    },
    {
      "answers": [
        {
          "ans": "Call 911",
          "pnt": 31
        },
        {
          "ans": "Suck Out Venom",
          "pnt": 24
        },
        {
          "ans": "Run And Get Help",
          "pnt": 13
        },
        {
          "ans": "Take Them To Hospital",
          "pnt": 10
        },
        {
          "ans": "call A Doctor",
          "pnt": 10
        },
        {
          "ans": "Scream",
          "pnt": 6
        }
      ],
      "multiply": 2,
      "question": "Name Something You Might Do If Your Friend Got Bitten By A Snake"
    }
  ],
  "final_round": [
    {
      "answers": [
        [
          "Tennis ",
          49
        ],
        [
          "Badminton ",
          32
        ],
        [
          "Squash ",
          21
        ]
      ],
      "question": "Name A Sport That Uses A Raquet"
    },
    {
      "answers": [
        [
          "Kangaroo",
          44
        ],
        [
          "Koala",
          39
        ],
        [
          "Dingo",
          10
        ],
        [
          "Desert",
          5
        ]
      ],
      "question": "Name Something You’re More Likely To See In Australia Than Elsewhere."
    },
    {
      "answers": [
        [
          "Not Hungry",
          45
        ],
        [
          "Too Busy",
          16
        ],
        [
          "On A Diet",
          12
        ],
        [
          "Work/Meeting",
          10
        ],
        [
          "Sick",
          5
        ]
      ],
      "question": "Name A Reason You Might Skip Lunch"
    },
    {
      "answers": [
        [
          "Binoculars",
          79
        ],
        [
          "Camara",
          11
        ],
        [
          "Bird Book",
          4
        ],
        [
          "Notepad",
          3
        ],
        [
          "Bread",
          2
        ]
      ],
      "question": "Name Something A Bird Watcher Carries With Them"
    }
  ],
  "final_round_timers": [
    20,
    25
  ]
}