{
  "rounds": [
    {
      "answers": [
        {
          "ans": "Sleep",
          "pnt": 52
        },
        {
          "ans": "Watch TV",
          "pnt": 34
        },
        {
          "ans": "Burp",
          "pnt": 22
        },
        {
          "ans": "Smoke Cigarette",
          "pnt": 14
        },
        {
          "ans": "Brush Teeth",
          "pnt": 9
        },
        {
          "ans": "Dishes",
          "pnt": 6
        },
        {
          "ans": "Dessert/ Coffee",
          "pnt": 4
        }
      ],
      "multiply": 1,
      "question": "What Might You Do After Eating Dinner?"
    },
    {
      "answers": [
        {
          "ans": "Wear Extra Clothes",
          "pnt": 31
        },
        {
          "ans": "Wrap In A Blanket",
          "pnt": 20
        },
        {
          "ans": "Light A Fire",
          "pnt": 16
        },
        {
          "ans": "Cuddle Up",
          "pnt": 14
        },
        {
          "ans": "Take A Bath",
          "pnt": 9
        },
        {
          "ans": "Drink Something Hot",
          "pnt": 8
        }
      ],
      "multiply": 1,
      "question": "When It Gets Chilly Outside, But You Don’t Want To Turn On The Heat, What Do You Do?"
    },
    {
      "answers": [
        {
          "ans": "Hickey",
          "pnt": 46
        },
        {
          "ans": "Tattoo",
          "pnt": 24
        },
        {
          "ans": "Piercing",
          "pnt": 15
        },
        {
          "ans": "Revealing Clothes",
          "pnt": 6
        },
        {
          "ans": "Make Up",
          "pnt": 5
        },
        {
          "ans": "Diary",
          "pnt": 3
        }
      ],
      "multiply": 1,
      "question": "Name Something A Teen Might Cover Up So Her Parents Don’t See It."
    },
    {
      "answers": [
        {
          "ans": "Lock The Door",
          "pnt": 43
        },
        {
          "ans": "Turn Off The Lights",
          "pnt": 30
        },
        {
          "ans": "Grab Keys",
          "pnt": 13
        },
        {
          "ans": "Brush Teeth",
          "pnt": 12
        }
      ],
      "multiply": 2,
      "question": "Name Something People Forget To Do When In a Hurry To Leave The House."
    },
    {
      "answers": [
        {
          "ans": "8.00am ",
          "pnt": 51
        },
        {
          "ans": "7.30am ",
          "pnt": 33
        },
        {
          "ans": "9.00am ",
          "pnt": 22
        }
      ],
      "multiply": 2,
      "question": "Tell Me The Time Of Day When Most People Eat Breakfast"
    },
    {
      "answers": [
        {
          "ans": "Florida",
          "pnt": 41
        },
        {
          "ans": "Arizona",
          "pnt": 27
        },
        {
          "ans": "Texas",
          "pnt": 26
        },
        {
          "ans": "California",
          "pnt": 5
        }
      ],
      "multiply": 2,
      "question": "Name A State That You’d Hate To Live In During Summer"
    }
  ],
  "final_round": [
    {
      "answers": [
        [
          "Radio",
          37
        ],
        [
          "Stereo",
          21
        ],
        [
          "Motor",
          11
        ],
        [
          "Horn",
          9
        ],
        [
          "Power Steering",
          7
        ],
        [
          "Cruise Control",
          6
        ]
      ],
      "question": "Name A Feature You Have In Your Car That A Mother Might Like To Have On Her Baby’s Stroller"
    },
    {
      "answers": [
        [
          "Money",
          52
        ],
        [
          "Water",
          34
        ],
        [
          "Soap",
          22
        ],
        [
          "Love",
          14
        ],
        [
          "Fish",
          9
        ],
        [
          "Butter",
          6
        ]
      ],
      "question": "Name Something That’s Hard To Hold Onto"
    },
    {
      "answers": [
        [
          "Quick Accelleration",
          52
        ],
        [
          "Color",
          34
        ],
        [
          "Leather Interior",
          22
        ],
        [
          "High Quality Stero",
          14
        ],
        [
          "Comfortable Ride",
          9
        ],
        [
          "Sunroof/Convertable",
          6
        ]
      ],
      "question": "Name Something People Look For In Their Dream Car"
    },
    {
      "answers": [
        [
          "Paper",
          28
        ],
        [
          "Time",
          16
        ],
        [
          "Money",
          16
        ],
        [
          "Pens/Pencils",
          12
        ],
        [
          "Breaks/Time Off",
          11
        ],
        [
          "Assistance",
          7
        ],
        [
          "Coffee",
          6
        ]
      ],
      "question": "Name Something An Office Worker Says They Could Use More Of."
    }
  ],
  "final_round_timers": [
    20,
    25
  ]
}