{
  "rounds": [
    {
      "answers": [
        {
          "ans": "Name",
          "pnt": 52
        },
        {
          "ans": "Religion",
          "pnt": 29
        },
        {
          "ans": "Room Color",
          "pnt": 8
        },
        {
          "ans": "Childcare",
          "pnt": 5
        },
        {
          "ans": "Discipline",
          "pnt": 3
        }
      ],
      "multiply": 1,
      "question": "Name Something New Parents Have To Agree On Before their Baby Is born"
    },
    {
      "answers": [
        {
          "ans": "Motor Racing ",
          "pnt": 46
        },
        {
          "ans": "Ice Hockey ",
          "pnt": 30
        },
        {
          "ans": "Canoeing ",
          "pnt": 20
        },
        {
          "ans": "American Football ",
          "pnt": 13
        }
      ],
      "multiply": 1,
      "question": "Name A Sport Where People Wear Helmets"
    },
    {
      "answers": [
        {
          "ans": "6 Months",
          "pnt": 47
        },
        {
          "ans": "12 Months",
          "pnt": 24
        },
        {
          "ans": "2Months",
          "pnt": 9
        },
        {
          "ans": "3 Months",
          "pnt": 6
        },
        {
          "ans": "24 Months",
          "pnt": 6
        },
        {
          "ans": "4 Months",
          "pnt": 6
        },
        {
          "ans": "8 Months",
          "pnt": 3
        }
      ],
      "multiply": 1,
      "question": "Tell Me How Long In Months A Couple Must Be Dating Before It’s Considered “Serious.”"
    },
    {
      "answers": [
        {
          "ans": "Driving To Fast",
          "pnt": 26
        },
        {
          "ans": "Wash Me",
          "pnt": 25
        },
        {
          "ans": "Not Enough Gas",
          "pnt": 14
        },
        {
          "ans": "Being Run Too Much",
          "pnt": 10
        },
        {
          "ans": "Irregular Oil Change",
          "pnt": 8
        },
        {
          "ans": "Too Much Weight",
          "pnt": 5
        },
        {
          "ans": "Left In The Rain",
          "pnt": 4
        }
      ],
      "multiply": 2,
      "question": "If Your Car Could Talk, Name Something It Might Complain About."
    },
    {
      "answers": [
        {
          "ans": "Sweets",
          "pnt": 45
        },
        {
          "ans": "Valentines",
          "pnt": 18
        },
        {
          "ans": "Notes",
          "pnt": 11
        },
        {
          "ans": "Schoolwork",
          "pnt": 10
        },
        {
          "ans": "Germs",
          "pnt": 5
        },
        {
          "ans": "Invitations",
          "pnt": 4
        }
      ],
      "multiply": 2,
      "question": "Name Something A Kid Passes Out To All Of His Classmates."
    },
    {
      "answers": [
        {
          "ans": "Not Attracted",
          "pnt": 35
        },
        {
          "ans": "Rude",
          "pnt": 29
        },
        {
          "ans": "No Sparks",
          "pnt": 16
        },
        {
          "ans": "Bad Breath",
          "pnt": 14
        },
        {
          "ans": "Boring",
          "pnt": 4
        }
      ],
      "multiply": 2,
      "question": "Name A Reason You May leave A Blind Date Without Saying Goodbye"
    }
  ],
  "final_round": [
    {
      "answers": [
        [
          "Flashlight",
          41
        ],
        [
          "Their Memory",
          27
        ],
        [
          "Metal Detector",
          17
        ],
        [
          "Dog",
          11
        ],
        [
          "Eyes/Glasses",
          7
        ],
        [
          "Friend’s Help",
          5
        ]
      ],
      "question": "Name Something People Use To Help Them Find A Lost Item."
    },
    {
      "answers": [
        [
          "Clothes/Shoes",
          54
        ],
        [
          "Money",
          21
        ],
        [
          "Music/CDS",
          7
        ],
        [
          "Car",
          6
        ],
        [
          "Deoderant",
          4
        ],
        [
          "Comb/Brush",
          2
        ]
      ],
      "question": "Name Something Sister Borrow From Their Brothers."
    },
    {
      "answers": [
        [
          "Big Ears",
          33
        ],
        [
          "Disneyland",
          24
        ],
        [
          "Minnie Mouse",
          21
        ],
        [
          "Cartoons",
          8
        ],
        [
          "Donald Duck",
          6
        ],
        [
          "Walt Disney",
          5
        ]
      ],
      "question": "Name Something You Associate With Mickey Mouse."
    },
    {
      "answers": [
        [
          "Clothes",
          41
        ],
        [
          "Car",
          40
        ],
        [
          "House",
          10
        ],
        [
          "Hair Cut",
          3
        ],
        [
          "Jewelry",
          3
        ]
      ],
      "question": "Name Something Many People Spend A Lot Of Money On, Just To Impress Others."
    }
  ],
  "final_round_timers": [
    20,
    25
  ]
}