{
  "rounds": [
    {
      "answers": [
        {
          "ans": "Star Wars",
          "pnt": 29
        },
        {
          "ans": "Hairstyle",
          "pnt": 25
        },
        {
          "ans": "Han Solo",
          "pnt": 14
        },
        {
          "ans": "Luke Skywalker",
          "pnt": 11
        },
        {
          "ans": "Darth Vader",
          "pnt": 9
        },
        {
          "ans": "Rebel Alliance",
          "pnt": 5
        }
      ],
      "multiply": 1,
      "question": "Name Something Associated With Princess Leia."
    },
    {
      "answers": [
        {
          "ans": "Treats",
          "pnt": 50
        },
        {
          "ans": "Toys",
          "pnt": 33
        },
        {
          "ans": "Attention",
          "pnt": 5
        },
        {
          "ans": "Clothes",
          "pnt": 4
        },
        {
          "ans": "Praise",
          "pnt": 3
        }
      ],
      "multiply": 1,
      "question": "Name Something Given To Both Spoiled Dogs And Spoiled Children"
    },
    {
      "answers": [
        {
          "ans": "Cream ",
          "pnt": 45
        },
        {
          "ans": "Wimbledon ",
          "pnt": 29
        },
        {
          "ans": "Sugar ",
          "pnt": 19
        }
      ],
      "multiply": 1,
      "question": "Name Something You Associate With Strawberrys"
    },
    {
      "answers": [
        {
          "ans": "Wig",
          "pnt": 48
        },
        {
          "ans": "Guitar",
          "pnt": 31
        },
        {
          "ans": "Sunglasses",
          "pnt": 20
        },
        {
          "ans": "Albums",
          "pnt": 13
        },
        {
          "ans": "White Pantsuit",
          "pnt": 9
        },
        {
          "ans": "Sideburns",
          "pnt": 6
        },
        {
          "ans": "Blue Suede Shoes",
          "pnt": 3
        }
      ],
      "multiply": 2,
      "question": "If An Elvis Impersonator Had Rummage Sale, Find?"
    },
    {
      "answers": [
        {
          "ans": "Wash Dishes",
          "pnt": 44
        },
        {
          "ans": "Take Out Trash",
          "pnt": 26
        },
        {
          "ans": "Clean Room",
          "pnt": 15
        },
        {
          "ans": "Mow Lawn",
          "pnt": 10
        }
      ],
      "multiply": 2,
      "question": "Name A Specific Chore Kids Do In Order To Get An Allowance."
    },
    {
      "answers": [
        {
          "ans": "Smoke",
          "pnt": 33
        },
        {
          "ans": "Drink Alcohol",
          "pnt": 26
        },
        {
          "ans": "Swear",
          "pnt": 18
        },
        {
          "ans": "Eat",
          "pnt": 8
        },
        {
          "ans": "Drive",
          "pnt": 5
        },
        {
          "ans": "Work",
          "pnt": 4
        },
        {
          "ans": "Gossip",
          "pnt": 3
        }
      ],
      "multiply": 2,
      "question": "Name Something You Wouldn’t Want Your Children To Do As You Do?"
    }
  ],
  "final_round": [
    {
      "answers": [
        [
          "Cricket ",
          50
        ],
        [
          "Football ",
          33
        ],
        [
          "Athletics / Running ",
          21
        ],
        [
          "Rugby ",
          14
        ],
        [
          "Golf ",
          9
        ]
      ],
      "question": "Name A Sport Where A Player Might Wear Spiked Or Studded Shoes"
    },
    {
      "answers": [
        [
          "Thing",
          29
        ],
        [
          "Lurch",
          19
        ],
        [
          "Cousin It",
          13
        ],
        [
          "Pugsley",
          12
        ],
        [
          "Morticia",
          11
        ],
        [
          "Wednesday",
          9
        ],
        [
          "Uncle Fester",
          7
        ]
      ],
      "question": "Name Something Or Someone Associated With “The Addams Family.”"
    },
    {
      "answers": [
        [
          "Sneezing",
          52
        ],
        [
          "Getting Hiccups",
          11
        ],
        [
          "Breathing",
          11
        ],
        [
          "Blinking",
          7
        ],
        [
          "Laughing",
          6
        ],
        [
          "Eating/Drinking",
          5
        ]
      ],
      "question": "Besides Coughing, What’s Something You Can’t Stop Yourself From Doing?"
    },
    {
      "answers": [
        [
          "Dawn French ",
          41
        ],
        [
          "Catherine Tate ",
          27
        ],
        [
          "Lee Evans ",
          17
        ],
        [
          "Victoria Wood ",
          11
        ],
        [
          "Billy Conelly ",
          7
        ],
        [
          "The 2 Ronnies ",
          5
        ]
      ],
      "question": "Name A Famous Tv Comedian"
    }
  ],
  "final_round_timers": [
    20,
    25
  ]
}