{
  "rounds": [
    {
      "answers": [
        {
          "ans": "Nurse",
          "pnt": 45
        },
        {
          "ans": "Doctor",
          "pnt": 27
        },
        {
          "ans": "Bride",
          "pnt": 8
        },
        {
          "ans": "Chef",
          "pnt": 6
        },
        {
          "ans": "Dentist",
          "pnt": 3
        },
        {
          "ans": "Painter",
          "pnt": 2
        },
        {
          "ans": "Ice Cream Vendor",
          "pnt": 2
        }
      ],
      "multiply": 1,
      "question": "Name Someone Who Wears White Clothes."
    },
    {
      "answers": [
        {
          "ans": "Teacher",
          "pnt": 58
        },
        {
          "ans": "Babysitter",
          "pnt": 38
        },
        {
          "ans": "Girl Next Door",
          "pnt": 25
        }
      ],
      "multiply": 1,
      "question": "Person Young Boys Have A Crush On"
    },
    {
      "answers": [
        {
          "ans": "Arcade",
          "pnt": 49
        },
        {
          "ans": "Park",
          "pnt": 32
        },
        {
          "ans": "Bar",
          "pnt": 21
        },
        {
          "ans": "Toy Store",
          "pnt": 14
        },
        {
          "ans": "School",
          "pnt": 9
        },
        {
          "ans": "Amusement Park",
          "pnt": 6
        }
      ],
      "multiply": 1,
      "question": "Where Would You Find An Adult Hanging Out,If He Refused To Grow Up?"
    },
    {
      "answers": [
        {
          "ans": "Michael Jackson",
          "pnt": 52
        },
        {
          "ans": "Brittney Spears",
          "pnt": 25
        },
        {
          "ans": "Donny Osmond",
          "pnt": 13
        },
        {
          "ans": "Shirley Temple",
          "pnt": 8
        }
      ],
      "multiply": 2,
      "question": "Name A Singer Who Became Famous As A Child"
    },
    {
      "answers": [
        {
          "ans": "Fish ",
          "pnt": 47
        },
        {
          "ans": "Butterfly ",
          "pnt": 31
        },
        {
          "ans": "A Crab ",
          "pnt": 20
        }
      ],
      "multiply": 2,
      "question": "Name Something You May Catch In A Net"
    },
    {
      "answers": [
        {
          "ans": "Under Kitchen Sink",
          "pnt": 47
        },
        {
          "ans": "Garage",
          "pnt": 23
        },
        {
          "ans": "Medicine Cabinet",
          "pnt": 21
        },
        {
          "ans": "Laundry Room",
          "pnt": 7
        }
      ],
      "multiply": 2,
      "question": "Where In Your House Might You Find Something Labeled Poisonous?"
    }
  ],
  "final_round": [
    {
      "answers": [
        [
          "Pillows",
          42
        ],
        [
          "Blanket",
          27
        ],
        [
          "Teddy Bear",
          18
        ],
        [
          "Hot Water Bottle",
          12
        ]
      ],
      "question": "Other Than Sheets, Something On Bed"
    },
    {
      "answers": [
        [
          "Bartender",
          52
        ],
        [
          "Food Server",
          34
        ],
        [
          "Model",
          22
        ],
        [
          "Dancer",
          14
        ],
        [
          "Actor",
          9
        ]
      ],
      "question": "Name A Job In Which You’d Have An Easy Time Getting Dates"
    },
    {
      "answers": [
        [
          7,
          22
        ],
        [
          8,
          19
        ],
        [
          10,
          15
        ],
        [
          5,
          11
        ],
        [
          6,
          10
        ],
        [
          4,
          9
        ],
        [
          3,
          8
        ]
      ],
      "question": "Tell Me The Age When Boys Stop Playing With Stuffed Animals (Numeric Only)."
    },
    {
      "answers": [
        [
          "Store",
          34
        ],
        [
          "Woods",
          33
        ],
        [
          "Tree Lot",
          11
        ],
        [
          "Tree Farm",
          8
        ],
        [
          "Attic",
          5
        ]
      ],
      "question": "Where Do You Get Your Christmas Tree From Each Year?"
    }
  ],
  "final_round_timers": [
    20,
    25
  ]
}