{
  "rounds": [
    {
      "answers": [
        {
          "ans": "Car",
          "pnt": 53
        },
        {
          "ans": "Jewelry",
          "pnt": 26
        },
        {
          "ans": "House",
          "pnt": 13
        },
        {
          "ans": "Clothes",
          "pnt": 5
        }
      ],
      "multiply": 1,
      "question": "Name An Item You Associate With The Word Expensive"
    },
    {
      "answers": [
        {
          "ans": "Deer",
          "pnt": 70
        },
        {
          "ans": "Moose",
          "pnt": 10
        },
        {
          "ans": "Bear",
          "pnt": 6
        },
        {
          "ans": "Bull",
          "pnt": 4
        },
        {
          "ans": "Raccoon",
          "pnt": 2
        },
        {
          "ans": "Antelope",
          "pnt": 2
        }
      ],
      "multiply": 1,
      "question": "Name an animal whose head you might see on the wall of a hunter’s den"
    },
    {
      "answers": [
        {
          "ans": "Shopping Trip",
          "pnt": 47
        },
        {
          "ans": "Money",
          "pnt": 44
        },
        {
          "ans": "Coupons",
          "pnt": 4
        },
        {
          "ans": "Cart",
          "pnt": 3
        }
      ],
      "multiply": 1,
      "question": "Name Something You Need To Have Along For An Effective Grocery Store Trip."
    },
    {
      "answers": [
        {
          "ans": "Floor Mats",
          "pnt": 25
        },
        {
          "ans": "Windows",
          "pnt": 22
        },
        {
          "ans": "Ashtray",
          "pnt": 19
        },
        {
          "ans": "Carpet",
          "pnt": 9
        },
        {
          "ans": "Trunk",
          "pnt": 6
        },
        {
          "ans": "Dashboard",
          "pnt": 6
        },
        {
          "ans": "Steering Wheel",
          "pnt": 5
        }
      ],
      "multiply": 2,
      "question": "Name Something Specific Inside Your Car That You Might Ask The Car Wash Guys To Clean."
    },
    {
      "answers": [
        {
          "ans": "Food Server",
          "pnt": 63
        },
        {
          "ans": "Model",
          "pnt": 18
        },
        {
          "ans": "Cook",
          "pnt": 10
        },
        {
          "ans": "Washing Cars",
          "pnt": 3
        }
      ],
      "multiply": 2,
      "question": "Name A Job That Many Celebrities Had Before They Were Famous."
    },
    {
      "answers": [
        {
          "ans": "Cave",
          "pnt": 39
        },
        {
          "ans": "Canyon",
          "pnt": 37
        },
        {
          "ans": "Hallway",
          "pnt": 10
        },
        {
          "ans": "Phone Booth",
          "pnt": 4
        },
        {
          "ans": "Mountain",
          "pnt": 4
        },
        {
          "ans": "Bathroom",
          "pnt": 2
        }
      ],
      "multiply": 2,
      "question": "Name Someplace You Might Hear An Echo"
    }
  ],
  "final_round": [
    {
      "answers": [
        [
          "Sauce ",
          48
        ],
        [
          "Milk ",
          31
        ],
        [
          "Wine ",
          20
        ],
        [
          "Beer ",
          13
        ],
        [
          "Water ",
          9
        ]
      ],
      "question": "Name A Type Of Bottle You Might Find On A Kitchen Table"
    },
    {
      "answers": [
        [
          "People",
          19
        ],
        [
          "Movie Stars",
          15
        ],
        [
          "Earthquakes",
          15
        ],
        [
          "Smog",
          13
        ],
        [
          "Beach",
          11
        ],
        [
          "Palm Trees",
          11
        ],
        [
          "Sunshine",
          10
        ]
      ],
      "question": "Name Something California Has More Of Than Any Other State"
    },
    {
      "answers": [
        [
          "Library",
          53
        ],
        [
          "Bedroom",
          34
        ],
        [
          "Study",
          23
        ],
        [
          "Office",
          15
        ],
        [
          "School",
          10
        ],
        [
          "Kitchen",
          6
        ],
        [
          "Outside",
          4
        ]
      ],
      "question": "Name A Good Place To Study"
    },
    {
      "answers": [
        [
          "Phone",
          44
        ],
        [
          "Dog",
          29
        ],
        [
          "Radio",
          19
        ],
        [
          "Rooster",
          12
        ],
        [
          "Sun",
          8
        ]
      ],
      "question": "Name Something People Use To Wake Them Up"
    }
  ],
  "final_round_timers": [
    20,
    25
  ]
}