{
  "rounds": [
    {
      "answers": [
        {
          "ans": "Carries a gun",
          "pnt": 44
        },
        {
          "ans": "Lots of money",
          "pnt": 23
        },
        {
          "ans": "Italian accent",
          "pnt": 20
        },
        {
          "ans": "Black clothes",
          "pnt": 7
        },
        {
          "ans": "Secretive",
          "pnt": 4
        }
      ],
      "multiply": 1,
      "question": "For what reason might you suspect that the person you’re dating is in the mob?"
    },
    {
      "answers": [
        {
          "ans": "Weather",
          "pnt": 54
        },
        {
          "ans": "Sports Game",
          "pnt": 35
        },
        {
          "ans": "Game Show",
          "pnt": 23
        },
        {
          "ans": "Crime/Mystery Show",
          "pnt": 15
        },
        {
          "ans": "Soap Opera",
          "pnt": 10
        }
      ],
      "multiply": 1,
      "question": "Tell me something on TV that people make predictions while watching"
    },
    {
      "answers": [
        {
          "ans": "Crowne",
          "pnt": 45
        },
        {
          "ans": "Beanie",
          "pnt": 28
        },
        {
          "ans": "Baseball Cap",
          "pnt": 9
        },
        {
          "ans": "Cowboy",
          "pnt": 8
        },
        {
          "ans": "Helmet",
          "pnt": 7
        }
      ],
      "multiply": 1,
      "question": "Instead Of A veil, What type Of Headwear Would You Be Surprise To See On A Bride’s Head?"
    },
    {
      "answers": [
        {
          "ans": "Dog",
          "pnt": 45
        },
        {
          "ans": "Snake",
          "pnt": 36
        },
        {
          "ans": "Skunk",
          "pnt": 6
        },
        {
          "ans": "Frog",
          "pnt": 5
        },
        {
          "ans": "Mouse",
          "pnt": 5
        }
      ],
      "multiply": 2,
      "question": "Name An Animal That’s Usually Not Dangerous, But Many People Are Afraid To Touch"
    },
    {
      "answers": [
        {
          "ans": "Scuba",
          "pnt": 42
        },
        {
          "ans": "Luau",
          "pnt": 27
        },
        {
          "ans": "Scuba Diver",
          "pnt": 18
        },
        {
          "ans": "Lay On Beach",
          "pnt": 12
        },
        {
          "ans": "Swim",
          "pnt": 7
        },
        {
          "ans": "Snorkel",
          "pnt": 5
        },
        {
          "ans": "Hula",
          "pnt": 3
        }
      ],
      "multiply": 2,
      "question": "Name An Activity People Do Hawaiin Vacation"
    },
    {
      "answers": [
        {
          "ans": "Swim",
          "pnt": 28
        },
        {
          "ans": "Play Games",
          "pnt": 23
        },
        {
          "ans": "Arts & Crafts",
          "pnt": 19
        },
        {
          "ans": "Sing Songs",
          "pnt": 14
        },
        {
          "ans": "Hike",
          "pnt": 9
        },
        {
          "ans": "Go Fishing",
          "pnt": 7
        }
      ],
      "multiply": 2,
      "question": "Name An Activity Kids Do At Day Camp."
    }
  ],
  "final_round": [
    {
      "answers": [
        [
          "Candy",
          46
        ],
        [
          "Socks",
          24
        ],
        [
          "CD",
          13
        ],
        [
          "DVD",
          4
        ],
        [
          "Jewelry",
          3
        ],
        [
          "Toothbrush",
          3
        ]
      ],
      "question": "Name A Gift That Works Well As A Stocking Stuffer"
    },
    {
      "answers": [
        [
          "Bad Breath",
          53
        ],
        [
          "Nobody To Kiss",
          34
        ],
        [
          "Sick",
          7
        ],
        [
          "Shy",
          3
        ]
      ],
      "question": "For What Specific Reason Might You Avoid Mistletoe?"
    },
    {
      "answers": [
        [
          "Light/Sun Beam",
          44
        ],
        [
          "Laser Beam",
          28
        ],
        [
          "Roof Beam",
          20
        ],
        [
          "Jim Beam",
          3
        ]
      ],
      "question": "Name A Kind Of beam You Wouldn’t Want To Balance On."
    },
    {
      "answers": [
        [
          "Google",
          56
        ],
        [
          "Yahoo",
          20
        ],
        [
          "Wikipedia",
          10
        ],
        [
          "Ask.com",
          8
        ],
        [
          "Bing",
          3
        ]
      ],
      "question": "Which Website Would You Go To First If You Want To Find Out More About Something"
    }
  ],
  "final_round_timers": [
    20,
    25
  ]
}