{
  "rounds": [
    {
      "answers": [
        {
          "ans": "Drink ",
          "pnt": 46
        },
        {
          "ans": "Pull / Kiss Boss ",
          "pnt": 30
        },
        {
          "ans": "Dance ",
          "pnt": 20
        },
        {
          "ans": "Embaress Yourself ",
          "pnt": 13
        }
      ],
      "multiply": 1,
      "question": "Name Something You Might Do At The Office Christmas Party"
    },
    {
      "answers": [
        {
          "ans": "Pen",
          "pnt": 47
        },
        {
          "ans": "Hat",
          "pnt": 18
        },
        {
          "ans": "Shirt",
          "pnt": 16
        },
        {
          "ans": "Food Service",
          "pnt": 7
        },
        {
          "ans": "Magnet",
          "pnt": 4
        },
        {
          "ans": "Cup",
          "pnt": 3
        },
        {
          "ans": "Key Chain",
          "pnt": 3
        }
      ],
      "multiply": 1,
      "question": "Name An Item A Company Might Put Their Logo On And Give Out For Free."
    },
    {
      "answers": [
        {
          "ans": "Candles",
          "pnt": 48
        },
        {
          "ans": "Wrapping paper",
          "pnt": 26
        },
        {
          "ans": "Paper Plates",
          "pnt": 9
        },
        {
          "ans": "Plastic Cups",
          "pnt": 6
        },
        {
          "ans": "Decorations",
          "pnt": 4
        },
        {
          "ans": "Tablecloth/Napkins",
          "pnt": 3
        }
      ],
      "multiply": 1,
      "question": "Name Something That A Very thrifty Person Would Re-Use after A Birthday Party"
    },
    {
      "answers": [
        {
          "ans": "Tiger",
          "pnt": 31
        },
        {
          "ans": "Rabbit",
          "pnt": 22
        },
        {
          "ans": "Parrot",
          "pnt": 13
        },
        {
          "ans": "Bear",
          "pnt": 13
        },
        {
          "ans": "Monkey",
          "pnt": 11
        },
        {
          "ans": "Kangaroo",
          "pnt": 5
        },
        {
          "ans": "Lion",
          "pnt": 5
        }
      ],
      "multiply": 2,
      "question": "Name A Type Of Animal That Can Be Found In The Cereal Box"
    },
    {
      "answers": [
        {
          "ans": "Monopoly",
          "pnt": 57
        },
        {
          "ans": "Scrabble",
          "pnt": 37
        },
        {
          "ans": "Clue",
          "pnt": 24
        },
        {
          "ans": "Spades",
          "pnt": 16
        },
        {
          "ans": "Cranium",
          "pnt": 10
        }
      ],
      "multiply": 2,
      "question": "Name A Card Or Board Game That Many Families Play Together"
    },
    {
      "answers": [
        {
          "ans": "Area Code",
          "pnt": 29
        },
        {
          "ans": "Zip Code",
          "pnt": 20
        },
        {
          "ans": "Morse Code",
          "pnt": 16
        },
        {
          "ans": "Security Code",
          "pnt": 9
        },
        {
          "ans": "Bar Code",
          "pnt": 8
        },
        {
          "ans": "Dress Code",
          "pnt": 5
        },
        {
          "ans": "Pass Code",
          "pnt": 5
        }
      ],
      "multiply": 2,
      "question": "Name Something That Ends With The Word “Code.”"
    }
  ],
  "final_round": [
    {
      "answers": [
        [
          "Rub Them Together",
          39
        ],
        [
          "Breathe On Them",
          21
        ],
        [
          "Gloves/Mittens",
          16
        ],
        [
          "Under Warm Water",
          10
        ],
        [
          "Use Pockets",
          6
        ],
        [
          "Fire Place/Heater",
          5
        ]
      ],
      "question": "Tell Me A Way You Warm Up Your Hands When They’re Cold."
    },
    {
      "answers": [
        [
          "Police ",
          58
        ],
        [
          "Ambulance ",
          38
        ],
        [
          "Fire ",
          25
        ],
        [
          "Parents ",
          16
        ],
        [
          "Partner ",
          11
        ]
      ],
      "question": "Name Someone You Might Phone In An Emergency"
    },
    {
      "answers": [
        [
          "Singing",
          51
        ],
        [
          "Rocking",
          32
        ],
        [
          "Warm Milk",
          9
        ],
        [
          "Car Ride",
          6
        ]
      ],
      "question": "Name Something A Parent Tries, To Get Their Baby To Sleep."
    },
    {
      "answers": [
        [
          "8 Legs",
          37
        ],
        [
          "They Bite",
          26
        ],
        [
          "Make Webs",
          17
        ],
        [
          "Poisonous",
          12
        ],
        [
          "Scary",
          4
        ]
      ],
      "question": "Name Something People Know About Spiders."
    }
  ],
  "final_round_timers": [
    20,
    25
  ]
}