{
  "rounds": [
    {
      "answers": [
        {
          "ans": "Facebook",
          "pnt": 55
        },
        {
          "ans": "Google",
          "pnt": 36
        },
        {
          "ans": "Yahoo",
          "pnt": 23
        },
        {
          "ans": "Ebay",
          "pnt": 15
        },
        {
          "ans": "Msn",
          "pnt": 10
        },
        {
          "ans": "Myspace",
          "pnt": 6
        },
        {
          "ans": "Iwin",
          "pnt": 4
        }
      ],
      "multiply": 1,
      "question": "Which Website Would You Not Go A Day Without Visiting"
    },
    {
      "answers": [
        {
          "ans": "Truck ",
          "pnt": 41
        },
        {
          "ans": "Car ",
          "pnt": 27
        },
        {
          "ans": "Bicycle ",
          "pnt": 17
        },
        {
          "ans": "Cake ",
          "pnt": 11
        },
        {
          "ans": "Train Set ",
          "pnt": 7
        }
      ],
      "multiply": 1,
      "question": "Name Something You Might Give A Little Boy For His Birthday"
    },
    {
      "answers": [
        {
          "ans": "Love",
          "pnt": 24
        },
        {
          "ans": "Gambling",
          "pnt": 20
        },
        {
          "ans": "Coffee",
          "pnt": 18
        },
        {
          "ans": "Eating",
          "pnt": 12
        },
        {
          "ans": "TV",
          "pnt": 11
        },
        {
          "ans": "Chocolate",
          "pnt": 7
        },
        {
          "ans": "Internet",
          "pnt": 6
        }
      ],
      "multiply": 1,
      "question": "Besides Alcohol, Drugs, Or Tobacco, Name Something That People Get Addicted To."
    },
    {
      "answers": [
        {
          "ans": "Players",
          "pnt": 27
        },
        {
          "ans": "Net",
          "pnt": 25
        },
        {
          "ans": "Cleats",
          "pnt": 20
        },
        {
          "ans": "Feet",
          "pnt": 11
        },
        {
          "ans": "Uniform",
          "pnt": 7
        },
        {
          "ans": "Protective Gear",
          "pnt": 4
        }
      ],
      "multiply": 2,
      "question": "Besides The Ball, Name Something You Need To Play Soccer."
    },
    {
      "answers": [
        {
          "ans": "Chickens ",
          "pnt": 52
        },
        {
          "ans": "Bacon ",
          "pnt": 34
        },
        {
          "ans": "Omelette ",
          "pnt": 22
        },
        {
          "ans": "Yolk ",
          "pnt": 14
        },
        {
          "ans": "Easter ",
          "pnt": 9
        }
      ],
      "multiply": 2,
      "question": "Name Something You Associate With Eggs"
    },
    {
      "answers": [
        {
          "ans": 10,
          "pnt": 31
        },
        {
          "ans": 5,
          "pnt": 28
        },
        {
          "ans": 8,
          "pnt": 21
        },
        {
          "ans": 9,
          "pnt": 18
        }
      ],
      "multiply": 2,
      "question": "On A Scale From 1-10, How Good Are You At Keeping A Secret?"
    }
  ],
  "final_round": [
    {
      "answers": [
        [
          "Hairspray",
          46
        ],
        [
          "Gel",
          18
        ],
        [
          "Mousse",
          11
        ],
        [
          "Rubber Band",
          9
        ],
        [
          "Comb",
          5
        ],
        [
          "Brush",
          4
        ]
      ],
      "question": "Name Something Both Men And Women Use To Keep Their Hair In Place."
    },
    {
      "answers": [
        [
          "Gossip",
          46
        ],
        [
          "Sleeping Around",
          34
        ],
        [
          "Drama",
          9
        ],
        [
          "Bickering",
          4
        ],
        [
          "Jealous",
          2
        ]
      ],
      "question": "Tell Me A Way In Which Your Office Is Kind Of Like A “Soap Opera.”"
    },
    {
      "answers": [
        [
          "Trouble",
          52
        ],
        [
          "Jeopardy",
          24
        ],
        [
          "Dutch",
          11
        ],
        [
          "Dare",
          10
        ]
      ],
      "question": "Name a Phrase That Begins With The Word “Double.”"
    },
    {
      "answers": [
        [
          "Rock Concert",
          45
        ],
        [
          "Sports Game",
          29
        ],
        [
          "Opera",
          9
        ],
        [
          "Ballet",
          6
        ]
      ],
      "question": "We Asked 100 Women: What Might You Get 2 Tickets For In Order To Entice Your Crush Into A Date?"
    }
  ],
  "final_round_timers": [
    20,
    25
  ]
}