{
  "rounds": [
    {
      "answers": [
        {
          "ans": "Paycheck/Money",
          "pnt": 39
        },
        {
          "ans": "Postcard",
          "pnt": 13
        },
        {
          "ans": "Package/Gift",
          "pnt": 12
        },
        {
          "ans": "Magazine",
          "pnt": 12
        },
        {
          "ans": "Letter",
          "pnt": 8
        },
        {
          "ans": "Coupons",
          "pnt": 5
        }
      ],
      "multiply": 1,
      "question": "Name Something Specific That’s Fun To Get In The Mail."
    },
    {
      "answers": [
        {
          "ans": "Drink",
          "pnt": 37
        },
        {
          "ans": "Get Married",
          "pnt": 28
        },
        {
          "ans": "Eat",
          "pnt": 16
        },
        {
          "ans": "See Shows",
          "pnt": 9
        },
        {
          "ans": "Shop",
          "pnt": 7
        }
      ],
      "multiply": 1,
      "question": "Besides Gamble, Name Something People Do In Las Vegas"
    },
    {
      "answers": [
        {
          "ans": "Cowboys",
          "pnt": 51
        },
        {
          "ans": "Cowboy Boots",
          "pnt": 33
        },
        {
          "ans": "Cowboy Hat",
          "pnt": 22
        },
        {
          "ans": "Beer",
          "pnt": 14
        },
        {
          "ans": "Dancing",
          "pnt": 9
        },
        {
          "ans": "Mechanical Bulls",
          "pnt": 6
        },
        {
          "ans": "Guitar",
          "pnt": 4
        }
      ],
      "multiply": 1,
      "question": "Name Something You Might See At A Country Western Bar"
    },
    {
      "answers": [
        {
          "ans": "Traveling",
          "pnt": 41
        },
        {
          "ans": "Sleeping In",
          "pnt": 27
        },
        {
          "ans": "Watching TV",
          "pnt": 17
        },
        {
          "ans": "Shopping",
          "pnt": 11
        },
        {
          "ans": "Reading",
          "pnt": 7
        },
        {
          "ans": "Volunteer Work",
          "pnt": 5
        }
      ],
      "multiply": 2,
      "question": "If You Didn’t Have To work, Name Something You’d Spend Your Life Doing"
    },
    {
      "answers": [
        {
          "ans": "Plant ",
          "pnt": 58
        },
        {
          "ans": "Tea ",
          "pnt": 38
        },
        {
          "ans": "Stew ",
          "pnt": 25
        },
        {
          "ans": "Food ",
          "pnt": 16
        },
        {
          "ans": "Soup ",
          "pnt": 11
        }
      ],
      "multiply": 2,
      "question": "Name Something You Have In A Pot"
    },
    {
      "answers": [
        {
          "ans": "Los Angeles",
          "pnt": 50
        },
        {
          "ans": "Chicago",
          "pnt": 33
        },
        {
          "ans": "New York",
          "pnt": 21
        },
        {
          "ans": "St Louis",
          "pnt": 14
        },
        {
          "ans": "Atlanta",
          "pnt": 9
        },
        {
          "ans": "Dallas",
          "pnt": 6
        }
      ],
      "multiply": 2,
      "question": "Name a city in the United States with a busy airport"
    }
  ],
  "final_round": [
    {
      "answers": [
        [
          "Has A Broom",
          42
        ],
        [
          "Nose",
          27
        ],
        [
          "She’s Magic",
          18
        ],
        [
          "Personality",
          12
        ],
        [
          "Laugh",
          7
        ]
      ],
      "question": "Name Something About Wife Makes You Think She’s A Witch"
    },
    {
      "answers": [
        [
          "Fire Engine ",
          51
        ],
        [
          "Firemen ",
          33
        ],
        [
          "Poles ",
          22
        ],
        [
          "Doors ",
          14
        ]
      ],
      "question": "Name Something You See At A Fire Station"
    },
    {
      "answers": [
        [
          "Cars",
          55
        ],
        [
          "Houses",
          36
        ],
        [
          "Pets",
          23
        ],
        [
          "Furniture",
          15
        ],
        [
          "TVs",
          10
        ]
      ],
      "question": "Tell Me Something You Often See For Sale Classified Section"
    },
    {
      "answers": [
        [
          "Watermelon",
          56
        ],
        [
          "BBQ",
          16
        ],
        [
          "Ice Cream",
          12
        ],
        [
          "Pie",
          11
        ]
      ],
      "question": "Name A Summer Picnic Food That Will Make Your Face Messy."
    }
  ],
  "final_round_timers": [
    20,
    25
  ]
}