{
  "rounds": [
    {
      "answers": [
        {
          "ans": "Store",
          "pnt": 51
        },
        {
          "ans": "Radio",
          "pnt": 31
        },
        {
          "ans": "Place Of Worship",
          "pnt": 8
        },
        {
          "ans": "TV",
          "pnt": 6
        },
        {
          "ans": "Home",
          "pnt": 3
        }
      ],
      "multiply": 1,
      "question": "Where Do You Hear Christmas Songs Throughout December?"
    },
    {
      "answers": [
        {
          "ans": "Lunch",
          "pnt": 52
        },
        {
          "ans": "Briefcase",
          "pnt": 14
        },
        {
          "ans": "Cell Phone",
          "pnt": 12
        },
        {
          "ans": "Coffee",
          "pnt": 8
        },
        {
          "ans": "Purse",
          "pnt": 7
        },
        {
          "ans": "Money",
          "pnt": 6
        }
      ],
      "multiply": 1,
      "question": "Name Something Most People Bring With Them When They Go To Work"
    },
    {
      "answers": [
        {
          "ans": "Banking",
          "pnt": 34
        },
        {
          "ans": "Paying Bills",
          "pnt": 28
        },
        {
          "ans": "Shopping",
          "pnt": 10
        },
        {
          "ans": "Emailing",
          "pnt": 7
        },
        {
          "ans": "Doing Taxes",
          "pnt": 6
        },
        {
          "ans": "Education",
          "pnt": 4
        },
        {
          "ans": "Working",
          "pnt": 4
        }
      ],
      "multiply": 1,
      "question": "What Kinds Of Tasks Do We Now Handle Online That We Didn’t Use To 10 Years Ago?"
    },
    {
      "answers": [
        {
          "ans": "Pierce ",
          "pnt": 49
        },
        {
          "ans": "Tattoo ",
          "pnt": 32
        },
        {
          "ans": "Exercise ",
          "pnt": 21
        },
        {
          "ans": "Shave ",
          "pnt": 14
        },
        {
          "ans": "Tan ",
          "pnt": 9
        },
        {
          "ans": "Cosmetic Surgery ",
          "pnt": 6
        }
      ],
      "multiply": 2,
      "question": "Name Something People Do To Their Bodies, Others Think Is Madness"
    },
    {
      "answers": [
        {
          "ans": "Bears",
          "pnt": 49
        },
        {
          "ans": "Snakes",
          "pnt": 32
        },
        {
          "ans": "Bugs",
          "pnt": 21
        },
        {
          "ans": "Dark",
          "pnt": 14
        },
        {
          "ans": "Ghost",
          "pnt": 9
        }
      ],
      "multiply": 2,
      "question": "Name something you might be scared of while camping."
    },
    {
      "answers": [
        {
          "ans": "Halloween",
          "pnt": 54
        },
        {
          "ans": "Funeral",
          "pnt": 18
        },
        {
          "ans": "Formal Dinner",
          "pnt": 16
        },
        {
          "ans": "Costume Ball",
          "pnt": 5
        },
        {
          "ans": "Wedding",
          "pnt": 5
        }
      ],
      "multiply": 2,
      "question": "Name An Occasion That Dracula Is Almost Always dressed For"
    }
  ],
  "final_round": [
    {
      "answers": [
        [
          "Weather ",
          41
        ],
        [
          "Partner ",
          27
        ],
        [
          "Queues ",
          17
        ],
        [
          "Work ",
          11
        ],
        [
          "Money ",
          7
        ],
        [
          "Government ",
          5
        ]
      ],
      "question": "Name Something everyone Complains About"
    },
    {
      "answers": [
        [
          "Towell ",
          44
        ],
        [
          "Clothes ",
          29
        ],
        [
          "Mat ",
          19
        ]
      ],
      "question": "Name Something You Might See Lying On The Bathroom Floor"
    },
    {
      "answers": [
        [
          "Henry ",
          52
        ],
        [
          "Tommy ",
          34
        ],
        [
          "Jilly ",
          22
        ],
        [
          "Gary ",
          14
        ],
        [
          "Alice ",
          9
        ]
      ],
      "question": "Name A Famous Person With The Surname Cooper"
    },
    {
      "answers": [
        [
          "Bicycle",
          46
        ],
        [
          "Doll House",
          12
        ],
        [
          "Train Set",
          11
        ],
        [
          "Race Track",
          11
        ],
        [
          "Kite",
          10
        ],
        [
          "Jungle Gym",
          8
        ],
        [
          "Play House",
          2
        ]
      ],
      "question": "Name A Toy Parents Have To Put Together."
    }
  ],
  "final_round_timers": [
    20,
    25
  ]
}