{
  "rounds": [
    {
      "answers": [
        {
          "ans": "Apple",
          "pnt": 32
        },
        {
          "ans": "Candy",
          "pnt": 19
        },
        {
          "ans": "Card",
          "pnt": 12
        },
        {
          "ans": "Coffee Mug",
          "pnt": 11
        },
        {
          "ans": "Cookies",
          "pnt": 10
        },
        {
          "ans": "Candle",
          "pnt": 8
        },
        {
          "ans": "Book",
          "pnt": 7
        }
      ],
      "multiply": 1,
      "question": "Name A Gift A Child May Give To A Teacher For The Holidays"
    },
    {
      "answers": [
        {
          "ans": "Hotel",
          "pnt": 38
        },
        {
          "ans": "Mall",
          "pnt": 24
        },
        {
          "ans": "Hospital",
          "pnt": 16
        },
        {
          "ans": "Office Building",
          "pnt": 11
        }
      ],
      "multiply": 1,
      "question": "Name A Place Where You Often Find An Elevator."
    },
    {
      "answers": [
        {
          "ans": "Tattoos",
          "pnt": 26
        },
        {
          "ans": "Get Body Pierced",
          "pnt": 25
        },
        {
          "ans": "Dye Hair",
          "pnt": 16
        },
        {
          "ans": "Shave Head",
          "pnt": 7
        },
        {
          "ans": "Paint Face",
          "pnt": 7
        },
        {
          "ans": "Long Hair",
          "pnt": 6
        },
        {
          "ans": "Facial Hair",
          "pnt": 3
        }
      ],
      "multiply": 1,
      "question": "Name Something A Male Rockstar Might Do To Make Himself Look More Rebellious"
    },
    {
      "answers": [
        {
          "ans": "Toast",
          "pnt": 39
        },
        {
          "ans": "Eggs",
          "pnt": 28
        },
        {
          "ans": "Cereal",
          "pnt": 23
        },
        {
          "ans": "Waffle/Pop Tart",
          "pnt": 3
        },
        {
          "ans": "Bacon",
          "pnt": 3
        }
      ],
      "multiply": 2,
      "question": "Name A Breakfast Food You Could Prepare Using Just One Hand."
    },
    {
      "answers": [
        {
          "ans": "Titanic",
          "pnt": 43
        },
        {
          "ans": "Lord Of The Rings",
          "pnt": 19
        },
        {
          "ans": "Gone With The Wind",
          "pnt": 15
        },
        {
          "ans": "Harry Potter",
          "pnt": 10
        },
        {
          "ans": "King Kong",
          "pnt": 7
        },
        {
          "ans": "Dances With Wolves",
          "pnt": 4
        }
      ],
      "multiply": 2,
      "question": "Name A Really Long Movie"
    },
    {
      "answers": [
        {
          "ans": "Gravy",
          "pnt": 56
        },
        {
          "ans": "Butter",
          "pnt": 24
        },
        {
          "ans": "Mashed Potatoes",
          "pnt": 6
        },
        {
          "ans": "Jelly",
          "pnt": 5
        },
        {
          "ans": "Honey",
          "pnt": 5
        }
      ],
      "multiply": 2,
      "question": "Name Something People Serve With Biscuits."
    }
  ],
  "final_round": [
    {
      "answers": [
        [
          "Skate",
          70
        ],
        [
          "Play Hockey",
          9
        ],
        [
          "Fall Down",
          8
        ],
        [
          "Ice Fish",
          7
        ],
        [
          "Walk",
          3
        ]
      ],
      "question": "Name Something People Do On Ice"
    },
    {
      "answers": [
        [
          "Bar",
          26
        ],
        [
          "Highway",
          20
        ],
        [
          "Bank",
          18
        ],
        [
          "Public Transit",
          9
        ],
        [
          "Shopping Center",
          9
        ],
        [
          "Grocery Store",
          7
        ],
        [
          "Restaurant",
          6
        ]
      ],
      "question": "Name A Place That Gets Crowded At The End Of A Work Day"
    },
    {
      "answers": [
        [
          "Cutting Hair",
          46
        ],
        [
          "Shaving",
          25
        ],
        [
          "Sweeping",
          12
        ],
        [
          "Standing",
          7
        ],
        [
          "Making Conversation",
          7
        ]
      ],
      "question": "Tell Me Something Specific That A Barber Must Get Sick Of Doing"
    },
    {
      "answers": [
        [
          "Hospital",
          26
        ],
        [
          "Police Station",
          18
        ],
        [
          "Courthouse",
          12
        ],
        [
          "Shopping Center",
          11
        ],
        [
          "Post Office",
          10
        ],
        [
          "Bank",
          10
        ],
        [
          "School",
          7
        ]
      ],
      "question": "Name A Public Place That You Can Almost Never Park Right In Front Of."
    }
  ],
  "final_round_timers": [
    20,
    25
  ]
}