{
  "rounds": [
    {
      "answers": [
        {
          "ans": "Air Conditioning",
          "pnt": 73
        },
        {
          "ans": "Turn On The Fan",
          "pnt": 13
        },
        {
          "ans": "Close Blinds",
          "pnt": 9
        },
        {
          "ans": "Open Windows",
          "pnt": 5
        }
      ],
      "multiply": 1,
      "question": "Name Something You Might Do To Keep Your House Cool On A Hot Day"
    },
    {
      "answers": [
        {
          "ans": "Chew Gum/Candy",
          "pnt": 28
        },
        {
          "ans": "Lie",
          "pnt": 20
        },
        {
          "ans": "Pass Gas",
          "pnt": 20
        },
        {
          "ans": "Swear",
          "pnt": 11
        },
        {
          "ans": "Smoke",
          "pnt": 9
        },
        {
          "ans": "Sleep",
          "pnt": 5
        },
        {
          "ans": "Arrive Late",
          "pnt": 4
        }
      ],
      "multiply": 1,
      "question": "What Would You Do In A Job Interview That Would Guarantee You Don’t Get The Job."
    },
    {
      "answers": [
        {
          "ans": "Sibling",
          "pnt": 29
        },
        {
          "ans": "Parent",
          "pnt": 26
        },
        {
          "ans": "In Law",
          "pnt": 11
        },
        {
          "ans": "Santa",
          "pnt": 8
        },
        {
          "ans": "Exercise",
          "pnt": 6
        },
        {
          "ans": "Boss",
          "pnt": 6
        },
        {
          "ans": "Grandparent",
          "pnt": 6
        }
      ],
      "multiply": 1,
      "question": "Name A Person You Wouldn’t Kiss Under The Mistletoe."
    },
    {
      "answers": [
        {
          "ans": "Money ",
          "pnt": 57
        },
        {
          "ans": "Books ",
          "pnt": 37
        },
        {
          "ans": "CD's / DVD's ",
          "pnt": 24
        },
        {
          "ans": "Addesses / Numbers ",
          "pnt": 16
        },
        {
          "ans": "Business Cards ",
          "pnt": 10
        }
      ],
      "multiply": 2,
      "question": "Name Something That People Swap"
    },
    {
      "answers": [
        {
          "ans": "Han And Cheese",
          "pnt": 40
        },
        {
          "ans": "Club",
          "pnt": 26
        },
        {
          "ans": "Roast Beef",
          "pnt": 17
        },
        {
          "ans": "Tuna",
          "pnt": 11
        },
        {
          "ans": "Reuben",
          "pnt": 7
        },
        {
          "ans": "Chicken",
          "pnt": 5
        },
        {
          "ans": "Pastrami",
          "pnt": 3
        }
      ],
      "multiply": 2,
      "question": "Name A Sandwich You Can Find In Most delis."
    },
    {
      "answers": [
        {
          "ans": "Chocolate ",
          "pnt": 43
        },
        {
          "ans": "Cakes ",
          "pnt": 28
        },
        {
          "ans": "Ice Cream ",
          "pnt": 18
        },
        {
          "ans": "Food ",
          "pnt": 12
        },
        {
          "ans": "Cream Buns ",
          "pnt": 8
        }
      ],
      "multiply": 2,
      "question": "Name A Food That Dieters Dream About At Night"
    }
  ],
  "final_round": [
    {
      "answers": [
        [
          "Name",
          48
        ],
        [
          "Age",
          31
        ],
        [
          "Where You Work",
          20
        ],
        [
          "Parent/Grandparent",
          13
        ],
        [
          "Sex",
          9
        ],
        [
          "Horoscope Sign",
          6
        ]
      ],
      "question": "Name A Piece Of Info That May Be Revealed On Someones Coffee Mug"
    },
    {
      "answers": [
        [
          "Winner",
          85
        ],
        [
          "Champion",
          5
        ],
        [
          "Early Bird",
          3
        ],
        [
          "Number 1",
          2
        ]
      ],
      "question": "Name A Term That Describes Someone Who Comes In At First Place"
    },
    {
      "answers": [
        [
          "Read ",
          48
        ],
        [
          "Sleep ",
          31
        ],
        [
          "Eat ",
          20
        ],
        [
          "Watch TV ",
          13
        ],
        [
          "Yawn ",
          9
        ]
      ],
      "question": "Name Something You Do When Your Bored"
    },
    {
      "answers": [
        [
          "Backpacks",
          43
        ],
        [
          "Purses",
          33
        ],
        [
          "Kids",
          12
        ],
        [
          "Monkey",
          5
        ],
        [
          "Weight Of The World",
          2
        ]
      ],
      "question": "Name Something People Carry On Their Shoulders."
    }
  ],
  "final_round_timers": [
    20,
    25
  ]
}