{
  "rounds": [
    {
      "answers": [
        {
          "ans": "Chandeleir",
          "pnt": 58
        },
        {
          "ans": "Furniture",
          "pnt": 38
        },
        {
          "ans": "Flowers",
          "pnt": 25
        },
        {
          "ans": "TV",
          "pnt": 16
        },
        {
          "ans": "Fountain",
          "pnt": 11
        },
        {
          "ans": "Bar",
          "pnt": 7
        },
        {
          "ans": "Piano",
          "pnt": 4
        }
      ],
      "multiply": 1,
      "question": "Name Something Nice Hotel/Motel Might Have In Lobby"
    },
    {
      "answers": [
        {
          "ans": "Weapon",
          "pnt": 32
        },
        {
          "ans": "Mask",
          "pnt": 29
        },
        {
          "ans": "Car",
          "pnt": 15
        },
        {
          "ans": "Bags Of Money",
          "pnt": 13
        },
        {
          "ans": "Gloves",
          "pnt": 8
        }
      ],
      "multiply": 1,
      "question": "Name Something A Bankrobber Wants To Get Rid Of Quickly, So It Isn’t Used As Evidence."
    },
    {
      "answers": [
        {
          "ans": "Jesse James",
          "pnt": 49
        },
        {
          "ans": "Billy The Kid",
          "pnt": 26
        },
        {
          "ans": "Jesse Wales",
          "pnt": 15
        },
        {
          "ans": "Bonnie/Clyde",
          "pnt": 6
        }
      ],
      "multiply": 1,
      "question": "Real Or Fictional, Name A Famous Outlaw"
    },
    {
      "answers": [
        {
          "ans": "Bones",
          "pnt": 35
        },
        {
          "ans": "Toys",
          "pnt": 16
        },
        {
          "ans": "Biscuits",
          "pnt": 14
        },
        {
          "ans": "Other Dogs",
          "pnt": 10
        },
        {
          "ans": "Fire Hydrant",
          "pnt": 9
        },
        {
          "ans": "Dog Food",
          "pnt": 8
        }
      ],
      "multiply": 2,
      "question": "If There Is A Doggy Heaven, Name Something It Probably Has A Lot Of."
    },
    {
      "answers": [
        {
          "ans": "No Parking",
          "pnt": 41
        },
        {
          "ans": "No Smoking",
          "pnt": 30
        },
        {
          "ans": "No Entry",
          "pnt": 8
        },
        {
          "ans": "No Turns",
          "pnt": 7
        },
        {
          "ans": "No Trespassing",
          "pnt": 7
        },
        {
          "ans": "No Loitering",
          "pnt": 4
        }
      ],
      "multiply": 2,
      "question": "Name A Phrase On Signs That Starts With The Word “No."
    },
    {
      "answers": [
        {
          "ans": "George W Bush",
          "pnt": 33
        },
        {
          "ans": "Richard Nixon",
          "pnt": 29
        },
        {
          "ans": "Bill Clinton",
          "pnt": 25
        },
        {
          "ans": "John F Kennedy",
          "pnt": 3
        },
        {
          "ans": "Abraham Lincoln",
          "pnt": 3
        }
      ],
      "multiply": 2,
      "question": "Name A Controversial American President"
    }
  ],
  "final_round": [
    {
      "answers": [
        [
          "Duck ",
          53
        ],
        [
          "Toys ",
          34
        ],
        [
          "Boat ",
          23
        ],
        [
          "Washer ",
          15
        ],
        [
          "Bubbles ",
          10
        ]
      ],
      "question": "Name Something Children Play With In The Bath"
    },
    {
      "answers": [
        [
          "How To Grow Corn",
          46
        ],
        [
          "Hunting",
          10
        ],
        [
          "Sharing",
          9
        ],
        [
          "Thanks",
          8
        ],
        [
          "Peace",
          8
        ],
        [
          "Cooking",
          6
        ],
        [
          "How To Smoke",
          4
        ]
      ],
      "question": "Name Something The Indians Taught To The Pilgrims."
    },
    {
      "answers": [
        [
          "Pastor",
          45
        ],
        [
          "Teacher",
          26
        ],
        [
          "Doctor",
          9
        ],
        [
          "Co Worker",
          7
        ],
        [
          "Therapist",
          5
        ]
      ],
      "question": "Name Someone Other Than Family And Friends That You Would Confide In"
    },
    {
      "answers": [
        [
          "See You Later",
          40
        ],
        [
          "So Long",
          21
        ],
        [
          "Adios",
          20
        ],
        [
          "Ciao",
          9
        ],
        [
          "Hasta La Vista",
          5
        ]
      ],
      "question": "Name Another Word Or Phrase People Use To Say Good-Bye"
    }
  ],
  "final_round_timers": [
    20,
    25
  ]
}