{
  "rounds": [
    {
      "answers": [
        {
          "ans": "Rock",
          "pnt": 38
        },
        {
          "ans": "Hip Hop",
          "pnt": 35
        },
        {
          "ans": "Heavy Metal",
          "pnt": 17
        },
        {
          "ans": "Classical",
          "pnt": 4
        },
        {
          "ans": "Jazz",
          "pnt": 3
        },
        {
          "ans": "Opera",
          "pnt": 3
        }
      ],
      "multiply": 1,
      "question": "Which Style of Music Would Be Least Effective To Sing When Putting Your Baby To Sleep?"
    },
    {
      "answers": [
        {
          "ans": "Blow Smoke In Face",
          "pnt": 40
        },
        {
          "ans": "Eating",
          "pnt": 26
        },
        {
          "ans": "Throw On Ground",
          "pnt": 17
        },
        {
          "ans": "Spit",
          "pnt": 11
        }
      ],
      "multiply": 1,
      "question": "Something Rude People Do While Smoking"
    },
    {
      "answers": [
        {
          "ans": "Place Of Worship",
          "pnt": 44
        },
        {
          "ans": "Court",
          "pnt": 30
        },
        {
          "ans": "School",
          "pnt": 12
        },
        {
          "ans": "Sporting Event",
          "pnt": 10
        },
        {
          "ans": "Wedding",
          "pnt": 5
        }
      ],
      "multiply": 1,
      "question": "Name A Place Where People Are Asked To Rise"
    },
    {
      "answers": [
        {
          "ans": "Silk",
          "pnt": 59
        },
        {
          "ans": "Satin",
          "pnt": 38
        },
        {
          "ans": "Egyptian Cotton",
          "pnt": 25
        },
        {
          "ans": "Velvet",
          "pnt": 16
        }
      ],
      "multiply": 2,
      "question": "Of What Material Would You Expect To Queen Of England’s Sheets To Be Made?"
    },
    {
      "answers": [
        {
          "ans": "Mini Skirt ",
          "pnt": 43
        },
        {
          "ans": "Bikini ",
          "pnt": 28
        },
        {
          "ans": "Swimming Trunks ",
          "pnt": 18
        },
        {
          "ans": "Shorts ",
          "pnt": 12
        },
        {
          "ans": "Thong ",
          "pnt": 8
        }
      ],
      "multiply": 2,
      "question": "Name Something You Really Shouldn't Wear After 50"
    },
    {
      "answers": [
        {
          "ans": "Stick Thumb Out",
          "pnt": 47
        },
        {
          "ans": "Hold Out A Sign",
          "pnt": 41
        },
        {
          "ans": "Wave",
          "pnt": 6
        },
        {
          "ans": "Shout",
          "pnt": 2
        }
      ],
      "multiply": 2,
      "question": "Name Something A Hitchhiker Might Do To Get Noticed."
    }
  ],
  "final_round": [
    {
      "answers": [
        [
          "Clothing ",
          58
        ],
        [
          "Food ",
          38
        ],
        [
          "Pictures / Photos ",
          25
        ],
        [
          "Fridge ",
          16
        ],
        [
          "Pets ",
          11
        ]
      ],
      "question": "Name Something Most Burglars Never Steal In A Home Robbery"
    },
    {
      "answers": [
        [
          "Pasta",
          28
        ],
        [
          "Bread",
          25
        ],
        [
          "Hot Dogs",
          18
        ],
        [
          "Rice",
          8
        ],
        [
          "Pop Corn",
          5
        ],
        [
          "Beans",
          4
        ],
        [
          "Pancakes",
          3
        ]
      ],
      "question": "Name A Food That Gets Bigger When It’s Cooked"
    },
    {
      "answers": [
        [
          "Hugs",
          37
        ],
        [
          "Love",
          23
        ],
        [
          "Kisses",
          11
        ],
        [
          "Good Grades",
          8
        ],
        [
          "Artwork",
          6
        ],
        [
          "Cards",
          6
        ],
        [
          "Respect",
          5
        ]
      ],
      "question": "What Do Parents Most Like To Receive From Their Children?"
    },
    {
      "answers": [
        [
          "Truck Driver",
          43
        ],
        [
          "Airplane Pilot",
          28
        ],
        [
          "Machinist",
          10
        ],
        [
          "Bus/Taxi Driver",
          8
        ],
        [
          "Security Guard",
          6
        ]
      ],
      "question": "Tell Me An Occupation In Which It Could Be Disastrous To Fall Asleep On The Job."
    }
  ],
  "final_round_timers": [
    20,
    25
  ]
}