{
  "rounds": [
    {
      "answers": [
        {
          "ans": "Trumpet ",
          "pnt": 50
        },
        {
          "ans": "Saxophone ",
          "pnt": 33
        },
        {
          "ans": "Drums ",
          "pnt": 21
        },
        {
          "ans": "Clarinet ",
          "pnt": 14
        },
        {
          "ans": "Double Bass ",
          "pnt": 9
        }
      ],
      "multiply": 1,
      "question": "Name An Instrument In A Jazz Band"
    },
    {
      "answers": [
        {
          "ans": "Swimsuit",
          "pnt": 35
        },
        {
          "ans": "Summer Clothing",
          "pnt": 18
        },
        {
          "ans": "Pool Equipment",
          "pnt": 16
        },
        {
          "ans": "Lawn Care",
          "pnt": 13
        },
        {
          "ans": "Ice Cream",
          "pnt": 6
        },
        {
          "ans": "Air Conditioner",
          "pnt": 5
        }
      ],
      "multiply": 1,
      "question": "Name Something That Probably Drops In Sales In The Winter."
    },
    {
      "answers": [
        {
          "ans": "Meat ",
          "pnt": 57
        },
        {
          "ans": "Cleaver ",
          "pnt": 37
        },
        {
          "ans": "Knife ",
          "pnt": 24
        },
        {
          "ans": "Chopping Board ",
          "pnt": 16
        }
      ],
      "multiply": 1,
      "question": "Name Something You Associate With A Butcher"
    },
    {
      "answers": [
        {
          "ans": "Conversation",
          "pnt": 59
        },
        {
          "ans": "Date",
          "pnt": 18
        },
        {
          "ans": "Work/Meeting",
          "pnt": 11
        },
        {
          "ans": "Movie/TV Show",
          "pnt": 10
        }
      ],
      "multiply": 2,
      "question": "Name Something A Parent Might Scold A Child For Interrupting"
    },
    {
      "answers": [
        {
          "ans": "Underwear",
          "pnt": 47
        },
        {
          "ans": "Socks",
          "pnt": 29
        },
        {
          "ans": "Jeans",
          "pnt": 14
        },
        {
          "ans": "Tie",
          "pnt": 5
        },
        {
          "ans": "Nightgown",
          "pnt": 3
        }
      ],
      "multiply": 2,
      "question": "Name An Article Of Clothing That Only A Neat-Freak Would Iron"
    },
    {
      "answers": [
        {
          "ans": "Bow/Ribbon",
          "pnt": 49
        },
        {
          "ans": "Sweater",
          "pnt": 37
        },
        {
          "ans": "Diamond Collar",
          "pnt": 9
        },
        {
          "ans": "Tutu",
          "pnt": 3
        }
      ],
      "multiply": 2,
      "question": "Name Something You’d Put On A Poodle, But Not A Pitbull"
    }
  ],
  "final_round": [
    {
      "answers": [
        [
          "Slide",
          50
        ],
        [
          "Swings",
          33
        ],
        [
          "Monkey Bar",
          21
        ],
        [
          "See Saw",
          14
        ],
        [
          "Merry Go Round",
          9
        ]
      ],
      "question": "Name Something At The Playground Wish Adult Size"
    },
    {
      "answers": [
        [
          "Pond",
          65
        ],
        [
          "Lake",
          12
        ],
        [
          "Swamp",
          6
        ],
        [
          "Creek",
          5
        ],
        [
          "River",
          3
        ],
        [
          "Woods",
          3
        ],
        [
          "Backyard",
          2
        ]
      ],
      "question": "Name A Place Where You Might Find A Frog"
    },
    {
      "answers": [
        [
          "Head",
          33
        ],
        [
          "Eyes",
          27
        ],
        [
          "Tail/Fin",
          19
        ],
        [
          "Bones",
          14
        ],
        [
          "Scales",
          3
        ],
        [
          "Giills",
          3
        ]
      ],
      "question": "Name A Part of A Fish That Most People Don’t Eat."
    },
    {
      "answers": [
        [
          "Ketchup",
          58
        ],
        [
          "Salt",
          28
        ],
        [
          "Ranch Dressing",
          6
        ],
        [
          "Mayonnaise",
          2
        ],
        [
          "Vinegar",
          2
        ],
        [
          "Mustard",
          2
        ],
        [
          "Bar B Que Sauce",
          2
        ]
      ],
      "question": "Name Something People Put On Their French Fries."
    }
  ],
  "final_round_timers": [
    20,
    25
  ]
}