{
  "rounds": [
    {
      "answers": [
        {
          "ans": "Age",
          "pnt": 42
        },
        {
          "ans": "Weight",
          "pnt": 26
        },
        {
          "ans": "Address",
          "pnt": 12
        },
        {
          "ans": "Phone Number",
          "pnt": 6
        },
        {
          "ans": "Income",
          "pnt": 4
        },
        {
          "ans": "Drinking Habits",
          "pnt": 3
        },
        {
          "ans": "Sleep Naked",
          "pnt": 3
        }
      ],
      "multiply": 1,
      "question": "Name Something Your Child Knows About You That You Hope She’s Not Telling Strangers"
    },
    {
      "answers": [
        {
          "ans": "Underwear ",
          "pnt": 46
        },
        {
          "ans": "Socks ",
          "pnt": 30
        },
        {
          "ans": "Scarf ",
          "pnt": 20
        },
        {
          "ans": "Hat ",
          "pnt": 13
        }
      ],
      "multiply": 1,
      "question": "Name An Item Of Clothing You Don't Usually Put On Hangers"
    },
    {
      "answers": [
        {
          "ans": "Big Bird",
          "pnt": 61
        },
        {
          "ans": "Oscar The Grouch",
          "pnt": 23
        },
        {
          "ans": "Cookie Monster",
          "pnt": 9
        },
        {
          "ans": "Snuffy",
          "pnt": 5
        }
      ],
      "multiply": 1,
      "question": "Which Sesame Street Character Must Get Uncomfortable In Their Costume?"
    },
    {
      "answers": [
        {
          "ans": "Head ",
          "pnt": 48
        },
        {
          "ans": "Tooth ",
          "pnt": 31
        },
        {
          "ans": "Back ",
          "pnt": 20
        },
        {
          "ans": "Ear ",
          "pnt": 13
        },
        {
          "ans": "Heart ",
          "pnt": 9
        }
      ],
      "multiply": 2,
      "question": "Name A Common Type Of Ache"
    },
    {
      "answers": [
        {
          "ans": "Footloose",
          "pnt": 41
        },
        {
          "ans": "Tremors",
          "pnt": 27
        },
        {
          "ans": "Diner",
          "pnt": 17
        },
        {
          "ans": "Mystic River",
          "pnt": 11
        },
        {
          "ans": "Hollow Man",
          "pnt": 7
        },
        {
          "ans": "Apollo 13",
          "pnt": 5
        },
        {
          "ans": "A Few Good Men",
          "pnt": 3
        }
      ],
      "multiply": 2,
      "question": "Name A Kevin Bacon Film"
    },
    {
      "answers": [
        {
          "ans": "Talks Too Loud",
          "pnt": 35
        },
        {
          "ans": "Tap Pen/Pencil",
          "pnt": 29
        },
        {
          "ans": "Sings",
          "pnt": 14
        },
        {
          "ans": "Cough",
          "pnt": 10
        },
        {
          "ans": "Chew Gum",
          "pnt": 6
        }
      ],
      "multiply": 2,
      "question": "Name Something An Employee Sitting In The Cubicle Next To You Might Do That Annoys You."
    }
  ],
  "final_round": [
    {
      "answers": [
        [
          "Car",
          58
        ],
        [
          "Safe",
          38
        ],
        [
          "House",
          25
        ],
        [
          "Diary",
          16
        ]
      ],
      "question": "Name Something You Never Leave Unlocked"
    },
    {
      "answers": [
        [
          "Baseball",
          59
        ],
        [
          "Horseshoes",
          38
        ],
        [
          "Ideas",
          25
        ],
        [
          "Movie",
          16
        ],
        [
          "Sales Pitch",
          11
        ]
      ],
      "question": "Name something that people pitch"
    },
    {
      "answers": [
        [
          "George W Bush",
          35
        ],
        [
          "William Clinton",
          23
        ],
        [
          "Abe Lincoln",
          19
        ],
        [
          "Richard Nixon",
          12
        ],
        [
          "George Washington",
          5
        ],
        [
          "Ronald Reagan",
          3
        ]
      ],
      "question": "Which Former President Would Look Funny Wearing A Dress?"
    },
    {
      "answers": [
        [
          "Ham",
          45
        ],
        [
          "Chicken",
          29
        ],
        [
          "Duck",
          19
        ],
        [
          "Tofu Turkey",
          12
        ],
        [
          "Lamb",
          8
        ],
        [
          "Beef",
          5
        ],
        [
          "Goose",
          3
        ]
      ],
      "question": "Name An Alternative To Turkey On Thanksgiving"
    }
  ],
  "final_round_timers": [
    20,
    25
  ]
}