{
  "rounds": [
    {
      "answers": [
        {
          "ans": "Texas",
          "pnt": 51
        },
        {
          "ans": "Georgia",
          "pnt": 15
        },
        {
          "ans": "Alabama",
          "pnt": 12
        },
        {
          "ans": "Kentucky",
          "pnt": 9
        },
        {
          "ans": "Tenessee",
          "pnt": 6
        },
        {
          "ans": "South Carolina",
          "pnt": 6
        }
      ],
      "multiply": 1,
      "question": "Name A U.S. State Whose Residents Say “Y’All"
    },
    {
      "answers": [
        {
          "ans": "Cat ",
          "pnt": 55
        },
        {
          "ans": "Dustbins ",
          "pnt": 36
        },
        {
          "ans": "Junk / Rubbish ",
          "pnt": 23
        },
        {
          "ans": "Robber ",
          "pnt": 15
        },
        {
          "ans": "Drunk ",
          "pnt": 10
        },
        {
          "ans": "Tramp ",
          "pnt": 6
        }
      ],
      "multiply": 1,
      "question": "Name Something You Might See In An Alleyway"
    },
    {
      "answers": [
        {
          "ans": "Movie",
          "pnt": 39
        },
        {
          "ans": "Album",
          "pnt": 21
        },
        {
          "ans": "TV Show",
          "pnt": 14
        },
        {
          "ans": "Book",
          "pnt": 12
        },
        {
          "ans": "Charity",
          "pnt": 9
        },
        {
          "ans": "Clothes",
          "pnt": 5
        }
      ],
      "multiply": 1,
      "question": "Name Something A Celebrity Might Go On A Talk Show To Promote"
    },
    {
      "answers": [
        {
          "ans": "Kids ",
          "pnt": 56
        },
        {
          "ans": "Christmas ",
          "pnt": 36
        },
        {
          "ans": "Playing ",
          "pnt": 24
        },
        {
          "ans": "Fun ",
          "pnt": 16
        },
        {
          "ans": "Box ",
          "pnt": 10
        }
      ],
      "multiply": 2,
      "question": "Name Something You Associate With Toys"
    },
    {
      "answers": [
        {
          "ans": "Ice Cream",
          "pnt": 26
        },
        {
          "ans": "Ribs",
          "pnt": 25
        },
        {
          "ans": "Spaghetti",
          "pnt": 25
        },
        {
          "ans": "Sloppy Joe",
          "pnt": 10
        },
        {
          "ans": "Pizza",
          "pnt": 5
        },
        {
          "ans": "Watermelon",
          "pnt": 4
        }
      ],
      "multiply": 2,
      "question": "Name A Food That It’s Hard To Keep Your Face Clean While Eating."
    },
    {
      "answers": [
        {
          "ans": "Hurricane",
          "pnt": 32
        },
        {
          "ans": "Snow/Blizzard",
          "pnt": 31
        },
        {
          "ans": "Tornado",
          "pnt": 28
        },
        {
          "ans": "Flood",
          "pnt": 4
        },
        {
          "ans": "Earthquake",
          "pnt": 3
        }
      ],
      "multiply": 2,
      "question": "What Kind Of A Weather Event Makes The Front Page Of The News?"
    }
  ],
  "final_round": [
    {
      "answers": [
        [
          "Cake ",
          52
        ],
        [
          "Pictures ",
          34
        ],
        [
          "Ring ",
          22
        ],
        [
          "Wedding Dress ",
          14
        ],
        [
          "Cake Or Ornament ",
          9
        ],
        [
          "Flowers ",
          6
        ]
      ],
      "question": "Name Something A Couple Might Save From Their Wedding Day"
    },
    {
      "answers": [
        [
          "Banana",
          42
        ],
        [
          "Pear",
          14
        ],
        [
          "Kiwi",
          13
        ],
        [
          "Watermelon",
          12
        ],
        [
          "Plum",
          6
        ],
        [
          "Strawberry",
          5
        ],
        [
          "Peach",
          5
        ]
      ],
      "question": "Name A Fruit That You Rarely See Made Into Juice"
    },
    {
      "answers": [
        [
          "Talk/Yell",
          36
        ],
        [
          "Think",
          32
        ],
        [
          "Laugh",
          10
        ],
        [
          "Bend Over",
          7
        ],
        [
          "Cough",
          5
        ],
        [
          "Look At Light",
          5
        ]
      ],
      "question": "When You Have A Headache, Name Something It Hurts To Do."
    },
    {
      "answers": [
        [
          "Marriage ",
          51
        ],
        [
          "Becoming A Dad ",
          33
        ],
        [
          "His First Car ",
          22
        ],
        [
          "21st Birthday ",
          14
        ],
        [
          "His Birth ",
          9
        ]
      ],
      "question": "Name The Most Important Occasion In A Mans Life"
    }
  ],
  "final_round_timers": [
    20,
    25
  ]
}