{
  "rounds": [
    {
      "answers": [
        {
          "ans": "Weightlifting",
          "pnt": 53
        },
        {
          "ans": "Wrestling",
          "pnt": 34
        },
        {
          "ans": "Football",
          "pnt": 23
        },
        {
          "ans": "Cars",
          "pnt": 15
        },
        {
          "ans": "Boxing",
          "pnt": 10
        }
      ],
      "multiply": 1,
      "question": "Name A Hobby You Associate With Macho Men"
    },
    {
      "answers": [
        {
          "ans": "Reading",
          "pnt": 43
        },
        {
          "ans": "Sports",
          "pnt": 19
        },
        {
          "ans": "Dancing",
          "pnt": 14
        },
        {
          "ans": "Hiking",
          "pnt": 10
        },
        {
          "ans": "watching movies",
          "pnt": 5
        }
      ],
      "multiply": 1,
      "question": "On A Dating Website, What Activity Do People Often List As A Pastime"
    },
    {
      "answers": [
        {
          "ans": "Stop",
          "pnt": 33
        },
        {
          "ans": "Yeild/Caution",
          "pnt": 23
        },
        {
          "ans": "Bo Not Enter",
          "pnt": 20
        },
        {
          "ans": "No Turns",
          "pnt": 12
        },
        {
          "ans": "One Way",
          "pnt": 9
        },
        {
          "ans": "Dead End",
          "pnt": 3
        }
      ],
      "multiply": 1,
      "question": "Name A Phrase On A Traffic Sign That You Could Imagine Seeing On Your In-Laws House."
    },
    {
      "answers": [
        {
          "ans": "Beach",
          "pnt": 29
        },
        {
          "ans": "Aloha",
          "pnt": 25
        },
        {
          "ans": "Sunny",
          "pnt": 17
        },
        {
          "ans": "Surfing",
          "pnt": 8
        },
        {
          "ans": "Volcano",
          "pnt": 6
        },
        {
          "ans": "Beautiful",
          "pnt": 6
        },
        {
          "ans": "Tropical",
          "pnt": 5
        }
      ],
      "multiply": 2,
      "question": "Name A Word That You’d Probably See In A Vacation Brochure For Hawaii"
    },
    {
      "answers": [
        {
          "ans": "Potato Chips",
          "pnt": 46
        },
        {
          "ans": "Peanuts",
          "pnt": 20
        },
        {
          "ans": "Popcorn",
          "pnt": 15
        },
        {
          "ans": "French Fries",
          "pnt": 8
        },
        {
          "ans": "Pretzels",
          "pnt": 8
        }
      ],
      "multiply": 2,
      "question": "Name A Salty Food That’s Hard To Stop Eating Once You Start."
    },
    {
      "answers": [
        {
          "ans": "Gardening",
          "pnt": 43
        },
        {
          "ans": "Baseball",
          "pnt": 28
        },
        {
          "ans": "Golf",
          "pnt": 18
        },
        {
          "ans": "Boxing",
          "pnt": 12
        },
        {
          "ans": "Cleaning",
          "pnt": 8
        },
        {
          "ans": "Skiing",
          "pnt": 5
        },
        {
          "ans": "Surgery",
          "pnt": 3
        }
      ],
      "multiply": 2,
      "question": "Name An Activity Where You Wear Gloves"
    }
  ],
  "final_round": [
    {
      "answers": [
        [
          "Money",
          38
        ],
        [
          "Making Love",
          22
        ],
        [
          "Vacation/Travel",
          21
        ],
        [
          "New House",
          5
        ],
        [
          "Love/Marriage",
          5
        ],
        [
          "New Car",
          3
        ]
      ],
      "question": "Name Something People Daydream About"
    },
    {
      "answers": [
        [
          "Surfing",
          28
        ],
        [
          "Skinny Dipping",
          25
        ],
        [
          "Scuba Diving",
          13
        ],
        [
          "Parasailing",
          10
        ],
        [
          "Snorkeling",
          7
        ],
        [
          "Wartersking",
          4
        ],
        [
          "Jet Sking",
          4
        ]
      ],
      "question": "Name Something That An Adventurous Person Might Try While At The Beach"
    },
    {
      "answers": [
        [
          "Tree ",
          47
        ],
        [
          "Registration Plate ",
          31
        ],
        [
          "Memos ",
          20
        ],
        [
          "Tattoos ",
          13
        ],
        [
          "Clothes ",
          8
        ],
        [
          "A Wall ",
          5
        ]
      ],
      "question": "Name A Place Where You Would See Someones Initials"
    },
    {
      "answers": [
        [
          "Table ",
          55
        ],
        [
          "Chair ",
          36
        ],
        [
          "Measure / Ruler ",
          23
        ],
        [
          "Socks ",
          15
        ]
      ],
      "question": "Name A Non Living Object With Feet"
    }
  ],
  "final_round_timers": [
    20,
    25
  ]
}