{
  "rounds": [
    {
      "answers": [
        {
          "ans": "Crackers",
          "pnt": 51
        },
        {
          "ans": "Wine",
          "pnt": 38
        },
        {
          "ans": "Bread",
          "pnt": 7
        },
        {
          "ans": "Meat",
          "pnt": 3
        }
      ],
      "multiply": 1,
      "question": "Name Something That’s Often Served With Cheese At A Party"
    },
    {
      "answers": [
        {
          "ans": "Nurse",
          "pnt": 22
        },
        {
          "ans": "Paperboy",
          "pnt": 22
        },
        {
          "ans": "Doctor",
          "pnt": 21
        },
        {
          "ans": "Construction Worker",
          "pnt": 11
        },
        {
          "ans": "Bus Driver",
          "pnt": 7
        },
        {
          "ans": "Farmer",
          "pnt": 7
        },
        {
          "ans": "Baker",
          "pnt": 6
        }
      ],
      "multiply": 1,
      "question": "Name An Occupation Where You Have To Wake Up Early In The Morning."
    },
    {
      "answers": [
        {
          "ans": "Close Windows",
          "pnt": 54
        },
        {
          "ans": "Cut Grass",
          "pnt": 35
        },
        {
          "ans": "Get Home",
          "pnt": 23
        },
        {
          "ans": "Laundry Off Line",
          "pnt": 15
        },
        {
          "ans": "Get Umbrella",
          "pnt": 10
        },
        {
          "ans": "Take A Walk",
          "pnt": 6
        }
      ],
      "multiply": 1,
      "question": "Name Something You Try To Do before It Starts To Rain"
    },
    {
      "answers": [
        {
          "ans": "Talk",
          "pnt": 66
        },
        {
          "ans": "Walk",
          "pnt": 13
        },
        {
          "ans": "Dance",
          "pnt": 5
        },
        {
          "ans": "Sing",
          "pnt": 4
        },
        {
          "ans": "Stand",
          "pnt": 3
        },
        {
          "ans": "Smile",
          "pnt": 3
        }
      ],
      "multiply": 2,
      "question": "Name Something Puppets Are Unable To Do On Their Own"
    },
    {
      "answers": [
        {
          "ans": "Bar ",
          "pnt": 45
        },
        {
          "ans": "Television ",
          "pnt": 29
        },
        {
          "ans": "Alcohol ",
          "pnt": 19
        },
        {
          "ans": "Wine Glasses ",
          "pnt": 12
        },
        {
          "ans": "Chauffeur ",
          "pnt": 8
        }
      ],
      "multiply": 2,
      "question": "Name Something You'd Find In A Limousine But Not In A Car"
    },
    {
      "answers": [
        {
          "ans": "Looks",
          "pnt": 40
        },
        {
          "ans": "Parents",
          "pnt": 27
        },
        {
          "ans": "birthday",
          "pnt": 24
        },
        {
          "ans": "Genes",
          "pnt": 5
        },
        {
          "ans": "Last Name",
          "pnt": 3
        }
      ],
      "multiply": 2,
      "question": "Name Something Twins Might Always Share."
    }
  ],
  "final_round": [
    {
      "answers": [
        [
          "Las Vegas",
          71
        ],
        [
          "New York",
          13
        ],
        [
          "Los Angeles",
          6
        ],
        [
          "Atlanta",
          4
        ],
        [
          "Chicago",
          2
        ],
        [
          "Orlando",
          2
        ],
        [
          "Atlantic City",
          2
        ]
      ],
      "question": "Name A City That Has A Lot Of Hotels."
    },
    {
      "answers": [
        [
          "Underwear",
          43
        ],
        [
          "Socks",
          28
        ],
        [
          "Hat",
          18
        ],
        [
          "Shoes",
          12
        ],
        [
          "Swim Suit",
          8
        ],
        [
          "Watch",
          5
        ],
        [
          "Gloves",
          3
        ]
      ],
      "question": "Name Something You Wear That Never Comes With Pockets"
    },
    {
      "answers": [
        [
          "Ice Cream ",
          44
        ],
        [
          "Pork Chop ",
          29
        ],
        [
          "Raw Fish ",
          19
        ]
      ],
      "question": "Name A Food You Would Never See In A Vending Machine"
    },
    {
      "answers": [
        [
          "Hum",
          66
        ],
        [
          "Mumble",
          18
        ],
        [
          "Pretend To Know",
          6
        ],
        [
          "Whistle",
          4
        ],
        [
          "Lip Sync",
          4
        ]
      ],
      "question": "What Do You Do When You Want To Sing Along With A Song, But Don’t Know The Words?"
    }
  ],
  "final_round_timers": [
    20,
    25
  ]
}