{
  "rounds": [
    {
      "answers": [
        {
          "ans": "Small",
          "pnt": 29
        },
        {
          "ans": "Energetic",
          "pnt": 24
        },
        {
          "ans": "Chews",
          "pnt": 18
        },
        {
          "ans": "Big paws",
          "pnt": 11
        },
        {
          "ans": "Puppy’s bark",
          "pnt": 9
        },
        {
          "ans": "Not house trained",
          "pnt": 6
        }
      ],
      "multiply": 1,
      "question": "How can you tell that a dog is still a puppy?"
    },
    {
      "answers": [
        {
          "ans": "Wash Hands",
          "pnt": 59
        },
        {
          "ans": "Flu Shot",
          "pnt": 38
        },
        {
          "ans": "??",
          "pnt": 25
        },
        {
          "ans": "Vitamins",
          "pnt": 16
        }
      ],
      "multiply": 1,
      "question": "Name Something People Do During Flu Season To Avoid Getting Sick"
    },
    {
      "answers": [
        {
          "ans": "Bonus",
          "pnt": 38
        },
        {
          "ans": "Raise",
          "pnt": 25
        },
        {
          "ans": "Car",
          "pnt": 11
        },
        {
          "ans": "Time Off",
          "pnt": 10
        },
        {
          "ans": "New Boss",
          "pnt": 5
        }
      ],
      "multiply": 1,
      "question": "If Santa Showed Up At Your Work Holiday Party, What Might Your Co-Workers Request For Christmas?"
    },
    {
      "answers": [
        {
          "ans": "Weeds",
          "pnt": 56
        },
        {
          "ans": "Dog Poop",
          "pnt": 12
        },
        {
          "ans": "Grass",
          "pnt": 10
        },
        {
          "ans": "Leaves",
          "pnt": 8
        },
        {
          "ans": "Bugs",
          "pnt": 4
        },
        {
          "ans": "Trash",
          "pnt": 3
        }
      ],
      "multiply": 2,
      "question": "Name Something People Remove From Their Lawn."
    },
    {
      "answers": [
        {
          "ans": "Mail Carrier",
          "pnt": 53
        },
        {
          "ans": "Dog Catcher",
          "pnt": 25
        },
        {
          "ans": "Veterinarian",
          "pnt": 18
        },
        {
          "ans": "Police",
          "pnt": 4
        }
      ],
      "multiply": 2,
      "question": "Name A Profession Where You Might Be Bitten By A Dog."
    },
    {
      "answers": [
        {
          "ans": "Skunk",
          "pnt": 37
        },
        {
          "ans": "Rotten Eggs",
          "pnt": 15
        },
        {
          "ans": "Ammonia",
          "pnt": 8
        },
        {
          "ans": "Onion",
          "pnt": 8
        },
        {
          "ans": "Garlic",
          "pnt": 7
        }
      ],
      "multiply": 2,
      "question": "Tell Me A Smell Most People Hate."
    }
  ],
  "final_round": [
    {
      "answers": [
        [
          "Hair On Face ",
          56
        ],
        [
          "Hair On Hands ",
          36
        ],
        [
          "Howling ",
          24
        ],
        [
          "Fangs ",
          16
        ],
        [
          "Long Nails ",
          10
        ],
        [
          "Cocking Leg ",
          7
        ]
      ],
      "question": "Name A Way You Might Know You Were Becoming A Werewolf"
    },
    {
      "answers": [
        [
          "Blood",
          43
        ],
        [
          "Needles",
          32
        ],
        [
          "people",
          15
        ],
        [
          "Illness/ Germs",
          5
        ]
      ],
      "question": "Name Something A Doctor Better Not Be Afraid Of"
    },
    {
      "answers": [
        [
          "Beef/Meat",
          35
        ],
        [
          "Potatoes",
          29
        ],
        [
          "Carrots",
          17
        ],
        [
          "Beans",
          8
        ],
        [
          "Onions",
          7
        ],
        [
          "Peas",
          3
        ]
      ],
      "question": "Name Something You’d Find In A Hearty Stew."
    },
    {
      "answers": [
        [
          "GUN",
          42
        ],
        [
          "EXPLOSION",
          27
        ],
        [
          "MONSTER",
          18
        ],
        [
          "ALIEN",
          12
        ],
        [
          "CAR CHASE",
          7
        ]
      ],
      "question": "Name Something That You’ve Never Seen In Real Life, But You See At Least 3 Of In Every Action Movie"
    }
  ],
  "final_round_timers": [
    20,
    25
  ]
}