{
  "rounds": [
    {
      "answers": [
        {
          "ans": "Clean Your Room",
          "pnt": 59
        },
        {
          "ans": "Go To Bed",
          "pnt": 38
        },
        {
          "ans": "Do Homework",
          "pnt": 25
        },
        {
          "ans": "Eat Vegetables",
          "pnt": 16
        },
        {
          "ans": "Be Quiet",
          "pnt": 11
        },
        {
          "ans": "Their Name",
          "pnt": 7
        },
        {
          "ans": "No",
          "pnt": 4
        }
      ],
      "multiply": 1,
      "question": "Name Something Mom Says That Kids Pretend Not To Hear"
    },
    {
      "answers": [
        {
          "ans": "Hiking",
          "pnt": 42
        },
        {
          "ans": "Skiing",
          "pnt": 27
        },
        {
          "ans": "Hunting",
          "pnt": 18
        },
        {
          "ans": "Fishing",
          "pnt": 12
        },
        {
          "ans": "Sledding",
          "pnt": 7
        },
        {
          "ans": "Shoveling",
          "pnt": 5
        },
        {
          "ans": "Horseback Riding",
          "pnt": 3
        }
      ],
      "multiply": 1,
      "question": "Name An Activity For Which People Wear Boots"
    },
    {
      "answers": [
        {
          "ans": "Milk",
          "pnt": 41
        },
        {
          "ans": "Cigarettes",
          "pnt": 27
        },
        {
          "ans": "Meat",
          "pnt": 17
        },
        {
          "ans": "Ice Cream",
          "pnt": 11
        },
        {
          "ans": "Alcohol",
          "pnt": 7
        },
        {
          "ans": "Flowers",
          "pnt": 5
        }
      ],
      "multiply": 1,
      "question": "Name Something Grocery Stores Keep In A Glass Case"
    },
    {
      "answers": [
        {
          "ans": "Doctor",
          "pnt": 44
        },
        {
          "ans": "Ceo",
          "pnt": 29
        },
        {
          "ans": "Teacher",
          "pnt": 19
        },
        {
          "ans": "Magician",
          "pnt": 12
        },
        {
          "ans": "Celebrity",
          "pnt": 8
        },
        {
          "ans": "Principal",
          "pnt": 5
        },
        {
          "ans": "Lawyer",
          "pnt": 3
        }
      ],
      "multiply": 2,
      "question": "Someone Who Works With ‘Assistant’"
    },
    {
      "answers": [
        {
          "ans": "Musical Taste",
          "pnt": 44
        },
        {
          "ans": "Age",
          "pnt": 29
        },
        {
          "ans": "Hobbies",
          "pnt": 19
        },
        {
          "ans": "Style of Dress",
          "pnt": 12
        },
        {
          "ans": "Night life",
          "pnt": 8
        },
        {
          "ans": "Other Friends",
          "pnt": 5
        }
      ],
      "multiply": 2,
      "question": "Name something you are more likely to have in common with your friends than your family"
    },
    {
      "answers": [
        {
          "ans": "Tank ",
          "pnt": 49
        },
        {
          "ans": "Jeep ",
          "pnt": 32
        },
        {
          "ans": "Truck ",
          "pnt": 21
        }
      ],
      "multiply": 2,
      "question": "Name A Type Of Vehicle That's Used In The Army"
    }
  ],
  "final_round": [
    {
      "answers": [
        [
          "Mexico",
          55
        ],
        [
          "India",
          36
        ],
        [
          "Italy",
          23
        ],
        [
          "Thailand",
          15
        ],
        [
          "Spain",
          10
        ]
      ],
      "question": "Name A Country That Is Known For Its Spicy Food"
    },
    {
      "answers": [
        [
          "FOLD",
          54
        ],
        [
          "FLUSH",
          35
        ],
        [
          "FULL HOUSE",
          23
        ],
        [
          "ANTE",
          15
        ],
        [
          "BLUFF",
          10
        ],
        [
          "FLOP",
          6
        ]
      ],
      "question": "Name A Term You’d Expect A Poker Player To Know"
    },
    {
      "answers": [
        [
          "Near The Fireplace",
          37
        ],
        [
          "Home",
          28
        ],
        [
          "In A Warm Bed",
          14
        ],
        [
          "In A Warm Place",
          5
        ],
        [
          "Mountains",
          5
        ],
        [
          "Cozy Cottage",
          4
        ]
      ],
      "question": "Name The Best Place To Be On A Winter Night"
    },
    {
      "answers": [
        [
          "Pen ",
          56
        ],
        [
          "Calculator ",
          36
        ],
        [
          "Phone ",
          24
        ],
        [
          "Cigarettes ",
          16
        ]
      ],
      "question": "Name Something You Might Keep In Your Top Pocket"
    }
  ],
  "final_round_timers": [
    20,
    25
  ]
}