{
  "rounds": [
    {
      "answers": [
        {
          "ans": "Buy A House",
          "pnt": 48
        },
        {
          "ans": "Buy A Car",
          "pnt": 18
        },
        {
          "ans": "Vacation",
          "pnt": 11
        },
        {
          "ans": "Shopping Spree",
          "pnt": 8
        },
        {
          "ans": "Pay Bills",
          "pnt": 7
        },
        {
          "ans": "Quit Job",
          "pnt": 5
        }
      ],
      "multiply": 1,
      "question": "What Is The First Thing You Would Do If You Won A Million Dollars"
    },
    {
      "answers": [
        {
          "ans": "Ask Many Questions",
          "pnt": 49
        },
        {
          "ans": "Carries A Gun",
          "pnt": 29
        },
        {
          "ans": "Wears A Badge",
          "pnt": 10
        },
        {
          "ans": "Ask For ID",
          "pnt": 6
        }
      ],
      "multiply": 1,
      "question": "What Might A Woman Do On A First Date To Make You Suspect He Was An Undercover Cop?"
    },
    {
      "answers": [
        {
          "ans": "Squid",
          "pnt": 47
        },
        {
          "ans": "Snails",
          "pnt": 31
        },
        {
          "ans": "Clams",
          "pnt": 20
        },
        {
          "ans": "Oysters",
          "pnt": 13
        },
        {
          "ans": "Sushi",
          "pnt": 8
        },
        {
          "ans": "Crab",
          "pnt": 5
        },
        {
          "ans": "Lobster",
          "pnt": 3
        }
      ],
      "multiply": 1,
      "question": "Food That Made You Nervous"
    },
    {
      "answers": [
        {
          "ans": "Clothes",
          "pnt": 47
        },
        {
          "ans": "Hair",
          "pnt": 31
        },
        {
          "ans": "Dishes",
          "pnt": 20
        },
        {
          "ans": "Car",
          "pnt": 13
        },
        {
          "ans": "Sheets",
          "pnt": 8
        }
      ],
      "multiply": 2,
      "question": "Tell Me Something Your Teenager Washes Less Often Than You"
    },
    {
      "answers": [
        {
          "ans": "London ",
          "pnt": 52
        },
        {
          "ans": "Paris ",
          "pnt": 34
        },
        {
          "ans": "New York ",
          "pnt": 22
        },
        {
          "ans": "Japan ",
          "pnt": 14
        }
      ],
      "multiply": 2,
      "question": "Name A City That Has An Underground Rail System"
    },
    {
      "answers": [
        {
          "ans": "Birthday Cake ",
          "pnt": 55
        },
        {
          "ans": "Caviar ",
          "pnt": 36
        },
        {
          "ans": "Turkey ",
          "pnt": 23
        },
        {
          "ans": "Roast ",
          "pnt": 15
        },
        {
          "ans": "Christmas Pudding ",
          "pnt": 10
        },
        {
          "ans": "Christmas Dinner ",
          "pnt": 6
        }
      ],
      "multiply": 2,
      "question": "Name A Food You Only Serve On Special Occasions"
    }
  ],
  "final_round": [
    {
      "answers": [
        [
          "Fire ",
          55
        ],
        [
          "Car ",
          36
        ],
        [
          "Burglar ",
          23
        ],
        [
          "Clock ",
          15
        ],
        [
          "Personal ",
          10
        ]
      ],
      "question": "Name A Type Of Alarm"
    },
    {
      "answers": [
        [
          "Socks",
          52
        ],
        [
          "Underware",
          24
        ],
        [
          "Shoes",
          9
        ],
        [
          "T Shirts",
          9
        ]
      ],
      "question": "Name An Article Of Clothing You Are Constantly Buying More Of."
    },
    {
      "answers": [
        [
          "2 Weeks",
          24
        ],
        [
          "3 Weeks",
          20
        ],
        [
          "1 Week",
          13
        ],
        [
          "1 Month",
          5
        ],
        [
          "10 Days",
          4
        ]
      ],
      "question": "When Traveling Overseas, Tell Me The Ideal Amount Of Time To Be Away From Home"
    },
    {
      "answers": [
        [
          "Sick/Absence",
          52
        ],
        [
          "Lateness",
          39
        ],
        [
          "Resume/Expeirience",
          3
        ],
        [
          "Can’t Work Overtime",
          2
        ]
      ],
      "question": "Name Something You Lie To Your Boss About."
    }
  ],
  "final_round_timers": [
    20,
    25
  ]
}