{
  "rounds": [
    {
      "answers": [
        {
          "ans": "TV ",
          "pnt": 59
        },
        {
          "ans": "Newspaper ",
          "pnt": 38
        },
        {
          "ans": "Magazine ",
          "pnt": 25
        },
        {
          "ans": "Billboard ",
          "pnt": 16
        },
        {
          "ans": "Internet ",
          "pnt": 11
        }
      ],
      "multiply": 1,
      "question": "Name Somewhere You Might See An Advertisement"
    },
    {
      "answers": [
        {
          "ans": "Somersault ",
          "pnt": 42
        },
        {
          "ans": "Cartwheel ",
          "pnt": 27
        },
        {
          "ans": "Walk On Hands ",
          "pnt": 18
        }
      ],
      "multiply": 1,
      "question": "Name A Type Of Gymnastic Move Most Children Know How To Do"
    },
    {
      "answers": [
        {
          "ans": "Chocolate",
          "pnt": 40
        },
        {
          "ans": "Cake",
          "pnt": 26
        },
        {
          "ans": "Candy",
          "pnt": 17
        },
        {
          "ans": "Ice Cream",
          "pnt": 11
        },
        {
          "ans": "Pizza",
          "pnt": 7
        },
        {
          "ans": "Bread",
          "pnt": 5
        },
        {
          "ans": "Chips",
          "pnt": 3
        }
      ],
      "multiply": 1,
      "question": "Name Something Specific You Would Not Eat On Diet"
    },
    {
      "answers": [
        {
          "ans": "Turkey",
          "pnt": 39
        },
        {
          "ans": "Ham",
          "pnt": 31
        },
        {
          "ans": "Cookies",
          "pnt": 13
        },
        {
          "ans": "Candy",
          "pnt": 7
        },
        {
          "ans": "Fruitcake",
          "pnt": 3
        }
      ],
      "multiply": 2,
      "question": "What Do A Lot Of People Eat On Christmas"
    },
    {
      "answers": [
        {
          "ans": "Saddle ",
          "pnt": 51
        },
        {
          "ans": "Rider ",
          "pnt": 33
        },
        {
          "ans": "Mane ",
          "pnt": 22
        },
        {
          "ans": "Hair ",
          "pnt": 14
        },
        {
          "ans": "Tail ",
          "pnt": 9
        }
      ],
      "multiply": 2,
      "question": "Name Something You Might Find On A Horse"
    },
    {
      "answers": [
        {
          "ans": "Super Bowl",
          "pnt": 51
        },
        {
          "ans": "Rose Bowl",
          "pnt": 26
        },
        {
          "ans": "Sugar Bowl",
          "pnt": 12
        },
        {
          "ans": "Cotton Bowl",
          "pnt": 5
        },
        {
          "ans": "Orange Bowl",
          "pnt": 4
        },
        {
          "ans": "Peach Bowl",
          "pnt": 2
        }
      ],
      "multiply": 2,
      "question": "Name A Football Bowl Game"
    }
  ],
  "final_round": [
    {
      "answers": [
        [
          "Red Nose",
          50
        ],
        [
          "Puffy Eyes",
          33
        ],
        [
          "Pale",
          21
        ],
        [
          "No Sleep",
          14
        ],
        [
          "Messy Hair",
          9
        ]
      ],
      "question": "Name A Reason You Look Bad When You Have A Cold"
    },
    {
      "answers": [
        [
          "Polyester",
          32
        ],
        [
          "Silk",
          30
        ],
        [
          "Wool",
          19
        ],
        [
          "Nylon",
          10
        ],
        [
          "Leather",
          7
        ]
      ],
      "question": "Other Than Cotton, Name A Material Many Clothes Are Made Out Of."
    },
    {
      "answers": [
        [
          "Bride",
          35
        ],
        [
          "Ex",
          20
        ],
        [
          "Dancer",
          16
        ],
        [
          "Mom",
          13
        ],
        [
          "Dad",
          7
        ],
        [
          "Father N Law",
          6
        ]
      ],
      "question": "Name Someone The Groom Might Not Want At His Bachelor Party"
    },
    {
      "answers": [
        [
          "Doctor/Nurse",
          55
        ],
        [
          "Food Service",
          28
        ],
        [
          "Teacher",
          5
        ],
        [
          "Mail Carrier",
          5
        ]
      ],
      "question": "Name An Occupation In Which You’d Need To Wear Comfortable Shoes."
    }
  ],
  "final_round_timers": [
    20,
    25
  ]
}