{
  "rounds": [
    {
      "answers": [
        {
          "ans": "Dog",
          "pnt": 30
        },
        {
          "ans": "Bird",
          "pnt": 24
        },
        {
          "ans": "Monkey",
          "pnt": 23
        },
        {
          "ans": "Cat",
          "pnt": 11
        },
        {
          "ans": "Lion",
          "pnt": 5
        },
        {
          "ans": "Cow",
          "pnt": 4
        }
      ],
      "multiply": 1,
      "question": "If “American Idol” Had An Animal Competition, Which Animal Would Have The Best Chances?"
    },
    {
      "answers": [
        {
          "ans": "Car ",
          "pnt": 57
        },
        {
          "ans": "House ",
          "pnt": 37
        },
        {
          "ans": "Shop ",
          "pnt": 24
        },
        {
          "ans": "Land ",
          "pnt": 16
        },
        {
          "ans": "Boat ",
          "pnt": 10
        }
      ],
      "multiply": 1,
      "question": "Name Something You Might Lease"
    },
    {
      "answers": [
        {
          "ans": "Food",
          "pnt": 30
        },
        {
          "ans": "Beer",
          "pnt": 24
        },
        {
          "ans": "Car",
          "pnt": 18
        },
        {
          "ans": "Hair Care Products",
          "pnt": 12
        },
        {
          "ans": "Toy’s",
          "pnt": 7
        },
        {
          "ans": "Make Up",
          "pnt": 7
        }
      ],
      "multiply": 1,
      "question": "What Type Of Product Has Commercials That Make You Want What They’re Selling?"
    },
    {
      "answers": [
        {
          "ans": "Surprise Party",
          "pnt": 50
        },
        {
          "ans": "Pin Tail On Donkey",
          "pnt": 27
        },
        {
          "ans": "Kidnapped",
          "pnt": 18
        },
        {
          "ans": "Pinata",
          "pnt": 3
        }
      ],
      "multiply": 2,
      "question": "Name A Reason Why You’d Get Blindfolded."
    },
    {
      "answers": [
        {
          "ans": "Hospital",
          "pnt": 30
        },
        {
          "ans": "Restaurant",
          "pnt": 25
        },
        {
          "ans": "Zoo",
          "pnt": 13
        },
        {
          "ans": "Shopping Center",
          "pnt": 11
        },
        {
          "ans": "Bar",
          "pnt": 8
        },
        {
          "ans": "Gas station",
          "pnt": 4
        }
      ],
      "multiply": 2,
      "question": "Name A Public Place You Immediately Want To Wash Your Hands Immediately After Leaving"
    },
    {
      "answers": [
        {
          "ans": "Broom",
          "pnt": 41
        },
        {
          "ans": "Box",
          "pnt": 27
        },
        {
          "ans": "Pots/Pans",
          "pnt": 17
        },
        {
          "ans": "Spoon",
          "pnt": 11
        },
        {
          "ans": "Keys",
          "pnt": 7
        },
        {
          "ans": "Phone",
          "pnt": 5
        }
      ],
      "multiply": 2,
      "question": "Name a household item that children turn into a toy"
    }
  ],
  "final_round": [
    {
      "answers": [
        [
          "Soap",
          34
        ],
        [
          "Deoderant",
          30
        ],
        [
          "Toothpaste",
          19
        ],
        [
          "Shampoo",
          5
        ],
        [
          "Mouthwash",
          4
        ],
        [
          "Hand Sanitizer",
          4
        ],
        [
          "Perfume",
          3
        ]
      ],
      "question": "Name A Hygiene Product That You Hope Your Office Mate Uses Every Day."
    },
    {
      "answers": [
        [
          "Christmas Tree ",
          45
        ],
        [
          "Suitcase ",
          29
        ],
        [
          "Matress ",
          19
        ]
      ],
      "question": "Name Something You Might See Tied to the Roof Of A Car"
    },
    {
      "answers": [
        [
          "Avoid them",
          59
        ],
        [
          "Ask for help",
          38
        ],
        [
          "Smile",
          25
        ],
        [
          "Say Hi",
          16
        ],
        [
          "Just looking",
          11
        ]
      ],
      "question": "Name something you do when approached by a salesperson in a store"
    },
    {
      "answers": [
        [
          "Coffee",
          28
        ],
        [
          "Water",
          25
        ],
        [
          "Tea",
          19
        ],
        [
          "Beer",
          17
        ],
        [
          "Milk",
          8
        ]
      ],
      "question": "Name A Beverage That’s Not Sweet"
    }
  ],
  "final_round_timers": [
    20,
    25
  ]
}