{
  "rounds": [
    {
      "answers": [
        {
          "ans": "Kissing",
          "pnt": 44
        },
        {
          "ans": "Stay In Car",
          "pnt": 29
        },
        {
          "ans": "Privacy",
          "pnt": 19
        },
        {
          "ans": "Big Screen",
          "pnt": 12
        },
        {
          "ans": "No Standing In Line",
          "pnt": 8
        }
      ],
      "multiply": 1,
      "question": "Whats The Best Thing About Going To The Drive-In"
    },
    {
      "answers": [
        {
          "ans": "Deepens",
          "pnt": 31
        },
        {
          "ans": "Softer",
          "pnt": 31
        },
        {
          "ans": "Nervous Stutter",
          "pnt": 15
        },
        {
          "ans": "Higher Pitch",
          "pnt": 7
        },
        {
          "ans": "Crack",
          "pnt": 6
        }
      ],
      "multiply": 1,
      "question": "Name A Way That A Man’s Voice Might Change When Talking To His Love Interest."
    },
    {
      "answers": [
        {
          "ans": "Laugh/Tease",
          "pnt": 45
        },
        {
          "ans": "Yawn/Sleep",
          "pnt": 33
        },
        {
          "ans": "Talk/Use Phone",
          "pnt": 14
        },
        {
          "ans": "Walk Away",
          "pnt": 6
        }
      ],
      "multiply": 1,
      "question": "Name Something A Romantic Man Would Hate For The Woman He’s Serenading To Do While He’s Singing"
    },
    {
      "answers": [
        {
          "ans": "Water",
          "pnt": 50
        },
        {
          "ans": "Fruit",
          "pnt": 33
        },
        {
          "ans": "Whipped Cream",
          "pnt": 21
        },
        {
          "ans": "Alcohol",
          "pnt": 14
        }
      ],
      "multiply": 2,
      "question": "Name Something You Have Seen Added To Jello"
    },
    {
      "answers": [
        {
          "ans": "Use My Finger",
          "pnt": 59
        },
        {
          "ans": "Buy A New One",
          "pnt": 19
        },
        {
          "ans": "Ask For An Extra",
          "pnt": 9
        },
        {
          "ans": "Mouthwash",
          "pnt": 9
        }
      ],
      "multiply": 2,
      "question": "If You Were Staying Overnight At A Friend’s And Forgot Your Toothbrush, Name Something You Might Do."
    },
    {
      "answers": [
        {
          "ans": "News",
          "pnt": 43
        },
        {
          "ans": "Soap Opera",
          "pnt": 26
        },
        {
          "ans": "Reality TV",
          "pnt": 14
        },
        {
          "ans": "Talk Show",
          "pnt": 9
        },
        {
          "ans": "Crime Drama",
          "pnt": 4
        }
      ],
      "multiply": 2,
      "question": "Name A Type Of TV Show That You Can’t Imagine Having An Audience Laugh Track."
    }
  ],
  "final_round": [
    {
      "answers": [
        [
          "Bedroom",
          46
        ],
        [
          "bathroom",
          25
        ],
        [
          "kitchen",
          8
        ],
        [
          "Car",
          7
        ],
        [
          "Clothes",
          7
        ],
        [
          "Himself/Herself",
          6
        ]
      ],
      "question": "Name Something A Slob Might Never Clean"
    },
    {
      "answers": [
        [
          "A Puck ",
          56
        ],
        [
          "A Hockey Stick ",
          36
        ],
        [
          "Goals ",
          24
        ],
        [
          "Grass ",
          16
        ]
      ],
      "question": "Name Something Used In A Game Of Hockey"
    },
    {
      "answers": [
        [
          "Read ",
          49
        ],
        [
          "Sleep ",
          32
        ],
        [
          "Watch A Movie ",
          21
        ]
      ],
      "question": "Name Something You Can Do On An Aeroplane To Pass Time"
    },
    {
      "answers": [
        [
          "Batmobile ",
          43
        ],
        [
          "Cape ",
          28
        ],
        [
          "Robin ",
          18
        ],
        [
          "Utility Belt ",
          12
        ],
        [
          "Mask ",
          8
        ]
      ],
      "question": "Name Something Batman Doesn't Leave The Batcave Without"
    }
  ],
  "final_round_timers": [
    20,
    25
  ]
}