{
  "rounds": [
    {
      "answers": [
        {
          "ans": "Brassiere",
          "pnt": 50
        },
        {
          "ans": "High Heels",
          "pnt": 21
        },
        {
          "ans": "Underwear",
          "pnt": 15
        },
        {
          "ans": "Girdle",
          "pnt": 9
        },
        {
          "ans": "Nylons",
          "pnt": 3
        }
      ],
      "multiply": 1,
      "question": "Name Something Women Wear That Becomes Uncomfortable After A While"
    },
    {
      "answers": [
        {
          "ans": "Money",
          "pnt": 29
        },
        {
          "ans": "Watch",
          "pnt": 26
        },
        {
          "ans": "Wallet/Purse",
          "pnt": 14
        },
        {
          "ans": "Handkerchief",
          "pnt": 12
        },
        {
          "ans": "Necklace",
          "pnt": 8
        },
        {
          "ans": "Ring",
          "pnt": 6
        },
        {
          "ans": "Earrings",
          "pnt": 5
        }
      ],
      "multiply": 1,
      "question": "Name Something A Magician Might Remove From Audience Members Without Them Ever Knowing It Was Gone."
    },
    {
      "answers": [
        {
          "ans": "Ring",
          "pnt": 53
        },
        {
          "ans": "House",
          "pnt": 13
        },
        {
          "ans": "Furniture",
          "pnt": 12
        },
        {
          "ans": "Mattress",
          "pnt": 9
        },
        {
          "ans": "Dishes",
          "pnt": 7
        },
        {
          "ans": "Wedding Dress",
          "pnt": 5
        }
      ],
      "multiply": 1,
      "question": "Name Something A Couple Engaged To Be Married Might Go Shopping For."
    },
    {
      "answers": [
        {
          "ans": "Soft Drinks",
          "pnt": 31
        },
        {
          "ans": "Beer",
          "pnt": 27
        },
        {
          "ans": "Ice",
          "pnt": 27
        },
        {
          "ans": "Water",
          "pnt": 4
        },
        {
          "ans": "Chicken",
          "pnt": 2
        },
        {
          "ans": "Frosty Mug For Beer",
          "pnt": 2
        }
      ],
      "multiply": 2,
      "question": "Name Something You Keep In An Ice Chest. (Food Is Not An Answer, Be More Specific)"
    },
    {
      "answers": [
        {
          "ans": "Kick Butt",
          "pnt": 46
        },
        {
          "ans": "Kick Boxing",
          "pnt": 30
        },
        {
          "ans": "A Kick Out Of You",
          "pnt": 9
        },
        {
          "ans": "Kick Ball",
          "pnt": 7
        },
        {
          "ans": "Kick It In",
          "pnt": 4
        },
        {
          "ans": "Kick Off",
          "pnt": 4
        }
      ],
      "multiply": 2,
      "question": "Name An Expression With The Word “Kick” In It"
    },
    {
      "answers": [
        {
          "ans": "Concert",
          "pnt": 48
        },
        {
          "ans": "Outdoors",
          "pnt": 16
        },
        {
          "ans": "Bar",
          "pnt": 14
        },
        {
          "ans": "party",
          "pnt": 11
        },
        {
          "ans": "Athletic Event",
          "pnt": 9
        }
      ],
      "multiply": 2,
      "question": "Name A Place Where It’s Okay To Be Loud"
    }
  ],
  "final_round": [
    {
      "answers": [
        [
          "Looking At girls",
          26
        ],
        [
          "Sipping Beer",
          22
        ],
        [
          "Eating Sweets",
          21
        ],
        [
          "Staying Up Late",
          20
        ],
        [
          "Bad Language",
          8
        ]
      ],
      "question": "Name Something Naughty That A Grandpa Might Secretly Let His grandson get Away With"
    },
    {
      "answers": [
        [
          "Bathroom",
          31
        ],
        [
          "Closet",
          25
        ],
        [
          "Basement",
          19
        ],
        [
          "Garage",
          12
        ],
        [
          "Laundry room",
          5
        ],
        [
          "Attic",
          4
        ]
      ],
      "question": "Name a place in your house that you don’t bother decorating."
    },
    {
      "answers": [
        [
          "Fetch ",
          46
        ],
        [
          "Beg ",
          30
        ],
        [
          "Roll Over ",
          20
        ],
        [
          "Be Quiet ",
          13
        ],
        [
          "Lay Down ",
          8
        ]
      ],
      "question": "Name A Trick Dogs Do That You Wish You Could Teach Your Partner"
    },
    {
      "answers": [
        [
          "Truck",
          19
        ],
        [
          "Uniform",
          18
        ],
        [
          "Clip Board",
          18
        ],
        [
          "Drivers License",
          16
        ],
        [
          "Packages",
          11
        ],
        [
          "Pen",
          11
        ]
      ],
      "question": "Name Something Every UPS Driver Should Have"
    }
  ],
  "final_round_timers": [
    20,
    25
  ]
}