{
  "rounds": [
    {
      "answers": [
        {
          "ans": "Rat/Mouse",
          "pnt": 27
        },
        {
          "ans": "Snake",
          "pnt": 18
        },
        {
          "ans": "Skunk",
          "pnt": 17
        },
        {
          "ans": "Raccoon",
          "pnt": 14
        },
        {
          "ans": "Spider",
          "pnt": 9
        },
        {
          "ans": "Cockroach",
          "pnt": 8
        },
        {
          "ans": "Bat",
          "pnt": 4
        }
      ],
      "multiply": 1,
      "question": "If You Had To Spend The Night In Your Garage, Name A Critter That You’d Dread An Encounter With."
    },
    {
      "answers": [
        {
          "ans": "Tattoos",
          "pnt": 41
        },
        {
          "ans": "Motorcycle",
          "pnt": 28
        },
        {
          "ans": "Rebelious Outfit",
          "pnt": 24
        },
        {
          "ans": "Criminal Record",
          "pnt": 3
        }
      ],
      "multiply": 1,
      "question": "What Signs Of Being A “Bad Boy” Might A Woman Be Attracted To?"
    },
    {
      "answers": [
        {
          "ans": "Matches",
          "pnt": 46
        },
        {
          "ans": "Lighter",
          "pnt": 25
        },
        {
          "ans": "Gasoline",
          "pnt": 12
        },
        {
          "ans": "Kindling",
          "pnt": 11
        },
        {
          "ans": "Newspaper",
          "pnt": 4
        }
      ],
      "multiply": 1,
      "question": "Name Something A Boy Scout Wouldnâ€™T Need To Start A Fire, But You Do"
    },
    {
      "answers": [
        {
          "ans": "Onion",
          "pnt": 29
        },
        {
          "ans": "Cabbage",
          "pnt": 25
        },
        {
          "ans": "Broccoli",
          "pnt": 21
        },
        {
          "ans": "Garlic",
          "pnt": 11
        },
        {
          "ans": "Asparagus",
          "pnt": 7
        },
        {
          "ans": "Corn",
          "pnt": 5
        }
      ],
      "multiply": 2,
      "question": "Name A Vegetable That Has An Unmistakable Smell When Cooking"
    },
    {
      "answers": [
        {
          "ans": "Cats ",
          "pnt": 50
        },
        {
          "ans": "Rats ",
          "pnt": 33
        },
        {
          "ans": "High Frequencies ",
          "pnt": 21
        },
        {
          "ans": "Mouse Traps ",
          "pnt": 14
        },
        {
          "ans": "Water ",
          "pnt": 9
        }
      ],
      "multiply": 2,
      "question": "Name Something Mice Hate"
    },
    {
      "answers": [
        {
          "ans": "Disneyland/World",
          "pnt": 45
        },
        {
          "ans": "Hawii",
          "pnt": 35
        },
        {
          "ans": "Las Vegas",
          "pnt": 6
        },
        {
          "ans": "Mexico",
          "pnt": 5
        },
        {
          "ans": "Grand Canyon",
          "pnt": 4
        },
        {
          "ans": "New York City",
          "pnt": 4
        }
      ],
      "multiply": 2,
      "question": "Name A Place Where Most Americans Go At Least Once For Vacation"
    }
  ],
  "final_round": [
    {
      "answers": [
        [
          "Los Angeles",
          59
        ],
        [
          "New York",
          19
        ],
        [
          "St. Louis",
          9
        ],
        [
          "Cleveland",
          5
        ],
        [
          "Chicago",
          3
        ],
        [
          "Detroit",
          3
        ],
        [
          "Houston",
          2
        ]
      ],
      "question": "Name A City With A Lot Of Pollution"
    },
    {
      "answers": [
        [
          "Fingerprints",
          63
        ],
        [
          "Drivers License",
          8
        ],
        [
          "Pictures",
          7
        ],
        [
          "Mug Shot",
          4
        ],
        [
          "Computer",
          3
        ],
        [
          "License Plate",
          3
        ],
        [
          "DNA Testing",
          3
        ]
      ],
      "question": "Name Something The Police Use To Identify A Criminal."
    },
    {
      "answers": [
        [
          "Collie",
          34
        ],
        [
          "Rescues People",
          21
        ],
        [
          "Smart",
          16
        ],
        [
          "Always Comes Home",
          9
        ],
        [
          "Owned By Timmy",
          8
        ],
        [
          "Girl Dog",
          6
        ]
      ],
      "question": "Name Something Everyone Knows About The Dog “Lassie.”"
    },
    {
      "answers": [
        [
          "Police",
          37
        ],
        [
          "Military",
          33
        ],
        [
          "Model",
          14
        ],
        [
          "Barber",
          13
        ]
      ],
      "question": "Name A Job Where You Must Keep A Certain Haircut."
    }
  ],
  "final_round_timers": [
    20,
    25
  ]
}