{
  "rounds": [
    {
      "answers": [
        {
          "ans": "The Beach ",
          "pnt": 53
        },
        {
          "ans": "Sea Or Ocean ",
          "pnt": 34
        },
        {
          "ans": "Oysters ",
          "pnt": 23
        },
        {
          "ans": "A Tortoise ",
          "pnt": 15
        },
        {
          "ans": "A Snail ",
          "pnt": 10
        }
      ],
      "multiply": 1,
      "question": "Name Something You Associate With Shells"
    },
    {
      "answers": [
        {
          "ans": "Typing",
          "pnt": 28
        },
        {
          "ans": "Working Hard",
          "pnt": 23
        },
        {
          "ans": "Communication",
          "pnt": 20
        },
        {
          "ans": "Sales",
          "pnt": 6
        },
        {
          "ans": "Customer Service",
          "pnt": 5
        },
        {
          "ans": "Foreign Language",
          "pnt": 5
        }
      ],
      "multiply": 1,
      "question": "Name A Skill That A Person’s Resume Might Claim They’re Better At Than They Really Are."
    },
    {
      "answers": [
        {
          "ans": "Breath",
          "pnt": 42
        },
        {
          "ans": "Hair",
          "pnt": 27
        },
        {
          "ans": "manners",
          "pnt": 12
        },
        {
          "ans": "Attitude",
          "pnt": 8
        },
        {
          "ans": "Hygiene",
          "pnt": 5
        },
        {
          "ans": "Credit",
          "pnt": 4
        }
      ],
      "multiply": 1,
      "question": "Complete This Sentence. I’d Never Date Someone Who had bad ___________ ."
    },
    {
      "answers": [
        {
          "ans": "Food ",
          "pnt": 57
        },
        {
          "ans": "Money ",
          "pnt": 37
        },
        {
          "ans": "Patience ",
          "pnt": 24
        }
      ],
      "multiply": 2,
      "question": "Name Something You're Sure To Run Out Of If You Have Teenagers"
    },
    {
      "answers": [
        {
          "ans": "Turkey",
          "pnt": 45
        },
        {
          "ans": "Animals",
          "pnt": 41
        },
        {
          "ans": "Pillows",
          "pnt": 5
        },
        {
          "ans": "Eggs",
          "pnt": 4
        }
      ],
      "multiply": 2,
      "question": "Name Something That Can Be Stuffed."
    },
    {
      "answers": [
        {
          "ans": "Coffee shop",
          "pnt": 46
        },
        {
          "ans": "Day Care/School",
          "pnt": 19
        },
        {
          "ans": "Breakfast",
          "pnt": 15
        },
        {
          "ans": "Gas station",
          "pnt": 9
        }
      ],
      "multiply": 2,
      "question": "Name A Morning Stop That Many Adults Make first, Before going Into Work"
    }
  ],
  "final_round": [
    {
      "answers": [
        [
          "Fake Sick",
          48
        ],
        [
          "Get Injured",
          19
        ],
        [
          "Doctor’s Note",
          9
        ],
        [
          "Skip Class",
          8
        ],
        [
          "Forget Gym Clothes",
          5
        ]
      ],
      "question": "Name Something A Kid Might Do To Get Out Of Participating In Gym Class"
    },
    {
      "answers": [
        [
          "Drive",
          35
        ],
        [
          "Move Out",
          22
        ],
        [
          "Have A Job",
          14
        ],
        [
          "No Rules",
          12
        ],
        [
          "Romance",
          7
        ],
        [
          "No School",
          3
        ]
      ],
      "question": "Name A Reason Why A Child Can’t Wait To Grow Up"
    },
    {
      "answers": [
        [
          "Water It",
          39
        ],
        [
          "Cut It",
          36
        ],
        [
          "Fertilize It",
          13
        ],
        [
          "Plant Flowers",
          4
        ],
        [
          "Rake It",
          2
        ]
      ],
      "question": "Name Something You Do To Your Lawn That You Would Never Do To Your Wall-To-Wall Carpet."
    },
    {
      "answers": [
        [
          "Scarf",
          40
        ],
        [
          "Tie",
          31
        ],
        [
          "Identification",
          12
        ],
        [
          "Brace",
          7
        ],
        [
          "Keys",
          6
        ],
        [
          "Glasses",
          3
        ]
      ],
      "question": "Besides Jewelry, Name Something A Person Might Wear Around Their Neck."
    }
  ],
  "final_round_timers": [
    20,
    25
  ]
}