{
  "rounds": [
    {
      "answers": [
        {
          "ans": "People Talking",
          "pnt": 27
        },
        {
          "ans": "No Seats",
          "pnt": 22
        },
        {
          "ans": "Crowds",
          "pnt": 21
        },
        {
          "ans": "The Homeless",
          "pnt": 11
        },
        {
          "ans": "swearing",
          "pnt": 7
        },
        {
          "ans": "Smell",
          "pnt": 5
        }
      ],
      "multiply": 1,
      "question": "Name Something That Annoys You When You Ride The Bus"
    },
    {
      "answers": [
        {
          "ans": "Bar",
          "pnt": 40
        },
        {
          "ans": "Restaurant/Coffee Shop",
          "pnt": 21
        },
        {
          "ans": "Barber Shop",
          "pnt": 21
        },
        {
          "ans": "Gentleman’s Club",
          "pnt": 16
        }
      ],
      "multiply": 1,
      "question": "Name A Place Where A Man Might Be A “Regular Customer.”"
    },
    {
      "answers": [
        {
          "ans": "Semi Truck",
          "pnt": 33
        },
        {
          "ans": "Train",
          "pnt": 29
        },
        {
          "ans": "Motorcycle",
          "pnt": 12
        },
        {
          "ans": "Police Car",
          "pnt": 10
        },
        {
          "ans": "Ice Cream Truck",
          "pnt": 6
        },
        {
          "ans": "Bus",
          "pnt": 4
        },
        {
          "ans": "Ambulance",
          "pnt": 3
        }
      ],
      "multiply": 1,
      "question": "Name A Vehicle That You Can Hear Coming Before You See It"
    },
    {
      "answers": [
        {
          "ans": "Actor",
          "pnt": 42
        },
        {
          "ans": "Hair Stylist",
          "pnt": 36
        },
        {
          "ans": "Model",
          "pnt": 11
        },
        {
          "ans": "Clown",
          "pnt": 6
        }
      ],
      "multiply": 2,
      "question": "In Which Profession Might You Have A Large Assortment of Wigs?"
    },
    {
      "answers": [
        {
          "ans": "Library",
          "pnt": 55
        },
        {
          "ans": "Book Store",
          "pnt": 36
        },
        {
          "ans": "School",
          "pnt": 23
        },
        {
          "ans": "On Line",
          "pnt": 15
        },
        {
          "ans": "Friend’s House",
          "pnt": 10
        }
      ],
      "multiply": 2,
      "question": "If You Want To Read A Book Without Paying For It, Where Might You Spend Too Much time"
    },
    {
      "answers": [
        {
          "ans": "Swim",
          "pnt": 30
        },
        {
          "ans": "Go To Disney World",
          "pnt": 25
        },
        {
          "ans": "Relax",
          "pnt": 10
        },
        {
          "ans": "Play Golf",
          "pnt": 9
        },
        {
          "ans": "Visit The Everglades",
          "pnt": 6
        },
        {
          "ans": "Go to Beach",
          "pnt": 6
        },
        {
          "ans": "Fish",
          "pnt": 5
        }
      ],
      "multiply": 2,
      "question": "Name Something You Might Do On Vacation In Florida"
    }
  ],
  "final_round": [
    {
      "answers": [
        [
          "Sleeping",
          66
        ],
        [
          "Crying",
          22
        ],
        [
          "Eating",
          6
        ],
        [
          "Going To The Bathroom",
          2
        ]
      ],
      "question": "Name Something A Baby Spends A Lot Of Time Doing."
    },
    {
      "answers": [
        [
          "Accident",
          37
        ],
        [
          "Speeding Ticket",
          34
        ],
        [
          "Illegal Activity",
          16
        ],
        [
          "Break Curfew",
          11
        ]
      ],
      "question": "What Might Your Teenager Do While Borrowing Your Car That Would Break Your Trust?"
    },
    {
      "answers": [
        [
          "Potty Train",
          42
        ],
        [
          "Walk",
          27
        ],
        [
          "Talk",
          18
        ],
        [
          "Sleep",
          12
        ],
        [
          "Eat",
          7
        ]
      ],
      "question": "What Do New Parents Wish Baby Learn Quickly"
    },
    {
      "answers": [
        [
          "Clean",
          49
        ],
        [
          "Read",
          17
        ],
        [
          "Paperwork",
          10
        ],
        [
          "Bake",
          6
        ],
        [
          "Exercise",
          6
        ],
        [
          "Nap",
          5
        ]
      ],
      "question": "Name Something People Mean To Do In Their Spare Time, But End Up Watching TV Instead."
    }
  ],
  "final_round_timers": [
    20,
    25
  ]
}