{
  "rounds": [
    {
      "answers": [
        {
          "ans": "Ball & Chain",
          "pnt": 43
        },
        {
          "ans": "Extra Pounds",
          "pnt": 28
        },
        {
          "ans": "Debt",
          "pnt": 13
        },
        {
          "ans": "Pets",
          "pnt": 11
        }
      ],
      "multiply": 1,
      "question": "Name Something Your Husband Would Like To Get Rid Of."
    },
    {
      "answers": [
        {
          "ans": "Cereal",
          "pnt": 43
        },
        {
          "ans": "Macaroni and cheese",
          "pnt": 14
        },
        {
          "ans": "Crackers",
          "pnt": 13
        },
        {
          "ans": "Hamburger Helper",
          "pnt": 5
        },
        {
          "ans": "Donuts",
          "pnt": 5
        },
        {
          "ans": "Popcorn",
          "pnt": 5
        },
        {
          "ans": "Pizza",
          "pnt": 5
        }
      ],
      "multiply": 1,
      "question": "Name a food that comes in a box."
    },
    {
      "answers": [
        {
          "ans": "Learn How To Drive",
          "pnt": 28
        },
        {
          "ans": "Take Driving Test",
          "pnt": 20
        },
        {
          "ans": "Learn Rules Of Road",
          "pnt": 17
        },
        {
          "ans": "Watch Videos",
          "pnt": 11
        },
        {
          "ans": "Read A Book",
          "pnt": 10
        },
        {
          "ans": "Take Notes",
          "pnt": 7
        }
      ],
      "multiply": 1,
      "question": "Name Something People Might Have To Do At Traffic School."
    },
    {
      "answers": [
        {
          "ans": "SonnyAnd Cher",
          "pnt": 37
        },
        {
          "ans": "The Judds",
          "pnt": 24
        },
        {
          "ans": "The Osmonds",
          "pnt": 12
        },
        {
          "ans": "Ike And Tina Turner",
          "pnt": 7
        },
        {
          "ans": "The Carpenters",
          "pnt": 7
        },
        {
          "ans": "Simon And Garfunkle",
          "pnt": 5
        },
        {
          "ans": "Captain And Tennille",
          "pnt": 4
        }
      ],
      "multiply": 2,
      "question": "Past Or Present, Name A Famous Singing Duo"
    },
    {
      "answers": [
        {
          "ans": "Talking",
          "pnt": 27
        },
        {
          "ans": "Shopping/Spending",
          "pnt": 21
        },
        {
          "ans": "Drinking",
          "pnt": 18
        },
        {
          "ans": "Sleeping",
          "pnt": 16
        },
        {
          "ans": "Spending Money",
          "pnt": 9
        },
        {
          "ans": "Watching TV",
          "pnt": 6
        }
      ],
      "multiply": 2,
      "question": "Name Something Your Spouse Might Get Mad At You for Doing Too Much"
    },
    {
      "answers": [
        {
          "ans": "Don’t Want To Talk",
          "pnt": 33
        },
        {
          "ans": "Sleeping",
          "pnt": 31
        },
        {
          "ans": "Busy",
          "pnt": 16
        },
        {
          "ans": "Telemarketer",
          "pnt": 7
        },
        {
          "ans": "In The Shower",
          "pnt": 7
        }
      ],
      "multiply": 2,
      "question": "Name A Reason Why You Don’t Answer The Phone When You’re Home."
    }
  ],
  "final_round": [
    {
      "answers": [
        [
          "Chirp/Cheep",
          38
        ],
        [
          "Tweet",
          30
        ],
        [
          "Caw Caw",
          14
        ],
        [
          "Squawk",
          6
        ],
        [
          "Cluck",
          5
        ]
      ],
      "question": "Tell Me A Noise That Birds Make."
    },
    {
      "answers": [
        [
          "Insurance ",
          43
        ],
        [
          "Car Registration ",
          28
        ],
        [
          "Tax ",
          18
        ],
        [
          "Rates ",
          12
        ],
        [
          "Christmas Presents ",
          8
        ]
      ],
      "question": "Name Something You Pay For Once A Year"
    },
    {
      "answers": [
        [
          "Violence",
          37
        ],
        [
          "Bad Weather",
          33
        ],
        [
          "Fire",
          26
        ],
        [
          "Power Outage",
          3
        ]
      ],
      "question": "What Might Happen To Cause A Rock Concert To End Abruptly?"
    },
    {
      "answers": [
        [
          "Music",
          36
        ],
        [
          "Bust",
          18
        ],
        [
          "Danny",
          13
        ],
        [
          "Shirley",
          11
        ],
        [
          "Big Family",
          9
        ],
        [
          "Keith/David Cassidy",
          8
        ],
        [
          "Laurie/Susan",
          5
        ]
      ],
      "question": "Name Something Or Someone Associated With “The Partridge Family.”"
    }
  ],
  "final_round_timers": [
    20,
    25
  ]
}