{
  "rounds": [
    {
      "answers": [
        {
          "ans": "Talk",
          "pnt": 33
        },
        {
          "ans": "Drink",
          "pnt": 25
        },
        {
          "ans": "Smoke",
          "pnt": 20
        },
        {
          "ans": "Eat",
          "pnt": 8
        },
        {
          "ans": "Spend",
          "pnt": 5
        },
        {
          "ans": "swear",
          "pnt": 3
        }
      ],
      "multiply": 1,
      "question": "Complete This Sentence. I Could Never Date Someone Who ___s Too Much."
    },
    {
      "answers": [
        {
          "ans": "Flower",
          "pnt": 24
        },
        {
          "ans": "Candy",
          "pnt": 23
        },
        {
          "ans": "Battlefield",
          "pnt": 19
        },
        {
          "ans": "River",
          "pnt": 18
        },
        {
          "ans": "Music",
          "pnt": 10
        }
      ],
      "multiply": 1,
      "question": "Name Something That Love Gets Compared To In Pop Songs."
    },
    {
      "answers": [
        {
          "ans": "Telemarketer",
          "pnt": 56
        },
        {
          "ans": "Receptionist",
          "pnt": 36
        },
        {
          "ans": "Teacher",
          "pnt": 24
        },
        {
          "ans": "Customer Service",
          "pnt": 16
        },
        {
          "ans": "Salesperson",
          "pnt": 10
        }
      ],
      "multiply": 1,
      "question": "Job That Requires You To Talk All Day Long"
    },
    {
      "answers": [
        {
          "ans": "Suit",
          "pnt": 55
        },
        {
          "ans": "Shirt",
          "pnt": 36
        },
        {
          "ans": "Jewelry",
          "pnt": 23
        },
        {
          "ans": "Dress",
          "pnt": 15
        },
        {
          "ans": "Tutu",
          "pnt": 10
        },
        {
          "ans": "Glasses",
          "pnt": 6
        },
        {
          "ans": "Pants",
          "pnt": 4
        }
      ],
      "multiply": 2,
      "question": "Name Something A Wrestler Would Probably Never Wear During A Match?"
    },
    {
      "answers": [
        {
          "ans": "Earthquake",
          "pnt": 55
        },
        {
          "ans": "Fires",
          "pnt": 12
        },
        {
          "ans": "Crime",
          "pnt": 10
        },
        {
          "ans": "Mudslides",
          "pnt": 8
        },
        {
          "ans": "Having Enough Money",
          "pnt": 6
        },
        {
          "ans": "Sunburn",
          "pnt": 5
        },
        {
          "ans": "Smog",
          "pnt": 4
        }
      ],
      "multiply": 2,
      "question": "Name Something People In California Might Worry About"
    },
    {
      "answers": [
        {
          "ans": "Jell O",
          "pnt": 44
        },
        {
          "ans": "Ice Cream",
          "pnt": 31
        },
        {
          "ans": "Fruit",
          "pnt": 9
        },
        {
          "ans": "Yogurt",
          "pnt": 8
        },
        {
          "ans": "Apple Sauce",
          "pnt": 3
        },
        {
          "ans": "Mac & Cheese",
          "pnt": 3
        }
      ],
      "multiply": 2,
      "question": "Name A Popular Children’s Food That’s Sold In Cups"
    }
  ],
  "final_round": [
    {
      "answers": [
        [
          "Sleeping",
          69
        ],
        [
          "Reading",
          15
        ],
        [
          "Getting A Word In",
          7
        ],
        [
          "NMusic/Movie",
          4
        ]
      ],
      "question": "What Would The Chatterbox Next To You Keep You From Doing On An Airplane?"
    },
    {
      "answers": [
        [
          "CAPE",
          41
        ],
        [
          "TIGHTS",
          32
        ],
        [
          "MASK",
          17
        ],
        [
          "WEAPON",
          5
        ]
      ],
      "question": "Name Something You Can Wear Every Day To Feel Like A Superhero"
    },
    {
      "answers": [
        [
          "Cake Top",
          63
        ],
        [
          "Pictures",
          11
        ],
        [
          "Ring",
          8
        ],
        [
          "Dress",
          6
        ],
        [
          "Matchbook",
          3
        ],
        [
          "Flowers",
          3
        ]
      ],
      "question": "Name Something A Married Couple Saves From Their Wedding Day."
    },
    {
      "answers": [
        [
          "Superman",
          50
        ],
        [
          "Captain America",
          29
        ],
        [
          "Spider Man",
          11
        ],
        [
          "Wonder Woman",
          10
        ]
      ],
      "question": "Name A Comic Book Hero That Wears A Red, White And Blue Costume."
    }
  ],
  "final_round_timers": [
    20,
    25
  ]
}