{
  "rounds": [
    {
      "answers": [
        {
          "ans": "Note Cards",
          "pnt": 55
        },
        {
          "ans": "Chart",
          "pnt": 14
        },
        {
          "ans": "Pointer",
          "pnt": 11
        },
        {
          "ans": "Powerpoint",
          "pnt": 11
        },
        {
          "ans": "Projector",
          "pnt": 7
        }
      ],
      "multiply": 1,
      "question": "What Does A Businessman Use When Making Speeches, But Pastors Don’t During Their Sermons?"
    },
    {
      "answers": [
        {
          "ans": "Jacket ",
          "pnt": 59
        },
        {
          "ans": "Cap ",
          "pnt": 38
        },
        {
          "ans": "Bag ",
          "pnt": 25
        },
        {
          "ans": "Book ",
          "pnt": 16
        }
      ],
      "multiply": 1,
      "question": "Name Something A Student Might Buy With A School Emblem On It"
    },
    {
      "answers": [
        {
          "ans": "Kitchen",
          "pnt": 39
        },
        {
          "ans": "Bed",
          "pnt": 24
        },
        {
          "ans": "Pants",
          "pnt": 19
        },
        {
          "ans": "Picnic",
          "pnt": 17
        }
      ],
      "multiply": 1,
      "question": "Where, Specifically, Would You Most Hate To Find Ants?"
    },
    {
      "answers": [
        {
          "ans": "Spaghetti ",
          "pnt": 44
        },
        {
          "ans": "Fettuccini ",
          "pnt": 29
        },
        {
          "ans": "Ravioli ",
          "pnt": 19
        },
        {
          "ans": "Lasagne ",
          "pnt": 12
        },
        {
          "ans": "Shells ",
          "pnt": 8
        }
      ],
      "multiply": 2,
      "question": "Name A Type Of Pasta"
    },
    {
      "answers": [
        {
          "ans": "Drive Fast",
          "pnt": 30
        },
        {
          "ans": "Shoot",
          "pnt": 26
        },
        {
          "ans": "Fight",
          "pnt": 20
        },
        {
          "ans": "Save The World",
          "pnt": 6
        },
        {
          "ans": "Kiss Well",
          "pnt": 6
        },
        {
          "ans": "Use Gadgets",
          "pnt": 6
        }
      ],
      "multiply": 2,
      "question": "If You Were Going To Fill In For James Bond, Name Something You’d Have To Learn How To Do."
    },
    {
      "answers": [
        {
          "ans": "Make Up",
          "pnt": 43
        },
        {
          "ans": "Perfume",
          "pnt": 28
        },
        {
          "ans": "Jewelry",
          "pnt": 18
        }
      ],
      "multiply": 2,
      "question": "Name Something Some Women Wear Too Much Of"
    }
  ],
  "final_round": [
    {
      "answers": [
        [
          "Church",
          39
        ],
        [
          "Funeral",
          37
        ],
        [
          "Movies",
          7
        ],
        [
          "Job Interview",
          4
        ],
        [
          "Wedding",
          4
        ]
      ],
      "question": "Name A Place Where You’d Be Mortified If Your Cell Phone Went Off."
    },
    {
      "answers": [
        [
          "Wal Mart",
          61
        ],
        [
          "Starbucks",
          15
        ],
        [
          "Home Depot",
          7
        ],
        [
          "McDonald’s",
          6
        ],
        [
          "Barnes & Noble",
          5
        ]
      ],
      "question": "Name A Chain Store That’s Put A Lot Of Mom And Pop Stores Out Of Business"
    },
    {
      "answers": [
        [
          "Not Getting A Tip ",
          46
        ],
        [
          "Dogs ",
          30
        ],
        [
          "Driving Around ",
          20
        ],
        [
          "Bad Neighbourhoods",
          13
        ],
        [
          "Bad Directions ",
          8
        ],
        [
          "Hoax Calls ",
          5
        ]
      ],
      "question": "Name Something A Pizza Delivery Person Hates"
    },
    {
      "answers": [
        [
          "Use Bathroom",
          44
        ],
        [
          "Bathe",
          25
        ],
        [
          "Sleep",
          11
        ],
        [
          "Cook",
          10
        ]
      ],
      "question": "Name Something That Can Be Inconvenient To Do While Camping."
    }
  ],
  "final_round_timers": [
    20,
    25
  ]
}