{
  "rounds": [
    {
      "answers": [
        {
          "ans": "Table Cloth ",
          "pnt": 46
        },
        {
          "ans": "Cutlery ",
          "pnt": 30
        },
        {
          "ans": "Plates ",
          "pnt": 20
        },
        {
          "ans": "Salt / Pepper ",
          "pnt": 13
        },
        {
          "ans": "Menu ",
          "pnt": 8
        }
      ],
      "multiply": 1,
      "question": "Name Something You Might Need To Set A Table In A Restaurant"
    },
    {
      "answers": [
        {
          "ans": "Crackers",
          "pnt": 52
        },
        {
          "ans": "Cheese Sauce",
          "pnt": 29
        },
        {
          "ans": "Hot Dogs",
          "pnt": 8
        },
        {
          "ans": "Chips",
          "pnt": 4
        },
        {
          "ans": "Bread",
          "pnt": 2
        }
      ],
      "multiply": 1,
      "question": "Name Something People Eat With Chili."
    },
    {
      "answers": [
        {
          "ans": "Ex",
          "pnt": 33
        },
        {
          "ans": "Enemy",
          "pnt": 22
        },
        {
          "ans": "Boss",
          "pnt": 16
        },
        {
          "ans": "Affair",
          "pnt": 12
        },
        {
          "ans": "Cops",
          "pnt": 4
        }
      ],
      "multiply": 1,
      "question": "Who Would A Bride Not Want To Show Up Unannounced At Her Wedding?"
    },
    {
      "answers": [
        {
          "ans": "Princess",
          "pnt": 59
        },
        {
          "ans": "Witch",
          "pnt": 23
        },
        {
          "ans": "Fairy",
          "pnt": 12
        },
        {
          "ans": "Angel",
          "pnt": 3
        }
      ],
      "multiply": 2,
      "question": "Name A Halloween Costume That Young Girls Often Wear."
    },
    {
      "answers": [
        {
          "ans": "Hat",
          "pnt": 55
        },
        {
          "ans": "Jeans",
          "pnt": 36
        },
        {
          "ans": "Chaps",
          "pnt": 23
        },
        {
          "ans": "Boots",
          "pnt": 15
        }
      ],
      "multiply": 2,
      "question": "Something Cowboy Wears Makes Him Sexy"
    },
    {
      "answers": [
        {
          "ans": "Mag./Subscription",
          "pnt": 35
        },
        {
          "ans": "Book Light",
          "pnt": 23
        },
        {
          "ans": "E Reader",
          "pnt": 21
        },
        {
          "ans": "Bookmark",
          "pnt": 7
        },
        {
          "ans": "Book Shelf",
          "pnt": 3
        }
      ],
      "multiply": 2,
      "question": "Besides A Book, Tell Me A Good Gift For Someone Who Loves To Read."
    }
  ],
  "final_round": [
    {
      "answers": [
        [
          "Meow",
          42
        ],
        [
          "Scratch",
          41
        ],
        [
          "Lick Themselves",
          8
        ],
        [
          "Shed",
          4
        ],
        [
          "Bite",
          3
        ]
      ],
      "question": "Name Something Annoying That Cats Do."
    },
    {
      "answers": [
        [
          "Kiss",
          27
        ],
        [
          "Open Doors",
          23
        ],
        [
          "Buy Flowers",
          19
        ],
        [
          "Hug",
          7
        ],
        [
          "Hold Hands",
          5
        ],
        [
          "Cook",
          4
        ],
        [
          "Cuddle",
          4
        ]
      ],
      "question": "Name Something Specific Your Partner Did Early In Your Relationship That You Wish They Still Did Now?"
    },
    {
      "answers": [
        [
          "Peter",
          56
        ],
        [
          "Mary",
          36
        ],
        [
          "Paul",
          24
        ],
        [
          "Christopher",
          16
        ],
        [
          "Joseph",
          10
        ],
        [
          "John",
          7
        ],
        [
          "Michael",
          4
        ]
      ],
      "question": "Name A Famous Saint"
    },
    {
      "answers": [
        [
          "Sing ",
          48
        ],
        [
          "Whinge / Complain ",
          31
        ],
        [
          "Sleep ",
          20
        ],
        [
          "I Spy ",
          13
        ],
        [
          "Fight ",
          9
        ]
      ],
      "question": "Name Something Children Do On A Long Car Trip"
    }
  ],
  "final_round_timers": [
    20,
    25
  ]
}