{
  "rounds": [
    {
      "answers": [
        {
          "ans": "Hit By Another Car",
          "pnt": 43
        },
        {
          "ans": "Carjacked",
          "pnt": 17
        },
        {
          "ans": "Keyed",
          "pnt": 13
        },
        {
          "ans": "Broken Into",
          "pnt": 10
        },
        {
          "ans": "Flat Tire",
          "pnt": 5
        },
        {
          "ans": "Towed",
          "pnt": 4
        },
        {
          "ans": "Parking Ticket",
          "pnt": 3
        }
      ],
      "multiply": 1,
      "question": "Name Something You’d Hate To Find Has Happened To Your Car While It was parked."
    },
    {
      "answers": [
        {
          "ans": "Chips And Dip",
          "pnt": 36
        },
        {
          "ans": "Crackers And cheese",
          "pnt": 18
        },
        {
          "ans": "Popcorn",
          "pnt": 14
        },
        {
          "ans": "Cake",
          "pnt": 14
        },
        {
          "ans": "Nuts",
          "pnt": 11
        },
        {
          "ans": "Vegetables",
          "pnt": 3
        }
      ],
      "multiply": 1,
      "question": "Name A Snack That’s Served At Any Party"
    },
    {
      "answers": [
        {
          "ans": "Academy Awards",
          "pnt": 33
        },
        {
          "ans": "Maids",
          "pnt": 25
        },
        {
          "ans": "Home Theatre",
          "pnt": 22
        },
        {
          "ans": "Swimming Pool",
          "pnt": 5
        },
        {
          "ans": "Expensive Artwork",
          "pnt": 5
        },
        {
          "ans": "Grand Piano",
          "pnt": 4
        }
      ],
      "multiply": 1,
      "question": "Name An Item You Might See In A Movie Star’s Home That Wouldn’t Be In Yours"
    },
    {
      "answers": [
        {
          "ans": "Scientist",
          "pnt": 41
        },
        {
          "ans": "Accountant",
          "pnt": 22
        },
        {
          "ans": "Computer Programer/Tech",
          "pnt": 19
        },
        {
          "ans": "Teacher",
          "pnt": 6
        },
        {
          "ans": "Lawyer",
          "pnt": 6
        }
      ],
      "multiply": 2,
      "question": "Which Occupation Would You Expect A Guy Named Poindexter To Have?"
    },
    {
      "answers": [
        {
          "ans": "Lion",
          "pnt": 58
        },
        {
          "ans": "Tiger",
          "pnt": 38
        },
        {
          "ans": "Snake",
          "pnt": 25
        }
      ],
      "multiply": 2,
      "question": "Animal You Would Refuse To Pet Sit For"
    },
    {
      "answers": [
        {
          "ans": "Swimming",
          "pnt": 40
        },
        {
          "ans": "Camping",
          "pnt": 23
        },
        {
          "ans": "Volleyball",
          "pnt": 12
        },
        {
          "ans": "Baseball",
          "pnt": 12
        },
        {
          "ans": "Fishing",
          "pnt": 8
        },
        {
          "ans": "Surfing",
          "pnt": 4
        }
      ],
      "multiply": 2,
      "question": "Name A Popular Summer Activity."
    }
  ],
  "final_round": [
    {
      "answers": [
        [
          "Nice",
          38
        ],
        [
          "Tail",
          25
        ],
        [
          "Ball Of Yarn",
          12
        ],
        [
          "Birds",
          10
        ],
        [
          "Toy/Ball",
          9
        ]
      ],
      "question": "Name Something Cats Can Chase All Day."
    },
    {
      "answers": [
        [
          "Suit",
          35
        ],
        [
          "Tux",
          26
        ],
        [
          "Wedding Dress",
          16
        ],
        [
          "Jacket",
          15
        ],
        [
          "Pants",
          8
        ]
      ],
      "question": "Name An Article Of Clothing People Get Fitted For."
    },
    {
      "answers": [
        [
          "Milk",
          57
        ],
        [
          "Cheese",
          37
        ],
        [
          "Eggs",
          24
        ],
        [
          "Meat",
          16
        ],
        [
          "Vegetables",
          10
        ],
        [
          "Fruit",
          7
        ]
      ],
      "question": "Name A Food That Goes Bad In Your Fridge"
    },
    {
      "answers": [
        [
          "Horse",
          32
        ],
        [
          "Kangaroo",
          27
        ],
        [
          "Cheetah",
          12
        ],
        [
          "Dog",
          10
        ],
        [
          "Giraffe",
          8
        ],
        [
          "Rabbit",
          5
        ],
        [
          "Gazelle",
          3
        ]
      ],
      "question": "Which Animal Has The Best Chance Of Winning At The Hurdles?"
    }
  ],
  "final_round_timers": [
    20,
    25
  ]
}