{
  "rounds": [
    {
      "answers": [
        {
          "ans": "Pilot ",
          "pnt": 50
        },
        {
          "ans": "Instruments ",
          "pnt": 33
        },
        {
          "ans": "Gear Stick ",
          "pnt": 21
        },
        {
          "ans": "Seat ",
          "pnt": 14
        },
        {
          "ans": "Radar ",
          "pnt": 9
        }
      ],
      "multiply": 1,
      "question": "Name Something You Might Find In The Cockpit Of A Plane"
    },
    {
      "answers": [
        {
          "ans": "Therapist",
          "pnt": 38
        },
        {
          "ans": "Psychic",
          "pnt": 23
        },
        {
          "ans": "Books",
          "pnt": 14
        },
        {
          "ans": "Horoscope",
          "pnt": 12
        }
      ],
      "multiply": 1,
      "question": "What Do Some People Look To For Relationship Guidance, That You Don’t Believe In?"
    },
    {
      "answers": [
        {
          "ans": "Daffy Duck ",
          "pnt": 41
        },
        {
          "ans": "Yosemite Sam ",
          "pnt": 27
        },
        {
          "ans": "Porky Pig ",
          "pnt": 17
        },
        {
          "ans": "Elmer Fudd ",
          "pnt": 11
        }
      ],
      "multiply": 1,
      "question": "Name One Of Bugs Bunnys Associates"
    },
    {
      "answers": [
        {
          "ans": "Actor",
          "pnt": 54
        },
        {
          "ans": "Musician",
          "pnt": 26
        },
        {
          "ans": "Model",
          "pnt": 7
        },
        {
          "ans": "Politician",
          "pnt": 6
        },
        {
          "ans": "Athlete",
          "pnt": 4
        }
      ],
      "multiply": 2,
      "question": "Name A Profession You’d Shoot For If You Wanted To Be Famous"
    },
    {
      "answers": [
        {
          "ans": "Under The Bed ",
          "pnt": 49
        },
        {
          "ans": "Bedside Drawer ",
          "pnt": 32
        },
        {
          "ans": "Wardrobe ",
          "pnt": 21
        },
        {
          "ans": "In Her Bag ",
          "pnt": 14
        },
        {
          "ans": "On Her Computer ",
          "pnt": 9
        }
      ],
      "multiply": 2,
      "question": "Name A Place Where A Teenage Girl Might Keep Her Diary"
    },
    {
      "answers": [
        {
          "ans": "Juice",
          "pnt": 25
        },
        {
          "ans": "Soda",
          "pnt": 25
        },
        {
          "ans": "Candy",
          "pnt": 19
        },
        {
          "ans": "Baby Asprin",
          "pnt": 10
        },
        {
          "ans": "Sherbet",
          "pnt": 8
        },
        {
          "ans": "Jello",
          "pnt": 3
        },
        {
          "ans": "Ice Cream",
          "pnt": 3
        }
      ],
      "multiply": 2,
      "question": "Name Something That Might Be Orange-Flavored."
    }
  ],
  "final_round": [
    {
      "answers": [
        [
          "Wind ",
          41
        ],
        [
          "String ",
          27
        ],
        [
          "Sky ",
          17
        ],
        [
          "Kids ",
          11
        ],
        [
          "Flying ",
          7
        ]
      ],
      "question": "Name Something You Associate With Kites"
    },
    {
      "answers": [
        [
          "Pink",
          43
        ],
        [
          "Yellow",
          28
        ],
        [
          "Purple",
          18
        ],
        [
          "Orange",
          12
        ],
        [
          "White",
          8
        ],
        [
          "Gold",
          5
        ],
        [
          "Green",
          3
        ]
      ],
      "question": "Color Of Car You Would Never Buy"
    },
    {
      "answers": [
        [
          "Big Rig",
          48
        ],
        [
          "Airplane",
          31
        ],
        [
          "Tractor",
          20
        ],
        [
          "Bulldozer",
          13
        ],
        [
          "Tank",
          9
        ]
      ],
      "question": "Name a vehicle that would be hard to learn how to operate"
    },
    {
      "answers": [
        [
          "Sunburn",
          37
        ],
        [
          "Rash/Allergy",
          25
        ],
        [
          "Embarrassment",
          18
        ],
        [
          "Alcohol",
          11
        ],
        [
          "Exercise",
          6
        ]
      ],
      "question": "Tell Me Something That Causes Skin To Turn Red."
    }
  ],
  "final_round_timers": [
    20,
    25
  ]
}