{
  "rounds": [
    {
      "answers": [
        {
          "ans": "Health Inspection ",
          "pnt": 49
        },
        {
          "ans": "Gone Broke ",
          "pnt": 32
        },
        {
          "ans": "Chef Quits ",
          "pnt": 21
        },
        {
          "ans": "Power Cut ",
          "pnt": 14
        }
      ],
      "multiply": 1,
      "question": "Name A Reason Why A Restaurant Might Have To Close"
    },
    {
      "answers": [
        {
          "ans": "Guns ",
          "pnt": 45
        },
        {
          "ans": "Cowboys ",
          "pnt": 29
        },
        {
          "ans": "Indians ",
          "pnt": 19
        },
        {
          "ans": "Horses ",
          "pnt": 12
        },
        {
          "ans": "Saloon ",
          "pnt": 8
        }
      ],
      "multiply": 1,
      "question": "Name Something You Always See In Westerns"
    },
    {
      "answers": [
        {
          "ans": "Pointer",
          "pnt": 45
        },
        {
          "ans": "Williams",
          "pnt": 29
        },
        {
          "ans": "Olsen",
          "pnt": 19
        },
        {
          "ans": "Judd",
          "pnt": 12
        }
      ],
      "multiply": 1,
      "question": "Name A Famous Set Of Sisters"
    },
    {
      "answers": [
        {
          "ans": "Shoes",
          "pnt": 46
        },
        {
          "ans": "Make Up",
          "pnt": 30
        },
        {
          "ans": "Hat",
          "pnt": 20
        },
        {
          "ans": "Jewelry",
          "pnt": 13
        },
        {
          "ans": "Bra",
          "pnt": 8
        }
      ],
      "multiply": 2,
      "question": "Name Something Of Her Mom’s A Kid Might Wear"
    },
    {
      "answers": [
        {
          "ans": "Telemarketer",
          "pnt": 42
        },
        {
          "ans": "Operator",
          "pnt": 27
        },
        {
          "ans": "Secretary",
          "pnt": 18
        },
        {
          "ans": "Customer Service",
          "pnt": 12
        }
      ],
      "multiply": 2,
      "question": "Occupation Where You Would Be On Phone All Day"
    },
    {
      "answers": [
        {
          "ans": "Reading",
          "pnt": 39
        },
        {
          "ans": "Exercise",
          "pnt": 22
        },
        {
          "ans": "Sports",
          "pnt": 12
        },
        {
          "ans": "Crafts",
          "pnt": 9
        },
        {
          "ans": "Playing Instrument",
          "pnt": 7
        },
        {
          "ans": "Listening To Radio",
          "pnt": 3
        },
        {
          "ans": "Cooking",
          "pnt": 3
        }
      ],
      "multiply": 2,
      "question": "Name A Pasttime More Respectable Than Watching Tv"
    }
  ],
  "final_round": [
    {
      "answers": [
        [
          "Lifeguard",
          49
        ],
        [
          "Mail Carrier",
          25
        ],
        [
          "Gym Teacher",
          12
        ],
        [
          "Zookeeper",
          10
        ]
      ],
      "question": "Name A Job In Which You Could Wear Shorts To Work."
    },
    {
      "answers": [
        [
          "MCDONALDS",
          59
        ],
        [
          "BURGER KING",
          38
        ],
        [
          "TACO BELL",
          25
        ],
        [
          "WENDY’S",
          16
        ]
      ],
      "question": "Name A Chain Restaurant That Would Never Be Asked To Cater A Fancy Party"
    },
    {
      "answers": [
        [
          "Stripes",
          32
        ],
        [
          "Animals",
          17
        ],
        [
          "Argyle",
          14
        ],
        [
          "Flowers",
          12
        ],
        [
          "Polka Dots",
          10
        ],
        [
          "Hearts",
          9
        ]
      ],
      "question": "Name A Design You Often See On Socks, But Not On Sneakers"
    },
    {
      "answers": [
        [
          "Float ",
          52
        ],
        [
          "Walk On The Moon ",
          34
        ],
        [
          "Fly ",
          22
        ],
        [
          "Spacewalk ",
          14
        ],
        [
          "Go Into Space ",
          9
        ]
      ],
      "question": "Name Something That Astronauts Do"
    }
  ],
  "final_round_timers": [
    20,
    25
  ]
}