{
  "rounds": [
    {
      "answers": [
        {
          "ans": "A Camera ",
          "pnt": 47
        },
        {
          "ans": "Binnoculars ",
          "pnt": 31
        },
        {
          "ans": "Food ",
          "pnt": 20
        },
        {
          "ans": "Sunglasses ",
          "pnt": 13
        }
      ],
      "multiply": 1,
      "question": "Name Something You Might Take On Safari"
    },
    {
      "answers": [
        {
          "ans": "Pizza",
          "pnt": 28
        },
        {
          "ans": "Noodles",
          "pnt": 26
        },
        {
          "ans": "TV dinner",
          "pnt": 14
        },
        {
          "ans": "Fast food",
          "pnt": 12
        },
        {
          "ans": "Soup",
          "pnt": 8
        },
        {
          "ans": "Sandwich",
          "pnt": 6
        }
      ],
      "multiply": 1,
      "question": "If someone hates to cook,name a dinner that they probably eat often."
    },
    {
      "answers": [
        {
          "ans": 70,
          "pnt": 33
        },
        {
          "ans": 75,
          "pnt": 31
        },
        {
          "ans": 65,
          "pnt": 14
        },
        {
          "ans": 80,
          "pnt": 12
        },
        {
          "ans": 60,
          "pnt": 7
        }
      ],
      "multiply": 1,
      "question": "Tell Me How Fast Most People Drive On The Freeway. (Numeric Only)"
    },
    {
      "answers": [
        {
          "ans": "Alarm ",
          "pnt": 45
        },
        {
          "ans": "TV ",
          "pnt": 29
        },
        {
          "ans": "Light ",
          "pnt": 19
        },
        {
          "ans": "Radio ",
          "pnt": 12
        },
        {
          "ans": "Lamp ",
          "pnt": 8
        }
      ],
      "multiply": 2,
      "question": "Name Something People Turn On Before They Get Into Bed"
    },
    {
      "answers": [
        {
          "ans": "Hamburger",
          "pnt": 48
        },
        {
          "ans": "Fries",
          "pnt": 31
        },
        {
          "ans": "Chicken",
          "pnt": 20
        },
        {
          "ans": "Steak",
          "pnt": 13
        },
        {
          "ans": "Pizza",
          "pnt": 9
        },
        {
          "ans": "Salad",
          "pnt": 6
        },
        {
          "ans": "Pasta",
          "pnt": 3
        }
      ],
      "multiply": 2,
      "question": "Name A Food That’s On Menu Of Every Restaurant"
    },
    {
      "answers": [
        {
          "ans": "Deepens",
          "pnt": 33
        },
        {
          "ans": "Softer",
          "pnt": 33
        },
        {
          "ans": "Nervous stutter",
          "pnt": 16
        },
        {
          "ans": "Higher pitch",
          "pnt": 7
        },
        {
          "ans": "Crack",
          "pnt": 6
        }
      ],
      "multiply": 2,
      "question": "Name a way that a man’s voice might change when talking to his love interest."
    }
  ],
  "final_round": [
    {
      "answers": [
        [
          "Called In Sick",
          47
        ],
        [
          "Skimpy Suit",
          28
        ],
        [
          "You’re Drinking",
          14
        ],
        [
          "Ruin A Good Time",
          9
        ]
      ],
      "question": "Tell Me A Reason You’d Hate To Run Into Your Boss At The Beach."
    },
    {
      "answers": [
        [
          "Gym Teacher",
          47
        ],
        [
          "Personal Trainer",
          31
        ],
        [
          "Janitor",
          20
        ],
        [
          "Babysitter",
          13
        ]
      ],
      "question": "In Which Profession Wear Sweat Pants"
    },
    {
      "answers": [
        [
          "Nursing ",
          42
        ],
        [
          "Doctor ",
          27
        ],
        [
          "Newsagent ",
          18
        ],
        [
          "Paper Boy ",
          12
        ],
        [
          "Baker ",
          7
        ]
      ],
      "question": "Name An Occupation Where You Have To Wake Up Early"
    },
    {
      "answers": [
        [
          "Cheeseburger",
          43
        ],
        [
          "French Fries",
          28
        ],
        [
          "Hot Dog",
          18
        ],
        [
          "Chicken Nuggets",
          12
        ],
        [
          "Soda",
          8
        ],
        [
          "Salad",
          5
        ],
        [
          "Shake",
          3
        ]
      ],
      "question": "If You Requested Hamburger Garbled, What You Get"
    }
  ],
  "final_round_timers": [
    20,
    25
  ]
}