{
  "rounds": [
    {
      "answers": [
        {
          "ans": "Speed ",
          "pnt": 51
        },
        {
          "ans": "Expensive ",
          "pnt": 33
        },
        {
          "ans": "Computer System ",
          "pnt": 22
        },
        {
          "ans": "Buttons ",
          "pnt": 14
        },
        {
          "ans": "Hard Drive ",
          "pnt": 9
        }
      ],
      "multiply": 1,
      "question": "Name Something Computers And Sports Cars Have In Common"
    },
    {
      "answers": [
        {
          "ans": "Skirt/Dress",
          "pnt": 57
        },
        {
          "ans": "Pants",
          "pnt": 19
        },
        {
          "ans": "Shorts",
          "pnt": 13
        },
        {
          "ans": "Hair",
          "pnt": 9
        }
      ],
      "multiply": 1,
      "question": "Tell Me Something You Hate To Wear Too Short."
    },
    {
      "answers": [
        {
          "ans": "Gum/Candy",
          "pnt": 44
        },
        {
          "ans": "Juice",
          "pnt": 22
        },
        {
          "ans": "Jell O",
          "pnt": 10
        },
        {
          "ans": "Soda",
          "pnt": 6
        },
        {
          "ans": "Ice Cream",
          "pnt": 5
        }
      ],
      "multiply": 1,
      "question": "Name Something That’s Usually Fruit-Flavored"
    },
    {
      "answers": [
        {
          "ans": "Speeding",
          "pnt": 58
        },
        {
          "ans": "Stealing",
          "pnt": 34
        },
        {
          "ans": "Jaywalking",
          "pnt": 3
        },
        {
          "ans": "Littering",
          "pnt": 3
        }
      ],
      "multiply": 2,
      "question": "Name A Crime That Most Cops Have Probably Committed Themselves."
    },
    {
      "answers": [
        {
          "ans": "Elbow ",
          "pnt": 48
        },
        {
          "ans": "Arm ",
          "pnt": 31
        },
        {
          "ans": "Knee ",
          "pnt": 20
        },
        {
          "ans": "Back ",
          "pnt": 13
        },
        {
          "ans": "Leg ",
          "pnt": 9
        }
      ],
      "multiply": 2,
      "question": "Name A Part Of Your Body That Bends"
    },
    {
      "answers": [
        {
          "ans": "School/Childcare",
          "pnt": 42
        },
        {
          "ans": "Play Ground",
          "pnt": 31
        },
        {
          "ans": "Sports Team",
          "pnt": 8
        },
        {
          "ans": "Neighborhood",
          "pnt": 6
        },
        {
          "ans": "Place Of Worship",
          "pnt": 5
        },
        {
          "ans": "Camp",
          "pnt": 5
        }
      ],
      "multiply": 2,
      "question": "Name A Place Where A Child Makes Friends."
    }
  ],
  "final_round": [
    {
      "answers": [
        [
          "Play ",
          46
        ],
        [
          "At Doctors ",
          30
        ],
        [
          "Having It Pierced ",
          20
        ],
        [
          "Passionate Kiss ",
          13
        ]
      ],
      "question": "Name A Reason You Might Stick Out Your Tongue"
    },
    {
      "answers": [
        [
          "Six Foot ",
          43
        ],
        [
          "6 Foot Three ",
          28
        ],
        [
          "6 Foot Two ",
          18
        ],
        [
          "6 Foot One ",
          12
        ],
        [
          "7 Foot ",
          8
        ]
      ],
      "question": "Name A Height In Feet And Inches Where People Consider A Man Tall"
    },
    {
      "answers": [
        [
          "Kiss",
          42
        ],
        [
          "Hug",
          27
        ],
        [
          "Flowers/ Gifts",
          18
        ],
        [
          "Holding Hands",
          12
        ]
      ],
      "question": "Name A Specific Sign Of Affection Woman Wants From Husband"
    },
    {
      "answers": [
        [
          "Gun",
          45
        ],
        [
          "Money",
          20
        ],
        [
          "Hair",
          19
        ],
        [
          "Cigarettes",
          7
        ],
        [
          "Whiskey",
          4
        ],
        [
          "Bandana",
          3
        ]
      ],
      "question": "What Might A Cowboy Have Hidden Under His Hat?"
    }
  ],
  "final_round_timers": [
    20,
    25
  ]
}