{
  "rounds": [
    {
      "answers": [
        {
          "ans": "Broccoli",
          "pnt": 49
        },
        {
          "ans": "Onion",
          "pnt": 32
        },
        {
          "ans": "Potatoes",
          "pnt": 21
        },
        {
          "ans": "Cucumber",
          "pnt": 14
        },
        {
          "ans": "Celery",
          "pnt": 9
        },
        {
          "ans": "Turnip",
          "pnt": 6
        },
        {
          "ans": "Lettuce",
          "pnt": 4
        }
      ],
      "multiply": 1,
      "question": "Name A Vegetable You Would Never Make Juice Out Of"
    },
    {
      "answers": [
        {
          "ans": "Engine",
          "pnt": 26
        },
        {
          "ans": "Bear",
          "pnt": 21
        },
        {
          "ans": "Crowd",
          "pnt": 19
        },
        {
          "ans": "Waterfall/Water",
          "pnt": 13
        },
        {
          "ans": "Fire",
          "pnt": 11
        },
        {
          "ans": "Thunder",
          "pnt": 8
        }
      ],
      "multiply": 1,
      "question": "Besides A Wild Cat, Name Something That “Roars.”"
    },
    {
      "answers": [
        {
          "ans": "Dog",
          "pnt": 31
        },
        {
          "ans": "Child",
          "pnt": 24
        },
        {
          "ans": "Chocolate",
          "pnt": 18
        },
        {
          "ans": "Ice Cream",
          "pnt": 18
        },
        {
          "ans": "Milk",
          "pnt": 6
        }
      ],
      "multiply": 1,
      "question": "Name Something You Wouldn’t Leave In You Car On A Hot Day"
    },
    {
      "answers": [
        {
          "ans": "Mole",
          "pnt": 37
        },
        {
          "ans": "Tattoos",
          "pnt": 21
        },
        {
          "ans": "Teeth",
          "pnt": 9
        },
        {
          "ans": "Tonsils",
          "pnt": 9
        },
        {
          "ans": "Warts",
          "pnt": 8
        },
        {
          "ans": "Hair",
          "pnt": 6
        },
        {
          "ans": "Appendix",
          "pnt": 5
        }
      ],
      "multiply": 2,
      "question": "Name Something That People Get Removed From Their Body."
    },
    {
      "answers": [
        {
          "ans": "Make A Phone Call",
          "pnt": 47
        },
        {
          "ans": "Vending Machine",
          "pnt": 38
        },
        {
          "ans": "Parking Meter",
          "pnt": 5
        },
        {
          "ans": "Bus Fare",
          "pnt": 4
        },
        {
          "ans": "Newspaper Machine",
          "pnt": 3
        }
      ],
      "multiply": 2,
      "question": "Name A Reason You Might Have To Get A Change For A Dollar"
    },
    {
      "answers": [
        {
          "ans": "Pictures",
          "pnt": 65
        },
        {
          "ans": "Animal Characters",
          "pnt": 11
        },
        {
          "ans": "Princess",
          "pnt": 7
        },
        {
          "ans": "Once Upon A Time",
          "pnt": 4
        },
        {
          "ans": "Pop Up Pages",
          "pnt": 4
        },
        {
          "ans": "Small Words",
          "pnt": 3
        }
      ],
      "multiply": 2,
      "question": "What Might You Find Inside A Book That Tells You It Was Meant For Children?"
    }
  ],
  "final_round": [
    {
      "answers": [
        [
          "Socialize",
          44
        ],
        [
          "Date",
          31
        ],
        [
          "Work",
          16
        ],
        [
          "Fight",
          5
        ]
      ],
      "question": "Tell me something that you’d prefer to do with strangers rather than family."
    },
    {
      "answers": [
        [
          "Mr Bean ",
          50
        ],
        [
          "Del Boy ",
          33
        ],
        [
          "Borat ",
          21
        ],
        [
          "Basil Fawlty ",
          14
        ],
        [
          "Blackadder ",
          9
        ],
        [
          "Ali G ",
          6
        ]
      ],
      "question": "Name A Fictional Comedy Character"
    },
    {
      "answers": [
        [
          "Horse ",
          44
        ],
        [
          "Donkey ",
          29
        ],
        [
          "Elephant ",
          19
        ],
        [
          "Dolphin ",
          12
        ]
      ],
      "question": "Name An Animal You Can Ride On"
    },
    {
      "answers": [
        [
          "FIREWORKS",
          41
        ],
        [
          "FLOATS",
          26
        ],
        [
          "CANDY",
          19
        ],
        [
          "MUSIC",
          7
        ],
        [
          "COSTUMES",
          3
        ],
        [
          "FIRE TRUCKS",
          3
        ]
      ],
      "question": "What Is The Best Part Of A 4th Of July Parade"
    }
  ],
  "final_round_timers": [
    20,
    25
  ]
}