{
  "rounds": [
    {
      "answers": [
        {
          "ans": "Papers In Driveway",
          "pnt": 41
        },
        {
          "ans": "Cars Are Gone",
          "pnt": 16
        },
        {
          "ans": "They Told You",
          "pnt": 11
        },
        {
          "ans": "Don’t Pick Up Phone",
          "pnt": 9
        },
        {
          "ans": "Mail Pile Up",
          "pnt": 9
        },
        {
          "ans": "Lights Off At Night",
          "pnt": 7
        }
      ],
      "multiply": 1,
      "question": "Name A Way You Might Know Your Neighbors Are On Vacation"
    },
    {
      "answers": [
        {
          "ans": "Sauce ",
          "pnt": 54
        },
        {
          "ans": "Mustard ",
          "pnt": 35
        },
        {
          "ans": "Cheese ",
          "pnt": 23
        },
        {
          "ans": "Onions ",
          "pnt": 15
        },
        {
          "ans": "Sausage ",
          "pnt": 10
        }
      ],
      "multiply": 1,
      "question": "Name Something You Can Put On A Hotdog"
    },
    {
      "answers": [
        {
          "ans": "Iraq",
          "pnt": 31
        },
        {
          "ans": "Afghanistan",
          "pnt": 19
        },
        {
          "ans": "North Korea",
          "pnt": 16
        },
        {
          "ans": "Sudan",
          "pnt": 9
        },
        {
          "ans": "Columbia",
          "pnt": 8
        },
        {
          "ans": "Syria",
          "pnt": 7
        },
        {
          "ans": "Haiti",
          "pnt": 5
        }
      ],
      "multiply": 1,
      "question": "Name The Last Country You Would Want To Win A Trip To?"
    },
    {
      "answers": [
        {
          "ans": "No Time",
          "pnt": 55
        },
        {
          "ans": "Lazy",
          "pnt": 18
        },
        {
          "ans": "Too Expensive",
          "pnt": 11
        },
        {
          "ans": "Taste",
          "pnt": 7
        },
        {
          "ans": "Only Live Once",
          "pnt": 5
        }
      ],
      "multiply": 2,
      "question": "Name An Excuse People Give For Not Eating Healthy"
    },
    {
      "answers": [
        {
          "ans": "Batting",
          "pnt": 37
        },
        {
          "ans": "Throwing",
          "pnt": 14
        },
        {
          "ans": "Catching",
          "pnt": 13
        },
        {
          "ans": "Running",
          "pnt": 13
        },
        {
          "ans": "Pitching",
          "pnt": 10
        },
        {
          "ans": "Coordination",
          "pnt": 6
        }
      ],
      "multiply": 2,
      "question": "Name A Specific Skill You’d Have To be Good At To Be A Professional Baseball Player."
    },
    {
      "answers": [
        {
          "ans": "Jay Leno",
          "pnt": 33
        },
        {
          "ans": "Jerry Seinfeld",
          "pnt": 23
        },
        {
          "ans": "Steve Martin",
          "pnt": 14
        },
        {
          "ans": "Jimmy Darante",
          "pnt": 9
        },
        {
          "ans": "Bob Hope",
          "pnt": 9
        },
        {
          "ans": "Adam Sandler",
          "pnt": 6
        }
      ],
      "multiply": 2,
      "question": "Name A Comedian Whose Nose Is Larger Than His Talent."
    }
  ],
  "final_round": [
    {
      "answers": [
        [
          "Drama/ Fights",
          25
        ],
        [
          "Suspicious Deaths",
          20
        ],
        [
          "Love Affairs",
          20
        ],
        [
          "Romance/ Weddings",
          12
        ],
        [
          "Break Ups/ Divorce",
          10
        ]
      ],
      "question": "If You Lived In Soap Opera Land, Name Something That Would Happen A Lot More Often."
    },
    {
      "answers": [
        [
          "Store",
          34
        ],
        [
          "Woods",
          33
        ],
        [
          "Tree Lot",
          11
        ],
        [
          "Tree Farm",
          8
        ],
        [
          "Attic",
          5
        ]
      ],
      "question": "Where Do You Get You Christmas Tree From Every Year?"
    },
    {
      "answers": [
        [
          "Gum",
          57
        ],
        [
          "Magazines",
          37
        ],
        [
          "Batteries",
          24
        ],
        [
          "Lottery Tickets",
          16
        ],
        [
          "Cigarettes",
          10
        ]
      ],
      "question": "Name Something Sold In Checkout Lines"
    },
    {
      "answers": [
        [
          "Soap Opera",
          61
        ],
        [
          "Cartoons",
          13
        ],
        [
          "Talk show",
          10
        ],
        [
          "Game Show",
          8
        ],
        [
          "Wrestling",
          5
        ]
      ],
      "question": "Name A Type Of TV Show A Man Might Be Embarrassed To Say He Watches A Lot Of."
    }
  ],
  "final_round_timers": [
    20,
    25
  ]
}