{
  "rounds": [
    {
      "answers": [
        {
          "ans": "Teachers",
          "pnt": 52
        },
        {
          "ans": "New Books",
          "pnt": 34
        },
        {
          "ans": "New Friends",
          "pnt": 22
        },
        {
          "ans": "New Clothes",
          "pnt": 14
        }
      ],
      "multiply": 1,
      "question": "Something Kid Looks Forward To At Beginning Of New School Year"
    },
    {
      "answers": [
        {
          "ans": "Bike",
          "pnt": 48
        },
        {
          "ans": "Ball",
          "pnt": 24
        },
        {
          "ans": "Jumprope",
          "pnt": 18
        },
        {
          "ans": "Trampoline",
          "pnt": 6
        },
        {
          "ans": "Swimming Pool",
          "pnt": 3
        }
      ],
      "multiply": 1,
      "question": "Name Something Kids Use For Fun, But Adults Use For Exercise."
    },
    {
      "answers": [
        {
          "ans": "Digits",
          "pnt": 42
        },
        {
          "ans": "Bones",
          "pnt": 21
        },
        {
          "ans": "Hairs",
          "pnt": 19
        },
        {
          "ans": "Teeth",
          "pnt": 15
        }
      ],
      "multiply": 1,
      "question": "Name something that the human body has more than 2 of."
    },
    {
      "answers": [
        {
          "ans": "Job",
          "pnt": 38
        },
        {
          "ans": "Money",
          "pnt": 23
        },
        {
          "ans": "Love/Married",
          "pnt": 18
        },
        {
          "ans": "Degree",
          "pnt": 8
        },
        {
          "ans": "Driver’s License",
          "pnt": 5
        },
        {
          "ans": "House",
          "pnt": 4
        }
      ],
      "multiply": 2,
      "question": "Name Something That People Go Through A Lot Of Obstacles In Order To Get"
    },
    {
      "answers": [
        {
          "ans": "Breakfast/Meals",
          "pnt": 57
        },
        {
          "ans": "School/Work",
          "pnt": 22
        },
        {
          "ans": "Rope",
          "pnt": 12
        },
        {
          "ans": "Stones",
          "pnt": 4
        }
      ],
      "multiply": 2,
      "question": "Name Something People Skip."
    },
    {
      "answers": [
        {
          "ans": "Crying",
          "pnt": 43
        },
        {
          "ans": "Diapers",
          "pnt": 22
        },
        {
          "ans": "Expensive",
          "pnt": 11
        },
        {
          "ans": "Sleepless nights",
          "pnt": 9
        },
        {
          "ans": "College Tuition",
          "pnt": 4
        },
        {
          "ans": "Kids Grow Up",
          "pnt": 4
        }
      ],
      "multiply": 2,
      "question": "Name Something About Babies That Makes You Think Twice About Becoming A Parent."
    }
  ],
  "final_round": [
    {
      "answers": [
        [
          "Name Tag",
          59
        ],
        [
          "Wears Uniform",
          32
        ],
        [
          "Follows You",
          3
        ],
        [
          "Offers Help",
          3
        ]
      ],
      "question": "When Shopping, Name A Way You Can Tell If Someone Is A Sales Clerk"
    },
    {
      "answers": [
        [
          "Stork",
          56
        ],
        [
          "Mother’s Stomach",
          23
        ],
        [
          "Heaven",
          7
        ],
        [
          "Already Knew",
          6
        ],
        [
          "Cabbage Patch",
          3
        ]
      ],
      "question": "When You Were A Little Kid, Where Did You Think Babies Came From."
    },
    {
      "answers": [
        [
          "Dump Truck",
          43
        ],
        [
          "Fire Engine",
          34
        ],
        [
          "Tractor",
          10
        ],
        [
          "Police Car",
          6
        ],
        [
          "Bulldozer",
          3
        ]
      ],
      "question": "Tell Me A Type Of Work Vehicle, That’s Often Seen As A children’s Toy"
    },
    {
      "answers": [
        [
          "Hump ",
          44
        ],
        [
          "Desert ",
          29
        ],
        [
          "Arabs ",
          19
        ]
      ],
      "question": "Name Something You Associate With A Camel"
    }
  ],
  "final_round_timers": [
    20,
    25
  ]
}