{
  "rounds": [
    {
      "answers": [
        {
          "ans": "Mom",
          "pnt": 39
        },
        {
          "ans": "Dad",
          "pnt": 31
        },
        {
          "ans": "Boss",
          "pnt": 12
        },
        {
          "ans": "Grandma",
          "pnt": 9
        },
        {
          "ans": "Kids",
          "pnt": 5
        },
        {
          "ans": "Sibling",
          "pnt": 3
        }
      ],
      "multiply": 1,
      "question": "Name Someone You Wouldn’t Want To See You Nude."
    },
    {
      "answers": [
        {
          "ans": "7 Days",
          "pnt": 23
        },
        {
          "ans": "5 Days",
          "pnt": 18
        },
        {
          "ans": "10 Days",
          "pnt": 16
        },
        {
          "ans": "14 Days",
          "pnt": 14
        },
        {
          "ans": "3 Days",
          "pnt": 12
        },
        {
          "ans": "4 Days",
          "pnt": 9
        }
      ],
      "multiply": 1,
      "question": "Tell Me How Many Days It Takes A Man To Grow A Beard. (Numeric Only)"
    },
    {
      "answers": [
        {
          "ans": "cars",
          "pnt": 71
        },
        {
          "ans": "Clothes",
          "pnt": 10
        },
        {
          "ans": "Houses",
          "pnt": 9
        },
        {
          "ans": "Jewlery",
          "pnt": 3
        },
        {
          "ans": "Plane",
          "pnt": 3
        },
        {
          "ans": "boat",
          "pnt": 3
        }
      ],
      "multiply": 1,
      "question": "Name Something Millionaires Might Shop For Just For Fun"
    },
    {
      "answers": [
        {
          "ans": "Snakes ",
          "pnt": 44
        },
        {
          "ans": "Rats ",
          "pnt": 29
        },
        {
          "ans": "Spiders ",
          "pnt": 19
        },
        {
          "ans": "Mosquitoes ",
          "pnt": 12
        },
        {
          "ans": "Cockroaches ",
          "pnt": 8
        },
        {
          "ans": "Sharks ",
          "pnt": 5
        }
      ],
      "multiply": 2,
      "question": "Name An Animal People Wish Didn't Exist"
    },
    {
      "answers": [
        {
          "ans": "Smoking",
          "pnt": 69
        },
        {
          "ans": "Eating Too Much",
          "pnt": 15
        },
        {
          "ans": "Eating Junk",
          "pnt": 8
        },
        {
          "ans": "Too Much Salt",
          "pnt": 4
        },
        {
          "ans": "Drinking Alcohol",
          "pnt": 2
        }
      ],
      "multiply": 2,
      "question": "Name Something Doctors Are Always Telling People To Stop Doing"
    },
    {
      "answers": [
        {
          "ans": "Your Hair ",
          "pnt": 51
        },
        {
          "ans": "Weather ",
          "pnt": 33
        },
        {
          "ans": "Traffic ",
          "pnt": 22
        },
        {
          "ans": "Tv ",
          "pnt": 14
        },
        {
          "ans": "Your Partner ",
          "pnt": 9
        }
      ],
      "multiply": 2,
      "question": "Name Something You Might Discuss With A Hair Dresser"
    }
  ],
  "final_round": [
    {
      "answers": [
        [
          "Grocery store",
          24
        ],
        [
          "Bar",
          21
        ],
        [
          "Airplane",
          20
        ],
        [
          "Park",
          13
        ],
        [
          "Coffee Shop",
          10
        ],
        [
          "Bus",
          7
        ],
        [
          "Parking Lot",
          5
        ]
      ],
      "question": "Name A Place Where You Might Have A Friendly Conversation With A Total Stranger."
    },
    {
      "answers": [
        [
          "Ear Wax",
          26
        ],
        [
          "Car Watch",
          18
        ],
        [
          "Beeswax",
          14
        ],
        [
          "Hot Wax",
          8
        ],
        [
          "Wax Museum",
          8
        ],
        [
          "Wax Paper",
          8
        ],
        [
          "Candle Wax",
          8
        ]
      ],
      "question": "Name A Word That You Might See Before Or After The Word “Wax”."
    },
    {
      "answers": [
        [
          "Dating Again",
          47
        ],
        [
          "Seeing Your Ex",
          20
        ],
        [
          "Crying/Loneliness",
          17
        ],
        [
          "Sorting Belongings",
          13
        ]
      ],
      "question": "Name Something That You Dread Doing After A Break-Up"
    },
    {
      "answers": [
        [
          "Climbing",
          49
        ],
        [
          "Cracking Nuts",
          35
        ],
        [
          "Running",
          7
        ],
        [
          "Storage In Cheeks",
          4
        ]
      ],
      "question": "If A Child Were Raised By Squirrels Name Something He’d Be Good At."
    }
  ],
  "final_round_timers": [
    20,
    25
  ]
}