{
  "rounds": [
    {
      "answers": [
        {
          "ans": "Chains/Bars",
          "pnt": 29
        },
        {
          "ans": "Dragons",
          "pnt": 26
        },
        {
          "ans": "Bones",
          "pnt": 24
        },
        {
          "ans": "Bats",
          "pnt": 6
        },
        {
          "ans": "Candles/Darkness",
          "pnt": 6
        },
        {
          "ans": "Rats/Mice",
          "pnt": 5
        }
      ],
      "multiply": 1,
      "question": "Name Something You’d See If You Were Trapped In A Dungeon"
    },
    {
      "answers": [
        {
          "ans": "Lettuce",
          "pnt": 41
        },
        {
          "ans": "Tomatoes",
          "pnt": 27
        },
        {
          "ans": "Cheese",
          "pnt": 17
        },
        {
          "ans": "Mayo",
          "pnt": 11
        },
        {
          "ans": "Ham",
          "pnt": 7
        },
        {
          "ans": "Salami",
          "pnt": 5
        },
        {
          "ans": "Bologna",
          "pnt": 3
        }
      ],
      "multiply": 1,
      "question": "Name Something In A Submarine Sandwich"
    },
    {
      "answers": [
        {
          "ans": "Sandwiches",
          "pnt": 38
        },
        {
          "ans": "Soup",
          "pnt": 20
        },
        {
          "ans": "Turkey Salad",
          "pnt": 16
        },
        {
          "ans": "Turkey Pot Pie",
          "pnt": 14
        },
        {
          "ans": "Casserole",
          "pnt": 7
        },
        {
          "ans": "Turkey Ala King",
          "pnt": 3
        },
        {
          "ans": "Turkey Hash",
          "pnt": 2
        }
      ],
      "multiply": 1,
      "question": "Name Different To Use Left Over Turkey"
    },
    {
      "answers": [
        {
          "ans": "Nail",
          "pnt": 50
        },
        {
          "ans": "Glass Shard",
          "pnt": 29
        },
        {
          "ans": "Pin",
          "pnt": 12
        },
        {
          "ans": "Rocks",
          "pnt": 6
        }
      ],
      "multiply": 2,
      "question": "Name Something That Can Cause A Flat Tire."
    },
    {
      "answers": [
        {
          "ans": "Pass Gas",
          "pnt": 60
        },
        {
          "ans": "Show Affection",
          "pnt": 13
        },
        {
          "ans": "Eat",
          "pnt": 9
        },
        {
          "ans": "Undress",
          "pnt": 9
        },
        {
          "ans": "Use The Restroom",
          "pnt": 4
        }
      ],
      "multiply": 2,
      "question": "Name Something People Don’t Want To Do In Front Of Somebody They’re Dating, Until They Get Serious."
    },
    {
      "answers": [
        {
          "ans": "Giraffe",
          "pnt": 59
        },
        {
          "ans": "Ostrich",
          "pnt": 11
        },
        {
          "ans": "Frog",
          "pnt": 9
        },
        {
          "ans": "Horse",
          "pnt": 8
        },
        {
          "ans": "Gazelle",
          "pnt": 7
        },
        {
          "ans": "Camel",
          "pnt": 5
        }
      ],
      "multiply": 2,
      "question": "Name An Animal With Really Long Legs."
    }
  ],
  "final_round": [
    {
      "answers": [
        [
          "Fish ",
          40
        ],
        [
          "Butterfly ",
          26
        ],
        [
          "Crab ",
          17
        ],
        [
          "Tennis Ball / Ball ",
          11
        ],
        [
          "Shuttlecock ",
          7
        ]
      ],
      "question": "Name Something You Might Catch In A Net"
    },
    {
      "answers": [
        [
          "Snake",
          16
        ],
        [
          "Cat",
          15
        ],
        [
          "Rat",
          15
        ],
        [
          "Pigeon",
          15
        ],
        [
          "Human",
          13
        ],
        [
          "Dog",
          12
        ],
        [
          "Deer",
          10
        ]
      ],
      "question": "They’ve Cloned A Sheep: Name A Creature They Should Never Clone Because We Already Have Too Many."
    },
    {
      "answers": [
        [
          "Las Vegas",
          61
        ],
        [
          "Hawaii",
          19
        ],
        [
          "Paris",
          16
        ],
        [
          "Niagra Falls",
          3
        ]
      ],
      "question": "Name A Place In The World Where People Might Go To Get Married"
    },
    {
      "answers": [
        [
          "Florida",
          49
        ],
        [
          "California",
          19
        ],
        [
          "Arizona",
          18
        ],
        [
          "Hawaii",
          6
        ],
        [
          "Texas",
          6
        ]
      ],
      "question": "Name A State That Many People Live In When They Retire."
    }
  ],
  "final_round_timers": [
    20,
    25
  ]
}