{
  "rounds": [
    {
      "answers": [
        {
          "ans": "Fixing Hair",
          "pnt": 39
        },
        {
          "ans": "Applying Makeup",
          "pnt": 21
        },
        {
          "ans": "Shaving",
          "pnt": 18
        },
        {
          "ans": "Dressing",
          "pnt": 7
        },
        {
          "ans": "Showering",
          "pnt": 6
        },
        {
          "ans": "Brushing Teeth",
          "pnt": 6
        }
      ],
      "multiply": 1,
      "question": "Name A Part Of Grooming That You’d Spend More Time On Before A Big Date."
    },
    {
      "answers": [
        {
          "ans": "Jockey ",
          "pnt": 56
        },
        {
          "ans": "Police Officer ",
          "pnt": 36
        },
        {
          "ans": "Cowboy ",
          "pnt": 24
        },
        {
          "ans": "Ranger ",
          "pnt": 16
        },
        {
          "ans": "Rodeo Rider ",
          "pnt": 10
        }
      ],
      "multiply": 1,
      "question": "Name An Occupation Where You Might Ride A Horse"
    },
    {
      "answers": [
        {
          "ans": "Under Mat",
          "pnt": 55
        },
        {
          "ans": "Under A Rock",
          "pnt": 10
        },
        {
          "ans": "At Neighbors",
          "pnt": 9
        },
        {
          "ans": "Flower Pot",
          "pnt": 8
        },
        {
          "ans": "Wallet/Purse",
          "pnt": 7
        },
        {
          "ans": "Car",
          "pnt": 5
        }
      ],
      "multiply": 1,
      "question": "Name A Place People Often Keep A Spare Key"
    },
    {
      "answers": [
        {
          "ans": "Petrol ",
          "pnt": 45
        },
        {
          "ans": "Diesel ",
          "pnt": 29
        },
        {
          "ans": "Water ",
          "pnt": 19
        },
        {
          "ans": "Oil ",
          "pnt": 12
        },
        {
          "ans": "Anti Freeze ",
          "pnt": 8
        }
      ],
      "multiply": 2,
      "question": "Name A Liquid That Is Put Into A Car"
    },
    {
      "answers": [
        {
          "ans": "Lion",
          "pnt": 56
        },
        {
          "ans": "Tiger",
          "pnt": 36
        },
        {
          "ans": "Elephant",
          "pnt": 24
        },
        {
          "ans": "Monkey",
          "pnt": 16
        },
        {
          "ans": "Bear",
          "pnt": 10
        }
      ],
      "multiply": 2,
      "question": "Circus Animal You Would Hate To Be Trainer For"
    },
    {
      "answers": [
        {
          "ans": "Gesture",
          "pnt": 45
        },
        {
          "ans": "Point Finger",
          "pnt": 26
        },
        {
          "ans": "Facial Expression",
          "pnt": 13
        },
        {
          "ans": "Battle",
          "pnt": 5
        },
        {
          "ans": "Stomp",
          "pnt": 4
        }
      ],
      "multiply": 2,
      "question": "Without Yelling, How Does A Mime Defend His Position In An Argument?"
    }
  ],
  "final_round": [
    {
      "answers": [
        [
          "Cinema ",
          40
        ],
        [
          "Shop / Supermarket ",
          26
        ],
        [
          "Aeroplane ",
          17
        ],
        [
          "Theatre ",
          11
        ],
        [
          "Bus ",
          7
        ]
      ],
      "question": "Besides A Church Name A Place You Might Walk Down An Aisle"
    },
    {
      "answers": [
        [
          "Bones",
          31
        ],
        [
          "Dog Food/Treats",
          24
        ],
        [
          "Their Owner",
          11
        ],
        [
          "Other Dogs",
          11
        ],
        [
          "Going For A Walk",
          7
        ],
        [
          "Toys",
          7
        ]
      ],
      "question": "Name Something Dogs Get More Excited About Than Humans Do."
    },
    {
      "answers": [
        [
          "Party",
          45
        ],
        [
          "Steal",
          29
        ],
        [
          "Use Your Clothes",
          19
        ],
        [
          "Make A Mess",
          12
        ],
        [
          "Smoke",
          8
        ]
      ],
      "question": "Name Something You Hope Your Friend Doesn’t Do Housesitting"
    },
    {
      "answers": [
        [
          "Tax System",
          25
        ],
        [
          "Budget Deficit",
          21
        ],
        [
          "Health Care",
          17
        ],
        [
          "Schools",
          14
        ],
        [
          "War",
          9
        ],
        [
          "Welfare",
          7
        ],
        [
          "Roads",
          4
        ]
      ],
      "question": "Name Something Politicians Always Say They’ll Improve"
    }
  ],
  "final_round_timers": [
    20,
    25
  ]
}