{
  "rounds": [
    {
      "answers": [
        {
          "ans": "Scared",
          "pnt": 46
        },
        {
          "ans": "Sick",
          "pnt": 24
        },
        {
          "ans": "Too Old/Young",
          "pnt": 23
        },
        {
          "ans": "No Costume",
          "pnt": 3
        },
        {
          "ans": "Bad Weather",
          "pnt": 3
        }
      ],
      "multiply": 1,
      "question": "Name A Reason Why A Kid Might Not Trick-Or-Treat"
    },
    {
      "answers": [
        {
          "ans": "Fighting",
          "pnt": 56
        },
        {
          "ans": "Nudity",
          "pnt": 22
        },
        {
          "ans": "Security",
          "pnt": 6
        },
        {
          "ans": "Jerry Springer",
          "pnt": 4
        },
        {
          "ans": "Chairs Thrown",
          "pnt": 3
        }
      ],
      "multiply": 1,
      "question": "Name Something You Would See On Jerry Springer, But Not On Oprah"
    },
    {
      "answers": [
        {
          "ans": "Dishes",
          "pnt": 47
        },
        {
          "ans": "Laundry",
          "pnt": 31
        },
        {
          "ans": "Cooking",
          "pnt": 20
        },
        {
          "ans": "Take Out Trash",
          "pnt": 13
        }
      ],
      "multiply": 1,
      "question": "Job Around The House Couple Might Take Turns Doing"
    },
    {
      "answers": [
        {
          "ans": "Bank",
          "pnt": 27
        },
        {
          "ans": "Restaurant",
          "pnt": 24
        },
        {
          "ans": "Bar",
          "pnt": 24
        },
        {
          "ans": "Supermarket",
          "pnt": 13
        },
        {
          "ans": "Post Office",
          "pnt": 9
        }
      ],
      "multiply": 2,
      "question": "Name A Business That You Wish Stayed Open Later."
    },
    {
      "answers": [
        {
          "ans": "Characters",
          "pnt": 40
        },
        {
          "ans": "More Action",
          "pnt": 27
        },
        {
          "ans": "Light Sabers",
          "pnt": 13
        },
        {
          "ans": "Prefer Movies",
          "pnt": 11
        },
        {
          "ans": "Special Effects",
          "pnt": 7
        }
      ],
      "multiply": 2,
      "question": "Why Would Someone Like Star Wars, But Not Star Trek?"
    },
    {
      "answers": [
        {
          "ans": "Halloween",
          "pnt": 45
        },
        {
          "ans": "Easter",
          "pnt": 24
        },
        {
          "ans": "Christmas",
          "pnt": 13
        },
        {
          "ans": "Valentine’s Day",
          "pnt": 6
        }
      ],
      "multiply": 2,
      "question": "Name A Holiday That’s Associated With Candy."
    }
  ],
  "final_round": [
    {
      "answers": [
        [
          "Eggs",
          48
        ],
        [
          "Toast",
          16
        ],
        [
          "Pasta",
          12
        ],
        [
          "Soup",
          8
        ],
        [
          "Mac & Cheese",
          5
        ],
        [
          "Hot Dogs",
          4
        ],
        [
          "Pizza",
          3
        ]
      ],
      "question": "Name Something That Almost Anyone Can Cook."
    },
    {
      "answers": [
        [
          "Age",
          42
        ],
        [
          "Being Single",
          20
        ],
        [
          "Income",
          19
        ],
        [
          "Success With Women",
          6
        ],
        [
          "Job Title",
          5
        ],
        [
          "Weight",
          5
        ]
      ],
      "question": "Name Something Men Probably Lie About Most"
    },
    {
      "answers": [
        [
          "Skis",
          55
        ],
        [
          "Coat",
          21
        ],
        [
          "Gloves",
          13
        ],
        [
          "Boots",
          5
        ],
        [
          "Hat",
          4
        ]
      ],
      "question": "Name Something You’d Hate To Forget On A Ski Trip."
    },
    {
      "answers": [
        [
          "Flag ",
          58
        ],
        [
          "Scarf ",
          38
        ],
        [
          "Hand ",
          25
        ],
        [
          "Hat ",
          16
        ],
        [
          "Pie ",
          11
        ]
      ],
      "question": "Name Something You Might Wave At A Football Match"
    }
  ],
  "final_round_timers": [
    20,
    25
  ]
}