{
  "rounds": [
    {
      "answers": [
        {
          "ans": "Breathe",
          "pnt": 25
        },
        {
          "ans": "Smoke",
          "pnt": 24
        },
        {
          "ans": "Walk",
          "pnt": 18
        },
        {
          "ans": "Count To 10",
          "pnt": 15
        },
        {
          "ans": "Eat Something",
          "pnt": 7
        },
        {
          "ans": "Meditate",
          "pnt": 4
        },
        {
          "ans": "Listen To Music",
          "pnt": 4
        }
      ],
      "multiply": 1,
      "question": "Name Something You Do To Calm Yourself After Becoming Very Angry."
    },
    {
      "answers": [
        {
          "ans": "Dates",
          "pnt": 33
        },
        {
          "ans": "Sports",
          "pnt": 31
        },
        {
          "ans": "Money",
          "pnt": 13
        },
        {
          "ans": "Jobs",
          "pnt": 10
        },
        {
          "ans": "Games",
          "pnt": 4
        }
      ],
      "multiply": 1,
      "question": "Name Something People Compete Over."
    },
    {
      "answers": [
        {
          "ans": "Crash",
          "pnt": 47
        },
        {
          "ans": "Flat Tire",
          "pnt": 26
        },
        {
          "ans": "Drives Slow",
          "pnt": 14
        },
        {
          "ans": "Ran Out Of Gas",
          "pnt": 10
        }
      ],
      "multiply": 1,
      "question": "What Are Some Reasons That A Racecar Driver Might Lose A Race?"
    },
    {
      "answers": [
        {
          "ans": "Kindergarten",
          "pnt": 56
        },
        {
          "ans": "Dentist",
          "pnt": 13
        },
        {
          "ans": "Pediatrician",
          "pnt": 10
        },
        {
          "ans": "Circus",
          "pnt": 6
        },
        {
          "ans": "To Get A Hair Cut",
          "pnt": 4
        },
        {
          "ans": "Daycare",
          "pnt": 4
        }
      ],
      "multiply": 2,
      "question": "Name Someplace A Child Goes That Might Be Traumatic The First Time"
    },
    {
      "answers": [
        {
          "ans": "Eating",
          "pnt": 34
        },
        {
          "ans": "Showing Affection",
          "pnt": 25
        },
        {
          "ans": "Picking Nose",
          "pnt": 11
        },
        {
          "ans": "Wearing Swimsuit",
          "pnt": 9
        },
        {
          "ans": "Drinking",
          "pnt": 9
        },
        {
          "ans": "Sleeping",
          "pnt": 8
        }
      ],
      "multiply": 2,
      "question": "Which Activity Would A Celeb Least Like To Be Photographed Doing?"
    },
    {
      "answers": [
        {
          "ans": "Seat Covers ",
          "pnt": 53
        },
        {
          "ans": "Satelite Navigator ",
          "pnt": 34
        },
        {
          "ans": "Music System ",
          "pnt": 23
        },
        {
          "ans": "Roof Rack ",
          "pnt": 15
        },
        {
          "ans": "Child's Seat ",
          "pnt": 10
        }
      ],
      "multiply": 2,
      "question": "Name An Accessory You Can Get For Your Car"
    }
  ],
  "final_round": [
    {
      "answers": [
        [
          "Dumbo",
          47
        ],
        [
          "Tinkerbell",
          24
        ],
        [
          "Peter Pan",
          19
        ],
        [
          "Mighty Mouse",
          8
        ]
      ],
      "question": "Name A Cartoon Character That Can Fly"
    },
    {
      "answers": [
        [
          "Shave",
          60
        ],
        [
          "Comb Hair",
          23
        ],
        [
          "Shower",
          11
        ],
        [
          "Brush teeth",
          4
        ]
      ],
      "question": "Name Something A Man Does To Groom Himself"
    },
    {
      "answers": [
        [
          "Funeral",
          48
        ],
        [
          "Church",
          17
        ],
        [
          "Library",
          16
        ],
        [
          "Serious movie",
          5
        ],
        [
          "Hospital",
          5
        ],
        [
          "Court",
          4
        ]
      ],
      "question": "Name a place where it would be rude to laugh."
    },
    {
      "answers": [
        [
          "Black",
          27
        ],
        [
          "Pink",
          23
        ],
        [
          "Purple",
          22
        ],
        [
          "Orange",
          9
        ],
        [
          "Red",
          7
        ],
        [
          "White",
          4
        ],
        [
          "Green",
          2
        ]
      ],
      "question": "Name A Color Most People Wouldn’t Want To Paint Their House"
    }
  ],
  "final_round_timers": [
    20,
    25
  ]
}