{
  "rounds": [
    {
      "answers": [
        {
          "ans": "Makeup",
          "pnt": 52
        },
        {
          "ans": "Lotion",
          "pnt": 29
        },
        {
          "ans": "Cold Cream",
          "pnt": 11
        },
        {
          "ans": "Mask",
          "pnt": 5
        }
      ],
      "multiply": 1,
      "question": "Name Something You Put On Your Face, That You’d Never Dream Of Putting On Your Feet."
    },
    {
      "answers": [
        {
          "ans": "Cotton Candy",
          "pnt": 55
        },
        {
          "ans": "Hot dogs",
          "pnt": 36
        },
        {
          "ans": "Pop Corn",
          "pnt": 23
        },
        {
          "ans": "Peanuts",
          "pnt": 15
        }
      ],
      "multiply": 1,
      "question": "Name a food they serve at the circus"
    },
    {
      "answers": [
        {
          "ans": "Weight",
          "pnt": 35
        },
        {
          "ans": "Affairs",
          "pnt": 25
        },
        {
          "ans": "Dating History",
          "pnt": 12
        },
        {
          "ans": "Spending",
          "pnt": 12
        },
        {
          "ans": "Real Age",
          "pnt": 5
        },
        {
          "ans": "Passwords",
          "pnt": 4
        },
        {
          "ans": "Diary",
          "pnt": 4
        }
      ],
      "multiply": 1,
      "question": "Name Something You Should Always Keep Secret, Even From Your Partner."
    },
    {
      "answers": [
        {
          "ans": "Borrow Money",
          "pnt": 50
        },
        {
          "ans": "Use Car",
          "pnt": 33
        },
        {
          "ans": "Help Moving",
          "pnt": 9
        },
        {
          "ans": "Babysitting",
          "pnt": 6
        }
      ],
      "multiply": 2,
      "question": "Name A Favor You Hate Having To Ask friends For"
    },
    {
      "answers": [
        {
          "ans": "Fire",
          "pnt": 63
        },
        {
          "ans": "Get Robbed",
          "pnt": 14
        },
        {
          "ans": "Break Something",
          "pnt": 14
        },
        {
          "ans": "Tornado",
          "pnt": 5
        }
      ],
      "multiply": 2,
      "question": "Name Something You’d Hate To Have Happen While House-Sitting"
    },
    {
      "answers": [
        {
          "ans": "Cook/Baker",
          "pnt": 29
        },
        {
          "ans": "Doctor",
          "pnt": 25
        },
        {
          "ans": "Exotic Dancer",
          "pnt": 13
        },
        {
          "ans": "Hair Stylist",
          "pnt": 11
        },
        {
          "ans": "Actor/Model",
          "pnt": 11
        },
        {
          "ans": "Dishwasher",
          "pnt": 8
        }
      ],
      "multiply": 2,
      "question": "Name A Profession Where An Engaged Woman Might Remove Her Extravagant Ring Before Work."
    }
  ],
  "final_round": [
    {
      "answers": [
        [
          "Mugs",
          45
        ],
        [
          "Reading Material",
          32
        ],
        [
          "Gift Cards",
          8
        ],
        [
          "T Shirt",
          3
        ],
        [
          "Coffee Maker",
          3
        ],
        [
          "Music",
          3
        ]
      ],
      "question": "Name Something Besides Food And Drinks That You Can Buy At Starbucks."
    },
    {
      "answers": [
        [
          "Haircut ",
          50
        ],
        [
          "Nails ",
          33
        ],
        [
          "Facial ",
          21
        ],
        [
          "Brazillian Wax ",
          14
        ],
        [
          "Botox ",
          9
        ],
        [
          "Massage ",
          6
        ]
      ],
      "question": "Name A Type Of Popular Beauty Treatment"
    },
    {
      "answers": [
        [
          "Lots of glasses",
          69
        ],
        [
          "Music",
          17
        ],
        [
          "Pictures",
          5
        ],
        [
          "CDs",
          3
        ]
      ],
      "question": "Name something you might find in a suitcase that would tell you it belongs to Elton John."
    },
    {
      "answers": [
        [
          "Keys",
          30
        ],
        [
          "Glasses",
          16
        ],
        [
          "Gloves",
          15
        ],
        [
          "Umbrella",
          10
        ],
        [
          "Jacket",
          7
        ],
        [
          "Wallet",
          6
        ],
        [
          "Phone",
          5
        ]
      ],
      "question": "Which Items Are Most Commonly Found In A Restaurant’s Lost-And-Found Box?"
    }
  ],
  "final_round_timers": [
    20,
    25
  ]
}