{
  "rounds": [
    {
      "answers": [
        {
          "ans": "Swimming",
          "pnt": 40
        },
        {
          "ans": "Dance",
          "pnt": 34
        },
        {
          "ans": "Art",
          "pnt": 10
        },
        {
          "ans": "Gymnastics",
          "pnt": 8
        },
        {
          "ans": "Music",
          "pnt": 3
        }
      ],
      "multiply": 1,
      "question": "Name A Class that Parents Enroll Their Kids In Before They Turn 3 Years Old."
    },
    {
      "answers": [
        {
          "ans": "Toilet Paper",
          "pnt": 58
        },
        {
          "ans": "Milk",
          "pnt": 38
        },
        {
          "ans": "Tissue",
          "pnt": 25
        },
        {
          "ans": "Toothpaste",
          "pnt": 16
        },
        {
          "ans": "Soap",
          "pnt": 11
        }
      ],
      "multiply": 1,
      "question": "Name Something Around The House That Your Family Members Use The Last Off, And Don’t Replace"
    },
    {
      "answers": [
        {
          "ans": "Tiara",
          "pnt": 63
        },
        {
          "ans": "Dress",
          "pnt": 17
        },
        {
          "ans": "Magic Wand",
          "pnt": 5
        },
        {
          "ans": "Makeup",
          "pnt": 4
        },
        {
          "ans": "Jewelry",
          "pnt": 3
        },
        {
          "ans": "Charm",
          "pnt": 2
        }
      ],
      "multiply": 1,
      "question": "Name Something A Little Girl Needs To Look Like A Princess."
    },
    {
      "answers": [
        {
          "ans": "Red",
          "pnt": 49
        },
        {
          "ans": "Black",
          "pnt": 28
        },
        {
          "ans": "White",
          "pnt": 11
        },
        {
          "ans": "Silver",
          "pnt": 6
        },
        {
          "ans": "Blue",
          "pnt": 3
        },
        {
          "ans": "Green",
          "pnt": 3
        }
      ],
      "multiply": 2,
      "question": "Which Color Of Car Do You Think Gets Pulled Over Most Often"
    },
    {
      "answers": [
        {
          "ans": "construction",
          "pnt": 43
        },
        {
          "ans": "Sports",
          "pnt": 31
        },
        {
          "ans": "Teacher",
          "pnt": 8
        },
        {
          "ans": "Police",
          "pnt": 6
        },
        {
          "ans": "Stock Broker",
          "pnt": 5
        },
        {
          "ans": "Auctioneer",
          "pnt": 4
        }
      ],
      "multiply": 2,
      "question": "Name A Job Where It Would Be Okay To Yell At Work"
    },
    {
      "answers": [
        {
          "ans": "Kitchen",
          "pnt": 48
        },
        {
          "ans": "Basement",
          "pnt": 25
        },
        {
          "ans": "Garage",
          "pnt": 11
        },
        {
          "ans": "Dining Room",
          "pnt": 7
        },
        {
          "ans": "Bedroom",
          "pnt": 5
        },
        {
          "ans": "bathroom",
          "pnt": 4
        }
      ],
      "multiply": 2,
      "question": "Name A Part Of The House Where You’re Most Likely To Set A Mousetrap."
    }
  ],
  "final_round": [
    {
      "answers": [
        [
          "Elf",
          45
        ],
        [
          "Jack Frost",
          31
        ],
        [
          "Rudolph",
          14
        ],
        [
          "Mrs. Claus",
          8
        ]
      ],
      "question": "Which North Pole Resident Is Most Likely To Become Jealous Of Santa’s Power?"
    },
    {
      "answers": [
        [
          "Close Eyes",
          50
        ],
        [
          "Hold Breath",
          33
        ],
        [
          "Look Away",
          21
        ],
        [
          "Cringe",
          14
        ]
      ],
      "question": "Tell Me Something People Do To Brace Themselves While Getting A Shot"
    },
    {
      "answers": [
        [
          "Read",
          50
        ],
        [
          "Write",
          33
        ],
        [
          "Tv",
          21
        ],
        [
          "Puzzle",
          14
        ],
        [
          "Play Cards",
          9
        ]
      ],
      "question": "Name An Activity You Turn The Lamp On For"
    },
    {
      "answers": [
        [
          "Legs",
          41
        ],
        [
          "Arms",
          31
        ],
        [
          "Back",
          17
        ],
        [
          "Stomach",
          5
        ],
        [
          "Butt",
          4
        ]
      ],
      "question": "Name A Part Of The Body That’s Often Sore After Exercise."
    }
  ],
  "final_round_timers": [
    20,
    25
  ]
}