{
  "rounds": [
    {
      "answers": [
        {
          "ans": 35,
          "pnt": 27
        },
        {
          "ans": 25,
          "pnt": 24
        },
        {
          "ans": 21,
          "pnt": 21
        },
        {
          "ans": 18,
          "pnt": 16
        },
        {
          "ans": "Never",
          "pnt": 10
        }
      ],
      "multiply": 1,
      "question": "Name The Age At Which People Stop Borrowing Money From Their Parents"
    },
    {
      "answers": [
        {
          "ans": "Put Toilet Paper On It",
          "pnt": 44
        },
        {
          "ans": "Curse",
          "pnt": 19
        },
        {
          "ans": "Put Bandaid On It",
          "pnt": 12
        },
        {
          "ans": "Says Ouch",
          "pnt": 11
        },
        {
          "ans": "Let It Bleed",
          "pnt": 7
        },
        {
          "ans": "Put Alcohol On It",
          "pnt": 5
        }
      ],
      "multiply": 1,
      "question": "Name Something A Man Might Do If He Nicks Himself While Shaving."
    },
    {
      "answers": [
        {
          "ans": "Get Dressed",
          "pnt": 34
        },
        {
          "ans": "Walk Red Carpet",
          "pnt": 25
        },
        {
          "ans": "Hair/Makeup",
          "pnt": 15
        },
        {
          "ans": "Interview",
          "pnt": 11
        },
        {
          "ans": "Take Pictures",
          "pnt": 7
        },
        {
          "ans": "Reherse",
          "pnt": 3
        }
      ],
      "multiply": 1,
      "question": "Name Something A Celeb Has To Do Before An Awards Ceremony Starts"
    },
    {
      "answers": [
        {
          "ans": 12,
          "pnt": 36
        },
        {
          "ans": 13,
          "pnt": 19
        },
        {
          "ans": 10,
          "pnt": 16
        },
        {
          "ans": 9,
          "pnt": 8
        },
        {
          "ans": 11,
          "pnt": 8
        },
        {
          "ans": 8,
          "pnt": 6
        },
        {
          "ans": 14,
          "pnt": 5
        }
      ],
      "multiply": 2,
      "question": "Name The Age Girls Stop Playing With Dolls. (Numeric Only)"
    },
    {
      "answers": [
        {
          "ans": "Tea ",
          "pnt": 56
        },
        {
          "ans": "Coffee ",
          "pnt": 36
        },
        {
          "ans": "Soup ",
          "pnt": 24
        },
        {
          "ans": "Drink ",
          "pnt": 16
        },
        {
          "ans": "Water ",
          "pnt": 10
        }
      ],
      "multiply": 2,
      "question": "Name Something That Can Be Served In A Cup"
    },
    {
      "answers": [
        {
          "ans": "Rocks",
          "pnt": 32
        },
        {
          "ans": "Wet Floor",
          "pnt": 26
        },
        {
          "ans": "Hot Coffee",
          "pnt": 18
        },
        {
          "ans": "Cracks/Bumps",
          "pnt": 13
        },
        {
          "ans": "Condiments/Dressing",
          "pnt": 7
        }
      ],
      "multiply": 2,
      "question": "Name Something That A Waitress On Roller Skates Would Say Is Her Mortal Enemy. (More Specific Than Food/Drinks)"
    }
  ],
  "final_round": [
    {
      "answers": [
        [
          "Golf Clubs",
          58
        ],
        [
          "Golf Balls",
          21
        ],
        [
          "Hat",
          5
        ],
        [
          "Golf Bag",
          4
        ],
        [
          "Golf Cart",
          3
        ],
        [
          "Golf Shirt",
          3
        ]
      ],
      "question": "Name Something You Might Buy For A Golfer."
    },
    {
      "answers": [
        [
          "Money",
          63
        ],
        [
          "Pen",
          12
        ],
        [
          "Gum",
          8
        ],
        [
          "Phone",
          5
        ],
        [
          "Keys",
          4
        ],
        [
          "Lipstick",
          3
        ],
        [
          "Tissues",
          3
        ]
      ],
      "question": "What’s The Worst Thing To Leave In Your Pants Pocket When They Go Through The Wash"
    },
    {
      "answers": [
        [
          "Stephen King",
          55
        ],
        [
          "Edgar Allan Poe",
          20
        ],
        [
          "HP Lovecraft",
          8
        ],
        [
          "R.L.Stine",
          6
        ],
        [
          "Anne Rice",
          5
        ],
        [
          "Dean Koontz",
          4
        ],
        [
          "Poppy Z Brite",
          2
        ]
      ],
      "question": "Name The Author Living Or Dead Who Writes The Scariest Stories."
    },
    {
      "answers": [
        [
          "Janitor",
          55
        ],
        [
          "Clown",
          13
        ],
        [
          "Lion Tamer",
          12
        ],
        [
          "Human Cannon Ball",
          6
        ],
        [
          "Tight Rope Walker",
          4
        ],
        [
          "Elephant Trainer",
          3
        ]
      ],
      "question": "Name The Job You Wouldn’t Want To Have If You Worked At The Circus"
    }
  ],
  "final_round_timers": [
    20,
    25
  ]
}