{
  "rounds": [
    {
      "answers": [
        {
          "ans": "Crystal Ball ",
          "pnt": 46
        },
        {
          "ans": "Cards ",
          "pnt": 30
        },
        {
          "ans": "Future / Fortune ",
          "pnt": 20
        },
        {
          "ans": "Gypsy ",
          "pnt": 13
        },
        {
          "ans": "Palm Reading ",
          "pnt": 8
        },
        {
          "ans": "Bullshit ",
          "pnt": 5
        }
      ],
      "multiply": 1,
      "question": "Name Something You Associate With A Fortune Teller"
    },
    {
      "answers": [
        {
          "ans": "Politician",
          "pnt": 30
        },
        {
          "ans": "Model",
          "pnt": 25
        },
        {
          "ans": "Newscaster",
          "pnt": 20
        },
        {
          "ans": "Actor",
          "pnt": 15
        },
        {
          "ans": "Hairdresser",
          "pnt": 4
        }
      ],
      "multiply": 1,
      "question": "What Line Of Work Should You Get Into If Your Hairstyle Is Stiff And Plastered With Hairspray?"
    },
    {
      "answers": [
        {
          "ans": "Running",
          "pnt": 29
        },
        {
          "ans": "Walking",
          "pnt": 27
        },
        {
          "ans": "Dancing",
          "pnt": 25
        },
        {
          "ans": "Sports",
          "pnt": 10
        },
        {
          "ans": "Exercise",
          "pnt": 5
        },
        {
          "ans": "Shopping",
          "pnt": 3
        }
      ],
      "multiply": 1,
      "question": "Name An Activity That You Wear Comfortable Shoes For."
    },
    {
      "answers": [
        {
          "ans": "Keys",
          "pnt": 56
        },
        {
          "ans": "Money",
          "pnt": 36
        },
        {
          "ans": "Phone",
          "pnt": 24
        },
        {
          "ans": "Clothes",
          "pnt": 16
        },
        {
          "ans": "Id",
          "pnt": 10
        }
      ],
      "multiply": 2,
      "question": "Name Something People Should Never Leave House Without"
    },
    {
      "answers": [
        {
          "ans": "Age",
          "pnt": 42
        },
        {
          "ans": "Race",
          "pnt": 27
        },
        {
          "ans": "Religion",
          "pnt": 18
        },
        {
          "ans": "Sexual Orientation",
          "pnt": 12
        },
        {
          "ans": "Have Kids",
          "pnt": 7
        },
        {
          "ans": "Weight",
          "pnt": 5
        },
        {
          "ans": "Marital Status",
          "pnt": 3
        }
      ],
      "multiply": 2,
      "question": "Name Something That An Employer Not Allowed To Ask Interview"
    },
    {
      "answers": [
        {
          "ans": "People Or Passengers ",
          "pnt": 40
        },
        {
          "ans": "Conductor ",
          "pnt": 26
        },
        {
          "ans": "Seats ",
          "pnt": 17
        },
        {
          "ans": "Guard ",
          "pnt": 11
        },
        {
          "ans": "Driver ",
          "pnt": 7
        }
      ],
      "multiply": 2,
      "question": "Name Something You Might See On A Train"
    }
  ],
  "final_round": [
    {
      "answers": [
        [
          "Doctor",
          33
        ],
        [
          "Truck Driver",
          17
        ],
        [
          "Nurse",
          12
        ],
        [
          "Taxi Driver",
          12
        ],
        [
          "Bus Driver",
          9
        ],
        [
          "Electrician",
          7
        ],
        [
          "Teacher",
          5
        ]
      ],
      "question": "Name A Job That You’d Need A License To Do"
    },
    {
      "answers": [
        [
          "United States",
          73
        ],
        [
          "Russia",
          15
        ],
        [
          "China",
          5
        ],
        [
          "England",
          4
        ],
        [
          "Germany",
          3
        ]
      ],
      "question": "Name A Country That Usually Does Well In The Olympics."
    },
    {
      "answers": [
        [
          "Money",
          42
        ],
        [
          "Underwear",
          38
        ],
        [
          "Toothbrush",
          8
        ],
        [
          "Mate",
          5
        ],
        [
          "Car",
          4
        ]
      ],
      "question": "Tell Me Something You Would Never Borrow From Your Close Friend."
    },
    {
      "answers": [
        [
          "Hair",
          28
        ],
        [
          "Weeds",
          25
        ],
        [
          "Cactus",
          19
        ],
        [
          "People",
          17
        ],
        [
          "Nails",
          3
        ]
      ],
      "question": "Name Something That Grows Without Being Watered."
    }
  ],
  "final_round_timers": [
    20,
    25
  ]
}