{
  "rounds": [
    {
      "answers": [
        {
          "ans": "Pursue A Career",
          "pnt": 36
        },
        {
          "ans": "Get Married",
          "pnt": 28
        },
        {
          "ans": "Have Kids",
          "pnt": 12
        },
        {
          "ans": "Buy A House",
          "pnt": 9
        },
        {
          "ans": "Finish College",
          "pnt": 9
        }
      ],
      "multiply": 1,
      "question": "What Do Most People Hope To Accomplish By The Time They Are 30?"
    },
    {
      "answers": [
        {
          "ans": "Museum/Gallery",
          "pnt": 68
        },
        {
          "ans": "Zoo",
          "pnt": 20
        },
        {
          "ans": "Gentleman’s Club",
          "pnt": 5
        },
        {
          "ans": "China Shop",
          "pnt": 5
        }
      ],
      "multiply": 1,
      "question": "Name A Place You Visit Where You Aren’t Allowed To Touch Anything."
    },
    {
      "answers": [
        {
          "ans": "VIOLIN",
          "pnt": 47
        },
        {
          "ans": "FLUTE",
          "pnt": 12
        },
        {
          "ans": "TRUMPET",
          "pnt": 9
        },
        {
          "ans": "TROMBONE",
          "pnt": 6
        },
        {
          "ans": "TUBA",
          "pnt": 6
        },
        {
          "ans": "CELLO",
          "pnt": 4
        },
        {
          "ans": "SAXOPHONE",
          "pnt": 4
        }
      ],
      "multiply": 1,
      "question": "Name An Instrument In An Orchestra"
    },
    {
      "answers": [
        {
          "ans": "Dye it",
          "pnt": 31
        },
        {
          "ans": "Curl it",
          "pnt": 27
        },
        {
          "ans": "Wash it",
          "pnt": 13
        },
        {
          "ans": "Cut it",
          "pnt": 10
        },
        {
          "ans": "Brush it",
          "pnt": 9
        },
        {
          "ans": "Braid it",
          "pnt": 4
        }
      ],
      "multiply": 2,
      "question": "Name something women do to their hair."
    },
    {
      "answers": [
        {
          "ans": "Food",
          "pnt": 38
        },
        {
          "ans": "Admissions",
          "pnt": 28
        },
        {
          "ans": "Souvenirs",
          "pnt": 6
        },
        {
          "ans": "Toys",
          "pnt": 5
        },
        {
          "ans": "Parking",
          "pnt": 2
        }
      ],
      "multiply": 2,
      "question": "Name Something You’d Expect To Pay For At Disneyland"
    },
    {
      "answers": [
        {
          "ans": "Lifeguard",
          "pnt": 31
        },
        {
          "ans": "Gardening",
          "pnt": 26
        },
        {
          "ans": "Theme Park Employees",
          "pnt": 15
        },
        {
          "ans": "Ice Cream Vendor",
          "pnt": 9
        },
        {
          "ans": "Construction",
          "pnt": 7
        },
        {
          "ans": "Painter",
          "pnt": 5
        }
      ],
      "multiply": 2,
      "question": "Name A Job Which Is Busiest In The Summer Time"
    }
  ],
  "final_round": [
    {
      "answers": [
        [
          "Hat ",
          51
        ],
        [
          "Horse ",
          33
        ],
        [
          "Gun ",
          22
        ],
        [
          "Boots ",
          14
        ],
        [
          "Spurs ",
          9
        ]
      ],
      "question": "Name Something Every Cowboy Has"
    },
    {
      "answers": [
        [
          "PHYSICAL AFFECTION",
          45
        ],
        [
          "EATING WELL",
          29
        ],
        [
          "DRINKING",
          19
        ],
        [
          "VISITING FAMILY",
          12
        ],
        [
          "GETTING A JOB",
          8
        ]
      ],
      "question": "Name Something A Prisoner Might Daydream About Doing Once He Is Free"
    },
    {
      "answers": [
        [
          "Marriage License",
          40
        ],
        [
          "Employment Contract",
          26
        ],
        [
          "Mortgage Loan",
          17
        ],
        [
          "Divorce",
          11
        ],
        [
          "Will",
          7
        ]
      ],
      "question": "Name A Piece Of Paper You Were Nervous To Sign"
    },
    {
      "answers": [
        [
          "Tomatoes ",
          49
        ],
        [
          "Meat ",
          32
        ],
        [
          "Garlic ",
          21
        ],
        [
          "Peppers ",
          14
        ],
        [
          "Oregano ",
          9
        ],
        [
          "Mushrooms ",
          6
        ]
      ],
      "question": "Name Something In Spaghetti Sauce"
    }
  ],
  "final_round_timers": [
    20,
    25
  ]
}