{
  "rounds": [
    {
      "answers": [
        {
          "ans": "Bucket ",
          "pnt": 50
        },
        {
          "ans": "Spade ",
          "pnt": 33
        },
        {
          "ans": "Sandwiches ",
          "pnt": 21
        },
        {
          "ans": "Fishing Rod ",
          "pnt": 14
        }
      ],
      "multiply": 1,
      "question": "Name Something A Child Might Take To The Beach"
    },
    {
      "answers": [
        {
          "ans": "Turn Away",
          "pnt": 43
        },
        {
          "ans": "Not Kiss",
          "pnt": 28
        },
        {
          "ans": "Breath Mint",
          "pnt": 18
        },
        {
          "ans": "Cover Nose",
          "pnt": 12
        }
      ],
      "multiply": 1,
      "question": "What Might Date Do To Make You Think You Have Bad Breath"
    },
    {
      "answers": [
        {
          "ans": "Top Hat",
          "pnt": 45
        },
        {
          "ans": "Cowboy Hat",
          "pnt": 28
        },
        {
          "ans": "Fedora",
          "pnt": 6
        },
        {
          "ans": "Straw Hat",
          "pnt": 5
        },
        {
          "ans": "Beret",
          "pnt": 5
        }
      ],
      "multiply": 1,
      "question": "Name A Type Of Hat That You Don’t See Many People Wear In Real Life"
    },
    {
      "answers": [
        {
          "ans": "Doesn’t Leave On Porch",
          "pnt": 58
        },
        {
          "ans": "Skips Them",
          "pnt": 38
        },
        {
          "ans": "Wet Paper",
          "pnt": 25
        },
        {
          "ans": "Late",
          "pnt": 16
        },
        {
          "ans": "Breaks Window",
          "pnt": 11
        }
      ],
      "multiply": 2,
      "question": "Complaint Someone Might Have About Paper Boy"
    },
    {
      "answers": [
        {
          "ans": "Death",
          "pnt": 41
        },
        {
          "ans": "Get Old",
          "pnt": 33
        },
        {
          "ans": "Traffic Problems",
          "pnt": 11
        },
        {
          "ans": "Weight Loss",
          "pnt": 5
        },
        {
          "ans": "Taxation",
          "pnt": 3
        }
      ],
      "multiply": 2,
      "question": "Name Something That Happens To Most People, But Not To Santa Claus."
    },
    {
      "answers": [
        {
          "ans": "Wheat",
          "pnt": 33
        },
        {
          "ans": "Rye",
          "pnt": 22
        },
        {
          "ans": "Sourdough",
          "pnt": 14
        },
        {
          "ans": "French Roll",
          "pnt": 9
        },
        {
          "ans": "White Bread",
          "pnt": 8
        },
        {
          "ans": "Onion Roll",
          "pnt": 3
        },
        {
          "ans": "Pumpernickel",
          "pnt": 3
        }
      ],
      "multiply": 2,
      "question": "Name A Type Of Bread People Order Sandwiches On At A Deli"
    }
  ],
  "final_round": [
    {
      "answers": [
        [
          "Surgical",
          55
        ],
        [
          "Boxing",
          36
        ],
        [
          "Baseball",
          23
        ],
        [
          "Gardening",
          15
        ]
      ],
      "question": "Name A Type Of Glove That Is Not Used For Warmth"
    },
    {
      "answers": [
        [
          "Slow Traffic",
          51
        ],
        [
          "Wasn’t Feeling Well",
          19
        ],
        [
          "Alarm Didn’t Go Off",
          15
        ],
        [
          "Car Trouble",
          14
        ]
      ],
      "question": "Name An Excuse That Bosses Are Probably Tired Of Hearing From Late Employees."
    },
    {
      "answers": [
        [
          "Dragon",
          42
        ],
        [
          "Ogre",
          24
        ],
        [
          "Witch",
          13
        ],
        [
          "Monster",
          8
        ],
        [
          "Beast",
          5
        ],
        [
          "Troll",
          3
        ]
      ],
      "question": "Name Something Men In Fairy Tales Fight Against, That Real Men Don’t"
    },
    {
      "answers": [
        [
          "Finances",
          44
        ],
        [
          "Having Kids",
          31
        ],
        [
          "Showing Affection",
          8
        ],
        [
          "religion",
          6
        ],
        [
          "Fidelity",
          5
        ],
        [
          "Parenting",
          4
        ]
      ],
      "question": "Name Something That Might Break A Couple Up If They Disagreed About It"
    }
  ],
  "final_round_timers": [
    20,
    25
  ]
}