{
  "rounds": [
    {
      "answers": [
        {
          "ans": "Balls",
          "pnt": 38
        },
        {
          "ans": "Bowling Pins",
          "pnt": 23
        },
        {
          "ans": "Fruit",
          "pnt": 16
        },
        {
          "ans": "Job and Home/Duties",
          "pnt": 8
        },
        {
          "ans": "Multiple Dates",
          "pnt": 4
        }
      ],
      "multiply": 1,
      "question": "Name Something People Juggle"
    },
    {
      "answers": [
        {
          "ans": "Milk",
          "pnt": 41
        },
        {
          "ans": "Cigarettes",
          "pnt": 22
        },
        {
          "ans": "Painkiller",
          "pnt": 14
        },
        {
          "ans": "Feminine Products",
          "pnt": 13
        },
        {
          "ans": "Chocolate",
          "pnt": 6
        }
      ],
      "multiply": 1,
      "question": "Name Something That You Would Be Willing To Pay Twice As Much For At A Convenience Store Because You Need It Quickly."
    },
    {
      "answers": [
        {
          "ans": "T Bone",
          "pnt": 54
        },
        {
          "ans": "Bad To The",
          "pnt": 35
        },
        {
          "ans": "Dog",
          "pnt": 23
        },
        {
          "ans": "Back",
          "pnt": 15
        },
        {
          "ans": "Wish",
          "pnt": 10
        },
        {
          "ans": "Funny",
          "pnt": 6
        },
        {
          "ans": "Chicken",
          "pnt": 4
        }
      ],
      "multiply": 1,
      "question": "Name A Word Or Phrase Ends In Bone"
    },
    {
      "answers": [
        {
          "ans": "Duck",
          "pnt": 68
        },
        {
          "ans": "Penguin",
          "pnt": 16
        },
        {
          "ans": "Pregnant Woman",
          "pnt": 4
        },
        {
          "ans": "Toddler",
          "pnt": 4
        }
      ],
      "multiply": 2,
      "question": "Tell Me Something That Waddles"
    },
    {
      "answers": [
        {
          "ans": "Fireworks",
          "pnt": 31
        },
        {
          "ans": "Shooting Star",
          "pnt": 19
        },
        {
          "ans": "Rainbow",
          "pnt": 15
        },
        {
          "ans": "Hot Air Balloon",
          "pnt": 7
        },
        {
          "ans": "Airplane",
          "pnt": 7
        },
        {
          "ans": "Blimp",
          "pnt": 6
        },
        {
          "ans": "Dark Clouds",
          "pnt": 6
        }
      ],
      "multiply": 2,
      "question": "Name Something You Might See In The Sky That Would Make You Say “Ooooh!”"
    },
    {
      "answers": [
        {
          "ans": "TV",
          "pnt": 40
        },
        {
          "ans": "Refrigerator",
          "pnt": 27
        },
        {
          "ans": "Clock",
          "pnt": 9
        },
        {
          "ans": "Computer",
          "pnt": 7
        },
        {
          "ans": "Telephone",
          "pnt": 6
        },
        {
          "ans": "Stereo",
          "pnt": 5
        }
      ],
      "multiply": 2,
      "question": "Besides Lights, Name Something In Your House That Wouldn’t Work If The Electricity Went Out."
    }
  ],
  "final_round": [
    {
      "answers": [
        [
          "Cleaning",
          38
        ],
        [
          "Driving",
          29
        ],
        [
          "Cooking",
          19
        ],
        [
          "Worrying",
          9
        ],
        [
          "Saving",
          3
        ]
      ],
      "question": "Other Than Working, Name Something You Could Stop Doing If You Became A Millionaire."
    },
    {
      "answers": [
        [
          "AT&T",
          54
        ],
        [
          "Sprint",
          26
        ],
        [
          "MCI",
          13
        ],
        [
          "Vonage",
          7
        ]
      ],
      "question": "Name A Phone Company That Offers Low Long Distance Rates"
    },
    {
      "answers": [
        [
          "Church",
          44
        ],
        [
          "School",
          19
        ],
        [
          "Movie Theatre",
          12
        ],
        [
          "Waiting Room",
          8
        ],
        [
          "Work/Meeting",
          7
        ]
      ],
      "question": "Name A Place Where You Get Antsy From Sitting Too Long."
    },
    {
      "answers": [
        [
          "Pool",
          61
        ],
        [
          "Garden",
          12
        ],
        [
          "Swingset",
          9
        ],
        [
          "Grill",
          6
        ],
        [
          "Fence",
          4
        ],
        [
          "Fountain",
          3
        ]
      ],
      "question": "Name Something You’d Like to Have In Your Backyard"
    }
  ],
  "final_round_timers": [
    20,
    25
  ]
}