{
  "rounds": [
    {
      "answers": [
        {
          "ans": "Perfume",
          "pnt": 34
        },
        {
          "ans": "Insect Repelant",
          "pnt": 26
        },
        {
          "ans": "Hairspray",
          "pnt": 19
        },
        {
          "ans": "Sunscreen/Tan",
          "pnt": 15
        },
        {
          "ans": "Deoderant",
          "pnt": 4
        }
      ],
      "multiply": 1,
      "question": "Name Something You Spray On Yourself That Would Sting If It Got In Your Eyes."
    },
    {
      "answers": [
        {
          "ans": "Semi Truck",
          "pnt": 40
        },
        {
          "ans": "Motorcycle",
          "pnt": 36
        },
        {
          "ans": "Bus",
          "pnt": 13
        },
        {
          "ans": "Train",
          "pnt": 10
        }
      ],
      "multiply": 1,
      "question": "Name a Type Of Vehicle That’s Noisier Than The Average Car."
    },
    {
      "answers": [
        {
          "ans": "Navy Blue",
          "pnt": 24
        },
        {
          "ans": "Baby Blue",
          "pnt": 22
        },
        {
          "ans": "Sky Blue",
          "pnt": 19
        },
        {
          "ans": "Teal/Turquoise",
          "pnt": 14
        },
        {
          "ans": "Royal",
          "pnt": 6
        },
        {
          "ans": "Sapphire",
          "pnt": 4
        }
      ],
      "multiply": 1,
      "question": "Name A Shade Of Blue (Light And Dark Are Not Answers)"
    },
    {
      "answers": [
        {
          "ans": "Compters",
          "pnt": 39
        },
        {
          "ans": "Magazines",
          "pnt": 20
        },
        {
          "ans": "Librarian",
          "pnt": 11
        },
        {
          "ans": "Chairs",
          "pnt": 6
        },
        {
          "ans": "Desks",
          "pnt": 5
        },
        {
          "ans": "Students",
          "pnt": 5
        },
        {
          "ans": "Videos",
          "pnt": 5
        }
      ],
      "multiply": 2,
      "question": "Besides Books, Name Something You’d Find In Most School Libraries"
    },
    {
      "answers": [
        {
          "ans": "Bowls ",
          "pnt": 55
        },
        {
          "ans": "Darts ",
          "pnt": 36
        },
        {
          "ans": "Snooker ",
          "pnt": 23
        },
        {
          "ans": "Sumo ",
          "pnt": 15
        }
      ],
      "multiply": 2,
      "question": "Name A Sport Where The Athletes Don't Look Very Athletic"
    },
    {
      "answers": [
        {
          "ans": "Eye Spy ",
          "pnt": 59
        },
        {
          "ans": "Cards ",
          "pnt": 38
        },
        {
          "ans": "Sex ",
          "pnt": 25
        },
        {
          "ans": "Hide & Seek ",
          "pnt": 16
        },
        {
          "ans": "Playstation ",
          "pnt": 11
        },
        {
          "ans": "Pillow Fight ",
          "pnt": 7
        }
      ],
      "multiply": 2,
      "question": "Name A Game You Can Play In Bed"
    }
  ],
  "final_round": [
    {
      "answers": [
        [
          "Teacher",
          48
        ],
        [
          "Grade",
          19
        ],
        [
          "Uniform/Dress Code",
          9
        ],
        [
          "Age",
          8
        ],
        [
          "Friends",
          6
        ],
        [
          "Textbooks",
          4
        ]
      ],
      "question": "Name Something That Changes Every Year For A Kid In Elementary School"
    },
    {
      "answers": [
        [
          "Eggs ",
          40
        ],
        [
          "Twigs ",
          26
        ],
        [
          "Birds ",
          17
        ],
        [
          "Leaves ",
          11
        ]
      ],
      "question": "Name Something Found In A Birds Nest"
    },
    {
      "answers": [
        [
          "Sand ",
          46
        ],
        [
          "Water ",
          30
        ],
        [
          "Grass ",
          20
        ],
        [
          "Carpet ",
          13
        ],
        [
          "Mud ",
          8
        ]
      ],
      "question": "Name Something You Like To Feel With Your Toes"
    },
    {
      "answers": [
        [
          "Pear ",
          42
        ],
        [
          "Pineapple ",
          27
        ],
        [
          "Pomegranite ",
          18
        ]
      ],
      "question": "Name A Fruit That Starts With The Letter P"
    }
  ],
  "final_round_timers": [
    20,
    25
  ]
}