{
  "rounds": [
    {
      "answers": [
        {
          "ans": "Play Football",
          "pnt": 17
        },
        {
          "ans": "Dance",
          "pnt": 16
        },
        {
          "ans": "Swim",
          "pnt": 15
        },
        {
          "ans": "Sleep",
          "pnt": 13
        },
        {
          "ans": "Read",
          "pnt": 11
        },
        {
          "ans": "Watch TV/Movie",
          "pnt": 10
        },
        {
          "ans": "Jog",
          "pnt": 9
        }
      ],
      "multiply": 1,
      "question": "Name An Activity That’s More Fun To Do When It’s Raining Outside"
    },
    {
      "answers": [
        {
          "ans": "Strawberry",
          "pnt": 48
        },
        {
          "ans": "Cherry",
          "pnt": 37
        },
        {
          "ans": "Raspberry",
          "pnt": 9
        },
        {
          "ans": "Red Sprinkles",
          "pnt": 3
        }
      ],
      "multiply": 1,
      "question": "Name A Red Colored Frozen Yogurt Topping."
    },
    {
      "answers": [
        {
          "ans": "Scooby Doo ",
          "pnt": 54
        },
        {
          "ans": "Lassie ",
          "pnt": 35
        },
        {
          "ans": "K9 ",
          "pnt": 23
        },
        {
          "ans": "Santa's Little Helper ",
          "pnt": 15
        },
        {
          "ans": "Snoopy ",
          "pnt": 10
        },
        {
          "ans": "Hooch ",
          "pnt": 6
        }
      ],
      "multiply": 1,
      "question": "Name A Famous Fictional Dog"
    },
    {
      "answers": [
        {
          "ans": "Kiss",
          "pnt": 30
        },
        {
          "ans": "Hold Hands",
          "pnt": 27
        },
        {
          "ans": "Intimacy",
          "pnt": 22
        },
        {
          "ans": "Dance",
          "pnt": 9
        },
        {
          "ans": "Go On Dates",
          "pnt": 6
        },
        {
          "ans": "Take Walks",
          "pnt": 4
        }
      ],
      "multiply": 2,
      "question": "Name Something Romantic You Hope To Still Do With Your Partner When You’re 80"
    },
    {
      "answers": [
        {
          "ans": "Magazines",
          "pnt": 58
        },
        {
          "ans": "TV",
          "pnt": 12
        },
        {
          "ans": "Pay Phone",
          "pnt": 10
        },
        {
          "ans": "Chair",
          "pnt": 9
        },
        {
          "ans": "People",
          "pnt": 6
        }
      ],
      "multiply": 2,
      "question": "Name Something You’d Find In A Hospital Waiting Room."
    },
    {
      "answers": [
        {
          "ans": "Turning Green ",
          "pnt": 59
        },
        {
          "ans": "Ears Grow ",
          "pnt": 38
        },
        {
          "ans": "Growing Feelers ",
          "pnt": 25
        },
        {
          "ans": "Eyes Get Bigger ",
          "pnt": 16
        },
        {
          "ans": "Glowing ",
          "pnt": 11
        }
      ],
      "multiply": 2,
      "question": "Name A Reason To Suspect You Are Becoming A Martian"
    }
  ],
  "final_round": [
    {
      "answers": [
        [
          "Job",
          59
        ],
        [
          "Money",
          20
        ],
        [
          "Weight",
          9
        ],
        [
          "How Many Kids",
          4
        ],
        [
          "Marital Status",
          4
        ],
        [
          "Grades",
          3
        ]
      ],
      "question": "What Kinds Of Things Might People Lie About At Their High School Reunions?"
    },
    {
      "answers": [
        [
          "Movies",
          31
        ],
        [
          "Poetry",
          22
        ],
        [
          "Play",
          19
        ],
        [
          "Religious Scripture",
          14
        ],
        [
          "Songs",
          12
        ]
      ],
      "question": "Name something People Try To recite Lines From"
    },
    {
      "answers": [
        [
          "Bird ",
          48
        ],
        [
          "Lion ",
          31
        ],
        [
          "Animals ",
          20
        ],
        [
          "Tiger ",
          13
        ],
        [
          "Monkey ",
          9
        ]
      ],
      "question": "Name Something That Might Be Kept In A Cage"
    },
    {
      "answers": [
        [
          "Hats/Bonnets",
          45
        ],
        [
          "Dresses/Hoop Skirts",
          25
        ],
        [
          "Wigs",
          16
        ],
        [
          "Corsets",
          12
        ]
      ],
      "question": "Name Something People Wore More Of In The 1800s Than They Do Today"
    }
  ],
  "final_round_timers": [
    20,
    25
  ]
}