{
  "rounds": [
    {
      "answers": [
        {
          "ans": "Relationship",
          "pnt": 27
        },
        {
          "ans": "Elevator",
          "pnt": 16
        },
        {
          "ans": "Lies",
          "pnt": 15
        },
        {
          "ans": "Car",
          "pnt": 14
        },
        {
          "ans": "Debt",
          "pnt": 11
        },
        {
          "ans": "Traffic",
          "pnt": 5
        },
        {
          "ans": "Cave",
          "pnt": 4
        }
      ],
      "multiply": 1,
      "question": "Name Something People Get Trapped In"
    },
    {
      "answers": [
        {
          "ans": "Salt And Pepper",
          "pnt": 43
        },
        {
          "ans": "Glass",
          "pnt": 15
        },
        {
          "ans": "Silverware",
          "pnt": 14
        },
        {
          "ans": "Bread",
          "pnt": 9
        },
        {
          "ans": "Napkins",
          "pnt": 8
        },
        {
          "ans": "Butter",
          "pnt": 6
        },
        {
          "ans": "Food",
          "pnt": 5
        }
      ],
      "multiply": 1,
      "question": "Name Something A Person Might Reach For At The Dinner Table"
    },
    {
      "answers": [
        {
          "ans": "Dressing",
          "pnt": 51
        },
        {
          "ans": "Cheese",
          "pnt": 33
        },
        {
          "ans": "Salt/Pepper",
          "pnt": 22
        },
        {
          "ans": "Croutons",
          "pnt": 14
        },
        {
          "ans": "Meat",
          "pnt": 9
        }
      ],
      "multiply": 1,
      "question": "Name Something People Put On Their Salad To Make It Taste Better."
    },
    {
      "answers": [
        {
          "ans": "Beer",
          "pnt": 45
        },
        {
          "ans": "Vodka",
          "pnt": 29
        },
        {
          "ans": "Rum",
          "pnt": 19
        },
        {
          "ans": "Tequila",
          "pnt": 12
        },
        {
          "ans": "Gin",
          "pnt": 8
        },
        {
          "ans": "Whiskey",
          "pnt": 5
        },
        {
          "ans": "Wine",
          "pnt": 3
        }
      ],
      "multiply": 2,
      "question": "Name A Type Of Alcohol You Expect Any Bar To Have"
    },
    {
      "answers": [
        {
          "ans": "Barbie Doll",
          "pnt": 45
        },
        {
          "ans": "Yo Yo",
          "pnt": 15
        },
        {
          "ans": "Baby Doll",
          "pnt": 15
        },
        {
          "ans": "Top",
          "pnt": 11
        },
        {
          "ans": "Hula Hoop",
          "pnt": 9
        }
      ],
      "multiply": 2,
      "question": "Name A Kids Toy Your Parent’s Might Have Played With Thats still Around"
    },
    {
      "answers": [
        {
          "ans": "Weather",
          "pnt": 56
        },
        {
          "ans": "Needs Repairs",
          "pnt": 25
        },
        {
          "ans": "Security Advisory",
          "pnt": 8
        },
        {
          "ans": "Refueling",
          "pnt": 6
        }
      ],
      "multiply": 2,
      "question": "Name A Reason Why A Plane May Be Delayed"
    }
  ],
  "final_round": [
    {
      "answers": [
        [
          "Not Paying Attention",
          33
        ],
        [
          "Busy Talking",
          26
        ],
        [
          "Cell Phone",
          16
        ],
        [
          "Speeding",
          8
        ],
        [
          "Radio is On",
          6
        ],
        [
          "In The Wrong Lane",
          5
        ],
        [
          "Weather",
          4
        ]
      ],
      "question": "Name A Reason Why Someone Might Miss Their Exit While Driving On A Freeway."
    },
    {
      "answers": [
        [
          "Kiss Your Date",
          25
        ],
        [
          "Drugs/Drinking",
          21
        ],
        [
          "Pose Nude",
          18
        ],
        [
          "Get Arrested",
          16
        ],
        [
          "Cheat/Divorce",
          10
        ],
        [
          "Eat Fast Food",
          5
        ]
      ],
      "question": "Name Something You’d Be Nervous To Do As An Actress For Fear That You’d Wind Up On A Tabloid."
    },
    {
      "answers": [
        [
          "Mall",
          31
        ],
        [
          "Zoo",
          22
        ],
        [
          "Bar/Club",
          14
        ],
        [
          "Disney World",
          13
        ],
        [
          "Beach",
          9
        ],
        [
          "Park",
          4
        ]
      ],
      "question": "name A Place You’d Visit More Often If It wasn’t So Crowded There"
    },
    {
      "answers": [
        [
          "Garlic Bread",
          29
        ],
        [
          "Pizza",
          24
        ],
        [
          "Tuna",
          22
        ],
        [
          "Onion Rings",
          13
        ],
        [
          "Eggs",
          6
        ],
        [
          "Chili",
          4
        ]
      ],
      "question": "What Food Do You Want To Avoid Before Kissing Someone?"
    }
  ],
  "final_round_timers": [
    20,
    25
  ]
}