{
  "rounds": [
    {
      "answers": [
        {
          "ans": "Attic",
          "pnt": 41
        },
        {
          "ans": "Closet",
          "pnt": 32
        },
        {
          "ans": "Basement",
          "pnt": 15
        },
        {
          "ans": "Garage",
          "pnt": 6
        },
        {
          "ans": "Under Bed",
          "pnt": 4
        }
      ],
      "multiply": 1,
      "question": "Where In Your House Do You Look For Something That’s Been Packed Away For Winter?"
    },
    {
      "answers": [
        {
          "ans": "Typing",
          "pnt": 63
        },
        {
          "ans": "Excel",
          "pnt": 11
        },
        {
          "ans": "Word Processor",
          "pnt": 8
        },
        {
          "ans": "Surfing The Net",
          "pnt": 6
        },
        {
          "ans": "Programming",
          "pnt": 4
        },
        {
          "ans": "Power Point",
          "pnt": 3
        }
      ],
      "multiply": 1,
      "question": "Name A Computer Program Or Skill That You Wish You Were Better At."
    },
    {
      "answers": [
        {
          "ans": "Volcano",
          "pnt": 42
        },
        {
          "ans": "Dolphin",
          "pnt": 27
        },
        {
          "ans": "Beach",
          "pnt": 18
        },
        {
          "ans": "Palm Tree",
          "pnt": 12
        },
        {
          "ans": "Lei",
          "pnt": 7
        },
        {
          "ans": "Hula Dancer",
          "pnt": 5
        },
        {
          "ans": "Luau",
          "pnt": 3
        }
      ],
      "multiply": 1,
      "question": "Name Something You’D Hope To See One Of On A Trip To Hawaii"
    },
    {
      "answers": [
        {
          "ans": "C",
          "pnt": 39
        },
        {
          "ans": "E",
          "pnt": 26
        },
        {
          "ans": "B",
          "pnt": 18
        },
        {
          "ans": "A",
          "pnt": 15
        }
      ],
      "multiply": 2,
      "question": "Name A Letter Of The Alphabet That Is Also A Vitamin?"
    },
    {
      "answers": [
        {
          "ans": "Coffe Pot/Mugs",
          "pnt": 42
        },
        {
          "ans": "Microwave",
          "pnt": 28
        },
        {
          "ans": "Water Cooler",
          "pnt": 21
        },
        {
          "ans": "Refrigerator",
          "pnt": 7
        }
      ],
      "multiply": 2,
      "question": "Name Something You’d See In An Office’s Kitchen Area."
    },
    {
      "answers": [
        {
          "ans": "Give Them Sweets ",
          "pnt": 40
        },
        {
          "ans": "Buy Them Toys ",
          "pnt": 26
        },
        {
          "ans": "Give Them Money ",
          "pnt": 17
        },
        {
          "ans": "Expensive Trips ",
          "pnt": 11
        }
      ],
      "multiply": 2,
      "question": "Name Something Grandparents Do To Spoil Their Grandchildren"
    }
  ],
  "final_round": [
    {
      "answers": [
        [
          "Pet",
          55
        ],
        [
          "Refrigerator",
          35
        ],
        [
          "Creaky Door/Window",
          7
        ],
        [
          "Another Person",
          4
        ]
      ],
      "question": "Name Something In Your House That You Might Hear In The Middle Of the Night And Mistake For A Burglar."
    },
    {
      "answers": [
        [
          "Food",
          29
        ],
        [
          "Money",
          28
        ],
        [
          "Clothing",
          24
        ],
        [
          "Toys",
          18
        ]
      ],
      "question": "Name Something People Donate To Charity During The Holidays"
    },
    {
      "answers": [
        [
          "Mum ",
          54
        ],
        [
          "Mummy ",
          35
        ],
        [
          "Ma ",
          23
        ],
        [
          "Mama ",
          15
        ],
        [
          "Housewife ",
          10
        ]
      ],
      "question": "Name Another Word for Mother"
    },
    {
      "answers": [
        [
          "Wings ",
          48
        ],
        [
          "Fuel ",
          31
        ],
        [
          "A Pilot ",
          20
        ]
      ],
      "question": "Name Something A Plane Can't Fly Without"
    }
  ],
  "final_round_timers": [
    20,
    25
  ]
}