{
  "rounds": [
    {
      "answers": [
        {
          "ans": "Sick",
          "pnt": 17
        },
        {
          "ans": "Work",
          "pnt": 14
        },
        {
          "ans": "Broke",
          "pnt": 12
        },
        {
          "ans": "Far Away",
          "pnt": 4
        },
        {
          "ans": "Car Problems",
          "pnt": 3
        },
        {
          "ans": "Too Much Homework",
          "pnt": 2
        }
      ],
      "multiply": 1,
      "question": "Name A Reason You May Not Be Able To Get Home For The Holidays"
    },
    {
      "answers": [
        {
          "ans": "Dolly Parton",
          "pnt": 48
        },
        {
          "ans": "Garth Brooks",
          "pnt": 31
        },
        {
          "ans": "Johnny Cash",
          "pnt": 20
        },
        {
          "ans": "Tim Mcgraw",
          "pnt": 13
        },
        {
          "ans": "Willie Nelson",
          "pnt": 9
        },
        {
          "ans": "Hank Williams",
          "pnt": 6
        },
        {
          "ans": "Kenny Rogers",
          "pnt": 3
        }
      ],
      "multiply": 1,
      "question": "Name A Celebrity Whose Records In Country Music Museum"
    },
    {
      "answers": [
        {
          "ans": "Internet",
          "pnt": 35
        },
        {
          "ans": "Cookbook",
          "pnt": 27
        },
        {
          "ans": "TV",
          "pnt": 24
        },
        {
          "ans": "Friends",
          "pnt": 7
        },
        {
          "ans": "Family Recipe",
          "pnt": 4
        }
      ],
      "multiply": 1,
      "question": "Name A Place Where People Get New Recipes"
    },
    {
      "answers": [
        {
          "ans": "Lips",
          "pnt": 38
        },
        {
          "ans": "Heart",
          "pnt": 32
        },
        {
          "ans": "Eyes",
          "pnt": 26
        },
        {
          "ans": "Hair",
          "pnt": 3
        }
      ],
      "multiply": 2,
      "question": "Name A Part Of The Body That Gets Mentioned A Lot In Romantic Songs"
    },
    {
      "answers": [
        {
          "ans": "Price Is Right",
          "pnt": 59
        },
        {
          "ans": "Family Fued",
          "pnt": 14
        },
        {
          "ans": "Wheel Of Fortune",
          "pnt": 14
        },
        {
          "ans": "Jeopardy",
          "pnt": 9
        }
      ],
      "multiply": 2,
      "question": "Tell Me A Game Show That’s Been Around Forever."
    },
    {
      "answers": [
        {
          "ans": "Wedding",
          "pnt": 49
        },
        {
          "ans": "Prom",
          "pnt": 28
        },
        {
          "ans": "Party",
          "pnt": 16
        },
        {
          "ans": "Reunion",
          "pnt": 3
        }
      ],
      "multiply": 2,
      "question": "Name An Event Many People Don’t Like To Attend Without A Date"
    }
  ],
  "final_round": [
    {
      "answers": [
        [
          "Supervision",
          38
        ],
        [
          "Life Jacket",
          20
        ],
        [
          "Swimsuit",
          16
        ],
        [
          "Inner Tube",
          14
        ],
        [
          "Water Wings",
          9
        ],
        [
          "Swimming Cap",
          3
        ]
      ],
      "question": "Name Something A Kid Might Not Be Allowed To Go In A Swimming Pool Without"
    },
    {
      "answers": [
        [
          "Feet ",
          42
        ],
        [
          "Steps / Stairs ",
          27
        ],
        [
          "Rugs ",
          18
        ],
        [
          "Stones ",
          12
        ],
        [
          "Toys ",
          7
        ]
      ],
      "question": "Name Something People Trip Over"
    },
    {
      "answers": [
        [
          "Sandwich ",
          47
        ],
        [
          "Steak ",
          31
        ],
        [
          "Apple ",
          20
        ],
        [
          "Cake ",
          13
        ],
        [
          "Watermelon ",
          8
        ],
        [
          "Pizza ",
          5
        ]
      ],
      "question": "Name Something You Cut In Half Before Eating"
    },
    {
      "answers": [
        [
          "Blueberries",
          48
        ],
        [
          "Strawberries",
          38
        ],
        [
          "Bananas",
          8
        ],
        [
          "Apples",
          5
        ]
      ],
      "question": "Name A Fruit You Often Find on Or In Pancakes"
    }
  ],
  "final_round_timers": [
    20,
    25
  ]
}