{
  "rounds": [
    {
      "answers": [
        {
          "ans": "Sports Event",
          "pnt": 45
        },
        {
          "ans": "Picnic",
          "pnt": 34
        },
        {
          "ans": "Wedding",
          "pnt": 10
        },
        {
          "ans": "Concert",
          "pnt": 7
        },
        {
          "ans": "Barbeque",
          "pnt": 3
        }
      ],
      "multiply": 1,
      "question": "Name An Activity That Could Be Rained Out"
    },
    {
      "answers": [
        {
          "ans": "Guitar",
          "pnt": 39
        },
        {
          "ans": "Puppet",
          "pnt": 19
        },
        {
          "ans": "Violin",
          "pnt": 16
        },
        {
          "ans": "Kite",
          "pnt": 7
        },
        {
          "ans": "Yo Yo",
          "pnt": 6
        },
        {
          "ans": "Balloon",
          "pnt": 4
        },
        {
          "ans": "Cello",
          "pnt": 2
        }
      ],
      "multiply": 1,
      "question": "Name Something That Has Strings On It"
    },
    {
      "answers": [
        {
          "ans": "Chicken Pox",
          "pnt": 43
        },
        {
          "ans": "Cavity/Pulled Tooth",
          "pnt": 30
        },
        {
          "ans": "Braces",
          "pnt": 13
        },
        {
          "ans": "Acne",
          "pnt": 9
        }
      ],
      "multiply": 1,
      "question": "Name Something That Kids Are Bummed To Get, But Is Worse To Get As An Adult."
    },
    {
      "answers": [
        {
          "ans": "Track",
          "pnt": 37
        },
        {
          "ans": "Basketball",
          "pnt": 24
        },
        {
          "ans": "Swimming",
          "pnt": 18
        },
        {
          "ans": "Boxing",
          "pnt": 6
        },
        {
          "ans": "Shotput",
          "pnt": 6
        },
        {
          "ans": "Hockey",
          "pnt": 4
        }
      ],
      "multiply": 2,
      "question": "Which Sport At The Olympics Would The Average Person Off The Street Be Most Competitive At?"
    },
    {
      "answers": [
        {
          "ans": "Photos",
          "pnt": 44
        },
        {
          "ans": "Toys",
          "pnt": 19
        },
        {
          "ans": "Blanket",
          "pnt": 11
        },
        {
          "ans": "Baby Teeth",
          "pnt": 7
        },
        {
          "ans": "Clothes",
          "pnt": 7
        },
        {
          "ans": "Doll",
          "pnt": 6
        }
      ],
      "multiply": 2,
      "question": "Name Something From Childhood That Many People Save."
    },
    {
      "answers": [
        {
          "ans": "Football",
          "pnt": 36
        },
        {
          "ans": "Hockey",
          "pnt": 18
        },
        {
          "ans": "Baseball",
          "pnt": 18
        },
        {
          "ans": "Swimming",
          "pnt": 10
        },
        {
          "ans": "Wrestling",
          "pnt": 5
        },
        {
          "ans": "Boxing",
          "pnt": 5
        }
      ],
      "multiply": 2,
      "question": "Name A Sport In Which Participants Use A Specific Kind Of Headwear"
    }
  ],
  "final_round": [
    {
      "answers": [
        [
          "Maid",
          55
        ],
        [
          "Chef",
          20
        ],
        [
          "Butler",
          10
        ],
        [
          "Nanny",
          7
        ],
        [
          "Driver",
          3
        ]
      ],
      "question": "If Money Isn’t An Object, Who Do People Hire To Help Make Their Lives Easier?"
    },
    {
      "answers": [
        [
          "Freeze",
          31
        ],
        [
          "Put Your Hands Up",
          19
        ],
        [
          "Right/Remain Silent",
          17
        ],
        [
          "Under Arrest",
          14
        ],
        [
          "Drop Your Weapon",
          8
        ],
        [
          "Book em",
          6
        ],
        [
          "Ten Four",
          5
        ]
      ],
      "question": "Name Something You Hear Cops Say In A Police Movie"
    },
    {
      "answers": [
        [
          "Big Belly",
          48
        ],
        [
          "Facial Hair",
          35
        ],
        [
          "Age",
          6
        ],
        [
          "Jolly Face",
          5
        ],
        [
          "White Hair",
          3
        ]
      ],
      "question": "Name A Physical Characteristic A Store Might Look At When Hiring A Santa"
    },
    {
      "answers": [
        [
          "Big Bad wolf",
          38
        ],
        [
          "Wicked Witch",
          23
        ],
        [
          "Grinch",
          13
        ],
        [
          "Scrooge",
          10
        ],
        [
          "The Joker",
          9
        ],
        [
          "Cruella De Vil",
          4
        ]
      ],
      "question": "Tell Me A Fictional Character That Would Have Been On Santa’s “Naughty” List"
    }
  ],
  "final_round_timers": [
    20,
    25
  ]
}