{
  "rounds": [
    {
      "answers": [
        {
          "ans": "Get Flowers",
          "pnt": 44
        },
        {
          "ans": "Make Reservations",
          "pnt": 34
        },
        {
          "ans": "Buy Gift",
          "pnt": 14
        },
        {
          "ans": "Choose The Place",
          "pnt": 6
        }
      ],
      "multiply": 1,
      "question": "What Is The Most Important Thing To Do When Planning A Valentine’s Day Date?"
    },
    {
      "answers": [
        {
          "ans": "Drive",
          "pnt": 42
        },
        {
          "ans": "Kiss/Intimacy",
          "pnt": 27
        },
        {
          "ans": "Swim",
          "pnt": 11
        },
        {
          "ans": "Ride A Bike",
          "pnt": 6
        },
        {
          "ans": "Go To School",
          "pnt": 5
        },
        {
          "ans": "Get On A Plane",
          "pnt": 4
        }
      ],
      "multiply": 1,
      "question": "Name Something You Were Afraid To Do For The First Time."
    },
    {
      "answers": [
        {
          "ans": "Coffee",
          "pnt": 41
        },
        {
          "ans": "Hot Chocolate",
          "pnt": 36
        },
        {
          "ans": "Tea",
          "pnt": 16
        },
        {
          "ans": "Alcohol",
          "pnt": 5
        }
      ],
      "multiply": 1,
      "question": "What’s Something You Drink To Make You Warmer?"
    },
    {
      "answers": [
        {
          "ans": "Sand ",
          "pnt": 57
        },
        {
          "ans": "Moat ",
          "pnt": 37
        },
        {
          "ans": "Knight ",
          "pnt": 24
        },
        {
          "ans": "King ",
          "pnt": 16
        },
        {
          "ans": "Drawbridge ",
          "pnt": 10
        }
      ],
      "multiply": 2,
      "question": "Name Something You Associate With Castles"
    },
    {
      "answers": [
        {
          "ans": "Candy",
          "pnt": 37
        },
        {
          "ans": "Stuffed Animal",
          "pnt": 35
        },
        {
          "ans": "Jewelry",
          "pnt": 15
        },
        {
          "ans": "Flowers",
          "pnt": 11
        }
      ],
      "multiply": 2,
      "question": "Name A Romantic Gift For A Woman That Her 2-Year-Old Might Be Jealous Of."
    },
    {
      "answers": [
        {
          "ans": "Plane ",
          "pnt": 52
        },
        {
          "ans": "Superman ",
          "pnt": 34
        },
        {
          "ans": "Bird ",
          "pnt": 22
        },
        {
          "ans": "Batman ",
          "pnt": 14
        },
        {
          "ans": "Fairy ",
          "pnt": 9
        }
      ],
      "multiply": 2,
      "question": "Name Something That Can Fly That A Child Might Pretend To Be"
    }
  ],
  "final_round": [
    {
      "answers": [
        [
          "Chair/Furniture",
          43
        ],
        [
          "Eye glasses",
          28
        ],
        [
          "Cell phone",
          18
        ],
        [
          "Remote control",
          12
        ]
      ],
      "question": "Name something you’ve broken by sitting on it"
    },
    {
      "answers": [
        [
          "Vacuum Cleaner",
          46
        ],
        [
          "Cosmetics",
          28
        ],
        [
          "Encyclopedia",
          11
        ],
        [
          "Bible",
          5
        ],
        [
          "Knives",
          4
        ]
      ],
      "question": "Name A Product Door-To-Door Salesman Used To Sell"
    },
    {
      "answers": [
        [
          "Lion King",
          43
        ],
        [
          "Finding Nemo",
          29
        ],
        [
          "Bambi",
          12
        ],
        [
          "101 Dalmations",
          8
        ]
      ],
      "question": "Name A Cartoon Movie That Features Animals As The Main Characters."
    },
    {
      "answers": [
        [
          "Whoopie Cushion",
          40
        ],
        [
          "Fake Vomit",
          26
        ],
        [
          "Squirting Flower",
          17
        ],
        [
          "Rubber Chicken",
          11
        ],
        [
          "Can O’ Snakes",
          7
        ],
        [
          "Fake Nose",
          5
        ]
      ],
      "question": "Other Than A Hand-Buzzer, Name Something You’d Be Sure To Buy At A Gag Shop"
    }
  ],
  "final_round_timers": [
    20,
    25
  ]
}