{
  "rounds": [
    {
      "answers": [
        {
          "ans": "Banker",
          "pnt": 24
        },
        {
          "ans": "Police Officer",
          "pnt": 23
        },
        {
          "ans": "Lawyer",
          "pnt": 19
        },
        {
          "ans": "Teacher",
          "pnt": 16
        },
        {
          "ans": "Religious Leader",
          "pnt": 6
        },
        {
          "ans": "Judge",
          "pnt": 6
        }
      ],
      "multiply": 1,
      "question": "Name An Occupation You’d Be Surprised To Find A Criminal Had As Their Day Job"
    },
    {
      "answers": [
        {
          "ans": "Orange",
          "pnt": 38
        },
        {
          "ans": "Watermelon",
          "pnt": 37
        },
        {
          "ans": "Tomato",
          "pnt": 17
        },
        {
          "ans": "Peach",
          "pnt": 5
        }
      ],
      "multiply": 1,
      "question": "Name A fruit That’s Hard To Eat Without Getting Messy"
    },
    {
      "answers": [
        {
          "ans": "Tossing And Turning",
          "pnt": 72
        },
        {
          "ans": "Talking",
          "pnt": 18
        },
        {
          "ans": "Watching TV",
          "pnt": 4
        },
        {
          "ans": "Lights On",
          "pnt": 4
        }
      ],
      "multiply": 1,
      "question": "How Can You Tell That The Person Who Shares Your Room Is Having Trouble Sleeping?"
    },
    {
      "answers": [
        {
          "ans": "Shark",
          "pnt": 42
        },
        {
          "ans": "Sea Snake",
          "pnt": 30
        },
        {
          "ans": "Octopus",
          "pnt": 12
        },
        {
          "ans": "Whale",
          "pnt": 7
        },
        {
          "ans": "Electric Eel",
          "pnt": 2
        },
        {
          "ans": "Squid",
          "pnt": 2
        }
      ],
      "multiply": 2,
      "question": "Name A Sea Creature You’d Hate To Run Into While Scuba Diving."
    },
    {
      "answers": [
        {
          "ans": "Sick",
          "pnt": 63
        },
        {
          "ans": "Car Trouble",
          "pnt": 12
        },
        {
          "ans": "Traffic",
          "pnt": 9
        },
        {
          "ans": "Overslept",
          "pnt": 6
        }
      ],
      "multiply": 2,
      "question": "Tell Me An Excuse For Not Going To Work That No One Really Believes"
    },
    {
      "answers": [
        {
          "ans": "Talk To Someone Else",
          "pnt": 27
        },
        {
          "ans": "Eat",
          "pnt": 21
        },
        {
          "ans": "Interrupt",
          "pnt": 21
        },
        {
          "ans": "Hang Up",
          "pnt": 11
        },
        {
          "ans": "Put You On Hold",
          "pnt": 8
        },
        {
          "ans": "make Noises",
          "pnt": 6
        }
      ],
      "multiply": 2,
      "question": "Name Something Rude People Do While You’re Trying To Talk To Them On The Phone."
    }
  ],
  "final_round": [
    {
      "answers": [
        [
          "Noisy Kids",
          44
        ],
        [
          "Bad Weather",
          29
        ],
        [
          "Baby Crying",
          19
        ],
        [
          "Knees In The Back",
          12
        ],
        [
          "??",
          8
        ]
      ],
      "question": "Name Something That would Keep You From Sleeping On An Airplane"
    },
    {
      "answers": [
        [
          "Door ",
          41
        ],
        [
          "Car ",
          27
        ],
        [
          "House ",
          17
        ]
      ],
      "question": "Name Something You Must Remember To Lock"
    },
    {
      "answers": [
        [
          "Bite",
          26
        ],
        [
          "Move A Lot",
          15
        ],
        [
          "Scream",
          12
        ],
        [
          "Not Brushing",
          11
        ],
        [
          "Talk",
          11
        ],
        [
          "Spit",
          11
        ],
        [
          "Close Mouth",
          10
        ]
      ],
      "question": "Name Something A Patient Might Do That Would Make A Dentist Complain?"
    },
    {
      "answers": [
        [
          "PILLOW",
          29
        ],
        [
          "CARDBOARD BOX",
          22
        ],
        [
          "BLANKET",
          21
        ],
        [
          "BEHIND",
          8
        ],
        [
          "MATTRESS",
          8
        ],
        [
          "TOWEL",
          8
        ]
      ],
      "question": "Name Something A Kid Might Use To Slide Down The Stairs"
    }
  ],
  "final_round_timers": [
    20,
    25
  ]
}