{
  "rounds": [
    {
      "answers": [
        {
          "ans": "Halt",
          "pnt": 43
        },
        {
          "ans": "Quit",
          "pnt": 23
        },
        {
          "ans": "No",
          "pnt": 14
        },
        {
          "ans": "Pause",
          "pnt": 9
        },
        {
          "ans": "Freeze",
          "pnt": 8
        }
      ],
      "multiply": 1,
      "question": "Name A Word That Means “Stop.”"
    },
    {
      "answers": [
        {
          "ans": "Soap ",
          "pnt": 41
        },
        {
          "ans": "Shampoo ",
          "pnt": 27
        },
        {
          "ans": "Curtain ",
          "pnt": 17
        },
        {
          "ans": "A Person ",
          "pnt": 11
        }
      ],
      "multiply": 1,
      "question": "Name Something You Might Find In The Shower"
    },
    {
      "answers": [
        {
          "ans": "Bark ",
          "pnt": 57
        },
        {
          "ans": "Whine / Whimper ",
          "pnt": 37
        },
        {
          "ans": "Lick You ",
          "pnt": 24
        },
        {
          "ans": "Growl ",
          "pnt": 16
        },
        {
          "ans": "Wag Tail ",
          "pnt": 10
        }
      ],
      "multiply": 1,
      "question": "Name Something A Dog Might Do To Tell You How He Feels"
    },
    {
      "answers": [
        {
          "ans": "Plane ",
          "pnt": 45
        },
        {
          "ans": "Bullet ",
          "pnt": 29
        },
        {
          "ans": "Car ",
          "pnt": 19
        },
        {
          "ans": "Train ",
          "pnt": 12
        },
        {
          "ans": "Rocket ",
          "pnt": 8
        }
      ],
      "multiply": 2,
      "question": "Name Something That Travels At High Speed"
    },
    {
      "answers": [
        {
          "ans": "Groom It",
          "pnt": 45
        },
        {
          "ans": "Walk It",
          "pnt": 38
        },
        {
          "ans": "Feed It",
          "pnt": 7
        },
        {
          "ans": "Bathe It",
          "pnt": 6
        }
      ],
      "multiply": 2,
      "question": "Name Something A Dog Owner Might Pay Someone To Do To Their Dog?"
    },
    {
      "answers": [
        {
          "ans": "Decorate",
          "pnt": 55
        },
        {
          "ans": "Buy Gifts",
          "pnt": 26
        },
        {
          "ans": "Sing Carols",
          "pnt": 7
        },
        {
          "ans": "Put Up Tree",
          "pnt": 6
        },
        {
          "ans": "Listen To Music",
          "pnt": 5
        }
      ],
      "multiply": 2,
      "question": "Name Something People Do In December In Order To Get In The Holiday Spirit"
    }
  ],
  "final_round": [
    {
      "answers": [
        [
          "Dog ",
          47
        ],
        [
          "Crab ",
          31
        ],
        [
          "Seagull ",
          20
        ],
        [
          "Person ",
          13
        ],
        [
          "Fish ",
          8
        ],
        [
          "Pony ",
          5
        ]
      ],
      "question": "Name An Animal You Might Find At The Beach"
    },
    {
      "answers": [
        [
          "May",
          21
        ],
        [
          "June",
          19
        ],
        [
          "April",
          18
        ],
        [
          "July",
          12
        ],
        [
          "October",
          12
        ],
        [
          "September",
          10
        ],
        [
          "March",
          6
        ]
      ],
      "question": "Name The Month With The Nicest Weather"
    },
    {
      "answers": [
        [
          "Place Of Worship",
          47
        ],
        [
          "Work",
          25
        ],
        [
          "School",
          18
        ],
        [
          "Public Transit",
          4
        ],
        [
          "Theater",
          3
        ]
      ],
      "question": "Name A Place You’d Get A Dirty Look For Falling Asleep"
    },
    {
      "answers": [
        [
          "Buy New Car",
          45
        ],
        [
          "Have An Affair",
          21
        ],
        [
          "Plastic Surgery",
          17
        ],
        [
          "Shopping Spree",
          8
        ],
        [
          "Cut/Dye Hair",
          8
        ]
      ],
      "question": "If A Woman Had A Mid-Life Crisis, What Might She Do?"
    }
  ],
  "final_round_timers": [
    20,
    25
  ]
}