{
  "rounds": [
    {
      "answers": [
        {
          "ans": "Energy",
          "pnt": 37
        },
        {
          "ans": "Pom Pom",
          "pnt": 25
        },
        {
          "ans": "Spirit",
          "pnt": 24
        },
        {
          "ans": "Cheers",
          "pnt": 5
        },
        {
          "ans": "Hair",
          "pnt": 2
        }
      ],
      "multiply": 1,
      "question": "Name Something A Cheerleader Has Lots Of."
    },
    {
      "answers": [
        {
          "ans": "Tip Hat",
          "pnt": 45
        },
        {
          "ans": "Lasso Skills",
          "pnt": 29
        },
        {
          "ans": "Ride Horse",
          "pnt": 19
        },
        {
          "ans": "Wink",
          "pnt": 12
        },
        {
          "ans": "Two Step",
          "pnt": 8
        }
      ],
      "multiply": 1,
      "question": "Cowboy Might Do To Catch Woman’s Eye"
    },
    {
      "answers": [
        {
          "ans": "Living In Jungle",
          "pnt": 38
        },
        {
          "ans": "His Yelling",
          "pnt": 17
        },
        {
          "ans": "His Swinging",
          "pnt": 17
        },
        {
          "ans": "Apes",
          "pnt": 13
        },
        {
          "ans": "His Outfit",
          "pnt": 9
        },
        {
          "ans": "His Odor",
          "pnt": 5
        }
      ],
      "multiply": 1,
      "question": "If A Woman Was To Marry Tarzan, Name Something She Would Have To Get Used To"
    },
    {
      "answers": [
        {
          "ans": "Corsage",
          "pnt": 32
        },
        {
          "ans": "Broach",
          "pnt": 26
        },
        {
          "ans": "Button",
          "pnt": 20
        },
        {
          "ans": "Name Tag",
          "pnt": 15
        },
        {
          "ans": "Ribbon",
          "pnt": 5
        }
      ],
      "multiply": 2,
      "question": "Name Something That People Have A Desire To Smash."
    },
    {
      "answers": [
        {
          "ans": "Been drinking",
          "pnt": 45
        },
        {
          "ans": "Car trouble",
          "pnt": 40
        },
        {
          "ans": "Bad weather",
          "pnt": 6
        },
        {
          "ans": "Going to airport",
          "pnt": 4
        }
      ],
      "multiply": 2,
      "question": "Name a reason why a person who has a car would call a cab."
    },
    {
      "answers": [
        {
          "ans": "Dress Alike",
          "pnt": 31
        },
        {
          "ans": "Argue",
          "pnt": 27
        },
        {
          "ans": "Finish Sentences",
          "pnt": 25
        },
        {
          "ans": "Affectionate",
          "pnt": 15
        }
      ],
      "multiply": 2,
      "question": "Tell Me Something About A Couple That Would Lead You To Believe They Spend Too Much Time Together."
    }
  ],
  "final_round": [
    {
      "answers": [
        [
          "Movies",
          36
        ],
        [
          "Actress",
          21
        ],
        [
          "Antonio Banderas",
          20
        ],
        [
          "Don Johnson",
          14
        ],
        [
          "Blonde Hair",
          7
        ]
      ],
      "question": "Name Something Associated With Melanie Griffith."
    },
    {
      "answers": [
        [
          "Wine ",
          51
        ],
        [
          "Beer ",
          33
        ],
        [
          "Window ",
          22
        ],
        [
          "Crystal ",
          14
        ],
        [
          "Stained ",
          9
        ]
      ],
      "question": "Name A Type Of Glass"
    },
    {
      "answers": [
        [
          "Builder ",
          48
        ],
        [
          "Fireman ",
          31
        ],
        [
          "Farmer ",
          20
        ],
        [
          "Butcher ",
          13
        ],
        [
          "Santa Clause ",
          9
        ]
      ],
      "question": "Name Someone Who Might Wear Big Boots To Work"
    },
    {
      "answers": [
        [
          "Muppet Movie",
          36
        ],
        [
          "Gumby The Movie",
          16
        ],
        [
          "Wallice And Grommit",
          13
        ],
        [
          "Dark Crystal",
          12
        ],
        [
          "Chicken Run",
          9
        ],
        [
          "Team America",
          6
        ],
        [
          "Nightmare Before Xmas",
          5
        ]
      ],
      "question": "Tell Me The Title Of A Movie That Used Clay-Motion Or Puppets"
    }
  ],
  "final_round_timers": [
    20,
    25
  ]
}