{
  "rounds": [
    {
      "answers": [
        {
          "ans": "Can Of Drink ",
          "pnt": 44
        },
        {
          "ans": "Door ",
          "pnt": 29
        },
        {
          "ans": "A Jar ",
          "pnt": 19
        },
        {
          "ans": "Bag ",
          "pnt": 12
        },
        {
          "ans": "Car Door ",
          "pnt": 8
        },
        {
          "ans": "Music Box ",
          "pnt": 5
        }
      ],
      "multiply": 1,
      "question": "Name Something That Makes A Noise When You Open It"
    },
    {
      "answers": [
        {
          "ans": "Love At First Sight",
          "pnt": 34
        },
        {
          "ans": "Endless",
          "pnt": 28
        },
        {
          "ans": "Fate",
          "pnt": 26
        },
        {
          "ans": "Soul Mate",
          "pnt": 9
        }
      ],
      "multiply": 1,
      "question": "Name Something About Love That Some People Believe In And Others Don’t."
    },
    {
      "answers": [
        {
          "ans": "Sun Protection",
          "pnt": 32
        },
        {
          "ans": "Bad Hair Day",
          "pnt": 30
        },
        {
          "ans": "Raining",
          "pnt": 16
        },
        {
          "ans": "Bald Head",
          "pnt": 8
        },
        {
          "ans": "Bad Haircut",
          "pnt": 5
        },
        {
          "ans": "Cold",
          "pnt": 3
        }
      ],
      "multiply": 1,
      "question": "Name A Reason You Might Wear A Hat."
    },
    {
      "answers": [
        {
          "ans": "Purse",
          "pnt": 69
        },
        {
          "ans": "Baby",
          "pnt": 19
        },
        {
          "ans": "Lipstick",
          "pnt": 5
        },
        {
          "ans": "Kleenex",
          "pnt": 3
        }
      ],
      "multiply": 2,
      "question": "Name something that women carry more often than men do."
    },
    {
      "answers": [
        {
          "ans": "Lock Of Baby Hair",
          "pnt": 40
        },
        {
          "ans": "Photos",
          "pnt": 27
        },
        {
          "ans": "Baby Teeth",
          "pnt": 18
        },
        {
          "ans": "Clothes",
          "pnt": 5
        },
        {
          "ans": "Blanket",
          "pnt": 5
        },
        {
          "ans": "Artwork",
          "pnt": 3
        }
      ],
      "multiply": 2,
      "question": "Name Something Of Her Child’s That A Mom Would Save Forever."
    },
    {
      "answers": [
        {
          "ans": "Tattoo",
          "pnt": 48
        },
        {
          "ans": "Job",
          "pnt": 31
        },
        {
          "ans": "Hair Dye",
          "pnt": 20
        },
        {
          "ans": "Marker",
          "pnt": 13
        },
        {
          "ans": "Teeth",
          "pnt": 9
        },
        {
          "ans": "Relationship",
          "pnt": 6
        },
        {
          "ans": "Housing",
          "pnt": 3
        }
      ],
      "multiply": 2,
      "question": "Name Something That Can Be Temporary Or Permanent"
    }
  ],
  "final_round": [
    {
      "answers": [
        [
          "Word Processing",
          36
        ],
        [
          "E Mail",
          20
        ],
        [
          "Print",
          16
        ],
        [
          "Play Solitaire",
          14
        ],
        [
          "Use Calculator",
          11
        ]
      ],
      "question": "Name Something You Can Do On Even The Oldest Of Computers."
    },
    {
      "answers": [
        [
          "Kissing",
          25
        ],
        [
          "Holding Hands",
          23
        ],
        [
          "Crying At A Movie",
          21
        ],
        [
          "Go Shopping",
          16
        ],
        [
          "Hold Door Open",
          11
        ]
      ],
      "question": "Name Something A Guy Might Do When He’s With His Girlfriend That His Buddies Might Tease Him About."
    },
    {
      "answers": [
        [
          "Chedder ",
          43
        ],
        [
          "Stilton ",
          28
        ],
        [
          "Edam ",
          18
        ],
        [
          "Parmezan ",
          12
        ],
        [
          "Brie ",
          8
        ],
        [
          "Fetta ",
          5
        ]
      ],
      "question": "Name A Popular Type Of Cheese"
    },
    {
      "answers": [
        [
          "Hair Dresser ",
          50
        ],
        [
          "Painter & Decorator ",
          33
        ],
        [
          "An Artist ",
          21
        ],
        [
          "Street Sweeper ",
          14
        ]
      ],
      "question": "Name An Occupation That Uses A Brush"
    }
  ],
  "final_round_timers": [
    20,
    25
  ]
}