{
  "rounds": [
    {
      "answers": [
        {
          "ans": "Cutting onions",
          "pnt": 37
        },
        {
          "ans": "Crying",
          "pnt": 23
        },
        {
          "ans": "Allergies",
          "pnt": 10
        },
        {
          "ans": "Smoke",
          "pnt": 8
        },
        {
          "ans": "Yawning",
          "pnt": 7
        },
        {
          "ans": "Sick",
          "pnt": 6
        },
        {
          "ans": "Dirt",
          "pnt": 6
        }
      ],
      "multiply": 1,
      "question": "Name A Reason Your Eyes Might Water."
    },
    {
      "answers": [
        {
          "ans": "Roger Rabbit",
          "pnt": 28
        },
        {
          "ans": "Roger Moore",
          "pnt": 27
        },
        {
          "ans": "Roger Ebert",
          "pnt": 23
        },
        {
          "ans": "Roger Clemens",
          "pnt": 7
        }
      ],
      "multiply": 1,
      "question": "Name A Famous Roger"
    },
    {
      "answers": [
        {
          "ans": "Big Bird",
          "pnt": 31
        },
        {
          "ans": "Elmo",
          "pnt": 18
        },
        {
          "ans": "Grover",
          "pnt": 14
        },
        {
          "ans": "Ernie And Bert",
          "pnt": 12
        },
        {
          "ans": "Kermit",
          "pnt": 10
        },
        {
          "ans": "Cookie Monster",
          "pnt": 9
        },
        {
          "ans": "Oscar The Grouch",
          "pnt": 5
        }
      ],
      "multiply": 1,
      "question": "If You Lived On Sesame Street, Name Somebody You Might Be Friends With."
    },
    {
      "answers": [
        {
          "ans": "Water ",
          "pnt": 59
        },
        {
          "ans": "Tree ",
          "pnt": 38
        },
        {
          "ans": "Grass ",
          "pnt": 25
        },
        {
          "ans": "Coconuts ",
          "pnt": 16
        }
      ],
      "multiply": 2,
      "question": "Name Something You Find In An Oasis"
    },
    {
      "answers": [
        {
          "ans": "Snake",
          "pnt": 39
        },
        {
          "ans": "Alligator/Crocodile",
          "pnt": 24
        },
        {
          "ans": "Elephant",
          "pnt": 16
        },
        {
          "ans": "Turtle",
          "pnt": 7
        },
        {
          "ans": "Lizard",
          "pnt": 6
        },
        {
          "ans": "Frog/Toad",
          "pnt": 5
        }
      ],
      "multiply": 2,
      "question": "Name An Animal That Has Rough Skin."
    },
    {
      "answers": [
        {
          "ans": "Raise Voice",
          "pnt": 36
        },
        {
          "ans": "Laugh",
          "pnt": 17
        },
        {
          "ans": "Curse",
          "pnt": 10
        },
        {
          "ans": "Walk Away",
          "pnt": 10
        },
        {
          "ans": "Ignore Them",
          "pnt": 9
        },
        {
          "ans": "Name Calling",
          "pnt": 4
        },
        {
          "ans": "Roll Eyes",
          "pnt": 4
        }
      ],
      "multiply": 2,
      "question": "Name Something Specific A Person Might Do During An Argument That Makes Their Partner Really Angry"
    }
  ],
  "final_round": [
    {
      "answers": [
        [
          "Water",
          46
        ],
        [
          "Milk",
          34
        ],
        [
          "Lemonade",
          7
        ],
        [
          "Soda",
          6
        ]
      ],
      "question": "Unlike Coffee, Name A Beverage That You Could Never Make Money Off Selling By The Cup."
    },
    {
      "answers": [
        [
          "Banana Split ",
          47
        ],
        [
          "Pudding ",
          31
        ],
        [
          "Banana Bread ",
          20
        ],
        [
          "Milkshake ",
          13
        ],
        [
          "Banana Cake ",
          8
        ]
      ],
      "question": "Name Something That's Made With Banana's"
    },
    {
      "answers": [
        [
          "Cereal",
          50
        ],
        [
          "Pop Tarts",
          33
        ],
        [
          "Waffles",
          21
        ],
        [
          "Pancakes",
          14
        ],
        [
          "Eggs",
          9
        ]
      ],
      "question": "Name A Food kids Love To Eat For Breakfast"
    },
    {
      "answers": [
        [
          "Shoes ",
          59
        ],
        [
          "Holes ",
          38
        ],
        [
          "Smelly Feet ",
          25
        ]
      ],
      "question": "Name Something You Associate With Socks"
    }
  ],
  "final_round_timers": [
    20,
    25
  ]
}