{
  "rounds": [
    {
      "answers": [
        {
          "ans": "Monopoly",
          "pnt": 50
        },
        {
          "ans": "Life",
          "pnt": 16
        },
        {
          "ans": "Scrabble",
          "pnt": 11
        },
        {
          "ans": "Risk",
          "pnt": 9
        },
        {
          "ans": "Chess",
          "pnt": 5
        },
        {
          "ans": "Checkers",
          "pnt": 4
        }
      ],
      "multiply": 1,
      "question": "Name A Board Game That You Wouldn’t Play If You Only Had An Hour."
    },
    {
      "answers": [
        {
          "ans": "Food ",
          "pnt": 49
        },
        {
          "ans": "Blanket ",
          "pnt": 32
        },
        {
          "ans": "Kids ",
          "pnt": 21
        },
        {
          "ans": "Football ",
          "pnt": 14
        },
        {
          "ans": "Frisbee ",
          "pnt": 9
        },
        {
          "ans": "Dog ",
          "pnt": 6
        }
      ],
      "multiply": 1,
      "question": "Name Something You Take On A Picnic"
    },
    {
      "answers": [
        {
          "ans": "Soda",
          "pnt": 35
        },
        {
          "ans": "Champagne",
          "pnt": 27
        },
        {
          "ans": "Bubble Bath",
          "pnt": 20
        },
        {
          "ans": "Soap",
          "pnt": 11
        },
        {
          "ans": "Dishwashing Liquid",
          "pnt": 4
        }
      ],
      "multiply": 1,
      "question": "Name Something That Has Bubbles In It."
    },
    {
      "answers": [
        {
          "ans": "Talking",
          "pnt": 56
        },
        {
          "ans": "Eat",
          "pnt": 19
        },
        {
          "ans": "move",
          "pnt": 10
        },
        {
          "ans": "Sleep",
          "pnt": 8
        },
        {
          "ans": "Sing",
          "pnt": 6
        }
      ],
      "multiply": 2,
      "question": "Name Something You Can’t Do While You’re In The Dentist’s Chair."
    },
    {
      "answers": [
        {
          "ans": "Umbrella",
          "pnt": 31
        },
        {
          "ans": "Rain Coat",
          "pnt": 20
        },
        {
          "ans": "Bug Spray",
          "pnt": 16
        },
        {
          "ans": "Food/Water",
          "pnt": 15
        },
        {
          "ans": "Hat",
          "pnt": 6
        },
        {
          "ans": "Binoculars",
          "pnt": 5
        }
      ],
      "multiply": 2,
      "question": "Besides A Camera, What Should You Pack For A Trip To The Rainforest?"
    },
    {
      "answers": [
        {
          "ans": "Food",
          "pnt": 39
        },
        {
          "ans": "Drink",
          "pnt": 28
        },
        {
          "ans": "Bathroom",
          "pnt": 15
        },
        {
          "ans": "Take Off",
          "pnt": 9
        },
        {
          "ans": "Landing",
          "pnt": 3
        },
        {
          "ans": "Late Passenger",
          "pnt": 3
        }
      ],
      "multiply": 2,
      "question": "Name Something You Might Have To Wait For A While On An Airplane?"
    }
  ],
  "final_round": [
    {
      "answers": [
        [
          "Mardi Gras",
          51
        ],
        [
          "Music",
          33
        ],
        [
          "Food",
          22
        ],
        [
          "Bourbon Street",
          14
        ]
      ],
      "question": "Name Something That New Orleans Wouldn’t Be Same Without"
    },
    {
      "answers": [
        [
          "Talk",
          55
        ],
        [
          "Snore",
          25
        ],
        [
          "Smile",
          8
        ],
        [
          "Drool",
          7
        ],
        [
          "Suck Thumb",
          3
        ]
      ],
      "question": "What Might You Do In Your Sleep That Someone Else Would Find Cute?"
    },
    {
      "answers": [
        [
          "What’s Up",
          34
        ],
        [
          "Hey",
          29
        ],
        [
          "Yo",
          23
        ],
        [
          "What’s Happening",
          10
        ]
      ],
      "question": "Name A Phrase That A Cool Guy Might Use To Say Hello"
    },
    {
      "answers": [
        [
          "Talk",
          34
        ],
        [
          "Fly/Pilot",
          27
        ],
        [
          "Sleep On House",
          16
        ],
        [
          "Read/Write",
          13
        ],
        [
          "Dance",
          8
        ]
      ],
      "question": "Name Something Snoopy Does That Your Dog Would Not"
    }
  ],
  "final_round_timers": [
    20,
    25
  ]
}