{
  "rounds": [
    {
      "answers": [
        {
          "ans": "Park",
          "pnt": 52
        },
        {
          "ans": "School Yard",
          "pnt": 26
        },
        {
          "ans": "Amusement Park",
          "pnt": 4
        },
        {
          "ans": "Beach",
          "pnt": 3
        },
        {
          "ans": "Library",
          "pnt": 3
        },
        {
          "ans": "Civic Centre",
          "pnt": 2
        },
        {
          "ans": "Medical Building",
          "pnt": 2
        }
      ],
      "multiply": 1,
      "question": "Name Someplace You’d Find A Water Fountain"
    },
    {
      "answers": [
        {
          "ans": "No Carb Diet",
          "pnt": 36
        },
        {
          "ans": "Fasting",
          "pnt": 28
        },
        {
          "ans": "Diet Pills",
          "pnt": 19
        },
        {
          "ans": "Diet Shakes",
          "pnt": 9
        }
      ],
      "multiply": 1,
      "question": "Name A Diet Method That Doesn’t Seem Very Reliable."
    },
    {
      "answers": [
        {
          "ans": "Sleeping",
          "pnt": 42
        },
        {
          "ans": "Behaving",
          "pnt": 27
        },
        {
          "ans": "Playing Games",
          "pnt": 18
        },
        {
          "ans": "Watch TV",
          "pnt": 12
        },
        {
          "ans": "Homework",
          "pnt": 7
        }
      ],
      "multiply": 1,
      "question": "Name Something Babysitter Hopes Kids Will Be Doing"
    },
    {
      "answers": [
        {
          "ans": "Exam/Due Dates",
          "pnt": 41
        },
        {
          "ans": "Days Off",
          "pnt": 23
        },
        {
          "ans": "Graduation",
          "pnt": 11
        },
        {
          "ans": "Parties",
          "pnt": 8
        },
        {
          "ans": "A Date",
          "pnt": 7
        },
        {
          "ans": "Class Schedule",
          "pnt": 6
        }
      ],
      "multiply": 2,
      "question": "Name Something A College Student Would Write Down On A Calendar."
    },
    {
      "answers": [
        {
          "ans": "Money",
          "pnt": 56
        },
        {
          "ans": "Passport",
          "pnt": 11
        },
        {
          "ans": "Luggage",
          "pnt": 10
        },
        {
          "ans": "Cellphone",
          "pnt": 7
        },
        {
          "ans": "ID/ License",
          "pnt": 6
        },
        {
          "ans": "Keys",
          "pnt": 4
        },
        {
          "ans": "The Kids",
          "pnt": 3
        }
      ],
      "multiply": 2,
      "question": "Name The Worst Thing To Lose While On Vacation"
    },
    {
      "answers": [
        {
          "ans": "Pen / Pencil ",
          "pnt": 55
        },
        {
          "ans": "Notepad ",
          "pnt": 36
        },
        {
          "ans": "Manners ",
          "pnt": 23
        }
      ],
      "multiply": 2,
      "question": "Name Something A Waitress Should Never Be Without"
    }
  ],
  "final_round": [
    {
      "answers": [
        [
          "Tell Her",
          48
        ],
        [
          "Point At It",
          31
        ],
        [
          "Giggle/ Tease Her",
          13
        ],
        [
          "Wipe Your Own Face",
          6
        ]
      ],
      "question": "Name Something You Do To Let A Friend Know She Has Food On Her Face"
    },
    {
      "answers": [
        [
          "Driving ",
          46
        ],
        [
          "Eye ",
          30
        ],
        [
          "Blood ",
          20
        ],
        [
          "Exam ",
          13
        ],
        [
          "IQ ",
          8
        ]
      ],
      "question": "Name A Type Of Test That Almost Everyone Takes"
    },
    {
      "answers": [
        [
          "In Love",
          30
        ],
        [
          "Save money",
          29
        ],
        [
          "Getting Married",
          29
        ],
        [
          "kids Together",
          10
        ]
      ],
      "question": "Name A Reason Why A Couple Decides To Move In Together"
    },
    {
      "answers": [
        [
          "Horror",
          42
        ],
        [
          "Comedy",
          27
        ],
        [
          "Drama",
          18
        ],
        [
          "Romance",
          12
        ],
        [
          "Action",
          7
        ]
      ],
      "question": "We Asked 100 Singles: Describe Last Date With Movie Genre"
    }
  ],
  "final_round_timers": [
    20,
    25
  ]
}