{
  "rounds": [
    {
      "answers": [
        {
          "ans": "Dishes",
          "pnt": 28
        },
        {
          "ans": "Clothes",
          "pnt": 27
        },
        {
          "ans": "Bathroom",
          "pnt": 17
        },
        {
          "ans": "Floors",
          "pnt": 17
        }
      ],
      "multiply": 1,
      "question": "Name Something You Clean that Only Gets Dirty Again in A Day"
    },
    {
      "answers": [
        {
          "ans": "Accident",
          "pnt": 37
        },
        {
          "ans": "Traffic Jam",
          "pnt": 17
        },
        {
          "ans": "Animal",
          "pnt": 16
        },
        {
          "ans": "Flat Tire",
          "pnt": 12
        },
        {
          "ans": "Rain/Snow",
          "pnt": 11
        },
        {
          "ans": "Police Activity",
          "pnt": 5
        }
      ],
      "multiply": 1,
      "question": "What Might You Encounter On The Freeway That Would Make You Pull Off For A While"
    },
    {
      "answers": [
        {
          "ans": "Doctor’s Office",
          "pnt": 27
        },
        {
          "ans": "Gym",
          "pnt": 26
        },
        {
          "ans": "A Fish",
          "pnt": 19
        },
        {
          "ans": "Bathroom",
          "pnt": 14
        },
        {
          "ans": "Truck Stop",
          "pnt": 6
        },
        {
          "ans": "Butcher/Deli",
          "pnt": 5
        }
      ],
      "multiply": 1,
      "question": "Name A Place Where You See A Scale"
    },
    {
      "answers": [
        {
          "ans": "Cold/Allergies",
          "pnt": 40
        },
        {
          "ans": "Alcohol",
          "pnt": 28
        },
        {
          "ans": "Exhaustion",
          "pnt": 21
        },
        {
          "ans": "Sleeping On Back",
          "pnt": 6
        },
        {
          "ans": "Stress",
          "pnt": 4
        }
      ],
      "multiply": 2,
      "question": "Name Something That Causes Your Spouse To Snore Worse Than Usual."
    },
    {
      "answers": [
        {
          "ans": "Bears",
          "pnt": 43
        },
        {
          "ans": "Bugs",
          "pnt": 35
        },
        {
          "ans": "Snakes",
          "pnt": 14
        },
        {
          "ans": "Rain",
          "pnt": 3
        }
      ],
      "multiply": 2,
      "question": "What Might You Be Afraid Of While Sleeping In A Tent?"
    },
    {
      "answers": [
        {
          "ans": "BATS",
          "pnt": 42
        },
        {
          "ans": "OWLS",
          "pnt": 27
        },
        {
          "ans": "NIGHT CLUBS",
          "pnt": 18
        },
        {
          "ans": "BUGS",
          "pnt": 12
        },
        {
          "ans": "VAMPIRES",
          "pnt": 7
        },
        {
          "ans": "CRIMINAL BEHAVIOR",
          "pnt": 5
        },
        {
          "ans": "RACCOONS",
          "pnt": 3
        }
      ],
      "multiply": 2,
      "question": "Name Something That Becomes More Active After Dark"
    }
  ],
  "final_round": [
    {
      "answers": [
        [
          "Cane",
          45
        ],
        [
          "Diapers",
          31
        ],
        [
          "Black Balloons",
          9
        ],
        [
          "Glasses",
          4
        ]
      ],
      "question": "Name A Common Gag Gift At An “Over The Hill” Birthday Party."
    },
    {
      "answers": [
        [
          "Sweat Pants",
          38
        ],
        [
          "Stretch Pants",
          35
        ],
        [
          "Jeans",
          18
        ],
        [
          "Overalls",
          3
        ],
        [
          "Track Pants",
          3
        ]
      ],
      "question": "Which Kind Of Pants Are Best To Wear When You’re Planning To Overeat At Thanksgiving?"
    },
    {
      "answers": [
        [
          "Walk",
          42
        ],
        [
          "Hitchhike",
          27
        ],
        [
          "Bike",
          18
        ],
        [
          "Airline Miles",
          12
        ],
        [
          "Stowaway",
          7
        ]
      ],
      "question": "Name A way To Travel For Free"
    },
    {
      "answers": [
        [
          "Tattoos",
          28
        ],
        [
          "Get Body Pierced",
          26
        ],
        [
          "Dye Hair",
          17
        ],
        [
          "Paint Face",
          8
        ],
        [
          "Shave Head",
          8
        ],
        [
          "Long Hair",
          6
        ],
        [
          "Facial Hair",
          3
        ]
      ],
      "question": "Name Something A Male Rock Star Might Do To Make Himself Look More Rebellious."
    }
  ],
  "final_round_timers": [
    20,
    25
  ]
}