{
  "rounds": [
    {
      "answers": [
        {
          "ans": "Coffee Beans",
          "pnt": 30
        },
        {
          "ans": "Coffee Maker",
          "pnt": 21
        },
        {
          "ans": "Water",
          "pnt": 14
        },
        {
          "ans": "Sugar",
          "pnt": 13
        },
        {
          "ans": "Mugs",
          "pnt": 10
        },
        {
          "ans": "Creamer/Milk",
          "pnt": 8
        },
        {
          "ans": "Filter",
          "pnt": 3
        }
      ],
      "multiply": 1,
      "question": "Name Something Specific You Need If You Want To Make Coffee For Your Guests."
    },
    {
      "answers": [
        {
          "ans": "Tv",
          "pnt": 48
        },
        {
          "ans": "Dishwasher",
          "pnt": 32
        },
        {
          "ans": "Phone",
          "pnt": 9
        },
        {
          "ans": "Washing Machine",
          "pnt": 8
        }
      ],
      "multiply": 1,
      "question": "Name A Common Household Item That Was A Luxury To Have 50 Years Ago"
    },
    {
      "answers": [
        {
          "ans": "UFO",
          "pnt": 38
        },
        {
          "ans": "Elvis",
          "pnt": 21
        },
        {
          "ans": "Ghost",
          "pnt": 15
        },
        {
          "ans": "Big Foot",
          "pnt": 12
        },
        {
          "ans": "Lochness Monster",
          "pnt": 9
        },
        {
          "ans": "Angel",
          "pnt": 5
        }
      ],
      "multiply": 1,
      "question": "Name Something People Claim To Have Seen That Others Think is Crazy"
    },
    {
      "answers": [
        {
          "ans": "Spin The Bottle",
          "pnt": 41
        },
        {
          "ans": "Strip Poker",
          "pnt": 32
        },
        {
          "ans": "Twister",
          "pnt": 11
        },
        {
          "ans": "Truth Or Dare",
          "pnt": 11
        },
        {
          "ans": "Beer Pong",
          "pnt": 3
        }
      ],
      "multiply": 2,
      "question": "Name A Game That Would Be Inappropriate At A Company Party"
    },
    {
      "answers": [
        {
          "ans": "Jeans ",
          "pnt": 48
        },
        {
          "ans": "Jacket ",
          "pnt": 31
        },
        {
          "ans": "Skirt ",
          "pnt": 20
        },
        {
          "ans": "A Bag ",
          "pnt": 13
        }
      ],
      "multiply": 2,
      "question": "Name Something That Might Be Mead From Denim"
    },
    {
      "answers": [
        {
          "ans": "The Osbournes",
          "pnt": 38
        },
        {
          "ans": "Brad & Angelina",
          "pnt": 29
        },
        {
          "ans": "Jon & Kate",
          "pnt": 13
        },
        {
          "ans": "Addams Family",
          "pnt": 9
        },
        {
          "ans": "Bonnie & Clyde",
          "pnt": 6
        }
      ],
      "multiply": 2,
      "question": "Name A Famous Past Or Present Couple Who You’d Hate To Live Next Door To."
    }
  ],
  "final_round": [
    {
      "answers": [
        [
          "Oil ",
          54
        ],
        [
          "Wine ",
          35
        ],
        [
          "Milk ",
          23
        ],
        [
          "Beer ",
          15
        ],
        [
          "Vinegar ",
          10
        ]
      ],
      "question": "Name A Liquid Used In Cooking"
    },
    {
      "answers": [
        [
          "Magazine",
          49
        ],
        [
          "Coupons",
          19
        ],
        [
          "Credit Card",
          8
        ],
        [
          "Catalogs",
          8
        ],
        [
          "Sweepstakes",
          6
        ],
        [
          "Newspaper",
          4
        ],
        [
          "Fan Club",
          3
        ]
      ],
      "question": "Name Something You Might Sign Up For If You Like To Receive Mail"
    },
    {
      "answers": [
        [
          "Stable ",
          55
        ],
        [
          "Farm ",
          36
        ],
        [
          "Show ",
          23
        ],
        [
          "Circus ",
          15
        ],
        [
          "Rodeo ",
          10
        ],
        [
          "Carousel ",
          6
        ]
      ],
      "question": "Besides The Races Name A Place You Might Find A Horse"
    },
    {
      "answers": [
        [
          "Junk Food",
          56
        ],
        [
          "Clothes",
          36
        ],
        [
          "Magazines",
          24
        ]
      ],
      "question": "Tell Me Something That You Never Intend To Buy At The Store But Always End Up With"
    }
  ],
  "final_round_timers": [
    20,
    25
  ]
}