{
  "rounds": [
    {
      "answers": [
        {
          "ans": "Scream",
          "pnt": 32
        },
        {
          "ans": "Smash Instrument",
          "pnt": 26
        },
        {
          "ans": "Jump Around",
          "pnt": 19
        },
        {
          "ans": "Take Off Shirt",
          "pnt": 9
        },
        {
          "ans": "Dance",
          "pnt": 8
        }
      ],
      "multiply": 1,
      "question": "Name Something A Rock Musician Might Do During A Concert That Would Look Funny For A Classical Musician To Do."
    },
    {
      "answers": [
        {
          "ans": "Free Food",
          "pnt": 54
        },
        {
          "ans": "A TV Set",
          "pnt": 14
        },
        {
          "ans": "Alcohol",
          "pnt": 13
        },
        {
          "ans": "Music",
          "pnt": 9
        },
        {
          "ans": "Childcare",
          "pnt": 4
        }
      ],
      "multiply": 1,
      "question": "If Your Work Wanted People To Stick Around The Office More, What Should They Bring In?"
    },
    {
      "answers": [
        {
          "ans": "Friend",
          "pnt": 20
        },
        {
          "ans": "Romantic Interest",
          "pnt": 18
        },
        {
          "ans": "Ex",
          "pnt": 17
        },
        {
          "ans": "Sibling",
          "pnt": 16
        },
        {
          "ans": "Child",
          "pnt": 13
        },
        {
          "ans": "Parent",
          "pnt": 11
        }
      ],
      "multiply": 1,
      "question": "Name Someone Who Owes You A Big Apology."
    },
    {
      "answers": [
        {
          "ans": "Books ",
          "pnt": 42
        },
        {
          "ans": "Bag ",
          "pnt": 27
        },
        {
          "ans": "Lunch ",
          "pnt": 18
        },
        {
          "ans": "Pen ",
          "pnt": 12
        },
        {
          "ans": "Pencil ",
          "pnt": 7
        }
      ],
      "multiply": 2,
      "question": "Name Something A Student Takes To School"
    },
    {
      "answers": [
        {
          "ans": "Play ",
          "pnt": 46
        },
        {
          "ans": "Eating ",
          "pnt": 30
        },
        {
          "ans": "Swimming ",
          "pnt": 20
        },
        {
          "ans": "Dancing ",
          "pnt": 13
        },
        {
          "ans": "Playing In Mud ",
          "pnt": 8
        }
      ],
      "multiply": 2,
      "question": "Name Something That Kids Love Doing"
    },
    {
      "answers": [
        {
          "ans": "Hippies",
          "pnt": 46
        },
        {
          "ans": "Music",
          "pnt": 30
        },
        {
          "ans": "Vietnam",
          "pnt": 20
        },
        {
          "ans": "60S Hairstyles",
          "pnt": 13
        },
        {
          "ans": "Bell Bottoms",
          "pnt": 8
        }
      ],
      "multiply": 2,
      "question": "Name Something People Associtae With The 1960S"
    }
  ],
  "final_round": [
    {
      "answers": [
        [
          "Tea",
          32
        ],
        [
          "Pizza",
          29
        ],
        [
          "Coffee",
          17
        ],
        [
          "Milk",
          8
        ],
        [
          "Soup",
          4
        ],
        [
          "Cereal",
          3
        ],
        [
          "Chicken",
          3
        ]
      ],
      "question": "Name A Drink Or Food That Can Be Eaten Either Hot Or Cold."
    },
    {
      "answers": [
        [
          "Family Photo",
          36
        ],
        [
          "Teddy Bear",
          28
        ],
        [
          "Blanket",
          23
        ],
        [
          "Pillow",
          6
        ],
        [
          "Cell Phone",
          4
        ]
      ],
      "question": "What Might A Child Bring To Summer Camp, In Case They Get Homesick"
    },
    {
      "answers": [
        [
          "Mall",
          43
        ],
        [
          "Hospital",
          28
        ],
        [
          "Concert",
          18
        ],
        [
          "Airport",
          12
        ],
        [
          "Work/Downtown",
          8
        ],
        [
          "Sporting Event",
          5
        ]
      ],
      "question": "Tell Me A Place Where You Often Have To Pay For Parking"
    },
    {
      "answers": [
        [
          "Church ",
          41
        ],
        [
          "Wedding ",
          27
        ],
        [
          "School ",
          17
        ]
      ],
      "question": "Name A Place Where You Might Hear Bells"
    }
  ],
  "final_round_timers": [
    20,
    25
  ]
}