{
  "rounds": [
    {
      "answers": [
        {
          "ans": "Tiny Tim",
          "pnt": 33
        },
        {
          "ans": "Tinkerbell",
          "pnt": 20
        },
        {
          "ans": "Tom Thumb",
          "pnt": 19
        },
        {
          "ans": "Stuart Little",
          "pnt": 15
        },
        {
          "ans": "Thumbelina",
          "pnt": 4
        }
      ],
      "multiply": 1,
      "question": "Name A Children’s character who’s associated with being small."
    },
    {
      "answers": [
        {
          "ans": "Shopping Center",
          "pnt": 31
        },
        {
          "ans": "Restaurant",
          "pnt": 26
        },
        {
          "ans": "Grocery Store",
          "pnt": 23
        },
        {
          "ans": "Home",
          "pnt": 12
        },
        {
          "ans": "Hotel",
          "pnt": 7
        }
      ],
      "multiply": 1,
      "question": "If You Had To Be Locked Inside A Building For A Year, Which Place Would You Want It To Be?"
    },
    {
      "answers": [
        {
          "ans": "Wedding",
          "pnt": 26
        },
        {
          "ans": "Easter",
          "pnt": 23
        },
        {
          "ans": "Halloween",
          "pnt": 20
        },
        {
          "ans": "Church",
          "pnt": 15
        },
        {
          "ans": "Christmas",
          "pnt": 9
        },
        {
          "ans": "School Picture Day",
          "pnt": 4
        }
      ],
      "multiply": 1,
      "question": "Name An Occasion Where Parents Force Their Child To Wear A Certain Outfit."
    },
    {
      "answers": [
        {
          "ans": "Volcanoes",
          "pnt": 35
        },
        {
          "ans": "Rain",
          "pnt": 31
        },
        {
          "ans": "High Cost Of Living",
          "pnt": 25
        },
        {
          "ans": "Too Many Tourists",
          "pnt": 5
        }
      ],
      "multiply": 2,
      "question": "Although Some Consider It Paradise, Name A Downside To Living In Hawaii"
    },
    {
      "answers": [
        {
          "ans": "Train ",
          "pnt": 43
        },
        {
          "ans": "Plane ",
          "pnt": 28
        },
        {
          "ans": "Lessons ",
          "pnt": 18
        },
        {
          "ans": "Work ",
          "pnt": 12
        }
      ],
      "multiply": 2,
      "question": "Name Something That Runs On A Timetable"
    },
    {
      "answers": [
        {
          "ans": "Plant/ Flowers",
          "pnt": 53
        },
        {
          "ans": "Dessert",
          "pnt": 34
        },
        {
          "ans": "Wine",
          "pnt": 23
        },
        {
          "ans": "Candle",
          "pnt": 15
        }
      ],
      "multiply": 2,
      "question": "Name A Gift You’D Likely Get Housewarming Presents"
    }
  ],
  "final_round": [
    {
      "answers": [
        [
          "Sick",
          54
        ],
        [
          "Bad weather",
          25
        ],
        [
          "Cleaning/Working",
          15
        ],
        [
          "Sports/TV",
          4
        ]
      ],
      "question": "Name A Reason You Might Not Leave The House For An Entire Day."
    },
    {
      "answers": [
        [
          "Clown",
          52
        ],
        [
          "Lion Tamer",
          34
        ],
        [
          "Acrobat",
          22
        ],
        [
          "Strong Man",
          14
        ],
        [
          "Ringmaster",
          9
        ]
      ],
      "question": "Circus Performer That Would Have Easiest Time Getting Dates"
    },
    {
      "answers": [
        [
          "Car",
          61
        ],
        [
          "Money",
          30
        ],
        [
          "Advice",
          2
        ],
        [
          "Bike",
          2
        ]
      ],
      "question": "Name Something A Teenage Boy Might Ask His Dad For."
    },
    {
      "answers": [
        [
          "Dictionary",
          56
        ],
        [
          "Encyclopedia",
          22
        ],
        [
          "Thesaurus",
          13
        ],
        [
          "Atlas",
          6
        ]
      ],
      "question": "Name A Book That Students Keep On Hand For Reference."
    }
  ],
  "final_round_timers": [
    20,
    25
  ]
}