{
  "rounds": [
    {
      "answers": [
        {
          "ans": "Cotton ",
          "pnt": 46
        },
        {
          "ans": "Rabbit ",
          "pnt": 30
        },
        {
          "ans": "Pillow ",
          "pnt": 20
        },
        {
          "ans": "Cat / Kitten ",
          "pnt": 13
        },
        {
          "ans": "Teddy Bear ",
          "pnt": 8
        }
      ],
      "multiply": 1,
      "question": "Name Something Thats Fluffy"
    },
    {
      "answers": [
        {
          "ans": "Plants ",
          "pnt": 44
        },
        {
          "ans": "Orchids ",
          "pnt": 29
        },
        {
          "ans": "Ferns ",
          "pnt": 19
        },
        {
          "ans": "Weed Killer ",
          "pnt": 12
        }
      ],
      "multiply": 1,
      "question": "Name Something You Might Find In A Greenhouse"
    },
    {
      "answers": [
        {
          "ans": "Not Dressed Properly",
          "pnt": 59
        },
        {
          "ans": "Drunk",
          "pnt": 22
        },
        {
          "ans": "Belligerent Attitude",
          "pnt": 6
        },
        {
          "ans": "Has No Money",
          "pnt": 6
        }
      ],
      "multiply": 1,
      "question": "Name A Reason Why A Restaurant Might Refuse Service To Someone"
    },
    {
      "answers": [
        {
          "ans": "Phone",
          "pnt": 58
        },
        {
          "ans": "Email",
          "pnt": 38
        },
        {
          "ans": "Letter",
          "pnt": 25
        },
        {
          "ans": "Text Message",
          "pnt": 16
        }
      ],
      "multiply": 2,
      "question": "Name A Method Of Communication That Should Not Use Break Up"
    },
    {
      "answers": [
        {
          "ans": 10,
          "pnt": 26
        },
        {
          "ans": 12,
          "pnt": 20
        },
        {
          "ans": 8,
          "pnt": 13
        },
        {
          "ans": 16,
          "pnt": 11
        },
        {
          "ans": 5,
          "pnt": 10
        },
        {
          "ans": 14,
          "pnt": 8
        },
        {
          "ans": 15,
          "pnt": 7
        }
      ],
      "multiply": 2,
      "question": "Tell Me The Age At Which Children Start Buying Their Parents Christmas Gifts."
    },
    {
      "answers": [
        {
          "ans": "Actors",
          "pnt": 48
        },
        {
          "ans": "Bright Lights",
          "pnt": 31
        },
        {
          "ans": "Palm Trees",
          "pnt": 20
        },
        {
          "ans": "Prints In Sidewalks",
          "pnt": 13
        }
      ],
      "multiply": 2,
      "question": "Something People Imagine They Would See On Every Corner In Hollywood"
    }
  ],
  "final_round": [
    {
      "answers": [
        [
          "Fence",
          51
        ],
        [
          "Dog",
          27
        ],
        [
          "Camera",
          5
        ],
        [
          "Trees",
          4
        ],
        [
          "Trespassing Sign",
          4
        ],
        [
          "Bushes",
          3
        ],
        [
          "Sprinkler",
          3
        ]
      ],
      "question": "What Might You Put In The Yard If You Had Nosey Neighbors?"
    },
    {
      "answers": [
        [
          "Crash",
          54
        ],
        [
          "Flat Tire",
          15
        ],
        [
          "Break Down",
          13
        ],
        [
          "Rain",
          6
        ],
        [
          "Run Out Of Gas",
          4
        ],
        [
          "Speeding Ticket",
          3
        ],
        [
          "Scratch It",
          5
        ]
      ],
      "question": "Name Something You’d Hate To Have Happen While Driving A New Car Home"
    },
    {
      "answers": [
        [
          "Baseball",
          36
        ],
        [
          "Flag",
          21
        ],
        [
          "Hamburger",
          13
        ],
        [
          "Chevrolet",
          11
        ],
        [
          "Jeans",
          4
        ]
      ],
      "question": "Name Something That’s “As American As Apple Pie.”"
    },
    {
      "answers": [
        [
          "Snow",
          42
        ],
        [
          "Iceberg",
          31
        ],
        [
          "Polor Bear",
          14
        ],
        [
          "Mountains",
          9
        ]
      ],
      "question": "Name Something You Might See Pictured On A Postcard From Alaska."
    }
  ],
  "final_round_timers": [
    20,
    25
  ]
}