{
  "rounds": [
    {
      "answers": [
        {
          "ans": "Car",
          "pnt": 44
        },
        {
          "ans": "Clothes",
          "pnt": 29
        },
        {
          "ans": "TV",
          "pnt": 15
        },
        {
          "ans": "House",
          "pnt": 7
        },
        {
          "ans": "Haircut",
          "pnt": 3
        }
      ],
      "multiply": 1,
      "question": "Name Something You’re Better Off Spending A Little More On, So It Lasts Longer"
    },
    {
      "answers": [
        {
          "ans": "Smoke",
          "pnt": 49
        },
        {
          "ans": "Fighting",
          "pnt": 32
        },
        {
          "ans": "Alcohol/Drugs",
          "pnt": 21
        },
        {
          "ans": "Skip School",
          "pnt": 14
        },
        {
          "ans": "Swearing",
          "pnt": 9
        },
        {
          "ans": "Breaking Curfew",
          "pnt": 6
        }
      ],
      "multiply": 1,
      "question": "Name an act of high school rebellion that you cant imagine a kindergartener doing."
    },
    {
      "answers": [
        {
          "ans": "Weight",
          "pnt": 70
        },
        {
          "ans": "Age",
          "pnt": 20
        },
        {
          "ans": "Future",
          "pnt": 6
        },
        {
          "ans": "Height",
          "pnt": 3
        }
      ],
      "multiply": 1,
      "question": "What Do People Pay To Have Guessed At The Carnival?"
    },
    {
      "answers": [
        {
          "ans": "Candy",
          "pnt": 51
        },
        {
          "ans": "Popcorn",
          "pnt": 33
        },
        {
          "ans": "Chips",
          "pnt": 22
        },
        {
          "ans": "Soda",
          "pnt": 14
        },
        {
          "ans": "Pizza",
          "pnt": 9
        }
      ],
      "multiply": 2,
      "question": "Name Something You’d Sneak Into A Movie Theater To Avoid To Keep From Buying It At The Concession Stand."
    },
    {
      "answers": [
        {
          "ans": "Party",
          "pnt": 57
        },
        {
          "ans": "Mardi Gras",
          "pnt": 37
        },
        {
          "ans": "Bar",
          "pnt": 24
        },
        {
          "ans": "Drama Performance",
          "pnt": 16
        }
      ],
      "multiply": 2,
      "question": "Where You Would Go Out In Costume Not On Halloween"
    },
    {
      "answers": [
        {
          "ans": "Ride A horse",
          "pnt": 53
        },
        {
          "ans": "Shoot",
          "pnt": 16
        },
        {
          "ans": "Act",
          "pnt": 12
        },
        {
          "ans": "Fight",
          "pnt": 10
        }
      ],
      "multiply": 2,
      "question": "What Would You Have To Learn To Do Before Starring In A John Wayne Movie"
    }
  ],
  "final_round": [
    {
      "answers": [
        [
          "DVD",
          49
        ],
        [
          "Cable",
          25
        ],
        [
          "Video game",
          9
        ],
        [
          "Antenna",
          6
        ],
        [
          "Satelite Dish",
          4
        ],
        [
          "Entertainment Centre",
          2
        ]
      ],
      "question": "Name Something You Might Hook Up To Your TV."
    },
    {
      "answers": [
        [
          "Pet",
          31
        ],
        [
          "Food",
          21
        ],
        [
          "Underwear",
          19
        ],
        [
          "Laundry",
          16
        ],
        [
          "Trash",
          11
        ]
      ],
      "question": "Name Something In A Person’s House A Burglar Wouldn’t Want To Steal"
    },
    {
      "answers": [
        [
          "Food",
          46
        ],
        [
          "Drink",
          29
        ],
        [
          "Hug",
          7
        ],
        [
          "Friend",
          5
        ],
        [
          "Music",
          4
        ],
        [
          "Watching TV",
          3
        ],
        [
          "Taking Bath",
          3
        ]
      ],
      "question": "Name Something That Makes You Feel Better When You’re Having A Bad day."
    },
    {
      "answers": [
        [
          "Trump",
          49
        ],
        [
          "Gates",
          33
        ],
        [
          "Hilton",
          9
        ],
        [
          "Rockefeller",
          7
        ]
      ],
      "question": "Name Somebody So Rich That Their Name Is Synonymous With Wealth"
    }
  ],
  "final_round_timers": [
    20,
    25
  ]
}