{
  "rounds": [
    {
      "answers": [
        {
          "ans": "Chips",
          "pnt": 63
        },
        {
          "ans": "Tacos",
          "pnt": 22
        },
        {
          "ans": "Enchaladas",
          "pnt": 4
        },
        {
          "ans": "Burritos",
          "pnt": 3
        },
        {
          "ans": "Eggs",
          "pnt": 2
        }
      ],
      "multiply": 1,
      "question": "Name Something Specific People Put Salsa On"
    },
    {
      "answers": [
        {
          "ans": "Party",
          "pnt": 41
        },
        {
          "ans": "Drink",
          "pnt": 22
        },
        {
          "ans": "Go Naked",
          "pnt": 14
        },
        {
          "ans": "Sleep All Day",
          "pnt": 13
        }
      ],
      "multiply": 1,
      "question": "Name Something People Do On Spring Break, But Not On An Ordinary Vacation."
    },
    {
      "answers": [
        {
          "ans": "Dark Hair",
          "pnt": 42
        },
        {
          "ans": "Tall",
          "pnt": 28
        },
        {
          "ans": "Well Dressed",
          "pnt": 9
        },
        {
          "ans": "Accent",
          "pnt": 7
        },
        {
          "ans": "Mysterious",
          "pnt": 4
        }
      ],
      "multiply": 1,
      "question": "Which Characteristics Would Make Dracula Sound Attractive In A Personal’s Ad?"
    },
    {
      "answers": [
        {
          "ans": "Shells ",
          "pnt": 51
        },
        {
          "ans": "Rocks / Stones ",
          "pnt": 33
        },
        {
          "ans": "Butterflies ",
          "pnt": 22
        },
        {
          "ans": "Junk ",
          "pnt": 14
        },
        {
          "ans": "Flowers / Plants ",
          "pnt": 9
        }
      ],
      "multiply": 2,
      "question": "Name Something Found Outdoors That People Might Collect"
    },
    {
      "answers": [
        {
          "ans": "Muscles ",
          "pnt": 56
        },
        {
          "ans": "Weights ",
          "pnt": 36
        },
        {
          "ans": "The Gym ",
          "pnt": 24
        },
        {
          "ans": "Steroids ",
          "pnt": 16
        },
        {
          "ans": "Mr Universe ",
          "pnt": 10
        }
      ],
      "multiply": 2,
      "question": "Name Something You Associate With A Body Builder"
    },
    {
      "answers": [
        {
          "ans": "Cow",
          "pnt": 39
        },
        {
          "ans": "Dog",
          "pnt": 22
        },
        {
          "ans": "Pig",
          "pnt": 12
        },
        {
          "ans": "Donkey",
          "pnt": 10
        },
        {
          "ans": "Elephant",
          "pnt": 7
        },
        {
          "ans": "Camel",
          "pnt": 4
        }
      ],
      "multiply": 2,
      "question": "Instead Of A Horse, Which Animal Is It Hard To Imagine A Cowboy Riding?"
    }
  ],
  "final_round": [
    {
      "answers": [
        [
          "Magazine",
          54
        ],
        [
          "Newspaper",
          28
        ],
        [
          "Cable",
          7
        ],
        [
          "Gym",
          5
        ],
        [
          "Internet",
          3
        ]
      ],
      "question": "Name Something Peoiple Subscribe To By Month"
    },
    {
      "answers": [
        [
          "Food",
          50
        ],
        [
          "Coffee",
          24
        ],
        [
          "Space",
          12
        ],
        [
          "Alcohol",
          7
        ],
        [
          "The Special",
          6
        ]
      ],
      "question": "Name Something A Restaurant Owner Would Hate To Tell Customers They’ve Run Out Of"
    },
    {
      "answers": [
        [
          "Tango",
          36
        ],
        [
          "salsa",
          24
        ],
        [
          "Waltz",
          14
        ],
        [
          "Tap",
          8
        ],
        [
          "Break Dancer",
          4
        ],
        [
          "swing Dance",
          3
        ]
      ],
      "question": "Name A type Of Dance People Do In A Dance Competition"
    },
    {
      "answers": [
        [
          "Flute",
          54
        ],
        [
          "Tuba",
          35
        ],
        [
          "Electric Guitar",
          23
        ],
        [
          "Saxaphone",
          15
        ],
        [
          "Harp",
          10
        ]
      ],
      "question": "Which Musical Instrument Least Expect In A Country Music Band"
    }
  ],
  "final_round_timers": [
    20,
    25
  ]
}