{
  "rounds": [
    {
      "answers": [
        {
          "ans": "Coins / Money ",
          "pnt": 59
        },
        {
          "ans": "Wallet ",
          "pnt": 38
        },
        {
          "ans": "Hanky ",
          "pnt": 25
        },
        {
          "ans": "Pen ",
          "pnt": 16
        },
        {
          "ans": "Keys ",
          "pnt": 11
        }
      ],
      "multiply": 1,
      "question": "Name Something You Might Carry In Your Pocket"
    },
    {
      "answers": [
        {
          "ans": "Chess",
          "pnt": 42
        },
        {
          "ans": "Computer",
          "pnt": 35
        },
        {
          "ans": "Video Games",
          "pnt": 9
        },
        {
          "ans": "Math",
          "pnt": 7
        },
        {
          "ans": "Band",
          "pnt": 5
        }
      ],
      "multiply": 1,
      "question": "Name A Hobby Whose Participants Are Also Called “-Geeks”"
    },
    {
      "answers": [
        {
          "ans": "Harry Houdini",
          "pnt": 60
        },
        {
          "ans": "David Copperfield",
          "pnt": 17
        },
        {
          "ans": "Merlin",
          "pnt": 14
        },
        {
          "ans": "David Blane",
          "pnt": 7
        }
      ],
      "multiply": 1,
      "question": "Past Or Present, Name A Famous Magician"
    },
    {
      "answers": [
        {
          "ans": "Small",
          "pnt": 39
        },
        {
          "ans": "Tiny",
          "pnt": 15
        },
        {
          "ans": "Miniature",
          "pnt": 5
        },
        {
          "ans": "Mini",
          "pnt": 3
        },
        {
          "ans": "Petite",
          "pnt": 2
        }
      ],
      "multiply": 2,
      "question": "Name Another Word For “Little.”"
    },
    {
      "answers": [
        {
          "ans": "Knives ",
          "pnt": 40
        },
        {
          "ans": "Flaming Sticks ",
          "pnt": 26
        },
        {
          "ans": "Chainsaw / Saws ",
          "pnt": 17
        },
        {
          "ans": "Bowling Balls ",
          "pnt": 11
        },
        {
          "ans": "Bottles ",
          "pnt": 7
        }
      ],
      "multiply": 2,
      "question": "Name Something Jugglers Use That Could Injure Them"
    },
    {
      "answers": [
        {
          "ans": "A Chair ",
          "pnt": 43
        },
        {
          "ans": "Ladder ",
          "pnt": 28
        },
        {
          "ans": "Stool ",
          "pnt": 18
        },
        {
          "ans": "Feet ",
          "pnt": 12
        },
        {
          "ans": "Table ",
          "pnt": 8
        }
      ],
      "multiply": 2,
      "question": "Name Something You Can Stand On"
    }
  ],
  "final_round": [
    {
      "answers": [
        [
          "Pass gas",
          25
        ],
        [
          "Cough",
          20
        ],
        [
          "Caught talking",
          15
        ],
        [
          "Get the giggles",
          14
        ],
        [
          "Baby cries",
          13
        ],
        [
          "Phone rings",
          11
        ]
      ],
      "question": "Name something you don’t want to have happen during a moment of silence."
    },
    {
      "answers": [
        [
          "Pictures",
          56
        ],
        [
          "Drivers License",
          26
        ],
        [
          "Credit Cards",
          7
        ],
        [
          "Wallet",
          7
        ]
      ],
      "question": "If Your Purse Was Stolen, Tell Me The One Thing In It That Would Be Hardest To Replace."
    },
    {
      "answers": [
        [
          "Pizza",
          57
        ],
        [
          "Movie",
          37
        ],
        [
          "Jokes",
          24
        ],
        [
          "Smile",
          16
        ],
        [
          "Macaroni",
          10
        ],
        [
          "Pick Up Lines",
          7
        ],
        [
          "Music",
          4
        ]
      ],
      "question": "Name Something That Gets Described As Cheesy"
    },
    {
      "answers": [
        [
          "Vows",
          36
        ],
        [
          "Kiss On Command",
          23
        ],
        [
          "Dance",
          17
        ],
        [
          "Cut The Cake",
          10
        ],
        [
          "Throw Bouqueu",
          6
        ],
        [
          "Bridal Song",
          5
        ]
      ],
      "question": "Name The Part Of The Wedding That The Bride And Groom Might Do More Out Of Tradition Than Choice"
    }
  ],
  "final_round_timers": [
    20,
    25
  ]
}