{
  "rounds": [
    {
      "answers": [
        {
          "ans": "CANNED",
          "pnt": 48
        },
        {
          "ans": "AXED",
          "pnt": 24
        },
        {
          "ans": "KICKED TO THE CURB",
          "pnt": 15
        },
        {
          "ans": "GOT THE BOOT",
          "pnt": 6
        }
      ],
      "multiply": 1,
      "question": "Tell Me A Situation That Makes Just About Everyone Nervous"
    },
    {
      "answers": [
        {
          "ans": "Irresponsible",
          "pnt": 44
        },
        {
          "ans": "Smoke/ Drink",
          "pnt": 29
        },
        {
          "ans": "Bad Manners",
          "pnt": 19
        },
        {
          "ans": "Loud",
          "pnt": 12
        },
        {
          "ans": "Troublemaker",
          "pnt": 8
        },
        {
          "ans": "Bad Driver",
          "pnt": 5
        },
        {
          "ans": "Moody",
          "pnt": 3
        }
      ],
      "multiply": 1,
      "question": "Name A Stereotype About Teenagers Often Untrue"
    },
    {
      "answers": [
        {
          "ans": "Pee Outside",
          "pnt": 50
        },
        {
          "ans": "Sleep Anywhere",
          "pnt": 28
        },
        {
          "ans": "Catch Food",
          "pnt": 12
        },
        {
          "ans": "Make Lots Of Noise",
          "pnt": 8
        }
      ],
      "multiply": 1,
      "question": "Name Something That Dogs Are Always Able To Do That People Can Only Do On A Camping Trip."
    },
    {
      "answers": [
        {
          "ans": "Mirror ",
          "pnt": 57
        },
        {
          "ans": "Tiles ",
          "pnt": 37
        },
        {
          "ans": "Picture ",
          "pnt": 24
        },
        {
          "ans": "Towel Holder ",
          "pnt": 16
        }
      ],
      "multiply": 2,
      "question": "Name Something You Might Find On A Bathroom Wall"
    },
    {
      "answers": [
        {
          "ans": "Movie Theater",
          "pnt": 34
        },
        {
          "ans": "Place Of Worship",
          "pnt": 23
        },
        {
          "ans": "Concert",
          "pnt": 12
        },
        {
          "ans": "Funeral",
          "pnt": 10
        },
        {
          "ans": "Seaworld",
          "pnt": 7
        },
        {
          "ans": "Circus",
          "pnt": 4
        },
        {
          "ans": "School",
          "pnt": 3
        }
      ],
      "multiply": 2,
      "question": "Name A Place Where You Don’t Want Front Row Seats"
    },
    {
      "answers": [
        {
          "ans": "Closing Eyes",
          "pnt": 35
        },
        {
          "ans": "Smiling",
          "pnt": 22
        },
        {
          "ans": "Laughing",
          "pnt": 12
        },
        {
          "ans": "Sneezing",
          "pnt": 10
        },
        {
          "ans": "Frowning",
          "pnt": 8
        },
        {
          "ans": "Moving",
          "pnt": 6
        },
        {
          "ans": "Slouching",
          "pnt": 5
        }
      ],
      "multiply": 2,
      "question": "Name Something You Try To Avoid Doing When Posing For A Photo."
    }
  ],
  "final_round": [
    {
      "answers": [
        [
          "Swimming ",
          52
        ],
        [
          "Skating ",
          34
        ],
        [
          "Riding A Bike ",
          22
        ],
        [
          "Dancing ",
          14
        ],
        [
          "Walking ",
          9
        ]
      ],
      "question": "Name An Acticity That Requires Someone To Hold On Whey They Are First Learning To Do It"
    },
    {
      "answers": [
        [
          "Insurance ",
          43
        ],
        [
          "Tax ",
          28
        ],
        [
          "Rates ",
          18
        ],
        [
          "Tv Licence ",
          12
        ],
        [
          "Christmas Presents ",
          8
        ]
      ],
      "question": "Name Something You Pay For Once A Year"
    },
    {
      "answers": [
        [
          "Salmon",
          38
        ],
        [
          "Trout",
          17
        ],
        [
          "Flounder",
          12
        ],
        [
          "Swordfish",
          9
        ],
        [
          "Red fish",
          6
        ],
        [
          "Bass",
          5
        ],
        [
          "Catfish",
          5
        ]
      ],
      "question": "Name a fish that tastes good grilled."
    },
    {
      "answers": [
        [
          "Christmas",
          24
        ],
        [
          "Tiny Tim",
          19
        ],
        [
          "Scrooge",
          18
        ],
        [
          "Bob Cratchit",
          11
        ],
        [
          "Christmas Tree",
          9
        ],
        [
          "Ghosts",
          8
        ],
        [
          "Chains",
          6
        ]
      ],
      "question": "Name Something People Associate With “A Christmas Carol” By Charles Dickens."
    }
  ],
  "final_round_timers": [
    20,
    25
  ]
}