{
  "rounds": [
    {
      "answers": [
        {
          "ans": "Merry Go Round ",
          "pnt": 51
        },
        {
          "ans": "Horse / Pony ",
          "pnt": 33
        },
        {
          "ans": "Ferris Wheel ",
          "pnt": 22
        },
        {
          "ans": "Train ",
          "pnt": 14
        },
        {
          "ans": "Swing ",
          "pnt": 9
        }
      ],
      "multiply": 1,
      "question": "Name A Ride That All Children Love"
    },
    {
      "answers": [
        {
          "ans": "Clap",
          "pnt": 47
        },
        {
          "ans": "Scream",
          "pnt": 29
        },
        {
          "ans": "Go Home",
          "pnt": 12
        },
        {
          "ans": "Call For Encore",
          "pnt": 6
        },
        {
          "ans": "Sit Down",
          "pnt": 4
        }
      ],
      "multiply": 1,
      "question": "At A Rock Concert, Name Something People Do When A Song Is Over."
    },
    {
      "answers": [
        {
          "ans": "Cheese & Onion ",
          "pnt": 54
        },
        {
          "ans": "Salt & Vinegar ",
          "pnt": 35
        },
        {
          "ans": "Ready Salted ",
          "pnt": 23
        }
      ],
      "multiply": 1,
      "question": "Name A Flavour Of Crisps"
    },
    {
      "answers": [
        {
          "ans": "In Jail",
          "pnt": 51
        },
        {
          "ans": "Too Expensive",
          "pnt": 30
        },
        {
          "ans": "Grounded",
          "pnt": 8
        },
        {
          "ans": "At Work",
          "pnt": 7
        }
      ],
      "multiply": 2,
      "question": "Why Might A Person Only Be Allowed A Limited Number Of Phone Calls?"
    },
    {
      "answers": [
        {
          "ans": "Icy Roads",
          "pnt": 47
        },
        {
          "ans": "Snow",
          "pnt": 31
        },
        {
          "ans": "Bridge",
          "pnt": 13
        },
        {
          "ans": "Freeway",
          "pnt": 8
        }
      ],
      "multiply": 2,
      "question": "Name Something That Many People Are Afraid To Drive On."
    },
    {
      "answers": [
        {
          "ans": "Pinocchio",
          "pnt": 41
        },
        {
          "ans": "Singing",
          "pnt": 14
        },
        {
          "ans": "Insect",
          "pnt": 13
        },
        {
          "ans": "Top hat",
          "pnt": 9
        },
        {
          "ans": "Walt Disney",
          "pnt": 9
        },
        {
          "ans": "Cartoons",
          "pnt": 6
        }
      ],
      "multiply": 2,
      "question": "Name something associated with Jiminy Cricket."
    }
  ],
  "final_round": [
    {
      "answers": [
        [
          "Smoking",
          41
        ],
        [
          "Drinking",
          27
        ],
        [
          "Biting Nails",
          17
        ],
        [
          "Gambling",
          11
        ],
        [
          "Shopping",
          7
        ]
      ],
      "question": "Habit Impossible To Hide From Spouse"
    },
    {
      "answers": [
        [
          "Comics",
          51
        ],
        [
          "Sports",
          38
        ],
        [
          "Horoscope",
          4
        ],
        [
          "Entertainment",
          3
        ]
      ],
      "question": "Which Part Of A Newspaper Would A Teenager Likely Read First?"
    },
    {
      "answers": [
        [
          "Albert Einstein",
          32
        ],
        [
          "Thomas Edison",
          32
        ],
        [
          "Ben Franklin",
          18
        ],
        [
          "Alexander Graham Bell",
          13
        ],
        [
          "Eli Whitney",
          3
        ]
      ],
      "question": "Name Someone Who’s Known For Inventing Something"
    },
    {
      "answers": [
        [
          "Place Of Worship",
          61
        ],
        [
          "Restaurant",
          12
        ],
        [
          "In Bed",
          10
        ],
        [
          "Wedding",
          6
        ],
        [
          "Work",
          4
        ],
        [
          "Street",
          3
        ]
      ],
      "question": "Name A Place Where A Couple Should Never Fight."
    }
  ],
  "final_round_timers": [
    20,
    25
  ]
}