{
  "rounds": [
    {
      "answers": [
        {
          "ans": "Toothpaste",
          "pnt": 54
        },
        {
          "ans": "Gum",
          "pnt": 35
        },
        {
          "ans": "Mouthwash",
          "pnt": 23
        },
        {
          "ans": "Teeth Strips",
          "pnt": 15
        }
      ],
      "multiply": 1,
      "question": "Name A Type Of Product Comes In Teeth Whitening Formula"
    },
    {
      "answers": [
        {
          "ans": "Caramel",
          "pnt": 38
        },
        {
          "ans": "Cherries",
          "pnt": 26
        },
        {
          "ans": "Cream",
          "pnt": 16
        },
        {
          "ans": "Coconut",
          "pnt": 7
        },
        {
          "ans": "Marhmellow",
          "pnt": 4
        },
        {
          "ans": "Nuts",
          "pnt": 3
        }
      ],
      "multiply": 1,
      "question": "Name Something You’d Find At The Center Of Fancy Chocolates."
    },
    {
      "answers": [
        {
          "ans": "Ketchup/Sauce",
          "pnt": 29
        },
        {
          "ans": "Napkins",
          "pnt": 26
        },
        {
          "ans": "French Fries",
          "pnt": 20
        },
        {
          "ans": "salt",
          "pnt": 11
        },
        {
          "ans": "Ice",
          "pnt": 8
        },
        {
          "ans": "Attitude",
          "pnt": 4
        }
      ],
      "multiply": 1,
      "question": "Tell Me Something Fast-Food Employees Always Give You Too Much Of."
    },
    {
      "answers": [
        {
          "ans": "Books",
          "pnt": 41
        },
        {
          "ans": "Food",
          "pnt": 21
        },
        {
          "ans": "Beer",
          "pnt": 17
        },
        {
          "ans": "Computer",
          "pnt": 8
        },
        {
          "ans": "Tuition",
          "pnt": 3
        }
      ],
      "multiply": 2,
      "question": "Name Something Every College Freshmen Will Spend Money On"
    },
    {
      "answers": [
        {
          "ans": "Rings",
          "pnt": 54
        },
        {
          "ans": "Dress",
          "pnt": 35
        },
        {
          "ans": "Cake",
          "pnt": 23
        },
        {
          "ans": "Location",
          "pnt": 15
        },
        {
          "ans": "Date",
          "pnt": 10
        },
        {
          "ans": "Flowers",
          "pnt": 6
        },
        {
          "ans": "Menu",
          "pnt": 4
        }
      ],
      "multiply": 2,
      "question": "Most Important Thing Couple Has To Pick Out For Wedding"
    },
    {
      "answers": [
        {
          "ans": "Jewellery ",
          "pnt": 45
        },
        {
          "ans": "Trophies / Cups ",
          "pnt": 29
        },
        {
          "ans": "China / Porcelain ",
          "pnt": 19
        },
        {
          "ans": "Figurines ",
          "pnt": 12
        },
        {
          "ans": "Pictures ",
          "pnt": 8
        }
      ],
      "multiply": 2,
      "question": "Name Something That Is Displayed In A Glass Case"
    }
  ],
  "final_round": [
    {
      "answers": [
        [
          "Give Wrong Answers",
          54
        ],
        [
          "Lose Fast Money",
          23
        ],
        [
          "Yell",
          8
        ],
        [
          "Swear",
          5
        ],
        [
          "Give No Answer",
          4
        ]
      ],
      "question": "What Might You Do On Family Feud, That Makes Your Family Upset With You?"
    },
    {
      "answers": [
        [
          "Electricity ",
          55
        ],
        [
          "Council Tax ",
          36
        ],
        [
          "Rent ",
          23
        ],
        [
          "Gas ",
          15
        ],
        [
          "Child Support ",
          10
        ]
      ],
      "question": "Name A Bill You'd Be Afraid To Pay Late"
    },
    {
      "answers": [
        [
          "Elephant",
          43
        ],
        [
          "Camel",
          22
        ],
        [
          "Tiger",
          19
        ],
        [
          "Cow",
          9
        ],
        [
          "Monkey",
          4
        ]
      ],
      "question": "Tell Me An Animal You Associate With India"
    },
    {
      "answers": [
        [
          "Silent Treatment",
          38
        ],
        [
          "Fight",
          28
        ],
        [
          "Walk Away",
          17
        ],
        [
          "Cry",
          13
        ]
      ],
      "question": "Instead Of Having A Shouting Match Name Another Tactic A Person Might Use To Win A Disagreement"
    }
  ],
  "final_round_timers": [
    20,
    25
  ]
}