{
  "rounds": [
    {
      "answers": [
        {
          "ans": "Bar/Club",
          "pnt": 32
        },
        {
          "ans": "Movie Theater",
          "pnt": 19
        },
        {
          "ans": "Concert",
          "pnt": 17
        },
        {
          "ans": "Sporting Event",
          "pnt": 14
        },
        {
          "ans": "Airport",
          "pnt": 7
        },
        {
          "ans": "Fair",
          "pnt": 6
        },
        {
          "ans": "Coffee Shop",
          "pnt": 3
        }
      ],
      "multiply": 1,
      "question": "Name A Place Where Beverages Are Always Overpriced"
    },
    {
      "answers": [
        {
          "ans": "Arachnophobia",
          "pnt": 37
        },
        {
          "ans": "Agoraphobia",
          "pnt": 23
        },
        {
          "ans": "Claustrophobia",
          "pnt": 12
        },
        {
          "ans": "Germophobia",
          "pnt": 12
        }
      ],
      "multiply": 1,
      "question": "Name A Word Or Phrase That Ends In -Phobia."
    },
    {
      "answers": [
        {
          "ans": "Cheerleaders",
          "pnt": 60
        },
        {
          "ans": "Football",
          "pnt": 26
        },
        {
          "ans": "Troy Aikman",
          "pnt": 3
        },
        {
          "ans": "Champs",
          "pnt": 2
        },
        {
          "ans": "Blue Star",
          "pnt": 2
        }
      ],
      "multiply": 1,
      "question": "Name Something You Associate With The Dallas Cowboys."
    },
    {
      "answers": [
        {
          "ans": "Cat",
          "pnt": 35
        },
        {
          "ans": "Dolphin",
          "pnt": 13
        },
        {
          "ans": "Monkey",
          "pnt": 11
        },
        {
          "ans": "Bird",
          "pnt": 11
        },
        {
          "ans": "Dog",
          "pnt": 11
        },
        {
          "ans": "Whale",
          "pnt": 10
        },
        {
          "ans": "Hyena",
          "pnt": 5
        }
      ],
      "multiply": 2,
      "question": "Which Animal’s Communication Sounds A Lot Like Crying?"
    },
    {
      "answers": [
        {
          "ans": "Pittsburgh",
          "pnt": 40
        },
        {
          "ans": "Philadelphia",
          "pnt": 23
        },
        {
          "ans": "Portland",
          "pnt": 9
        },
        {
          "ans": "Phoenix",
          "pnt": 8
        },
        {
          "ans": "Pasadena",
          "pnt": 4
        },
        {
          "ans": "Pomona",
          "pnt": 4
        },
        {
          "ans": "Park City",
          "pnt": 4
        }
      ],
      "multiply": 2,
      "question": "Name a U.S. city that starts with the letter “P”."
    },
    {
      "answers": [
        {
          "ans": "Sleeping",
          "pnt": 49
        },
        {
          "ans": "Using Bathroom",
          "pnt": 32
        },
        {
          "ans": "Eating",
          "pnt": 21
        },
        {
          "ans": "Causing Trouble",
          "pnt": 14
        },
        {
          "ans": "Reading",
          "pnt": 9
        },
        {
          "ans": "Coloring",
          "pnt": 6
        },
        {
          "ans": "Watching TV",
          "pnt": 4
        }
      ],
      "multiply": 2,
      "question": "Name Something Your Toddler May Be Doing If She Is Very Quiet"
    }
  ],
  "final_round": [
    {
      "answers": [
        [
          "Garfield",
          33
        ],
        [
          "Snoopy",
          29
        ],
        [
          "Marmaduke",
          13
        ],
        [
          "Heathcliff",
          11
        ],
        [
          "Hobbes",
          11
        ]
      ],
      "question": "Name A Famous Animal From A Comic Strip."
    },
    {
      "answers": [
        [
          "To School",
          58
        ],
        [
          "To Bed",
          22
        ],
        [
          "To A Friend’s House",
          8
        ],
        [
          "To Summer Camp",
          3
        ]
      ],
      "question": "Name Somewhere That Parents Can’t Wait For Their Kids To Go"
    },
    {
      "answers": [
        [
          "Candles",
          51
        ],
        [
          "Music",
          22
        ],
        [
          "Good Lighting",
          8
        ],
        [
          "Flowers",
          5
        ]
      ],
      "question": "Name Something That’s Essential To Creating A Romantic Atmosphere At Home."
    },
    {
      "answers": [
        [
          "Stutter ",
          44
        ],
        [
          "Forgetting Lines ",
          29
        ],
        [
          "Breaking Wind ",
          19
        ]
      ],
      "question": "Name Something People Worry About When Speaking In Front Of A Group"
    }
  ],
  "final_round_timers": [
    20,
    25
  ]
}