{
  "rounds": [
    {
      "answers": [
        {
          "ans": "Sugar",
          "pnt": 66
        },
        {
          "ans": "Chocolate",
          "pnt": 16
        },
        {
          "ans": "Syrup",
          "pnt": 8
        },
        {
          "ans": "Salt",
          "pnt": 4
        }
      ],
      "multiply": 1,
      "question": "Name An Unhealthy Ingredient You Often See In Kids Cereal"
    },
    {
      "answers": [
        {
          "ans": "Florida",
          "pnt": 58
        },
        {
          "ans": "California",
          "pnt": 38
        },
        {
          "ans": "Hawaii",
          "pnt": 25
        },
        {
          "ans": "Arizona",
          "pnt": 16
        }
      ],
      "multiply": 1,
      "question": "In What State Would You Like To Retire"
    },
    {
      "answers": [
        {
          "ans": "TV ",
          "pnt": 59
        },
        {
          "ans": "Seat Belt / Belt ",
          "pnt": 38
        },
        {
          "ans": "Car Seat ",
          "pnt": 25
        },
        {
          "ans": "Bra Strap ",
          "pnt": 16
        },
        {
          "ans": "Ladder ",
          "pnt": 11
        }
      ],
      "multiply": 1,
      "question": "Name Something You Can Adjust"
    },
    {
      "answers": [
        {
          "ans": "Christams",
          "pnt": 58
        },
        {
          "ans": "Birthday",
          "pnt": 38
        },
        {
          "ans": "New Years",
          "pnt": 25
        }
      ],
      "multiply": 2,
      "question": "Tell Me A Celebration You Wish Would Last All Year"
    },
    {
      "answers": [
        {
          "ans": "Collar ",
          "pnt": 53
        },
        {
          "ans": "Food ",
          "pnt": 34
        },
        {
          "ans": "Bell ",
          "pnt": 23
        },
        {
          "ans": "Milk ",
          "pnt": 15
        }
      ],
      "multiply": 2,
      "question": "Name Something You Might Buy For A Cat"
    },
    {
      "answers": [
        {
          "ans": "Model",
          "pnt": 35
        },
        {
          "ans": "Dance",
          "pnt": 28
        },
        {
          "ans": "Walk Confidently",
          "pnt": 13
        },
        {
          "ans": "Type",
          "pnt": 13
        },
        {
          "ans": "Play Piano",
          "pnt": 5
        },
        {
          "ans": "Yoga",
          "pnt": 4
        }
      ],
      "multiply": 2,
      "question": "Name Something People Need Good Posture To Do."
    }
  ],
  "final_round": [
    {
      "answers": [
        [
          "Sleep",
          28
        ],
        [
          "Exercise",
          26
        ],
        [
          "Talk On The Phone",
          16
        ],
        [
          "Stay Up",
          12
        ],
        [
          "Watch TV",
          10
        ],
        [
          "Play Video Games",
          4
        ]
      ],
      "question": "Name Something A Teen Can Do For Longer Amounts Of Time Than Their Parents."
    },
    {
      "answers": [
        [
          "Bugs",
          31
        ],
        [
          "Wind",
          21
        ],
        [
          "Cold Weather",
          16
        ],
        [
          "Sun",
          15
        ],
        [
          "Rain",
          12
        ]
      ],
      "question": "Name Something You Might Have To Put Up With An At Outdoor Cafe That You Wouldn’t When Eating Indoors"
    },
    {
      "answers": [
        [
          "No Pool",
          56
        ],
        [
          "No View",
          36
        ],
        [
          "Dirty",
          24
        ],
        [
          "Bugs",
          16
        ],
        [
          "Not On Beach",
          10
        ],
        [
          "Closed",
          7
        ],
        [
          "No Ac",
          4
        ]
      ],
      "question": "What Would You Be Disappointed In A Hotel In Hawaii"
    },
    {
      "answers": [
        [
          "France",
          28
        ],
        [
          "Canada",
          19
        ],
        [
          "Japan",
          15
        ],
        [
          "England",
          13
        ],
        [
          "China",
          10
        ],
        [
          "India",
          6
        ],
        [
          "Italy",
          6
        ]
      ],
      "question": "Other Than The U.S., What Country Is Known For Making Films?"
    }
  ],
  "final_round_timers": [
    20,
    25
  ]
}