{
  "rounds": [
    {
      "answers": [
        {
          "ans": "Can Fly",
          "pnt": 38
        },
        {
          "ans": "Wears Cape",
          "pnt": 26
        },
        {
          "ans": "No Kryptonite",
          "pnt": 14
        },
        {
          "ans": "Has Xray Vision",
          "pnt": 8
        },
        {
          "ans": "Strong",
          "pnt": 6
        },
        {
          "ans": "Hero",
          "pnt": 4
        }
      ],
      "multiply": 1,
      "question": "What Might You See In A Personals Ad That Would Make You Think It Was Placed By Superman?"
    },
    {
      "answers": [
        {
          "ans": "Doors Slammed In Face",
          "pnt": 35
        },
        {
          "ans": "No Sales",
          "pnt": 14
        },
        {
          "ans": "Too  Much Walking",
          "pnt": 14
        },
        {
          "ans": "Feel Hurt",
          "pnt": 10
        },
        {
          "ans": "No One Answers Door",
          "pnt": 8
        },
        {
          "ans": "Rude People",
          "pnt": 7
        },
        {
          "ans": "Rejection",
          "pnt": 5
        }
      ],
      "multiply": 1,
      "question": "Name A Complaint A Door-To-Door Salesperson Might Have"
    },
    {
      "answers": [
        {
          "ans": "Weather",
          "pnt": 33
        },
        {
          "ans": "Prices",
          "pnt": 26
        },
        {
          "ans": "Where To Stay",
          "pnt": 25
        },
        {
          "ans": "Attractions",
          "pnt": 5
        }
      ],
      "multiply": 1,
      "question": "Name Something A Vacation Brochure Tells You About A Destination"
    },
    {
      "answers": [
        {
          "ans": "TV",
          "pnt": 35
        },
        {
          "ans": "Clock",
          "pnt": 20
        },
        {
          "ans": "Canara",
          "pnt": 19
        },
        {
          "ans": "MP3/Music",
          "pnt": 14
        },
        {
          "ans": "Phone",
          "pnt": 10
        }
      ],
      "multiply": 2,
      "question": "Name The Best Thing That Is Now Available Digital, But Hasn’t Always Been"
    },
    {
      "answers": [
        {
          "ans": "Water Pistol ",
          "pnt": 43
        },
        {
          "ans": "Spray Bottle ",
          "pnt": 28
        },
        {
          "ans": "Ketchup ",
          "pnt": 18
        },
        {
          "ans": "Plunger ",
          "pnt": 12
        },
        {
          "ans": "Shampoo ",
          "pnt": 8
        }
      ],
      "multiply": 2,
      "question": "Name Something That Squirts"
    },
    {
      "answers": [
        {
          "ans": "Sports",
          "pnt": 45
        },
        {
          "ans": "Music",
          "pnt": 29
        },
        {
          "ans": "Dance Class",
          "pnt": 19
        },
        {
          "ans": "Theatre",
          "pnt": 12
        },
        {
          "ans": "Martial Arts",
          "pnt": 8
        }
      ],
      "multiply": 2,
      "question": "Extracurricular Activity Parent Says Is Good For Child"
    }
  ],
  "final_round": [
    {
      "answers": [
        [
          "Missing Piece",
          46
        ],
        [
          "Time",
          33
        ],
        [
          "Difficulty",
          7
        ],
        [
          "Kids",
          6
        ],
        [
          "Boredom",
          5
        ]
      ],
      "question": "Name Something That Keeps You From Finishing A Jigsaw Puzzle."
    },
    {
      "answers": [
        [
          "Cookies",
          58
        ],
        [
          "Ginger Ale",
          12
        ],
        [
          "Pumpkin Pie",
          10
        ],
        [
          "Tea",
          7
        ],
        [
          "Ginger chicken",
          6
        ],
        [
          "Carrot Cake",
          2
        ]
      ],
      "question": "Name Something Made with Ginger"
    },
    {
      "answers": [
        [
          "Grand Canyon",
          36
        ],
        [
          "Statue Of Liberty",
          25
        ],
        [
          "White House",
          11
        ],
        [
          "Eiffel Tower",
          8
        ],
        [
          "Egyptian Pyramids",
          8
        ],
        [
          "Great Wall Of China",
          5
        ],
        [
          "Mount Rushmore",
          4
        ]
      ],
      "question": "If You Were An Earth Tour Guide, Which Landmarks Would You Show To An Alien?"
    },
    {
      "answers": [
        [
          "Football ",
          53
        ],
        [
          "Tennis ",
          34
        ],
        [
          "Squash ",
          23
        ],
        [
          "Badminton ",
          15
        ],
        [
          "Volleyball ",
          10
        ],
        [
          "Cycling ",
          6
        ]
      ],
      "question": "Name A Sport In Which People Wear Shorts"
    }
  ],
  "final_round_timers": [
    20,
    25
  ]
}