{
  "rounds": [
    {
      "answers": [
        {
          "ans": "Sewing ",
          "pnt": 54
        },
        {
          "ans": "Knitting ",
          "pnt": 35
        },
        {
          "ans": "Injection ",
          "pnt": 23
        }
      ],
      "multiply": 1,
      "question": "Name Something You Might Use A Needle For"
    },
    {
      "answers": [
        {
          "ans": "Toys",
          "pnt": 48
        },
        {
          "ans": "Bed",
          "pnt": 28
        },
        {
          "ans": "Hairstyle",
          "pnt": 13
        },
        {
          "ans": "Bike",
          "pnt": 5
        },
        {
          "ans": "Habits",
          "pnt": 5
        }
      ],
      "multiply": 1,
      "question": "Other Than Clothes, Name Something A Kid Might Outgrow"
    },
    {
      "answers": [
        {
          "ans": "Corkscrew",
          "pnt": 22
        },
        {
          "ans": "Screw Driver",
          "pnt": 14
        },
        {
          "ans": "Scissors",
          "pnt": 13
        },
        {
          "ans": "Can Opener",
          "pnt": 11
        },
        {
          "ans": "Bottle Opener",
          "pnt": 7
        },
        {
          "ans": "Nail File",
          "pnt": 5
        }
      ],
      "multiply": 1,
      "question": "Besides The Blade, Name Something You’d Find On A Swiss Army Knife"
    },
    {
      "answers": [
        {
          "ans": "Tea",
          "pnt": 47
        },
        {
          "ans": "Soda",
          "pnt": 24
        },
        {
          "ans": "Alcohol",
          "pnt": 14
        },
        {
          "ans": "Water",
          "pnt": 8
        },
        {
          "ans": "Juice",
          "pnt": 7
        }
      ],
      "multiply": 2,
      "question": "Name A Drink People Put Ice In."
    },
    {
      "answers": [
        {
          "ans": "Wedding",
          "pnt": 46
        },
        {
          "ans": "Prayer Service",
          "pnt": 15
        },
        {
          "ans": "Baptism",
          "pnt": 12
        },
        {
          "ans": "Bible Studies",
          "pnt": 10
        },
        {
          "ans": "Holy Communion",
          "pnt": 5
        },
        {
          "ans": "Concert",
          "pnt": 4
        }
      ],
      "multiply": 2,
      "question": "Name An Event That Takes Place At A Church"
    },
    {
      "answers": [
        {
          "ans": "Work",
          "pnt": 27
        },
        {
          "ans": "TV",
          "pnt": 20
        },
        {
          "ans": "Traffic",
          "pnt": 12
        },
        {
          "ans": "Bills",
          "pnt": 12
        },
        {
          "ans": "Telephone",
          "pnt": 10
        },
        {
          "ans": "People",
          "pnt": 8
        },
        {
          "ans": "Housework",
          "pnt": 5
        }
      ],
      "multiply": 2,
      "question": "Name Something You Wouldn’t Miss About Daily Life If You Were Stranded On A Desert Island."
    }
  ],
  "final_round": [
    {
      "answers": [
        [
          "Music ",
          47
        ],
        [
          "Strings ",
          31
        ],
        [
          "A Bow ",
          20
        ],
        [
          "Player ",
          13
        ],
        [
          "Orchestra ",
          8
        ]
      ],
      "question": "Name Something You Associate With The Violin"
    },
    {
      "answers": [
        [
          "Holds Your hand",
          28
        ],
        [
          "kisses You",
          25
        ],
        [
          "Smiling",
          21
        ],
        [
          "Arm Around You",
          12
        ],
        [
          "Move Closer",
          7
        ],
        [
          "Looking At You",
          5
        ]
      ],
      "question": "When Sitting Close To A Date, What Clue Might They Give That They Like "
    },
    {
      "answers": [
        [
          "Chair ",
          48
        ],
        [
          "Wardrobe ",
          31
        ],
        [
          "Cupboard ",
          20
        ]
      ],
      "question": "Name A Piece Of Furniture That Is Often Made From Wood"
    },
    {
      "answers": [
        [
          "Latte",
          42
        ],
        [
          "Mocha",
          27
        ],
        [
          "Cappuchino",
          18
        ],
        [
          "Espresso",
          12
        ]
      ],
      "question": "Name A Coffee Drink That’s Easy To Mispronounce"
    }
  ],
  "final_round_timers": [
    20,
    25
  ]
}