{
  "rounds": [
    {
      "answers": [
        {
          "ans": "Wink ",
          "pnt": 42
        },
        {
          "ans": "Eye Contact ",
          "pnt": 27
        },
        {
          "ans": "Chat Up Line ",
          "pnt": 18
        },
        {
          "ans": "Smile ",
          "pnt": 12
        },
        {
          "ans": "Buy A Drink ",
          "pnt": 7
        },
        {
          "ans": "Get Phone Number ",
          "pnt": 5
        }
      ],
      "multiply": 1,
      "question": "Name A Way You Can Tell That Someone Fancies You"
    },
    {
      "answers": [
        {
          "ans": "French Fries",
          "pnt": 52
        },
        {
          "ans": "Burger",
          "pnt": 36
        },
        {
          "ans": "Milkshake",
          "pnt": 5
        },
        {
          "ans": "Chicken Nuggets",
          "pnt": 4
        }
      ],
      "multiply": 1,
      "question": "Name Something You Only Consume When You Go To A Fast Food Restaurant."
    },
    {
      "answers": [
        {
          "ans": "I Have To Go Pee Pee",
          "pnt": 60
        },
        {
          "ans": "I Have To Go Potty",
          "pnt": 25
        },
        {
          "ans": "Poo Poo",
          "pnt": 6
        },
        {
          "ans": "Got To Go Tinkle",
          "pnt": 4
        }
      ],
      "multiply": 1,
      "question": "Name An Expression Little Kids Use When They Have To Go To The Bathroom."
    },
    {
      "answers": [
        {
          "ans": "Napkin",
          "pnt": 75
        },
        {
          "ans": "Paper Towel",
          "pnt": 8
        },
        {
          "ans": "Handkerchief",
          "pnt": 5
        },
        {
          "ans": "Tissue",
          "pnt": 5
        },
        {
          "ans": "Sleeve",
          "pnt": 2
        },
        {
          "ans": "Wash Cloth",
          "pnt": 2
        }
      ],
      "multiply": 2,
      "question": "Name Something A Person Uses To Wipe Their Mouth With."
    },
    {
      "answers": [
        {
          "ans": "Pain Reliever",
          "pnt": 26
        },
        {
          "ans": "Lay Down",
          "pnt": 22
        },
        {
          "ans": "Massage",
          "pnt": 16
        },
        {
          "ans": "Heating Pad",
          "pnt": 14
        },
        {
          "ans": "Chiropractor",
          "pnt": 10
        },
        {
          "ans": "Bengay",
          "pnt": 6
        }
      ],
      "multiply": 2,
      "question": "Name Something People Do To Cure An Aching Back."
    },
    {
      "answers": [
        {
          "ans": "Population",
          "pnt": 49
        },
        {
          "ans": "State Flower",
          "pnt": 26
        },
        {
          "ans": "State Bird",
          "pnt": 16
        },
        {
          "ans": "Size",
          "pnt": 6
        }
      ],
      "multiply": 2,
      "question": "Name A Fact That Most Residents Don’t Know About Their Own State"
    }
  ],
  "final_round": [
    {
      "answers": [
        [
          "Cutting Onions ",
          58
        ],
        [
          "Crying ",
          38
        ],
        [
          "Punch On Nose ",
          25
        ],
        [
          "Laughing ",
          16
        ]
      ],
      "question": "Name Something That Makes Your Eyes Water"
    },
    {
      "answers": [
        [
          "Noise",
          52
        ],
        [
          "Dog",
          34
        ],
        [
          "Yard",
          22
        ]
      ],
      "question": "Name A Complaint Next-Door Neighbor Might Approach With"
    },
    {
      "answers": [
        [
          "Boat / Ship ",
          46
        ],
        [
          "Popeye ",
          30
        ],
        [
          "Butter ",
          20
        ]
      ],
      "question": "Name Something Associated With An Anchor"
    },
    {
      "answers": [
        [
          "Soup",
          62
        ],
        [
          "Spaghetti",
          27
        ],
        [
          "Cereal",
          4
        ],
        [
          "Ice Cream",
          3
        ],
        [
          "Jell O",
          3
        ]
      ],
      "question": "Tell Me A Food That People Often Slurp While Eating"
    }
  ],
  "final_round_timers": [
    20,
    25
  ]
}