{
  "rounds": [
    {
      "answers": [
        {
          "ans": "Front Garden ",
          "pnt": 59
        },
        {
          "ans": "Fence ",
          "pnt": 38
        },
        {
          "ans": "Hedge / Plant ",
          "pnt": 25
        },
        {
          "ans": "Gate ",
          "pnt": 16
        },
        {
          "ans": "Bailiffs ",
          "pnt": 11
        }
      ],
      "multiply": 1,
      "question": "Name Something You Might See In Front Of A House"
    },
    {
      "answers": [
        {
          "ans": "Bingo",
          "pnt": 58
        },
        {
          "ans": "Visitors",
          "pnt": 38
        },
        {
          "ans": "Playing Cards",
          "pnt": 25
        },
        {
          "ans": "Meals",
          "pnt": 16
        },
        {
          "ans": "Crafts",
          "pnt": 11
        }
      ],
      "multiply": 1,
      "question": "Activity Nursing Home Residents Look Forward To"
    },
    {
      "answers": [
        {
          "ans": "Lawn Mower",
          "pnt": 42
        },
        {
          "ans": "Hoe",
          "pnt": 26
        },
        {
          "ans": "Shovel",
          "pnt": 8
        },
        {
          "ans": "Hose",
          "pnt": 7
        },
        {
          "ans": "Rake",
          "pnt": 6
        },
        {
          "ans": "Edger",
          "pnt": 4
        }
      ],
      "multiply": 1,
      "question": "Name Something A Gardener Might Use On The Job."
    },
    {
      "answers": [
        {
          "ans": "Shoes",
          "pnt": 49
        },
        {
          "ans": "Shirt",
          "pnt": 14
        },
        {
          "ans": "Jewelery",
          "pnt": 12
        },
        {
          "ans": "Bra",
          "pnt": 9
        },
        {
          "ans": "Underware",
          "pnt": 7
        }
      ],
      "multiply": 2,
      "question": "We Asked 100 Women:Which Accessory Or Piece Of Clothing Do You Buy Most Often?"
    },
    {
      "answers": [
        {
          "ans": "Make Pie",
          "pnt": 45
        },
        {
          "ans": "Smash It",
          "pnt": 29
        },
        {
          "ans": "Throw It Away",
          "pnt": 19
        },
        {
          "ans": "Roast Seeds",
          "pnt": 12
        }
      ],
      "multiply": 2,
      "question": "Name Something You Can Do With A Pumpkin"
    },
    {
      "answers": [
        {
          "ans": "Photo Doesn’t Match",
          "pnt": 57
        },
        {
          "ans": "Made Up Name",
          "pnt": 28
        },
        {
          "ans": "Expired Date",
          "pnt": 10
        },
        {
          "ans": "No Seal",
          "pnt": 3
        }
      ],
      "multiply": 2,
      "question": "How Could You Tell That Someone’s ID Is Fake?"
    }
  ],
  "final_round": [
    {
      "answers": [
        [
          "Razor ",
          42
        ],
        [
          "Shaving Cream ",
          27
        ],
        [
          "Brush ",
          18
        ],
        [
          "Whiskers / Beard ",
          12
        ],
        [
          "Water ",
          7
        ]
      ],
      "question": "Name Something You Need For Shaving"
    },
    {
      "answers": [
        [
          "Trees",
          41
        ],
        [
          "Vehicles",
          26
        ],
        [
          "Fields",
          9
        ],
        [
          "Cows",
          8
        ],
        [
          "Road",
          6
        ],
        [
          "Billboards",
          4
        ],
        [
          "Mountains",
          3
        ]
      ],
      "question": "Name Something You See A Lot Of When You Look Out The Window On A Long Car Ride."
    },
    {
      "answers": [
        [
          "Parade",
          65
        ],
        [
          "Sunbathing",
          11
        ],
        [
          "Yard Sale",
          7
        ],
        [
          "Throwing Them Out",
          4
        ]
      ],
      "question": "Name A Reason People Might Put Lawnchairs On The Sidewalk"
    },
    {
      "answers": [
        [
          "Toys",
          38
        ],
        [
          "Trash",
          28
        ],
        [
          "Car Seats",
          15
        ],
        [
          "Food/Drink",
          13
        ],
        [
          "Spills",
          4
        ]
      ],
      "question": "What Do People Start Having More Of In Their Car Once They Have Kids?"
    }
  ],
  "final_round_timers": [
    20,
    25
  ]
}