{
  "rounds": [
    {
      "answers": [
        {
          "ans": "Make Pie",
          "pnt": 52
        },
        {
          "ans": "Smash It",
          "pnt": 34
        },
        {
          "ans": "Throw It Away",
          "pnt": 22
        },
        {
          "ans": "Toast Seeds",
          "pnt": 14
        },
        {
          "ans": "Make Soup",
          "pnt": 9
        }
      ],
      "multiply": 1,
      "question": "Name Something You Can Do With A Pumpkin Once Halloween Is Over"
    },
    {
      "answers": [
        {
          "ans": "Vanilla",
          "pnt": 28
        },
        {
          "ans": "Pine",
          "pnt": 18
        },
        {
          "ans": "Strawberry",
          "pnt": 15
        },
        {
          "ans": "Cinnamon",
          "pnt": 13
        },
        {
          "ans": "Lemon",
          "pnt": 10
        },
        {
          "ans": "Spice",
          "pnt": 7
        }
      ],
      "multiply": 1,
      "question": "Name A Popular Air Freshener Scent"
    },
    {
      "answers": [
        {
          "ans": "Rainbow",
          "pnt": 42
        },
        {
          "ans": "Sun",
          "pnt": 37
        },
        {
          "ans": "Worms",
          "pnt": 16
        },
        {
          "ans": "Bugs",
          "pnt": 3
        }
      ],
      "multiply": 1,
      "question": "Name Something That Comes After It’s Been Raining"
    },
    {
      "answers": [
        {
          "ans": "Purse / Wallet ",
          "pnt": 49
        },
        {
          "ans": "A Bank ",
          "pnt": 32
        },
        {
          "ans": "Pocket ",
          "pnt": 21
        },
        {
          "ans": "Sofa ",
          "pnt": 14
        },
        {
          "ans": "Amusement Arcade ",
          "pnt": 9
        }
      ],
      "multiply": 2,
      "question": "Name A Place Where You Might Find Coins"
    },
    {
      "answers": [
        {
          "ans": "Thanksgiving",
          "pnt": 38
        },
        {
          "ans": "Birthday Party",
          "pnt": 23
        },
        {
          "ans": "Wedding",
          "pnt": 22
        },
        {
          "ans": "Christmas",
          "pnt": 12
        }
      ],
      "multiply": 2,
      "question": "Name An event You Might Have A Lot Of Leftovers From"
    },
    {
      "answers": [
        {
          "ans": "The Stork",
          "pnt": 56
        },
        {
          "ans": "Heaven",
          "pnt": 16
        },
        {
          "ans": "A Cabbage Patch",
          "pnt": 7
        },
        {
          "ans": "Mom’s Tummy",
          "pnt": 7
        },
        {
          "ans": "The Hospital",
          "pnt": 6
        },
        {
          "ans": "Santa Clause",
          "pnt": 3
        }
      ],
      "multiply": 2,
      "question": "Where Do Many Kids Think That Babies Come From?"
    }
  ],
  "final_round": [
    {
      "answers": [
        [
          "Conceited",
          27
        ],
        [
          "Arrogant",
          19
        ],
        [
          "Cocky",
          17
        ],
        [
          "Stuck Up",
          15
        ],
        [
          "Snob",
          9
        ],
        [
          "Vain",
          5
        ],
        [
          "Egotistical",
          5
        ]
      ],
      "question": "Name A Term For Someone Who Thinks Very Highly Of Himself"
    },
    {
      "answers": [
        [
          "Cake",
          34
        ],
        [
          "Cookies",
          29
        ],
        [
          "Sandwich/Bread",
          20
        ],
        [
          "Pancakes",
          14
        ]
      ],
      "question": "Name A Type Of Food That Could Most Easily Be Turned Into A Heart-Shape For Valentine’s Day."
    },
    {
      "answers": [
        [
          "Carpenter ",
          56
        ],
        [
          "Secretary / Typist ",
          36
        ],
        [
          "Masseuse ",
          24
        ],
        [
          "Physiotherapist ",
          16
        ],
        [
          "Doctor ",
          10
        ]
      ],
      "question": "Name A Profession For Someone Good With Their Hands"
    },
    {
      "answers": [
        [
          "Park",
          68
        ],
        [
          "Beach",
          11
        ],
        [
          "Roadside",
          8
        ],
        [
          "Yard",
          7
        ],
        [
          "Schoolyard",
          3
        ]
      ],
      "question": "Name A Place Where You Hate To See Litter"
    }
  ],
  "final_round_timers": [
    20,
    25
  ]
}