{
  "rounds": [
    {
      "answers": [
        {
          "ans": "Alley",
          "pnt": 37
        },
        {
          "ans": "Graveyard",
          "pnt": 16
        },
        {
          "ans": "Woods",
          "pnt": 16
        },
        {
          "ans": "Park",
          "pnt": 16
        },
        {
          "ans": "Home",
          "pnt": 12
        }
      ],
      "multiply": 1,
      "question": "Name A Place You Would’t Want To Be Alone At Night"
    },
    {
      "answers": [
        {
          "ans": "Free Animals",
          "pnt": 31
        },
        {
          "ans": "Don’t Feed Animals",
          "pnt": 30
        },
        {
          "ans": "Animal Cruelty",
          "pnt": 13
        },
        {
          "ans": "Sleep On Job",
          "pnt": 12
        },
        {
          "ans": "Show Up Late",
          "pnt": 11
        }
      ],
      "multiply": 1,
      "question": "Name A Specific Reason You’d Get Fired From Your Job As A Zookeeper"
    },
    {
      "answers": [
        {
          "ans": "Themselves",
          "pnt": 42
        },
        {
          "ans": "Oceans",
          "pnt": 24
        },
        {
          "ans": "Tall Buildings",
          "pnt": 11
        },
        {
          "ans": "Landmarks",
          "pnt": 7
        },
        {
          "ans": "Trees",
          "pnt": 4
        }
      ],
      "multiply": 1,
      "question": "Name Something People Take lots Of Photos Of During A Vacation. Be Specific."
    },
    {
      "answers": [
        {
          "ans": "Wax",
          "pnt": 29
        },
        {
          "ans": "Sticker",
          "pnt": 28
        },
        {
          "ans": "License Plate",
          "pnt": 15
        },
        {
          "ans": "Cover",
          "pnt": 15
        },
        {
          "ans": "Antenna",
          "pnt": 5
        }
      ],
      "multiply": 2,
      "question": "Name Something People Put On The Outside Of Their Car."
    },
    {
      "answers": [
        {
          "ans": "Make Up",
          "pnt": 37
        },
        {
          "ans": "Period",
          "pnt": 29
        },
        {
          "ans": "Fashion",
          "pnt": 12
        },
        {
          "ans": "Cooking",
          "pnt": 10
        },
        {
          "ans": "Pregnancy",
          "pnt": 10
        }
      ],
      "multiply": 2,
      "question": "What Topic Would You See In A Women’s Magazine That’s Never In A Men’s Magazine?"
    },
    {
      "answers": [
        {
          "ans": "Beach",
          "pnt": 52
        },
        {
          "ans": "Pool",
          "pnt": 34
        },
        {
          "ans": "Dance Club",
          "pnt": 22
        },
        {
          "ans": "Spa",
          "pnt": 14
        }
      ],
      "multiply": 2,
      "question": "If You Wanted To See Date In Less Clothing, Where Go?"
    }
  ],
  "final_round": [
    {
      "answers": [
        [
          "Balloon",
          50
        ],
        [
          "Tire",
          33
        ],
        [
          "Raft",
          21
        ],
        [
          "Air Mattress",
          14
        ],
        [
          "Beach Ball",
          9
        ],
        [
          "Ego",
          6
        ]
      ],
      "question": "Name Something You Might Inflate"
    },
    {
      "answers": [
        [
          "Banana",
          33
        ],
        [
          "Garlic",
          25
        ],
        [
          "Cinnamon Raisin",
          19
        ],
        [
          "Cornbread",
          11
        ],
        [
          "Pumpkin/Zucchini",
          6
        ]
      ],
      "question": "What Kind Of Bread Would Be Horrible For Making A Sandwich?"
    },
    {
      "answers": [
        [
          "Bathroom",
          42
        ],
        [
          "Nor Feeling Well",
          27
        ],
        [
          "Need A Drink",
          18
        ],
        [
          "Phone Call",
          12
        ]
      ],
      "question": "Name An Excuse People Use At A Party To Get Away From A Boring Person."
    },
    {
      "answers": [
        [
          "5th",
          35
        ],
        [
          "1st",
          24
        ],
        [
          "6th",
          14
        ],
        [
          "4th",
          8
        ],
        [
          "7th",
          7
        ],
        [
          "2nd",
          4
        ],
        [
          "3rd",
          4
        ]
      ],
      "question": "What Grade Were You In School When You Developed Your First Crush?"
    }
  ],
  "final_round_timers": [
    20,
    25
  ]
}