{
  "rounds": [
    {
      "answers": [
        {
          "ans": "E Mail",
          "pnt": 40
        },
        {
          "ans": "Computer",
          "pnt": 23
        },
        {
          "ans": "Bank Account",
          "pnt": 20
        },
        {
          "ans": "Credit Card",
          "pnt": 7
        },
        {
          "ans": "Voice Mail",
          "pnt": 4
        }
      ],
      "multiply": 1,
      "question": "Name Something You Might Know Your Partner’s Password For"
    },
    {
      "answers": [
        {
          "ans": "Pool",
          "pnt": 49
        },
        {
          "ans": "Ball",
          "pnt": 28
        },
        {
          "ans": "Swimsuit",
          "pnt": 12
        },
        {
          "ans": "Net",
          "pnt": 4
        },
        {
          "ans": "Goggles",
          "pnt": 2
        }
      ],
      "multiply": 1,
      "question": "Name Something You’d Need If You Wanted To Play A Game Of Water Polo."
    },
    {
      "answers": [
        {
          "ans": "Paycheck",
          "pnt": 52
        },
        {
          "ans": "Package",
          "pnt": 18
        },
        {
          "ans": "Birthday Cards",
          "pnt": 15
        },
        {
          "ans": "Letters",
          "pnt": 13
        }
      ],
      "multiply": 1,
      "question": "Name Something You Look Forward To Getting In The Mail."
    },
    {
      "answers": [
        {
          "ans": "Tails",
          "pnt": 22
        },
        {
          "ans": "Nine Lives",
          "pnt": 21
        },
        {
          "ans": "Fur",
          "pnt": 19
        },
        {
          "ans": "Whiskers",
          "pnt": 13
        },
        {
          "ans": "4 Feet",
          "pnt": 12
        },
        {
          "ans": "Claws",
          "pnt": 6
        }
      ],
      "multiply": 2,
      "question": "Name Something Cats Have That People Don’t"
    },
    {
      "answers": [
        {
          "ans": "Pedals",
          "pnt": 25
        },
        {
          "ans": "seat",
          "pnt": 23
        },
        {
          "ans": "Wheels",
          "pnt": 21
        },
        {
          "ans": "Handlebars",
          "pnt": 12
        },
        {
          "ans": "Chain",
          "pnt": 12
        },
        {
          "ans": "Bell",
          "pnt": 3
        },
        {
          "ans": "Brakes",
          "pnt": 3
        }
      ],
      "multiply": 2,
      "question": "Tell Me A Part Of A Bicycle That Would Be Tough To Ride Without."
    },
    {
      "answers": [
        {
          "ans": "French Fries",
          "pnt": 24
        },
        {
          "ans": "Chicken",
          "pnt": 19
        },
        {
          "ans": "Hamburger",
          "pnt": 17
        },
        {
          "ans": "Cheese",
          "pnt": 10
        },
        {
          "ans": "Sandwich",
          "pnt": 8
        },
        {
          "ans": "Pizza",
          "pnt": 8
        },
        {
          "ans": "Chips",
          "pnt": 8
        }
      ],
      "multiply": 2,
      "question": "Name A Food You Eat With Your Fingers"
    }
  ],
  "final_round": [
    {
      "answers": [
        [
          "Blood/Injury",
          42
        ],
        [
          "Finances",
          2
        ],
        [
          "Your Weight",
          16
        ],
        [
          "Grades",
          10
        ],
        [
          "Scary Movie",
          7
        ]
      ],
      "question": "Name Something You Take A Deep Breath Before Looking At"
    },
    {
      "answers": [
        [
          "Builder ",
          45
        ],
        [
          "Policeman ",
          29
        ],
        [
          "Fireman ",
          19
        ],
        [
          "Beefeater ",
          12
        ]
      ],
      "question": "Name An Occupation Where You Have To Wear A Hat"
    },
    {
      "answers": [
        [
          "Read A Magazine",
          77
        ],
        [
          "Watch TV",
          9
        ],
        [
          "Sleep",
          8
        ],
        [
          "Eat",
          2
        ],
        [
          "Watch A Clock",
          2
        ],
        [
          "Talk",
          2
        ]
      ],
      "question": "Name Something People Do While They’re Waiting For The Doctor."
    },
    {
      "answers": [
        [
          "Pilot",
          31
        ],
        [
          "Doctor",
          25
        ],
        [
          "Driver",
          21
        ],
        [
          "Umpire",
          16
        ],
        [
          "Police Officer",
          7
        ]
      ],
      "question": "Name A Job Where You’d Need Great Vision."
    }
  ],
  "final_round_timers": [
    20,
    25
  ]
}