{
  "rounds": [
    {
      "answers": [
        {
          "ans": "Watergate",
          "pnt": 41
        },
        {
          "ans": "Resigned",
          "pnt": 28
        },
        {
          "ans": "I Am Not A Crook",
          "pnt": 8
        },
        {
          "ans": "Went To China",
          "pnt": 8
        },
        {
          "ans": "Checkers Speech",
          "pnt": 8
        }
      ],
      "multiply": 1,
      "question": "Name Something People Know About Richard Nixon"
    },
    {
      "answers": [
        {
          "ans": "Belt ",
          "pnt": 58
        },
        {
          "ans": "Hand Bag ",
          "pnt": 38
        },
        {
          "ans": "Shoe ",
          "pnt": 25
        }
      ],
      "multiply": 1,
      "question": "Name Something That Has A Buckle"
    },
    {
      "answers": [
        {
          "ans": "Sing",
          "pnt": 56
        },
        {
          "ans": "Dance",
          "pnt": 10
        },
        {
          "ans": "Yell",
          "pnt": 10
        },
        {
          "ans": "Tour",
          "pnt": 9
        },
        {
          "ans": "Jump",
          "pnt": 7
        }
      ],
      "multiply": 1,
      "question": "Name Something Mick Jagger Does A Lot"
    },
    {
      "answers": [
        {
          "ans": "Beans",
          "pnt": 57
        },
        {
          "ans": "Cheese",
          "pnt": 18
        },
        {
          "ans": "Meat",
          "pnt": 13
        },
        {
          "ans": "Crackers",
          "pnt": 10
        }
      ],
      "multiply": 2,
      "question": "Name Something That Chili May Come With Or Without."
    },
    {
      "answers": [
        {
          "ans": "Tasmanian Devil",
          "pnt": 33
        },
        {
          "ans": "Mickey Mouse",
          "pnt": 23
        },
        {
          "ans": "Bugs Bunny",
          "pnt": 21
        },
        {
          "ans": "Pepe Le Pew",
          "pnt": 7
        },
        {
          "ans": "Road Runner",
          "pnt": 6
        },
        {
          "ans": "Wile E Coyote",
          "pnt": 4
        }
      ],
      "multiply": 2,
      "question": "Name A Famous Cartoon Animal That You Wouldn’t Want In Your House If It Was Real."
    },
    {
      "answers": [
        {
          "ans": "God",
          "pnt": 51
        },
        {
          "ans": "Fans",
          "pnt": 16
        },
        {
          "ans": "Parents",
          "pnt": 15
        },
        {
          "ans": "Partner",
          "pnt": 6
        },
        {
          "ans": "Producer",
          "pnt": 5
        },
        {
          "ans": "Director",
          "pnt": 3
        }
      ],
      "multiply": 2,
      "question": "Who Do Many Celebrities Thank After A Win At An Awards Show?"
    }
  ],
  "final_round": [
    {
      "answers": [
        [
          "Mask",
          58
        ],
        [
          "Gloves",
          13
        ],
        [
          "Wig",
          10
        ],
        [
          "Hat",
          8
        ],
        [
          "Sunglasses",
          5
        ]
      ],
      "question": "What Might A Bankrobber Wear In Order To Keep His Identity A Secret?"
    },
    {
      "answers": [
        [
          "Feed It",
          46
        ],
        [
          "Fight It",
          27
        ],
        [
          "Pet It",
          14
        ],
        [
          "Approach It",
          11
        ]
      ],
      "question": "If You Run Into A Bear In The Woods, Name Something You Should Not Do."
    },
    {
      "answers": [
        [
          "Brad Pitt",
          57
        ],
        [
          "Tom Cruise",
          13
        ],
        [
          "Geoge Clooney",
          12
        ],
        [
          "Zac Efron",
          4
        ],
        [
          "Mel Gibson",
          4
        ]
      ],
      "question": "Which Actor Do You Think Gets The Most Love Letters?"
    },
    {
      "answers": [
        [
          "WEDDING",
          27
        ],
        [
          "DATING",
          21
        ],
        [
          "JOB INTERVIEW",
          16
        ],
        [
          "DOCTOR’S APPT",
          13
        ],
        [
          "PUBLIC SPEAKING",
          12
        ],
        [
          "TAKING A TEST",
          6
        ]
      ],
      "question": "Tell Me A Situation That Makes Just About Everyone Nervous"
    }
  ],
  "final_round_timers": [
    20,
    25
  ]
}