{
  "rounds": [
    {
      "answers": [
        {
          "ans": "Hiccups",
          "pnt": 30
        },
        {
          "ans": "Coughing/Choking",
          "pnt": 21
        },
        {
          "ans": "Pass Gass",
          "pnt": 19
        },
        {
          "ans": "Sneezing Fit",
          "pnt": 13
        },
        {
          "ans": "Bloody Nose",
          "pnt": 12
        }
      ],
      "multiply": 1,
      "question": "Name A Minor Ailment You Can’t Stop Your Body From Doing, But Would Dread Having Happen At Your Wedding Ceremony."
    },
    {
      "answers": [
        {
          "ans": "Vacuumming",
          "pnt": 61
        },
        {
          "ans": "Dishes",
          "pnt": 16
        },
        {
          "ans": "Laundry",
          "pnt": 10
        },
        {
          "ans": "Mowing lawn",
          "pnt": 9
        }
      ],
      "multiply": 1,
      "question": "Name a specific chore that you cannot do without making a lot of noise."
    },
    {
      "answers": [
        {
          "ans": "Library",
          "pnt": 36
        },
        {
          "ans": "Bedroom",
          "pnt": 26
        },
        {
          "ans": "Bathroom",
          "pnt": 15
        },
        {
          "ans": "Park",
          "pnt": 9
        },
        {
          "ans": "Church",
          "pnt": 7
        },
        {
          "ans": "Beach",
          "pnt": 3
        },
        {
          "ans": "Spa",
          "pnt": 3
        }
      ],
      "multiply": 1,
      "question": "Where Do You Go,Specifically,To Find Peace And Quiet?"
    },
    {
      "answers": [
        {
          "ans": "Seeds ",
          "pnt": 48
        },
        {
          "ans": "Yellow ",
          "pnt": 31
        },
        {
          "ans": "Sun ",
          "pnt": 20
        },
        {
          "ans": "Oil ",
          "pnt": 13
        },
        {
          "ans": "Field ",
          "pnt": 9
        }
      ],
      "multiply": 2,
      "question": "Name Something Associated With Sunflowers"
    },
    {
      "answers": [
        {
          "ans": "Rock’n Roll",
          "pnt": 26
        },
        {
          "ans": "Hair ",
          "pnt": 19
        },
        {
          "ans": "Graceland",
          "pnt": 16
        },
        {
          "ans": "Blue Suede Shoes",
          "pnt": 15
        },
        {
          "ans": "Dancing Hips",
          "pnt": 12
        },
        {
          "ans": "Fashion Sense",
          "pnt": 5
        }
      ],
      "multiply": 2,
      "question": "Name Something You Associate With Elvis Presley."
    },
    {
      "answers": [
        {
          "ans": "Tiger ",
          "pnt": 40
        },
        {
          "ans": "Zebra ",
          "pnt": 26
        },
        {
          "ans": "Cat ",
          "pnt": 17
        }
      ],
      "multiply": 2,
      "question": "Name A Stripey Animal"
    }
  ],
  "final_round": [
    {
      "answers": [
        [
          "Water",
          44
        ],
        [
          "Soap",
          26
        ],
        [
          "Ring",
          13
        ],
        [
          "Rubber Duck",
          10
        ],
        [
          "Bubbles",
          5
        ],
        [
          "Shampoo",
          2
        ]
      ],
      "question": "Name Something You Might See In A Bathtub"
    },
    {
      "answers": [
        [
          "Car ",
          47
        ],
        [
          "Bike ",
          31
        ],
        [
          "Ball ",
          20
        ],
        [
          "An Animal ",
          13
        ],
        [
          "A House ",
          8
        ]
      ],
      "question": "Name A Present That Would Be Hard To Wrap"
    },
    {
      "answers": [
        [
          "Cook ",
          43
        ],
        [
          "Housework ",
          28
        ],
        [
          "Homework ",
          18
        ],
        [
          "Talk ",
          12
        ],
        [
          "Walk ",
          8
        ],
        [
          "Have Sex ",
          5
        ]
      ],
      "question": "Name Something You Don't Want To Do When Tired"
    },
    {
      "answers": [
        [
          "Eat",
          46
        ],
        [
          "Drink Coffee",
          32
        ],
        [
          "Watch TV",
          9
        ],
        [
          "Shower",
          6
        ],
        [
          "Exercise",
          5
        ]
      ],
      "question": "Name Something People Do Before Bed That Makes It Hard To Sleep."
    }
  ],
  "final_round_timers": [
    20,
    25
  ]
}