{
  "rounds": [
    {
      "answers": [
        {
          "ans": "Insects ",
          "pnt": 44
        },
        {
          "ans": "Rats / Mice ",
          "pnt": 29
        },
        {
          "ans": "Damp ",
          "pnt": 19
        },
        {
          "ans": "Close To Railway ",
          "pnt": 12
        },
        {
          "ans": "Noisy Neighbours ",
          "pnt": 8
        }
      ],
      "multiply": 1,
      "question": "Name Something A Flat Has That Would Put You Off Renting It"
    },
    {
      "answers": [
        {
          "ans": "Tomato ",
          "pnt": 56
        },
        {
          "ans": "Pineapple ",
          "pnt": 36
        },
        {
          "ans": "Strawberry ",
          "pnt": 24
        },
        {
          "ans": "Grapes ",
          "pnt": 16
        },
        {
          "ans": "Watermelon ",
          "pnt": 10
        }
      ],
      "multiply": 1,
      "question": "Name A Fruit That Does NOT Grow On A Tree"
    },
    {
      "answers": [
        {
          "ans": "Ride",
          "pnt": 54
        },
        {
          "ans": "Race",
          "pnt": 21
        },
        {
          "ans": "Brush Them",
          "pnt": 11
        },
        {
          "ans": "Train/Show Them",
          "pnt": 5
        },
        {
          "ans": "Change Shoes",
          "pnt": 3
        }
      ],
      "multiply": 1,
      "question": "Tell Me Something People Do With Horses, But No Other Farm Animals."
    },
    {
      "answers": [
        {
          "ans": "Watch",
          "pnt": 52
        },
        {
          "ans": "Purse",
          "pnt": 22
        },
        {
          "ans": "Jewelry",
          "pnt": 11
        },
        {
          "ans": "Fur/Leather Coat",
          "pnt": 7
        },
        {
          "ans": "DVD",
          "pnt": 4
        },
        {
          "ans": "Perfume",
          "pnt": 3
        }
      ],
      "multiply": 2,
      "question": "Name A Type Of Item That Might Be Sold Fake By A Street Vendor"
    },
    {
      "answers": [
        {
          "ans": "Pasta Salad",
          "pnt": 47
        },
        {
          "ans": "Potato Salad",
          "pnt": 33
        },
        {
          "ans": "Fruit Salad",
          "pnt": 9
        },
        {
          "ans": "Taco Salad",
          "pnt": 5
        },
        {
          "ans": "Egg Salad",
          "pnt": 4
        }
      ],
      "multiply": 2,
      "question": "Name A Salad That’s Not Green."
    },
    {
      "answers": [
        {
          "ans": "Sunglasses",
          "pnt": 38
        },
        {
          "ans": "Dancing",
          "pnt": 16
        },
        {
          "ans": "Hats",
          "pnt": 15
        },
        {
          "ans": "Musical Insruments",
          "pnt": 13
        },
        {
          "ans": "Black Suits",
          "pnt": 12
        }
      ],
      "multiply": 2,
      "question": "Tell Me Something You Would See In A Blues Brothers Movie."
    }
  ],
  "final_round": [
    {
      "answers": [
        [
          "Run",
          29
        ],
        [
          "Bend Over",
          22
        ],
        [
          "Tie shoes",
          15
        ],
        [
          "Sleep",
          13
        ],
        [
          "Exercise",
          9
        ],
        [
          "Walk",
          9
        ]
      ],
      "question": "Name something that might be hard to do while pregnant."
    },
    {
      "answers": [
        [
          "Wide Eyes",
          48
        ],
        [
          "Big Head",
          25
        ],
        [
          "Green Skin",
          18
        ],
        [
          "Antennae",
          7
        ]
      ],
      "question": "Name A Physical Characteristic That Aliens Are Said To Have"
    },
    {
      "answers": [
        [
          "Party ",
          58
        ],
        [
          "Ship Bon Voyage ",
          38
        ],
        [
          "Birthday ",
          25
        ],
        [
          "Football ",
          16
        ],
        [
          "New Years Eve ",
          11
        ]
      ],
      "question": "Name Something You Associate With Streamers"
    },
    {
      "answers": [
        [
          "Tea",
          37
        ],
        [
          "Ale",
          27
        ],
        [
          "Fish and Chips",
          14
        ],
        [
          "Crumpets",
          12
        ]
      ],
      "question": "Name A Food Or Beverage Associated With England"
    }
  ],
  "final_round_timers": [
    20,
    25
  ]
}