{
  "rounds": [
    {
      "answers": [
        {
          "ans": "Bell",
          "pnt": 75
        },
        {
          "ans": "Cheering",
          "pnt": 10
        },
        {
          "ans": "Booing",
          "pnt": 5
        },
        {
          "ans": "Punching",
          "pnt": 3
        },
        {
          "ans": "Applause",
          "pnt": 2
        }
      ],
      "multiply": 1,
      "question": "Name A Sound You’d Hear At A Boxing Match"
    },
    {
      "answers": [
        {
          "ans": "Hollywood",
          "pnt": 30
        },
        {
          "ans": "New York",
          "pnt": 24
        },
        {
          "ans": "Miami",
          "pnt": 21
        },
        {
          "ans": "Paris",
          "pnt": 20
        },
        {
          "ans": "Las Vegas",
          "pnt": 4
        }
      ],
      "multiply": 1,
      "question": "Name A City Were You Would Expect To Find Beautiful People"
    },
    {
      "answers": [
        {
          "ans": "Rope",
          "pnt": 42
        },
        {
          "ans": "Food",
          "pnt": 16
        },
        {
          "ans": "Water",
          "pnt": 14
        },
        {
          "ans": "Boots",
          "pnt": 12
        },
        {
          "ans": "First Aid",
          "pnt": 7
        },
        {
          "ans": "Cell Phone",
          "pnt": 5
        },
        {
          "ans": "Chalk",
          "pnt": 4
        }
      ],
      "multiply": 1,
      "question": "If You Were Going Rock Climbing, Name Something You’d Want To Bring With You"
    },
    {
      "answers": [
        {
          "ans": "Backpack",
          "pnt": 27
        },
        {
          "ans": "Clothes",
          "pnt": 20
        },
        {
          "ans": "Pencils",
          "pnt": 12
        },
        {
          "ans": "Pens",
          "pnt": 12
        },
        {
          "ans": "Crayons",
          "pnt": 9
        },
        {
          "ans": "Books",
          "pnt": 7
        },
        {
          "ans": "Notebook",
          "pnt": 5
        }
      ],
      "multiply": 2,
      "question": "Name Something A Kid Might Need To Buy Before Starting A New School Year"
    },
    {
      "answers": [
        {
          "ans": "Police Station",
          "pnt": 42
        },
        {
          "ans": "Donut Shop",
          "pnt": 18
        },
        {
          "ans": "Concert",
          "pnt": 11
        },
        {
          "ans": "Riot",
          "pnt": 8
        },
        {
          "ans": "Parade",
          "pnt": 8
        },
        {
          "ans": "Crime Scene",
          "pnt": 6
        }
      ],
      "multiply": 2,
      "question": "Name A Place Where You Might See Lots Of Police Officers"
    },
    {
      "answers": [
        {
          "ans": "A Prince",
          "pnt": 31
        },
        {
          "ans": "Evil Stepmothers",
          "pnt": 21
        },
        {
          "ans": "Fairy Tails",
          "pnt": 18
        },
        {
          "ans": "Beauty",
          "pnt": 7
        },
        {
          "ans": "Women",
          "pnt": 6
        },
        {
          "ans": "Princesses",
          "pnt": 5
        },
        {
          "ans": "Cartoons",
          "pnt": 4
        }
      ],
      "multiply": 2,
      "question": "Name Something Snow White And Cinderella Have In Common."
    }
  ],
  "final_round": [
    {
      "answers": [
        [
          "Air Freshener",
          48
        ],
        [
          "Candles",
          38
        ],
        [
          "Perfume",
          6
        ],
        [
          "Incense",
          3
        ],
        [
          "Baking Soda",
          3
        ]
      ],
      "question": "Name Something You Use To Cover Up Bad Smells In Your House"
    },
    {
      "answers": [
        [
          "A Ball ",
          42
        ],
        [
          "A Bone ",
          27
        ],
        [
          "Shoe ",
          18
        ],
        [
          "Toy ",
          12
        ],
        [
          "Wool ",
          7
        ],
        [
          "People ",
          5
        ]
      ],
      "question": "Name Something A Puppy Likes To Play With"
    },
    {
      "answers": [
        [
          "Drums ",
          47
        ],
        [
          "Clarinet ",
          31
        ],
        [
          "Trumpet ",
          20
        ],
        [
          "Recorder ",
          13
        ]
      ],
      "question": "Name An Instrument Parents Hate To Hear Their Children Play"
    },
    {
      "answers": [
        [
          "Red Eyes ",
          45
        ],
        [
          "Watery Eyes ",
          29
        ],
        [
          "Tears ",
          19
        ],
        [
          "Swollen Eyes ",
          12
        ],
        [
          "Red Face ",
          8
        ]
      ],
      "question": "Name A Way You Can Tell That A Person Has Been Crying"
    }
  ],
  "final_round_timers": [
    20,
    25
  ]
}