{
  "rounds": [
    {
      "answers": [
        {
          "ans": "Their Age",
          "pnt": 60
        },
        {
          "ans": "Their looks",
          "pnt": 16
        },
        {
          "ans": "How Much They Weigh",
          "pnt": 7
        },
        {
          "ans": "Occupation",
          "pnt": 5
        },
        {
          "ans": "Marital Status",
          "pnt": 5
        },
        {
          "ans": "Gender",
          "pnt": 4
        }
      ],
      "multiply": 1,
      "question": "Name Something People Lie About In An Internet Chatroom."
    },
    {
      "answers": [
        {
          "ans": "Lawnmower ",
          "pnt": 44
        },
        {
          "ans": "Tools ",
          "pnt": 29
        },
        {
          "ans": "Shovel / Spade ",
          "pnt": 19
        },
        {
          "ans": "Rake ",
          "pnt": 12
        },
        {
          "ans": "Tractor ",
          "pnt": 8
        }
      ],
      "multiply": 1,
      "question": "Name Something That Is Kept In The Shed"
    },
    {
      "answers": [
        {
          "ans": "Cadillac",
          "pnt": 42
        },
        {
          "ans": "SUV",
          "pnt": 27
        },
        {
          "ans": "Corvette",
          "pnt": 18
        },
        {
          "ans": "Truck",
          "pnt": 12
        },
        {
          "ans": "Mercedes",
          "pnt": 7
        },
        {
          "ans": "Camaro",
          "pnt": 5
        },
        {
          "ans": "Hummer",
          "pnt": 3
        }
      ],
      "multiply": 1,
      "question": "Name A Vehicle People Drive Makes Them Feel Own The Road"
    },
    {
      "answers": [
        {
          "ans": "Eye Glasses",
          "pnt": 40
        },
        {
          "ans": "Water",
          "pnt": 20
        },
        {
          "ans": "Watch",
          "pnt": 11
        },
        {
          "ans": "Books",
          "pnt": 8
        },
        {
          "ans": "False Teeth",
          "pnt": 7
        },
        {
          "ans": "Alarm Clock",
          "pnt": 3
        },
        {
          "ans": "Change",
          "pnt": 2
        }
      ],
      "multiply": 2,
      "question": "Name Something People Leave On Their Nightstand Before Going To Bed."
    },
    {
      "answers": [
        {
          "ans": "Work",
          "pnt": 38
        },
        {
          "ans": "Homework",
          "pnt": 35
        },
        {
          "ans": "Chores",
          "pnt": 14
        },
        {
          "ans": "Jury Duty",
          "pnt": 13
        }
      ],
      "multiply": 2,
      "question": "Name Something People Are Often Trying To Get Out Of Doing."
    },
    {
      "answers": [
        {
          "ans": "Comb Hair Over",
          "pnt": 59
        },
        {
          "ans": "Wear Hairpiece",
          "pnt": 34
        },
        {
          "ans": "Dye Different Colors",
          "pnt": 4
        },
        {
          "ans": "Grow It Long",
          "pnt": 3
        }
      ],
      "multiply": 2,
      "question": "Name Something A Man With Very Little Hair Does To Make It Look Like He Has More"
    }
  ],
  "final_round": [
    {
      "answers": [
        [
          "Santa Claus",
          37
        ],
        [
          "Moses",
          22
        ],
        [
          "Uncle Sam",
          20
        ],
        [
          "Kenny Rogers",
          7
        ],
        [
          "Merlin/Wizard",
          7
        ],
        [
          "Colonel Sanders",
          4
        ]
      ],
      "question": "Name Someone, Real Or Fictional, Who Is Known For Having A White Beard."
    },
    {
      "answers": [
        [
          "Drive",
          58
        ],
        [
          "Date",
          27
        ],
        [
          "Move Out",
          7
        ],
        [
          "Wear Makeup",
          7
        ]
      ],
      "question": "Name Something Many Teens Want To Do Before Their Parents Think They Are Ready."
    },
    {
      "answers": [
        [
          "Money",
          47
        ],
        [
          "Friends",
          21
        ],
        [
          "Family",
          15
        ],
        [
          "Exes",
          8
        ],
        [
          "Identification",
          6
        ]
      ],
      "question": "Name Something That Would Make You Suspicious If Your Date Said He Didn’t Have Any."
    },
    {
      "answers": [
        [
          "Santa Claus",
          39
        ],
        [
          "Easter Bunny",
          27
        ],
        [
          "Grinch",
          12
        ],
        [
          "Ebenezer Scrooge",
          9
        ],
        [
          "Frosty",
          5
        ]
      ],
      "question": "Which Imagninary Holiday Character Would You Least Like To Have On Your Relay Race Team?"
    }
  ],
  "final_round_timers": [
    20,
    25
  ]
}