{
  "rounds": [
    {
      "answers": [
        {
          "ans": "Cook",
          "pnt": 50
        },
        {
          "ans": "House Chores",
          "pnt": 33
        },
        {
          "ans": "Show Affection",
          "pnt": 21
        },
        {
          "ans": "Show Emotion",
          "pnt": 14
        },
        {
          "ans": "Talk",
          "pnt": 9
        }
      ],
      "multiply": 1,
      "question": "Name Something Women Do More Of In Relationships"
    },
    {
      "answers": [
        {
          "ans": "Sneeze",
          "pnt": 42
        },
        {
          "ans": "Cough",
          "pnt": 30
        },
        {
          "ans": "Blow Nose",
          "pnt": 14
        },
        {
          "ans": "Sleep",
          "pnt": 5
        },
        {
          "ans": "Sniffle",
          "pnt": 4
        }
      ],
      "multiply": 1,
      "question": "Name Something You Do Constantly When You Have A Cold."
    },
    {
      "answers": [
        {
          "ans": "Lack Of Preperation",
          "pnt": 28
        },
        {
          "ans": "Shuttering",
          "pnt": 24
        },
        {
          "ans": "Mis Pronunciation",
          "pnt": 15
        },
        {
          "ans": "Sweating",
          "pnt": 8
        },
        {
          "ans": "Impression",
          "pnt": 7
        },
        {
          "ans": "Volume Of Voice",
          "pnt": 6
        },
        {
          "ans": "Hair",
          "pnt": 6
        }
      ],
      "multiply": 1,
      "question": "Name Something A Person Might Worry About When Speaking In Front Of A Large Group."
    },
    {
      "answers": [
        {
          "ans": "Baseball Cap",
          "pnt": 71
        },
        {
          "ans": "Piercing",
          "pnt": 12
        },
        {
          "ans": "Makeup",
          "pnt": 7
        },
        {
          "ans": "Sunglasses",
          "pnt": 7
        }
      ],
      "multiply": 2,
      "question": "Name Something Your Teen Likes To Wear, But You Hope He’ll Leave Home On Picture Day."
    },
    {
      "answers": [
        {
          "ans": "Memory",
          "pnt": 41
        },
        {
          "ans": "Hair",
          "pnt": 27
        },
        {
          "ans": "Teeth",
          "pnt": 11
        },
        {
          "ans": "Eye Sight",
          "pnt": 9
        },
        {
          "ans": "Hearing",
          "pnt": 6
        }
      ],
      "multiply": 2,
      "question": "Name Something You Might Lose As You Get Older."
    },
    {
      "answers": [
        {
          "ans": "Drive",
          "pnt": 36
        },
        {
          "ans": "Drink",
          "pnt": 33
        },
        {
          "ans": "Move Out",
          "pnt": 12
        },
        {
          "ans": "Date",
          "pnt": 6
        },
        {
          "ans": "Get A Job",
          "pnt": 3
        },
        {
          "ans": "No Curfew",
          "pnt": 3
        }
      ],
      "multiply": 2,
      "question": "Name Some Reasons Why Teenagers Want To Get Older?"
    }
  ],
  "final_round": [
    {
      "answers": [
        [
          "Math",
          44
        ],
        [
          "Geography",
          25
        ],
        [
          "Wood Shop",
          24
        ],
        [
          "Reading/Spelling",
          5
        ]
      ],
      "question": "Name A Subject In School That Would Have Helped Santa Do His Job?"
    },
    {
      "answers": [
        [
          3,
          31
        ],
        [
          2,
          21
        ],
        [
          4,
          14
        ],
        [
          1,
          13
        ],
        [
          5,
          5
        ],
        [
          6,
          5
        ],
        [
          8,
          4
        ]
      ],
      "question": "Tell me how many months it takes before a dog is house trained.(Numeric Only)"
    },
    {
      "answers": [
        [
          "Judges",
          44
        ],
        [
          "Prize",
          20
        ],
        [
          "Audience",
          19
        ],
        [
          "Competition",
          8
        ],
        [
          "Timer",
          3
        ],
        [
          "Scores",
          3
        ]
      ],
      "question": "What Do You See At The Olympics That You Might Also See At A Spelling Bee."
    },
    {
      "answers": [
        [
          "Purse/Wallet",
          41
        ],
        [
          "keys",
          24
        ],
        [
          "kids",
          9
        ],
        [
          "Phone",
          6
        ],
        [
          "Dog",
          5
        ],
        [
          "Ice Cream",
          3
        ]
      ],
      "question": "Name Something People Shouldn’t Leave Inside Their Parked Car."
    }
  ],
  "final_round_timers": [
    20,
    25
  ]
}