{
  "rounds": [
    {
      "answers": [
        {
          "ans": "Get Married",
          "pnt": 50
        },
        {
          "ans": "Go On Vacation",
          "pnt": 40
        },
        {
          "ans": "Have A baby",
          "pnt": 4
        },
        {
          "ans": "Party",
          "pnt": 3
        }
      ],
      "multiply": 1,
      "question": "Name Something That Some People Plan For Months, And Others Do Spur Of The Moment"
    },
    {
      "answers": [
        {
          "ans": "School",
          "pnt": 48
        },
        {
          "ans": "Place Of Worship",
          "pnt": 31
        },
        {
          "ans": "Park",
          "pnt": 20
        },
        {
          "ans": "Library",
          "pnt": 13
        },
        {
          "ans": "Bed",
          "pnt": 9
        }
      ],
      "multiply": 1,
      "question": "Name A Place That Almost No parent Would Forbid Their Child From Going."
    },
    {
      "answers": [
        {
          "ans": "Telephone",
          "pnt": 74
        },
        {
          "ans": "Shaver",
          "pnt": 10
        },
        {
          "ans": "Drill",
          "pnt": 8
        },
        {
          "ans": "Screwdriver",
          "pnt": 3
        }
      ],
      "multiply": 1,
      "question": "Name Something You Can Buy In A Cordless Version"
    },
    {
      "answers": [
        {
          "ans": "Scream",
          "pnt": 52
        },
        {
          "ans": "Jump",
          "pnt": 25
        },
        {
          "ans": "Hug",
          "pnt": 12
        },
        {
          "ans": "Clap",
          "pnt": 7
        }
      ],
      "multiply": 2,
      "question": "Name Something That Every Family Does Immediately When They Win Family Feud"
    },
    {
      "answers": [
        {
          "ans": "Rabbit",
          "pnt": 41
        },
        {
          "ans": "Cat",
          "pnt": 19
        },
        {
          "ans": "Squirrel",
          "pnt": 14
        },
        {
          "ans": "Husky/Dog",
          "pnt": 12
        },
        {
          "ans": "Fox",
          "pnt": 7
        },
        {
          "ans": "Skunk",
          "pnt": 4
        }
      ],
      "multiply": 2,
      "question": "Name An Animal With A Fluffy Tail."
    },
    {
      "answers": [
        {
          "ans": "Coach / Trainer ",
          "pnt": 56
        },
        {
          "ans": "Boss ",
          "pnt": 36
        },
        {
          "ans": "Surveyorr ",
          "pnt": 24
        },
        {
          "ans": "Meter Reader ",
          "pnt": 16
        },
        {
          "ans": "Teacher ",
          "pnt": 10
        }
      ],
      "multiply": 2,
      "question": "Name Someone That Carries A Clipboard"
    }
  ],
  "final_round": [
    {
      "answers": [
        [
          "Dressing Room/Store",
          32
        ],
        [
          "Beach/Pool",
          29
        ],
        [
          "Restroom",
          15
        ],
        [
          "Locker Room",
          13
        ],
        [
          "Doctor’s Office",
          8
        ]
      ],
      "question": "Name A Public Place Where You Undress"
    },
    {
      "answers": [
        [
          "Bed",
          57
        ],
        [
          "Couch",
          17
        ],
        [
          "Chair",
          12
        ],
        [
          "Pogo Stick",
          8
        ],
        [
          "Trampoline",
          5
        ]
      ],
      "question": "Name Something That Has Springs In It."
    },
    {
      "answers": [
        [
          "Market/Conv Store",
          48
        ],
        [
          "Gas Station",
          33
        ],
        [
          "Bank",
          8
        ],
        [
          "Restaurant",
          4
        ],
        [
          "Laundromat",
          3
        ]
      ],
      "question": "Name A Type Of Business That’s Convenient To Have In Your Neighborhood"
    },
    {
      "answers": [
        [
          "Hot ",
          43
        ],
        [
          "Yellow ",
          28
        ],
        [
          "Big ",
          18
        ]
      ],
      "question": "Name A Word Used To Describe The Sun"
    }
  ],
  "final_round_timers": [
    20,
    25
  ]
}