{
  "rounds": [
    {
      "answers": [
        {
          "ans": "Algebra",
          "pnt": 36
        },
        {
          "ans": "English",
          "pnt": 20
        },
        {
          "ans": "Calculus",
          "pnt": 14
        },
        {
          "ans": "Chemistry",
          "pnt": 10
        },
        {
          "ans": "Geometry",
          "pnt": 8
        },
        {
          "ans": "Physics",
          "pnt": 5
        }
      ],
      "multiply": 1,
      "question": "Name A High School Subject That Kids Consider Difficult. Be Specific."
    },
    {
      "answers": [
        {
          "ans": "Napkins",
          "pnt": 46
        },
        {
          "ans": "Salt And Pepper",
          "pnt": 19
        },
        {
          "ans": "Menu",
          "pnt": 11
        },
        {
          "ans": "Glass",
          "pnt": 8
        },
        {
          "ans": "Table Cloth",
          "pnt": 5
        },
        {
          "ans": "Ketchup",
          "pnt": 4
        }
      ],
      "multiply": 1,
      "question": "Besides Utensils, Name Something That’s Already On The Restaurant Table When You Sit Down."
    },
    {
      "answers": [
        {
          "ans": "Suitcase",
          "pnt": 43
        },
        {
          "ans": "Wife",
          "pnt": 19
        },
        {
          "ans": "Extra Clothes",
          "pnt": 18
        },
        {
          "ans": "Baby Bag",
          "pnt": 5
        },
        {
          "ans": "Flowers",
          "pnt": 4
        },
        {
          "ans": "Car Seat",
          "pnt": 4
        }
      ],
      "multiply": 1,
      "question": "Name Something A Husband Might Forget To Take To The Hospital When His Wife Is Having A Baby."
    },
    {
      "answers": [
        {
          "ans": "Medical Professional",
          "pnt": 35
        },
        {
          "ans": "Cop",
          "pnt": 31
        },
        {
          "ans": "Military",
          "pnt": 11
        },
        {
          "ans": "Mail Carrier",
          "pnt": 8
        },
        {
          "ans": "Prisoner",
          "pnt": 6
        },
        {
          "ans": "Janitor",
          "pnt": 5
        }
      ],
      "multiply": 2,
      "question": "Who Wears A Uniform With Shirt And Pants Of The Same Color?"
    },
    {
      "answers": [
        {
          "ans": "T-Shirt",
          "pnt": 54
        },
        {
          "ans": "Fries",
          "pnt": 18
        },
        {
          "ans": "Pizza",
          "pnt": 13
        },
        {
          "ans": "Soda",
          "pnt": 9
        },
        {
          "ans": "Eggs",
          "pnt": 5
        }
      ],
      "multiply": 2,
      "question": "Name Something You Can Get In Extra Large"
    },
    {
      "answers": [
        {
          "ans": "Telemarketer",
          "pnt": 45
        },
        {
          "ans": "Ex",
          "pnt": 34
        },
        {
          "ans": "Bill Collecter",
          "pnt": 15
        },
        {
          "ans": "Wrong Number",
          "pnt": 5
        }
      ],
      "multiply": 2,
      "question": "Who Was On The Phone The Last Time You Said, “Don’t Call Here Anymore”?"
    }
  ],
  "final_round": [
    {
      "answers": [
        [
          "Privacy",
          38
        ],
        [
          "Prank Calls",
          18
        ],
        [
          "Stalker",
          13
        ],
        [
          "Telemarketers",
          13
        ],
        [
          "Ex",
          6
        ],
        [
          "They’re Famous",
          5
        ],
        [
          "Bill Collectors",
          4
        ]
      ],
      "question": "Name A Reason Why Someone Might Not Want Their Phone Number listed In The Phone Book."
    },
    {
      "answers": [
        [
          "Helmet",
          83
        ],
        [
          "Leather Pants",
          7
        ],
        [
          "Leather Jacket",
          5
        ],
        [
          "Sunglasses",
          3
        ]
      ],
      "question": "Name Something A Person Might Buy To Go With Their Motorcycle."
    },
    {
      "answers": [
        [
          "Sleep",
          33
        ],
        [
          "Sing",
          24
        ],
        [
          "Drink Alcohol",
          19
        ],
        [
          "Eat",
          7
        ],
        [
          "Talk",
          5
        ],
        [
          "Read",
          3
        ]
      ],
      "question": "Name Something A Hobo Does To Pass His Time While Ridin’ The Rails"
    },
    {
      "answers": [
        [
          "Star Spangled",
          35
        ],
        [
          "God Bless America",
          25
        ],
        [
          "Born In The USA",
          15
        ],
        [
          "Amer The Beautiful",
          12
        ],
        [
          "Yankee Doodle",
          7
        ]
      ],
      "question": "Name A Patriotic Song"
    }
  ],
  "final_round_timers": [
    20,
    25
  ]
}