{
  "rounds": [
    {
      "answers": [
        {
          "ans": "Carrots",
          "pnt": 48
        },
        {
          "ans": "Presents",
          "pnt": 32
        },
        {
          "ans": "Deer Feed",
          "pnt": 10
        },
        {
          "ans": "Cookies",
          "pnt": 5
        }
      ],
      "multiply": 1,
      "question": "Instead Of Money, What Might Santa Give His Reindeer As Pay?"
    },
    {
      "answers": [
        {
          "ans": "Lighter",
          "pnt": 42
        },
        {
          "ans": "Sticks",
          "pnt": 28
        },
        {
          "ans": "Flint",
          "pnt": 14
        },
        {
          "ans": "Lighter Fluid",
          "pnt": 7
        }
      ],
      "multiply": 1,
      "question": "Other Than Matches, Name Something People Use To Start A Fire."
    },
    {
      "answers": [
        {
          "ans": "Charlie’s Angel",
          "pnt": 21
        },
        {
          "ans": "Bewitched",
          "pnt": 16
        },
        {
          "ans": "Wayne’s World",
          "pnt": 15
        },
        {
          "ans": "Dukes Of Hazzard",
          "pnt": 14
        },
        {
          "ans": "Brady Bunch",
          "pnt": 13
        },
        {
          "ans": "Starsky And Hutch",
          "pnt": 7
        },
        {
          "ans": "Blues Brother",
          "pnt": 6
        }
      ],
      "multiply": 1,
      "question": "Name A Movie Based On A TV Show Or Skit"
    },
    {
      "answers": [
        {
          "ans": "Rodeo",
          "pnt": 31
        },
        {
          "ans": "Saloon",
          "pnt": 30
        },
        {
          "ans": "Farm",
          "pnt": 27
        },
        {
          "ans": "Texas",
          "pnt": 7
        }
      ],
      "multiply": 2,
      "question": "If You Wanted To Marry A Cowboy Where Would You Start Hanging Out?"
    },
    {
      "answers": [
        {
          "ans": "Flying Cars",
          "pnt": 61
        },
        {
          "ans": "Time Travel",
          "pnt": 14
        },
        {
          "ans": "Robots",
          "pnt": 13
        },
        {
          "ans": "Spaceships",
          "pnt": 8
        }
      ],
      "multiply": 2,
      "question": "Name Something People In The 1950’s Thought We Would Have By The Year 2000"
    },
    {
      "answers": [
        {
          "ans": "Halloween",
          "pnt": 44
        },
        {
          "ans": "Valentines",
          "pnt": 29
        },
        {
          "ans": "Birthday",
          "pnt": 19
        },
        {
          "ans": "Columbus Day",
          "pnt": 12
        }
      ],
      "multiply": 2,
      "question": "Which Holiday Should We Have Day Off"
    }
  ],
  "final_round": [
    {
      "answers": [
        [
          "Read A Book",
          45
        ],
        [
          "Go Out Side",
          29
        ],
        [
          "Clean",
          19
        ],
        [
          "Finish Homework",
          12
        ],
        [
          "Play Game",
          8
        ]
      ],
      "question": "When A Kid Says “I’M Bored”, Name Something A Parent Often Suggests."
    },
    {
      "answers": [
        [
          "Age",
          30
        ],
        [
          "Your Income",
          28
        ],
        [
          "Weight",
          21
        ],
        [
          "Who You’re Dating",
          13
        ],
        [
          "How They Look",
          5
        ]
      ],
      "question": "Tell Me Something You Might Lie To A Friend About."
    },
    {
      "answers": [
        [
          "Bath ",
          43
        ],
        [
          "Shower ",
          28
        ],
        [
          "Streak ",
          18
        ],
        [
          "Make Love ",
          12
        ],
        [
          "Skinny Dip ",
          8
        ],
        [
          "Be Born ",
          5
        ]
      ],
      "question": "Name Something You Can Only Do Naked"
    },
    {
      "answers": [
        [
          "Fear Of Flying",
          46
        ],
        [
          "It’s Enjoyable",
          30
        ],
        [
          "Like Water",
          20
        ],
        [
          "No Traffic",
          13
        ]
      ],
      "question": "Name A Reason Why A Person might Prefer To Travel By Cruise Ship."
    }
  ],
  "final_round_timers": [
    20,
    25
  ]
}