{
  "rounds": [
    {
      "answers": [
        {
          "ans": "Overworked",
          "pnt": 44
        },
        {
          "ans": "kids/New Baby",
          "pnt": 26
        },
        {
          "ans": "Can’t Sleep",
          "pnt": 13
        },
        {
          "ans": "Sick",
          "pnt": 6
        },
        {
          "ans": "Studying",
          "pnt": 5
        }
      ],
      "multiply": 1,
      "question": "Tell Me A Reason You Might Be Low On Sleep."
    },
    {
      "answers": [
        {
          "ans": "Leave",
          "pnt": 67
        },
        {
          "ans": "Fall Asleep",
          "pnt": 17
        },
        {
          "ans": "Watch It Anyway",
          "pnt": 11
        },
        {
          "ans": "Ask For Money back",
          "pnt": 4
        }
      ],
      "multiply": 1,
      "question": "At The Theater,What Do You Do If The Movie Stinks Within The First 10 Minutes?"
    },
    {
      "answers": [
        {
          "ans": "Fair",
          "pnt": 47
        },
        {
          "ans": "Fast Food",
          "pnt": 31
        },
        {
          "ans": "Street Corner",
          "pnt": 20
        },
        {
          "ans": "Beach",
          "pnt": 13
        }
      ],
      "multiply": 1,
      "question": "Place Hot Dogs Are Often Served"
    },
    {
      "answers": [
        {
          "ans": "Spy On People",
          "pnt": 42
        },
        {
          "ans": "Follow People",
          "pnt": 34
        },
        {
          "ans": "Snoop For Info",
          "pnt": 10
        },
        {
          "ans": "Take Pictures",
          "pnt": 4
        }
      ],
      "multiply": 2,
      "question": "Name Something A Stalker And A Detective Both Do"
    },
    {
      "answers": [
        {
          "ans": "Name",
          "pnt": 49
        },
        {
          "ans": "Hair Color",
          "pnt": 19
        },
        {
          "ans": "Economic Status",
          "pnt": 13
        },
        {
          "ans": "Attitude",
          "pnt": 7
        },
        {
          "ans": "Nose",
          "pnt": 6
        },
        {
          "ans": "Religion",
          "pnt": 3
        }
      ],
      "multiply": 2,
      "question": "Name Something You Can Get From Your Parents, But You Can Change As An Adult."
    },
    {
      "answers": [
        {
          "ans": "Socks ",
          "pnt": 52
        },
        {
          "ans": "Insoles ",
          "pnt": 34
        },
        {
          "ans": "Laces ",
          "pnt": 22
        }
      ],
      "multiply": 2,
      "question": "Name Something People Buy For Their Feet Apart From Shoes"
    }
  ],
  "final_round": [
    {
      "answers": [
        [
          "Send Food Back",
          40
        ],
        [
          "Not Tip",
          35
        ],
        [
          "Flirt",
          6
        ],
        [
          "Snap Fingers",
          5
        ],
        [
          "Spill Drinks",
          4
        ]
      ],
      "question": "Name Something A Customer Might Do To Annoy A Waitress."
    },
    {
      "answers": [
        [
          "Cut In Half",
          46
        ],
        [
          "Disappear",
          25
        ],
        [
          "Trip",
          14
        ],
        [
          "Get Hit By A Knife",
          13
        ]
      ],
      "question": "Name Something Bad That Might Happen TO A Magician’s Assistant During A Performance."
    },
    {
      "answers": [
        [
          "Cats ",
          58
        ],
        [
          "Cars ",
          38
        ],
        [
          "Balls ",
          25
        ],
        [
          "Postman ",
          16
        ],
        [
          "Sticks ",
          11
        ]
      ],
      "question": "Name Something That Dogs Like To Chase"
    },
    {
      "answers": [
        [
          "Drink",
          45
        ],
        [
          "Ride His Horse",
          37
        ],
        [
          "Sing/Play Guitar",
          14
        ],
        [
          "Dance",
          3
        ]
      ],
      "question": "What Would A Cowboy Do To Cheer Up When He’s Had A Bad Day?"
    }
  ],
  "final_round_timers": [
    20,
    25
  ]
}