{
  "rounds": [
    {
      "answers": [
        {
          "ans": "Front Door",
          "pnt": 37
        },
        {
          "ans": "Car Door",
          "pnt": 35
        },
        {
          "ans": "Bathroom Door",
          "pnt": 13
        },
        {
          "ans": "Safe",
          "pnt": 7
        },
        {
          "ans": "Pet",
          "pnt": 5
        }
      ],
      "multiply": 1,
      "question": "Name A Door That You’d Hate To Leave Unlocked Accidentally"
    },
    {
      "answers": [
        {
          "ans": "Queen",
          "pnt": 26
        },
        {
          "ans": "Balloons",
          "pnt": 17
        },
        {
          "ans": "Float",
          "pnt": 14
        },
        {
          "ans": "Football Game",
          "pnt": 11
        },
        {
          "ans": "Dresses",
          "pnt": 11
        },
        {
          "ans": "Limos",
          "pnt": 10
        },
        {
          "ans": "King",
          "pnt": 7
        }
      ],
      "multiply": 1,
      "question": "Name Something You Might See At A High School Homecoming."
    },
    {
      "answers": [
        {
          "ans": "Shoes",
          "pnt": 30
        },
        {
          "ans": "Car",
          "pnt": 22
        },
        {
          "ans": "Hair",
          "pnt": 15
        },
        {
          "ans": "Bathing Suit",
          "pnt": 14
        },
        {
          "ans": "Food",
          "pnt": 11
        },
        {
          "ans": "Eyes",
          "pnt": 7
        }
      ],
      "multiply": 1,
      "question": "Name Something You Try To Avoid Getting Sand In While At The Beach"
    },
    {
      "answers": [
        {
          "ans": "High Heels",
          "pnt": 50
        },
        {
          "ans": "Boots",
          "pnt": 28
        },
        {
          "ans": "Sandals",
          "pnt": 13
        },
        {
          "ans": "Platform Shoes",
          "pnt": 5
        }
      ],
      "multiply": 2,
      "question": "Name A Type Of Shoe That Would Be Hard For A Tightrope Walker To Perform In."
    },
    {
      "answers": [
        {
          "ans": "Pictures",
          "pnt": 24
        },
        {
          "ans": "Jacket",
          "pnt": 21
        },
        {
          "ans": "Jewelry",
          "pnt": 19
        },
        {
          "ans": "Books",
          "pnt": 16
        },
        {
          "ans": "Keys",
          "pnt": 9
        },
        {
          "ans": "Love Letters",
          "pnt": 3
        }
      ],
      "multiply": 2,
      "question": "Besides A Ring, Name Something Specific A Girl Might Give Back To Her Boyfriend When She Dumps Him."
    },
    {
      "answers": [
        {
          "ans": "Sleep",
          "pnt": 51
        },
        {
          "ans": "Scary Movie",
          "pnt": 17
        },
        {
          "ans": "Shots",
          "pnt": 12
        },
        {
          "ans": "Making A Wish",
          "pnt": 7
        },
        {
          "ans": "Prayer",
          "pnt": 5
        },
        {
          "ans": "Roller Coaster",
          "pnt": 3
        },
        {
          "ans": "Hide And Seek",
          "pnt": 3
        }
      ],
      "multiply": 2,
      "question": "Name An Event A Child Closes Their Eyes For"
    }
  ],
  "final_round": [
    {
      "answers": [
        [
          "Bathroom",
          46
        ],
        [
          "Air Conditioning",
          29
        ],
        [
          "Gas",
          11
        ],
        [
          "Television",
          10
        ]
      ],
      "question": "During A Long Distance Bus Trip, Name Something You’d Be Disappointed To Learn That The Bus Didn’t Have"
    },
    {
      "answers": [
        [
          "Ear Muffs",
          50
        ],
        [
          "Hat",
          35
        ],
        [
          "Headphones",
          5
        ],
        [
          "Scarf",
          4
        ],
        [
          "Hood",
          3
        ]
      ],
      "question": "Name Something You Wear That Covers Your Ears."
    },
    {
      "answers": [
        [
          "Jennifer",
          27
        ],
        [
          "Janet",
          20
        ],
        [
          "Jane",
          19
        ],
        [
          "Joanne",
          12
        ],
        [
          "Judy",
          5
        ],
        [
          "Jamie",
          5
        ],
        [
          "Jackie",
          5
        ]
      ],
      "question": "Tell Me A Woman’s Name That Starts With The Letter “J”"
    },
    {
      "answers": [
        [
          "Bus",
          34
        ],
        [
          "Semi Truck",
          26
        ],
        [
          "Tractor",
          23
        ],
        [
          "Garbage Truck",
          6
        ],
        [
          "Dump Truck",
          4
        ]
      ],
      "question": "Name A Slow-Moving Vehicle That You Hate To Get Stuck Behind"
    }
  ],
  "final_round_timers": [
    20,
    25
  ]
}