{
  "rounds": [
    {
      "answers": [
        {
          "ans": "Laundry",
          "pnt": 27
        },
        {
          "ans": "Dancing",
          "pnt": 21
        },
        {
          "ans": "Mouth/Language",
          "pnt": 17
        },
        {
          "ans": "Harry",
          "pnt": 12
        },
        {
          "ans": "Job",
          "pnt": 8
        },
        {
          "ans": "mind",
          "pnt": 6
        }
      ],
      "multiply": 1,
      "question": "Name Something That Begins With The Word “Dirty.”"
    },
    {
      "answers": [
        {
          "ans": "Moon ",
          "pnt": 54
        },
        {
          "ans": "Sky ",
          "pnt": 35
        },
        {
          "ans": "Night ",
          "pnt": 23
        },
        {
          "ans": "Falling Stars ",
          "pnt": 15
        },
        {
          "ans": "Light ",
          "pnt": 10
        }
      ],
      "multiply": 1,
      "question": "Name Something You Associate With Stars"
    },
    {
      "answers": [
        {
          "ans": "Sing",
          "pnt": 27
        },
        {
          "ans": "Fall Asleep",
          "pnt": 26
        },
        {
          "ans": "Make A Pit Stop",
          "pnt": 22
        },
        {
          "ans": "Get Food",
          "pnt": 14
        },
        {
          "ans": "Fight",
          "pnt": 5
        },
        {
          "ans": "Hear Are We There Yet",
          "pnt": 3
        }
      ],
      "multiply": 1,
      "question": "Name Something You Do At Least Twice In The Course Of A Long Car Ride With Family."
    },
    {
      "answers": [
        {
          "ans": "Make Up",
          "pnt": 26
        },
        {
          "ans": "Nice Haircut",
          "pnt": 23
        },
        {
          "ans": "Great Smile",
          "pnt": 13
        },
        {
          "ans": "Personality",
          "pnt": 12
        },
        {
          "ans": "Clothes",
          "pnt": 8
        },
        {
          "ans": "Money",
          "pnt": 7
        },
        {
          "ans": "Alcohol",
          "pnt": 6
        }
      ],
      "multiply": 2,
      "question": "Name Something That Makes An Otherwise Average Person Seem Very Atrractive"
    },
    {
      "answers": [
        {
          "ans": "Crown ",
          "pnt": 41
        },
        {
          "ans": "Poncho ",
          "pnt": 27
        },
        {
          "ans": "Hat ",
          "pnt": 17
        },
        {
          "ans": "Tiara ",
          "pnt": 11
        }
      ],
      "multiply": 2,
      "question": "Name A Garment People Wear On Their Head"
    },
    {
      "answers": [
        {
          "ans": "Smoking",
          "pnt": 52
        },
        {
          "ans": "Speeding",
          "pnt": 34
        },
        {
          "ans": "Eating",
          "pnt": 22
        },
        {
          "ans": "Drinking",
          "pnt": 14
        },
        {
          "ans": "Sleeping",
          "pnt": 9
        },
        {
          "ans": "Picking Nose",
          "pnt": 6
        },
        {
          "ans": "Talking On Phone",
          "pnt": 4
        }
      ],
      "multiply": 2,
      "question": "Name Something You’D Hate To See The Valet Driver Doing With Your Car"
    }
  ],
  "final_round": [
    {
      "answers": [
        [
          "Kermit ",
          45
        ],
        [
          "Miss Piggy ",
          29
        ],
        [
          "Pinnochio ",
          19
        ],
        [
          "Punch / Judy ",
          12
        ],
        [
          "Basil Brush ",
          8
        ]
      ],
      "question": "Name A Famous Puppet"
    },
    {
      "answers": [
        [
          "Finger Over Lens ",
          44
        ],
        [
          "Shake Camera ",
          29
        ],
        [
          "Lens Cap ",
          19
        ],
        [
          "Out Of Focus ",
          12
        ],
        [
          "Cut Head Off ",
          8
        ],
        [
          "Forget Flash ",
          5
        ]
      ],
      "question": "Name Something You Can Mess Up When Taking Someones Picture"
    },
    {
      "answers": [
        [
          "Chocolates ",
          57
        ],
        [
          "Cigarettes ",
          37
        ],
        [
          "Matches ",
          24
        ],
        [
          "Cereal ",
          16
        ],
        [
          "Tissues ",
          10
        ],
        [
          "Biscuits ",
          7
        ]
      ],
      "question": "Name Something You Buy A Box Of When Shopping"
    },
    {
      "answers": [
        [
          "Cell Phone",
          50
        ],
        [
          "TV",
          16
        ],
        [
          "Snacks/Food",
          11
        ],
        [
          "Video Games",
          8
        ],
        [
          "Computer",
          5
        ],
        [
          "Listening To Music",
          3
        ],
        [
          "A Loan",
          3
        ]
      ],
      "question": "Name Something A Teen Wouldn’t Be Able To Go Without For A Day."
    }
  ],
  "final_round_timers": [
    20,
    25
  ]
}