{
  "rounds": [
    {
      "answers": [
        {
          "ans": "House ",
          "pnt": 40
        },
        {
          "ans": "Wall ",
          "pnt": 26
        },
        {
          "ans": "Statue ",
          "pnt": 17
        },
        {
          "ans": "A Building ",
          "pnt": 11
        },
        {
          "ans": "A Tomb ",
          "pnt": 7
        }
      ],
      "multiply": 1,
      "question": "Name Something That Can Be Built From Stone"
    },
    {
      "answers": [
        {
          "ans": "Car ",
          "pnt": 52
        },
        {
          "ans": "Shoes ",
          "pnt": 34
        },
        {
          "ans": "Bath / Shower ",
          "pnt": 22
        },
        {
          "ans": "Floor ",
          "pnt": 14
        },
        {
          "ans": "Teeth ",
          "pnt": 9
        },
        {
          "ans": "Oven ",
          "pnt": 6
        }
      ],
      "multiply": 1,
      "question": "Name Something That Is Hard To Keep Clean"
    },
    {
      "answers": [
        {
          "ans": "Cheese Bar",
          "pnt": 63
        },
        {
          "ans": "Beer",
          "pnt": 18
        },
        {
          "ans": "Dirty Clothes",
          "pnt": 6
        },
        {
          "ans": "Female Mice",
          "pnt": 3
        },
        {
          "ans": "Mini TV",
          "pnt": 3
        }
      ],
      "multiply": 1,
      "question": "if A Mouse Pad Were A Place Where Bachelor Mice Lived, What Would You Likely Find Inside"
    },
    {
      "answers": [
        {
          "ans": "Birthdays",
          "pnt": 69
        },
        {
          "ans": "Appointments",
          "pnt": 15
        },
        {
          "ans": "Anniversary",
          "pnt": 7
        },
        {
          "ans": "Vacation",
          "pnt": 3
        }
      ],
      "multiply": 2,
      "question": "Name Something People Mark On Their Calendars."
    },
    {
      "answers": [
        {
          "ans": "Finances",
          "pnt": 43
        },
        {
          "ans": "House Chores",
          "pnt": 26
        },
        {
          "ans": "Childcare",
          "pnt": 22
        },
        {
          "ans": "Cooking",
          "pnt": 5
        }
      ],
      "multiply": 2,
      "question": "Name A Responsibility That Most Married Couples Share"
    },
    {
      "answers": [
        {
          "ans": "Washing Dishes",
          "pnt": 18
        },
        {
          "ans": "Dusting",
          "pnt": 17
        },
        {
          "ans": "Vacuum",
          "pnt": 16
        },
        {
          "ans": "Sweeping",
          "pnt": 14
        },
        {
          "ans": "Taking Out Trash",
          "pnt": 11
        },
        {
          "ans": "Picking Up",
          "pnt": 10
        },
        {
          "ans": "Making Bed",
          "pnt": 6
        }
      ],
      "multiply": 2,
      "question": "Name The Easiest Household Chore."
    }
  ],
  "final_round": [
    {
      "answers": [
        [
          "Egyptian Pyramid",
          42
        ],
        [
          "Food Pyramid",
          31
        ],
        [
          "Pyramid Scheme",
          10
        ],
        [
          "Cheerleaders Pyramid",
          9
        ],
        [
          "$100,000 Pyramid",
          5
        ]
      ],
      "question": "Name A Kind Of Pyramid."
    },
    {
      "answers": [
        [
          "Mom",
          57
        ],
        [
          "Dad",
          17
        ],
        [
          "Doctor",
          10
        ],
        [
          "Best Friend",
          7
        ]
      ],
      "question": "Name Someone Who Always Has Advice To Give You"
    },
    {
      "answers": [
        [
          "Taste Of Food",
          56
        ],
        [
          "Clean House",
          20
        ],
        [
          "Conversation",
          15
        ],
        [
          "Outfit",
          7
        ]
      ],
      "question": "Name Something You’d Worry About If You Were To Host A Dinner Party For Your In-Laws"
    },
    {
      "answers": [
        [
          "Barber",
          41
        ],
        [
          "Butcher",
          26
        ],
        [
          "Gardener",
          13
        ],
        [
          "Tailor",
          9
        ],
        [
          "Lumberjack",
          5
        ],
        [
          "Carpenter",
          3
        ]
      ],
      "question": "Name An Occupation In Which One Spends His Day Cutting."
    }
  ],
  "final_round_timers": [
    20,
    25
  ]
}