{
  "rounds": [
    {
      "answers": [
        {
          "ans": "Monitor",
          "pnt": 26
        },
        {
          "ans": "Mouse",
          "pnt": 25
        },
        {
          "ans": "Keyboard",
          "pnt": 16
        },
        {
          "ans": "Speakers",
          "pnt": 10
        },
        {
          "ans": "Internet Capability",
          "pnt": 5
        },
        {
          "ans": "Windows",
          "pnt": 4
        },
        {
          "ans": "Power Cord",
          "pnt": 3
        }
      ],
      "multiply": 1,
      "question": "Name Something You’d Be Disappointed To Find Your Computer Came Without"
    },
    {
      "answers": [
        {
          "ans": "Towel",
          "pnt": 45
        },
        {
          "ans": "Bathing Suit",
          "pnt": 17
        },
        {
          "ans": "Sun Screen",
          "pnt": 10
        },
        {
          "ans": "Umbrella",
          "pnt": 10
        },
        {
          "ans": "Sunglasses",
          "pnt": 8
        },
        {
          "ans": "Beach Chair",
          "pnt": 7
        }
      ],
      "multiply": 1,
      "question": "What Kind Of Gift Would You Get Somebody That Spends A Lot Of Time At The Beach"
    },
    {
      "answers": [
        {
          "ans": "Garlic",
          "pnt": 35
        },
        {
          "ans": "Onions",
          "pnt": 25
        },
        {
          "ans": "Fish",
          "pnt": 13
        },
        {
          "ans": "Beans",
          "pnt": 12
        },
        {
          "ans": "Pizza",
          "pnt": 9
        },
        {
          "ans": "Peppers",
          "pnt": 5
        }
      ],
      "multiply": 1,
      "question": "What Food Should A Movie Star Avoid Eating Before Doing A Love Scene?"
    },
    {
      "answers": [
        {
          "ans": "Sand",
          "pnt": 25
        },
        {
          "ans": "Bathroom/Showers",
          "pnt": 23
        },
        {
          "ans": "Umbrellas/Shade",
          "pnt": 13
        },
        {
          "ans": "Lifeguards",
          "pnt": 11
        },
        {
          "ans": "Refreshments",
          "pnt": 11
        },
        {
          "ans": "Clear Water",
          "pnt": 8
        },
        {
          "ans": "Seats",
          "pnt": 5
        }
      ],
      "multiply": 2,
      "question": "Name Something You Want A Beach To Have"
    },
    {
      "answers": [
        {
          "ans": "Sweating",
          "pnt": 54
        },
        {
          "ans": "Shaking",
          "pnt": 35
        },
        {
          "ans": "Crying",
          "pnt": 23
        },
        {
          "ans": "Drinking Alcohol",
          "pnt": 15
        },
        {
          "ans": "Biting Nails",
          "pnt": 10
        },
        {
          "ans": "Eyes Closed",
          "pnt": 6
        },
        {
          "ans": "Praying",
          "pnt": 4
        }
      ],
      "multiply": 2,
      "question": "How Tell Person Next To You Is Nervous Flyer"
    },
    {
      "answers": [
        {
          "ans": "Shoes/Booties",
          "pnt": 59
        },
        {
          "ans": "Diapers",
          "pnt": 17
        },
        {
          "ans": "Onesie/Pajamas",
          "pnt": 11
        },
        {
          "ans": "T-Shirt",
          "pnt": 7
        },
        {
          "ans": "Bib",
          "pnt": 3
        }
      ],
      "multiply": 2,
      "question": "Name The Article Of Babies’ Clothing That Grown Adults Are Most Shocked By When Seeing Its Tiny Size."
    }
  ],
  "final_round": [
    {
      "answers": [
        [
          "American Football",
          56
        ],
        [
          "Golf",
          27
        ],
        [
          "Bowling",
          9
        ],
        [
          "Dodgeball",
          3
        ]
      ],
      "question": "Name A Sport That Should Be Part Of The Olympics, But Isn’t."
    },
    {
      "answers": [
        [
          "Cook ",
          50
        ],
        [
          "DIY ",
          33
        ],
        [
          "Sing ",
          21
        ]
      ],
      "question": "Name Something Most Men Hate To Admit They Can't Do"
    },
    {
      "answers": [
        [
          "Plane ",
          40
        ],
        [
          "Car ",
          26
        ],
        [
          "Train ",
          17
        ],
        [
          "Computer ",
          11
        ]
      ],
      "question": "Name Something That Might Crash"
    },
    {
      "answers": [
        [
          "Pink",
          49
        ],
        [
          "Yellow",
          32
        ],
        [
          "Orange",
          21
        ],
        [
          "Purple",
          14
        ],
        [
          "Brown",
          9
        ]
      ],
      "question": "Name A Color That Cars Seldom Come In"
    }
  ],
  "final_round_timers": [
    20,
    25
  ]
}