{
  "rounds": [
    {
      "answers": [
        {
          "ans": "Turn Off Alarm",
          "pnt": 30
        },
        {
          "ans": "Put In Ear Plugs",
          "pnt": 16
        },
        {
          "ans": "Close Bedroom Door",
          "pnt": 14
        },
        {
          "ans": "Turn Off Phone",
          "pnt": 14
        },
        {
          "ans": "Take A Sleep Aid",
          "pnt": 12
        },
        {
          "ans": "Close Shades",
          "pnt": 7
        }
      ],
      "multiply": 1,
      "question": "What Might You Do Before Bed If You Don’t Want Anything To Wake You Up In The Morning?"
    },
    {
      "answers": [
        {
          "ans": "Travel",
          "pnt": 42
        },
        {
          "ans": "Get Married",
          "pnt": 27
        },
        {
          "ans": "Go Back To School",
          "pnt": 18
        },
        {
          "ans": "Move Back Home",
          "pnt": 12
        },
        {
          "ans": "Party",
          "pnt": 7
        },
        {
          "ans": "Join The Military",
          "pnt": 5
        }
      ],
      "multiply": 1,
      "question": "Instead Of Getting A Job, Name Something A Person Might Do After College"
    },
    {
      "answers": [
        {
          "ans": "A Christmas Story",
          "pnt": 35
        },
        {
          "ans": "Rudolph/Red Nosed Reindeer",
          "pnt": 19
        },
        {
          "ans": "The Grinch",
          "pnt": 16
        },
        {
          "ans": "Home Alone",
          "pnt": 11
        },
        {
          "ans": "White Christmas",
          "pnt": 5
        },
        {
          "ans": "It’s/Wonderful Life",
          "pnt": 5
        },
        {
          "ans": "Frosty The Snowman",
          "pnt": 4
        }
      ],
      "multiply": 1,
      "question": "Which Christmas Movie Is Played Most Often Over The Holidays?"
    },
    {
      "answers": [
        {
          "ans": "Vitamins",
          "pnt": 34
        },
        {
          "ans": "Milk",
          "pnt": 31
        },
        {
          "ans": "Fruit",
          "pnt": 17
        },
        {
          "ans": "Orange Juice",
          "pnt": 16
        }
      ],
      "multiply": 2,
      "question": "Name Something That A Person Might Consume Every Morning In Order To Stay Healthy."
    },
    {
      "answers": [
        {
          "ans": "Millionaire",
          "pnt": 57
        },
        {
          "ans": "Sunscreen",
          "pnt": 20
        },
        {
          "ans": "Wheel Of Fortune",
          "pnt": 9
        },
        {
          "ans": "Family Fued",
          "pnt": 8
        },
        {
          "ans": "Price Is Right",
          "pnt": 6
        }
      ],
      "multiply": 2,
      "question": "Name A Game Show That Gives Away A Lot Of Money."
    },
    {
      "answers": [
        {
          "ans": "Cars ",
          "pnt": 41
        },
        {
          "ans": "People ",
          "pnt": 27
        },
        {
          "ans": "White Lines ",
          "pnt": 17
        },
        {
          "ans": "Signs ",
          "pnt": 11
        }
      ],
      "multiply": 2,
      "question": "Name Something You Might See On The Road"
    }
  ],
  "final_round": [
    {
      "answers": [
        [
          "Suit",
          58
        ],
        [
          "Bra",
          14
        ],
        [
          "Heels",
          12
        ],
        [
          "Nylons",
          6
        ]
      ],
      "question": "Name Something That A Businesswoman Must Always Wear To Work."
    },
    {
      "answers": [
        [
          "Loo ",
          56
        ],
        [
          "Bog ",
          36
        ],
        [
          "Khazi ",
          24
        ],
        [
          "Lavatory ",
          16
        ],
        [
          "Little Boys Room ",
          10
        ],
        [
          "John ",
          7
        ]
      ],
      "question": "Name A Nickname For The Toilet"
    },
    {
      "answers": [
        [
          "Firefighter",
          40
        ],
        [
          "Clown",
          15
        ],
        [
          "Farmer",
          14
        ],
        [
          "Construction",
          13
        ],
        [
          "Fisherman",
          7
        ],
        [
          "Barber",
          6
        ],
        [
          "Lumberjack",
          5
        ]
      ],
      "question": "Name An Occupation Where You Might Wear Suspenders."
    },
    {
      "answers": [
        [
          "Popcorn ",
          42
        ],
        [
          "Pizza ",
          27
        ],
        [
          "Tv Dinner ",
          18
        ],
        [
          "Milk ",
          12
        ],
        [
          "Hot Dog ",
          7
        ]
      ],
      "question": "Name A Food That Is Often Cooked In A Microwave"
    }
  ],
  "final_round_timers": [
    20,
    25
  ]
}