{
  "rounds": [
    {
      "answers": [
        {
          "ans": "Actors",
          "pnt": 48
        },
        {
          "ans": "Subtitles",
          "pnt": 29
        },
        {
          "ans": "Music",
          "pnt": 15
        },
        {
          "ans": "Title",
          "pnt": 4
        }
      ],
      "multiply": 1,
      "question": "Before You See Any Fighting, How Do You Know You’re Watching A Kung Fu Movie?"
    },
    {
      "answers": [
        {
          "ans": "Shovel",
          "pnt": 55
        },
        {
          "ans": "Tow Truck",
          "pnt": 13
        },
        {
          "ans": "Chains",
          "pnt": 9
        },
        {
          "ans": "Salt",
          "pnt": 8
        },
        {
          "ans": "Sand",
          "pnt": 7
        },
        {
          "ans": "Cat Litter",
          "pnt": 4
        },
        {
          "ans": "Plow",
          "pnt": 3
        }
      ],
      "multiply": 1,
      "question": "Name Something You Can Use To Get Your Car Out Of The Snow."
    },
    {
      "answers": [
        {
          "ans": "Bra ",
          "pnt": 52
        },
        {
          "ans": "Bag ",
          "pnt": 34
        },
        {
          "ans": "Braces ",
          "pnt": 22
        },
        {
          "ans": "Saddle ",
          "pnt": 14
        },
        {
          "ans": "Shoes ",
          "pnt": 9
        }
      ],
      "multiply": 1,
      "question": "Name Something That Has Straps"
    },
    {
      "answers": [
        {
          "ans": "Stamps",
          "pnt": 38
        },
        {
          "ans": "Dolls",
          "pnt": 20
        },
        {
          "ans": "Cars",
          "pnt": 17
        },
        {
          "ans": "Rocks",
          "pnt": 12
        },
        {
          "ans": "Toys",
          "pnt": 4
        },
        {
          "ans": "Seashells",
          "pnt": 3
        },
        {
          "ans": "Spoons",
          "pnt": 3
        }
      ],
      "multiply": 2,
      "question": "Other Than Coins, Name Something People Collect"
    },
    {
      "answers": [
        {
          "ans": "Steak",
          "pnt": 63
        },
        {
          "ans": "Burger",
          "pnt": 16
        },
        {
          "ans": "Pizza",
          "pnt": 9
        },
        {
          "ans": "Ribs",
          "pnt": 4
        },
        {
          "ans": "Pasta",
          "pnt": 3
        }
      ],
      "multiply": 2,
      "question": "Name Something On The Menu That A Restaurant Might Guarantee Nobody Can Finish."
    },
    {
      "answers": [
        {
          "ans": "Wedding",
          "pnt": 38
        },
        {
          "ans": "Family Dinner",
          "pnt": 28
        },
        {
          "ans": "Birthday Party",
          "pnt": 12
        },
        {
          "ans": "On A Date",
          "pnt": 6
        },
        {
          "ans": "Church Picnic",
          "pnt": 3
        }
      ],
      "multiply": 2,
      "question": "Name An Occasion Or Place Where You Would Not Admit That You Don’t Like The Food."
    }
  ],
  "final_round": [
    {
      "answers": [
        [
          "Free Gift",
          38
        ],
        [
          "Call Now",
          28
        ],
        [
          "On Sale",
          20
        ],
        [
          "Limited Time Offer",
          9
        ]
      ],
      "question": "Name A Phrase That’s Said In Commercials To Get You To Buy The Product Right Away."
    },
    {
      "answers": [
        [
          "Jeans ",
          42
        ],
        [
          "Trousers ",
          27
        ],
        [
          "Shorts ",
          18
        ],
        [
          "Tights ",
          12
        ],
        [
          "Knee Pads ",
          7
        ],
        [
          "Shin Pads ",
          5
        ]
      ],
      "question": "Name Something That People Wear On Their Legs"
    },
    {
      "answers": [
        [
          "Baker",
          44
        ],
        [
          "Doctor",
          29
        ],
        [
          "Newspaper Deliverer",
          19
        ],
        [
          "Bus Driver",
          12
        ],
        [
          "Mail Carrier",
          8
        ],
        [
          "Construction",
          5
        ],
        [
          "Milk Deliverer",
          3
        ]
      ],
      "question": "Job You Shouldnt Apply For If You Dont Like Waking Up Early"
    },
    {
      "answers": [
        [
          "Hat",
          27
        ],
        [
          "Dress/Skirt",
          23
        ],
        [
          "Blue Jeans",
          18
        ],
        [
          "Piercing",
          17
        ],
        [
          "Shorts",
          9
        ]
      ],
      "question": "Name Something A Boy Might Wear That Is Likely To Get Him Kicked Out Of Prep School."
    }
  ],
  "final_round_timers": [
    20,
    25
  ]
}