{
  "rounds": [
    {
      "answers": [
        {
          "ans": "Hamster",
          "pnt": 37
        },
        {
          "ans": "Gerbil",
          "pnt": 26
        },
        {
          "ans": "Mouse",
          "pnt": 11
        },
        {
          "ans": "Rabbit",
          "pnt": 10
        },
        {
          "ans": "Ferret",
          "pnt": 5
        },
        {
          "ans": "Guinea Pig",
          "pnt": 5
        },
        {
          "ans": "Tarantula",
          "pnt": 4
        }
      ],
      "multiply": 1,
      "question": "Name A Furry Critter That Kids Keep In Aquariums As Pets"
    },
    {
      "answers": [
        {
          "ans": "Iceberg",
          "pnt": 37
        },
        {
          "ans": "Snow",
          "pnt": 29
        },
        {
          "ans": "Polar Bear",
          "pnt": 21
        },
        {
          "ans": "Whale",
          "pnt": 6
        },
        {
          "ans": "Seal",
          "pnt": 4
        }
      ],
      "multiply": 1,
      "question": "Name Something That You Could See On An Alaskan Cruise That You Probably Wouldn’t See On A Caribbean Cruise"
    },
    {
      "answers": [
        {
          "ans": "Room Service",
          "pnt": 32
        },
        {
          "ans": "Getting More Towels",
          "pnt": 26
        },
        {
          "ans": "Wake Up Call",
          "pnt": 23
        },
        {
          "ans": "Check Out Time",
          "pnt": 9
        },
        {
          "ans": "Noise",
          "pnt": 4
        },
        {
          "ans": "Phone Message",
          "pnt": 3
        }
      ],
      "multiply": 1,
      "question": "Name Something A Hotel Guest Calls The Front Desk To Ask About"
    },
    {
      "answers": [
        {
          "ans": "Macy’s",
          "pnt": 39
        },
        {
          "ans": "Saks Fifth Avenue",
          "pnt": 22
        },
        {
          "ans": "Bloomingdale’s",
          "pnt": 12
        },
        {
          "ans": "Tiffany’s",
          "pnt": 10
        },
        {
          "ans": "FAO Schwartz",
          "pnt": 8
        },
        {
          "ans": "Barney’s",
          "pnt": 6
        }
      ],
      "multiply": 2,
      "question": "Name A Famous Store In New York City."
    },
    {
      "answers": [
        {
          "ans": "Poor Vision",
          "pnt": 46
        },
        {
          "ans": "In Trouble",
          "pnt": 23
        },
        {
          "ans": "Teacher’s Pet",
          "pnt": 23
        },
        {
          "ans": "Hear Better",
          "pnt": 5
        },
        {
          "ans": "Attractive Teacher",
          "pnt": 3
        }
      ],
      "multiply": 2,
      "question": "Name A Reason Why A Student Might Be Moved To The Front Of The Class"
    },
    {
      "answers": [
        {
          "ans": "Has Gray Hair",
          "pnt": 28
        },
        {
          "ans": "Has Facial Hair",
          "pnt": 17
        },
        {
          "ans": "Wealthy",
          "pnt": 13
        },
        {
          "ans": "Handsome",
          "pnt": 10
        },
        {
          "ans": "Smart",
          "pnt": 10
        },
        {
          "ans": "Tall",
          "pnt": 7
        },
        {
          "ans": "Wears A Suit",
          "pnt": 5
        }
      ],
      "multiply": 2,
      "question": "Tell Me A Characteristic Of A Man Who’s Described As “Distinguished.”"
    }
  ],
  "final_round": [
    {
      "answers": [
        [
          "Toy Department",
          40
        ],
        [
          "Customer Service",
          26
        ],
        [
          "Candy Aisle",
          17
        ],
        [
          "Restroom",
          11
        ],
        [
          "Clothing Department",
          7
        ]
      ],
      "question": "Where Would You Look First If Your Child Was Lost In The Department Store?"
    },
    {
      "answers": [
        [
          "Not Wearing Jacket",
          34
        ],
        [
          "Germs",
          26
        ],
        [
          "Not Wearing Shoes",
          15
        ],
        [
          "No Hat",
          7
        ],
        [
          "Wet Head",
          5
        ]
      ],
      "question": "Name Something Moms Warn Their Children Will Make Them Catch A Cold."
    },
    {
      "answers": [
        [
          "Play Cards",
          31
        ],
        [
          "Comic Books",
          24
        ],
        [
          "Smoke",
          14
        ],
        [
          "Talk About Girls",
          11
        ],
        [
          "Eat Snacks",
          5
        ]
      ],
      "question": "Name An Activity That Boys Do In A Tree House"
    },
    {
      "answers": [
        [
          "Church ",
          50
        ],
        [
          "Cinema ",
          33
        ],
        [
          "Supermarket ",
          21
        ],
        [
          "Theatre ",
          14
        ],
        [
          "A Plane ",
          9
        ]
      ],
      "question": "Name Something That Has An Aisle"
    }
  ],
  "final_round_timers": [
    20,
    25
  ]
}