{
  "rounds": [
    {
      "answers": [
        {
          "ans": "Bells ",
          "pnt": 42
        },
        {
          "ans": "Glenfiddich ",
          "pnt": 27
        },
        {
          "ans": "Grants ",
          "pnt": 18
        },
        {
          "ans": "Teachers ",
          "pnt": 12
        },
        {
          "ans": "Famous Grouse ",
          "pnt": 7
        },
        {
          "ans": "Whyte & Mackay ",
          "pnt": 5
        }
      ],
      "multiply": 1,
      "question": "Name A Well Known Brand Of Scottish Whisky"
    },
    {
      "answers": [
        {
          "ans": "Price ",
          "pnt": 46
        },
        {
          "ans": "Location ",
          "pnt": 30
        },
        {
          "ans": "Number Of Bedrooms ",
          "pnt": 20
        },
        {
          "ans": "Garage (Y/N) ",
          "pnt": 13
        },
        {
          "ans": "Garden (Y/N) ",
          "pnt": 8
        },
        {
          "ans": "Leasehold / Freehold ",
          "pnt": 5
        }
      ],
      "multiply": 1,
      "question": "Name Something You'd Put In An Ad When Selling Your House"
    },
    {
      "answers": [
        {
          "ans": "Bottle ",
          "pnt": 46
        },
        {
          "ans": "Jar ",
          "pnt": 30
        },
        {
          "ans": "Milk ",
          "pnt": 20
        },
        {
          "ans": "Boiled Egg ",
          "pnt": 13
        },
        {
          "ans": "Partner ",
          "pnt": 8
        },
        {
          "ans": "Toothpaste ",
          "pnt": 5
        }
      ],
      "multiply": 1,
      "question": "Name Something That You Might Take The Top Off"
    },
    {
      "answers": [
        {
          "ans": "Check",
          "pnt": 33
        },
        {
          "ans": "Photo",
          "pnt": 13
        },
        {
          "ans": "Contract",
          "pnt": 12
        },
        {
          "ans": "Shirt",
          "pnt": 11
        },
        {
          "ans": "Book",
          "pnt": 10
        },
        {
          "ans": "Ball",
          "pnt": 6
        },
        {
          "ans": "Petition",
          "pnt": 6
        }
      ],
      "multiply": 2,
      "question": "Name Something That A Person Might Ask To Have Signed"
    },
    {
      "answers": [
        {
          "ans": "Birds And The Bees",
          "pnt": 50
        },
        {
          "ans": "Drinking",
          "pnt": 15
        },
        {
          "ans": "Relationships",
          "pnt": 14
        },
        {
          "ans": "Money",
          "pnt": 12
        },
        {
          "ans": "Smoking",
          "pnt": 3
        },
        {
          "ans": "Politics",
          "pnt": 3
        }
      ],
      "multiply": 2,
      "question": "Name Something You Dreaded Talking To Your Parents About As A Teen, And Still Do?"
    },
    {
      "answers": [
        {
          "ans": "Dress",
          "pnt": 37
        },
        {
          "ans": "Photos",
          "pnt": 24
        },
        {
          "ans": "Cake Topper",
          "pnt": 15
        },
        {
          "ans": "Veil/Bridal Accessry",
          "pnt": 13
        },
        {
          "ans": "Invitations",
          "pnt": 5
        },
        {
          "ans": "Video Tape",
          "pnt": 4
        }
      ],
      "multiply": 2,
      "question": "If You Had A Box In The Attic labeled “Wedding,” Name Something That Would Be In It."
    }
  ],
  "final_round": [
    {
      "answers": [
        [
          "Ally Mcbeal",
          25
        ],
        [
          "Oprah Winfrey",
          22
        ],
        [
          "Roseanne",
          19
        ],
        [
          "Rosie O’donnell",
          9
        ],
        [
          "Murphy Brown",
          7
        ],
        [
          "I Love Lucy",
          7
        ],
        [
          "Will & Grace",
          6
        ]
      ],
      "question": "Name A Tv Show Past Or Present That Has A Womanâ€™S Name In The Title"
    },
    {
      "answers": [
        [
          "Sing ",
          58
        ],
        [
          "Make Love ",
          38
        ],
        [
          "Shave ",
          25
        ],
        [
          "Wee / Urinate ",
          16
        ]
      ],
      "question": "Name Something People Do In the Shower"
    },
    {
      "answers": [
        [
          "Tag",
          31
        ],
        [
          "Dodge Ball",
          21
        ],
        [
          "Jump Rope",
          18
        ],
        [
          "Kickball",
          16
        ],
        [
          "Trampoline Use",
          6
        ],
        [
          "Hopscotch",
          5
        ]
      ],
      "question": "If Your Local Gym Was Run By 5-Year-Olds, What Classes Would You Take Instead Of Pilates?"
    },
    {
      "answers": [
        [
          "Energy",
          29
        ],
        [
          "Looks",
          28
        ],
        [
          "Fun",
          19
        ],
        [
          "Going To School",
          12
        ],
        [
          "Freedom",
          10
        ]
      ],
      "question": "What Do People Miss About Their Youth?"
    }
  ],
  "final_round_timers": [
    20,
    25
  ]
}