{
  "rounds": [
    {
      "answers": [
        {
          "ans": "An Envelope ",
          "pnt": 57
        },
        {
          "ans": "A Letter ",
          "pnt": 37
        },
        {
          "ans": "Licence ",
          "pnt": 24
        },
        {
          "ans": "Form ",
          "pnt": 16
        },
        {
          "ans": "Suitcase ",
          "pnt": 10
        }
      ],
      "multiply": 1,
      "question": "Name Something You Might Put Your Name And Address On"
    },
    {
      "answers": [
        {
          "ans": "Busy",
          "pnt": 42
        },
        {
          "ans": "Bad Mood",
          "pnt": 15
        },
        {
          "ans": "Stuck Up",
          "pnt": 14
        },
        {
          "ans": "Tired",
          "pnt": 11
        },
        {
          "ans": "No Pen",
          "pnt": 8
        },
        {
          "ans": "With Family",
          "pnt": 4
        }
      ],
      "multiply": 1,
      "question": "Name A Reason Why A Celeb Might Refuse To Sign An Autograph"
    },
    {
      "answers": [
        {
          "ans": "Undress",
          "pnt": 30
        },
        {
          "ans": "Cough",
          "pnt": 25
        },
        {
          "ans": "Wait",
          "pnt": 20
        },
        {
          "ans": "Open Mouth",
          "pnt": 9
        },
        {
          "ans": "Bend Over",
          "pnt": 7
        },
        {
          "ans": "Urine Sample",
          "pnt": 6
        }
      ],
      "multiply": 1,
      "question": "Name Something You Might Be Asked To Do At The Doctor’s Office"
    },
    {
      "answers": [
        {
          "ans": "Drink",
          "pnt": 38
        },
        {
          "ans": "Lose Money",
          "pnt": 28
        },
        {
          "ans": "Smoke",
          "pnt": 14
        },
        {
          "ans": "Play Cards",
          "pnt": 8
        },
        {
          "ans": "Scream",
          "pnt": 7
        },
        {
          "ans": "Sweat",
          "pnt": 5
        }
      ],
      "multiply": 2,
      "question": "Name Something People Do While They’re Gambling."
    },
    {
      "answers": [
        {
          "ans": "Christmas",
          "pnt": 47
        },
        {
          "ans": "Valentine’s Day",
          "pnt": 15
        },
        {
          "ans": "Thanksgiving",
          "pnt": 13
        },
        {
          "ans": "New Year’s",
          "pnt": 12
        },
        {
          "ans": "Halloween",
          "pnt": 7
        },
        {
          "ans": "4th Of July",
          "pnt": 5
        }
      ],
      "multiply": 2,
      "question": "Name The Most Stressful Holiday."
    },
    {
      "answers": [
        {
          "ans": "Kangaroo",
          "pnt": 44
        },
        {
          "ans": "Koala",
          "pnt": 39
        },
        {
          "ans": "Dingo",
          "pnt": 10
        },
        {
          "ans": "Desert",
          "pnt": 5
        }
      ],
      "multiply": 2,
      "question": "Name Something You’re More Likely To See In Australian Than Elsewhare."
    }
  ],
  "final_round": [
    {
      "answers": [
        [
          "Convict",
          24
        ],
        [
          "Con Artist/Con Man",
          22
        ],
        [
          "Contest",
          16
        ],
        [
          "Contract",
          13
        ],
        [
          "Construction",
          7
        ],
        [
          "Connect",
          5
        ]
      ],
      "question": "Name A Word That Begins With “Con.”"
    },
    {
      "answers": [
        [
          "Eggs",
          34
        ],
        [
          "Rice",
          19
        ],
        [
          "Mac And Cheese",
          11
        ],
        [
          "Soup",
          10
        ],
        [
          "Spaghetti",
          10
        ],
        [
          "Frozen Pizza",
          8
        ],
        [
          "Cookies",
          6
        ]
      ],
      "question": "Name A Food You Cook For Which You Don’t Need To Read A Recipe"
    },
    {
      "answers": [
        [
          "Four Leaf Clover",
          38
        ],
        [
          "Rabbit’s Foot",
          38
        ],
        [
          "Horseshoe",
          14
        ],
        [
          "Penny",
          9
        ]
      ],
      "question": "Name An Object Considered To Be Good Luck"
    },
    {
      "answers": [
        [
          "Store",
          33
        ],
        [
          "Restaurant",
          18
        ],
        [
          "Park",
          16
        ],
        [
          "Hotel",
          12
        ],
        [
          "Work",
          9
        ]
      ],
      "question": "Where Might A Pet Lover Think Their Dog Should Be Allowed?"
    }
  ],
  "final_round_timers": [
    20,
    25
  ]
}