{
  "rounds": [
    {
      "answers": [
        {
          "ans": "Camping ",
          "pnt": 59
        },
        {
          "ans": "Tent ",
          "pnt": 38
        },
        {
          "ans": "Sleep ",
          "pnt": 25
        },
        {
          "ans": "Zip ",
          "pnt": 16
        },
        {
          "ans": "Ants ",
          "pnt": 11
        }
      ],
      "multiply": 1,
      "question": "Name Something you Associate With A Sleeping Bag"
    },
    {
      "answers": [
        {
          "ans": "Doctor",
          "pnt": 65
        },
        {
          "ans": "Lawyer",
          "pnt": 26
        },
        {
          "ans": "Actor/Model",
          "pnt": 5
        },
        {
          "ans": "Business Person",
          "pnt": 4
        }
      ],
      "multiply": 1,
      "question": "Name An Occupation That You Could Show Off At A High School Reunion."
    },
    {
      "answers": [
        {
          "ans": "Monopoly",
          "pnt": 49
        },
        {
          "ans": "Scrabble",
          "pnt": 17
        },
        {
          "ans": "Life",
          "pnt": 10
        },
        {
          "ans": "Triveal Persuit",
          "pnt": 6
        },
        {
          "ans": "Family Fued",
          "pnt": 5
        },
        {
          "ans": "Candy Land",
          "pnt": 3
        },
        {
          "ans": "Sorry",
          "pnt": 2
        }
      ],
      "multiply": 1,
      "question": "Name A Board Game People Give As A Holiday Gift."
    },
    {
      "answers": [
        {
          "ans": "Friends",
          "pnt": 38
        },
        {
          "ans": "Parents",
          "pnt": 21
        },
        {
          "ans": "Therapist",
          "pnt": 12
        },
        {
          "ans": "Pastor",
          "pnt": 8
        },
        {
          "ans": "Psychic",
          "pnt": 8
        },
        {
          "ans": "Internet",
          "pnt": 6
        }
      ],
      "multiply": 2,
      "question": "Where Do Many People Go To Get Advice On Love?"
    },
    {
      "answers": [
        {
          "ans": "Bathroom",
          "pnt": 34
        },
        {
          "ans": "Kitchen",
          "pnt": 31
        },
        {
          "ans": "Bedroom",
          "pnt": 17
        },
        {
          "ans": "Den",
          "pnt": 5
        },
        {
          "ans": "Dining Room",
          "pnt": 3
        },
        {
          "ans": "Kids Room",
          "pnt": 3
        },
        {
          "ans": "Living Room",
          "pnt": 3
        }
      ],
      "multiply": 2,
      "question": "Name A Room In Your Home That’s Hard To Keep Clean."
    },
    {
      "answers": [
        {
          "ans": "Crying Baby",
          "pnt": 37
        },
        {
          "ans": "Nightmares",
          "pnt": 23
        },
        {
          "ans": "Feeding Times",
          "pnt": 18
        },
        {
          "ans": "Sick Kid",
          "pnt": 14
        }
      ],
      "multiply": 2,
      "question": "After Having Kids, Name Something That Happens That Interrupts A Couple’s Alone Time At Night."
    }
  ],
  "final_round": [
    {
      "answers": [
        [
          "Ride A Bicycle",
          35
        ],
        [
          "Play Football",
          22
        ],
        [
          "Ride A Motorcycle",
          16
        ],
        [
          "Rock Climb",
          10
        ],
        [
          "Skydive",
          10
        ],
        [
          "Skateboard",
          4
        ]
      ],
      "question": "Name An Activity You’d Never Do Without Wearing A Helmet"
    },
    {
      "answers": [
        [
          "Friends/Popularity",
          43
        ],
        [
          "Clothes",
          14
        ],
        [
          "Talking On Phone",
          13
        ],
        [
          "Car/Driving",
          11
        ],
        [
          "Music",
          8
        ],
        [
          "Dating",
          5
        ]
      ],
      "question": "Name Something That’s More Important To A Teenager Than To An Adult."
    },
    {
      "answers": [
        [
          "Suck Thumb ",
          57
        ],
        [
          "Go To School ",
          37
        ],
        [
          "Growing ",
          24
        ],
        [
          "Playing ",
          16
        ],
        [
          "Being Foolish ",
          10
        ]
      ],
      "question": "Name Something You Stop Doing When You Become An Adult"
    },
    {
      "answers": [
        [
          "Ice/Speed Skater",
          49
        ],
        [
          "Football Player",
          20
        ],
        [
          "Hockey Player",
          20
        ],
        [
          "Runner",
          8
        ]
      ],
      "question": "What Kind Of Athlete Would Have An Unfair Advantage In A Roller Derby?"
    }
  ],
  "final_round_timers": [
    20,
    25
  ]
}