{
  "rounds": [
    {
      "answers": [
        {
          "ans": "Knockers ",
          "pnt": 40
        },
        {
          "ans": "Numbers ",
          "pnt": 26
        },
        {
          "ans": "Letterbox ",
          "pnt": 17
        },
        {
          "ans": "Bell ",
          "pnt": 11
        },
        {
          "ans": "Lock ",
          "pnt": 7
        },
        {
          "ans": "Handle ",
          "pnt": 5
        }
      ],
      "multiply": 1,
      "question": "Name Something You Might See On A Front Door"
    },
    {
      "answers": [
        {
          "ans": "Construction",
          "pnt": 32
        },
        {
          "ans": "Cowboy",
          "pnt": 21
        },
        {
          "ans": "Firefighter",
          "pnt": 18
        },
        {
          "ans": "Army",
          "pnt": 16
        },
        {
          "ans": "Farmer",
          "pnt": 4
        },
        {
          "ans": "Police Officer",
          "pnt": 3
        }
      ],
      "multiply": 1,
      "question": "Name A Profession Where You Get To Wear Boots All Day"
    },
    {
      "answers": [
        {
          "ans": "Sky ",
          "pnt": 59
        },
        {
          "ans": "Ocean ",
          "pnt": 38
        },
        {
          "ans": "Blueberries ",
          "pnt": 25
        },
        {
          "ans": "Eyes ",
          "pnt": 16
        },
        {
          "ans": "Flowers ",
          "pnt": 11
        }
      ],
      "multiply": 1,
      "question": "Name Something Blue"
    },
    {
      "answers": [
        {
          "ans": "Wall",
          "pnt": 51
        },
        {
          "ans": "School Desk",
          "pnt": 30
        },
        {
          "ans": "Clothes",
          "pnt": 6
        },
        {
          "ans": "Skin",
          "pnt": 3
        },
        {
          "ans": "Car",
          "pnt": 3
        }
      ],
      "multiply": 2,
      "question": "What Might A Kid Get In Trouble For Writing On?"
    },
    {
      "answers": [
        {
          "ans": "Coat",
          "pnt": 56
        },
        {
          "ans": "Gloves",
          "pnt": 12
        },
        {
          "ans": "Hat",
          "pnt": 7
        },
        {
          "ans": "Sweater",
          "pnt": 6
        },
        {
          "ans": "Long Johns",
          "pnt": 6
        },
        {
          "ans": "Boots",
          "pnt": 5
        }
      ],
      "multiply": 2,
      "question": "Name Something Moms Make Their Kids Wear In The Winter."
    },
    {
      "answers": [
        {
          "ans": "A Bed",
          "pnt": 28
        },
        {
          "ans": "Room Service",
          "pnt": 26
        },
        {
          "ans": "Running Water",
          "pnt": 24
        },
        {
          "ans": "A TV",
          "pnt": 10
        },
        {
          "ans": "A Pool",
          "pnt": 8
        },
        {
          "ans": "Internet",
          "pnt": 3
        }
      ],
      "multiply": 2,
      "question": "Finish This Sentence: I’d Never Stay In A Hotel That Didn’t Have _____."
    }
  ],
  "final_round": [
    {
      "answers": [
        [
          "Flying Umbrella",
          44
        ],
        [
          "Sing",
          23
        ],
        [
          "Dance",
          8
        ],
        [
          "Spoonful Of sugar",
          7
        ],
        [
          "British Accent",
          6
        ],
        [
          "Babysit",
          4
        ]
      ],
      "question": "If You Wanted To Impersonate Mary Poppins, What Would You Do?"
    },
    {
      "answers": [
        [
          "Sleep ",
          44
        ],
        [
          "Read ",
          29
        ],
        [
          "Watch Tv ",
          19
        ],
        [
          "Sing ",
          12
        ],
        [
          "Stay Indoors ",
          8
        ]
      ],
      "question": "Name Something People Do When It Rains"
    },
    {
      "answers": [
        [
          "Donut",
          51
        ],
        [
          "Cereal",
          33
        ],
        [
          "Bagel",
          22
        ],
        [
          "Hard Candy",
          14
        ]
      ],
      "question": "Food That Has A Hole In The Middle."
    },
    {
      "answers": [
        [
          "Birthday ",
          57
        ],
        [
          "Christmas ",
          37
        ],
        [
          "New Baby ",
          24
        ],
        [
          "Sympathy ",
          16
        ],
        [
          "New Job ",
          10
        ],
        [
          "Get Well ",
          7
        ]
      ],
      "question": "Name A Reason You Might Send Someone A Card"
    }
  ],
  "final_round_timers": [
    20,
    25
  ]
}