{
  "rounds": [
    {
      "answers": [
        {
          "ans": "Wedding",
          "pnt": 42
        },
        {
          "ans": "Funeral",
          "pnt": 30
        },
        {
          "ans": "Work/Meeting",
          "pnt": 13
        },
        {
          "ans": "Job Interview",
          "pnt": 7
        },
        {
          "ans": "Court",
          "pnt": 5
        }
      ],
      "multiply": 1,
      "question": "Name An Occasion That It Would Not Be Fashionable To Arrive Late To."
    },
    {
      "answers": [
        {
          "ans": "Blow Kisses",
          "pnt": 32
        },
        {
          "ans": "Smile",
          "pnt": 29
        },
        {
          "ans": "Bat Eyelashes",
          "pnt": 17
        },
        {
          "ans": "Giggle",
          "pnt": 13
        },
        {
          "ans": "Coo",
          "pnt": 7
        }
      ],
      "multiply": 1,
      "question": "Name Something A Baby Does That Would Be Considered Flirting If An Adult Did It"
    },
    {
      "answers": [
        {
          "ans": "Cooking",
          "pnt": 40
        },
        {
          "ans": "Travel",
          "pnt": 36
        },
        {
          "ans": "Caroling",
          "pnt": 16
        },
        {
          "ans": "Party",
          "pnt": 6
        }
      ],
      "multiply": 1,
      "question": "Name A Family Tradition People Might Have For Winter Holidays."
    },
    {
      "answers": [
        {
          "ans": "Dodgeball",
          "pnt": 54
        },
        {
          "ans": "Tag",
          "pnt": 21
        },
        {
          "ans": "Volleyball",
          "pnt": 8
        },
        {
          "ans": "Duck Duck Goose",
          "pnt": 6
        },
        {
          "ans": "Ping Pong",
          "pnt": 4
        },
        {
          "ans": "Bowling",
          "pnt": 3
        }
      ],
      "multiply": 2,
      "question": "Name A Game You Played In Gym Class But Doesn’t Offer Much Exercise?"
    },
    {
      "answers": [
        {
          "ans": "Buildings",
          "pnt": 51
        },
        {
          "ans": "Bridge",
          "pnt": 21
        },
        {
          "ans": "Cliff",
          "pnt": 11
        },
        {
          "ans": "Moving Cars",
          "pnt": 10
        }
      ],
      "multiply": 2,
      "question": "Name Something That Action Movie Stars Always Jump Off Of."
    },
    {
      "answers": [
        {
          "ans": "Nappies ",
          "pnt": 58
        },
        {
          "ans": "Crying ",
          "pnt": 38
        },
        {
          "ans": "Bottle ",
          "pnt": 25
        },
        {
          "ans": "Mess ",
          "pnt": 16
        },
        {
          "ans": "Dummy ",
          "pnt": 11
        }
      ],
      "multiply": 2,
      "question": "Name Something You Associate With Babies"
    }
  ],
  "final_round": [
    {
      "answers": [
        [
          "Big Bird ",
          48
        ],
        [
          "Oscar ",
          31
        ],
        [
          "Bert ",
          20
        ],
        [
          "Ernie ",
          13
        ],
        [
          "The Count ",
          9
        ],
        [
          "Elmo ",
          6
        ]
      ],
      "question": "Name A character From Sesame Street"
    },
    {
      "answers": [
        [
          "Yourself ",
          59
        ],
        [
          "Dogs ",
          38
        ],
        [
          "Kids ",
          25
        ],
        [
          "House ",
          16
        ],
        [
          "Garden ",
          11
        ],
        [
          "Car ",
          7
        ]
      ],
      "question": "Name Something You Hose Down On A Hot Day"
    },
    {
      "answers": [
        [
          "Meat",
          68
        ],
        [
          "Vegetables",
          9
        ],
        [
          "Sugar",
          9
        ],
        [
          "Coffee",
          8
        ]
      ],
      "question": "Name Something That’s Sold By The Pound"
    },
    {
      "answers": [
        [
          "Got Lost",
          27
        ],
        [
          "Too Fast",
          25
        ],
        [
          "Accident",
          21
        ],
        [
          "Too Slow",
          9
        ],
        [
          "Expensive",
          7
        ],
        [
          "Smelly",
          5
        ]
      ],
      "question": "Name A Reason Why A Person Would Say They Had A Horrible Cab Driver."
    }
  ],
  "final_round_timers": [
    20,
    25
  ]
}