{
  "rounds": [
    {
      "answers": [
        {
          "ans": "Obey",
          "pnt": 39
        },
        {
          "ans": "Love",
          "pnt": 28
        },
        {
          "ans": "Cherish",
          "pnt": 15
        },
        {
          "ans": "Honor",
          "pnt": 11
        }
      ],
      "multiply": 1,
      "question": "Name A Word Grooms Say They’ll Do At The Alter, But Probably Never Say After The Wedding"
    },
    {
      "answers": [
        {
          "ans": "Snooze",
          "pnt": 76
        },
        {
          "ans": "Set Alarm",
          "pnt": 8
        },
        {
          "ans": "AM/FM Switch",
          "pnt": 6
        },
        {
          "ans": "Volume",
          "pnt": 5
        }
      ],
      "multiply": 1,
      "question": "Name A Specific Button On A Clock Radio"
    },
    {
      "answers": [
        {
          "ans": "Sledge ",
          "pnt": 49
        },
        {
          "ans": "Ski's ",
          "pnt": 32
        },
        {
          "ans": "Snow Board ",
          "pnt": 21
        }
      ],
      "multiply": 1,
      "question": "Name Something A Person Might Slide Down A Snowy Hill On"
    },
    {
      "answers": [
        {
          "ans": "Big Foot",
          "pnt": 34
        },
        {
          "ans": "King Kong",
          "pnt": 17
        },
        {
          "ans": "Godzilla",
          "pnt": 14
        },
        {
          "ans": "dragon",
          "pnt": 14
        },
        {
          "ans": "Unicorn",
          "pnt": 11
        },
        {
          "ans": "Loch Ness Monster",
          "pnt": 8
        }
      ],
      "multiply": 2,
      "question": "Name A Legendary Creature That Would Be A Huge Hit If Featured At The Zoo."
    },
    {
      "answers": [
        {
          "ans": "Kimono",
          "pnt": 30
        },
        {
          "ans": "Beret",
          "pnt": 18
        },
        {
          "ans": "Kilt",
          "pnt": 14
        },
        {
          "ans": "Serape",
          "pnt": 10
        },
        {
          "ans": "Poncho",
          "pnt": 8
        },
        {
          "ans": "Turban",
          "pnt": 8
        },
        {
          "ans": "Sombrero",
          "pnt": 7
        }
      ],
      "multiply": 2,
      "question": "Name An Article Of Clothing Associated With A Foreign Country."
    },
    {
      "answers": [
        {
          "ans": "Rope ",
          "pnt": 55
        },
        {
          "ans": "Pick ",
          "pnt": 36
        },
        {
          "ans": "Boots ",
          "pnt": 23
        },
        {
          "ans": "Helmet ",
          "pnt": 15
        }
      ],
      "multiply": 2,
      "question": "Name A Piece Of Mountain Climbing Equipment"
    }
  ],
  "final_round": [
    {
      "answers": [
        [
          "Candles/Lighting",
          35
        ],
        [
          "Wine",
          28
        ],
        [
          "Flowers",
          21
        ],
        [
          "Music",
          9
        ],
        [
          "Chocolates",
          3
        ]
      ],
      "question": "Name Something That Can Make An Ordinary Dinner Romantic."
    },
    {
      "answers": [
        [
          "California Girls",
          31
        ],
        [
          "Surfin’ USA",
          21
        ],
        [
          "Good Vibrations",
          13
        ],
        [
          "Help Me Rhonda",
          9
        ],
        [
          "Wouldn’t It Be Nice",
          8
        ],
        [
          "I Get Around",
          7
        ],
        [
          "Barbara Ann",
          5
        ]
      ],
      "question": "Name A Song Made Famous By The Beach Boys"
    },
    {
      "answers": [
        [
          "Toast / Food ",
          42
        ],
        [
          "Wood ",
          27
        ],
        [
          "Fingers ",
          18
        ],
        [
          "Candles ",
          12
        ]
      ],
      "question": "Name Something You Burn"
    },
    {
      "answers": [
        [
          "Carrot",
          32
        ],
        [
          "Corn",
          28
        ],
        [
          "Pumpkin",
          12
        ],
        [
          "Potato",
          9
        ],
        [
          "Beet",
          8
        ],
        [
          "Cauliflower",
          7
        ],
        [
          "Egg Plant",
          4
        ]
      ],
      "question": "Name A Vegetable That Is Not Green"
    }
  ],
  "final_round_timers": [
    20,
    25
  ]
}