{
  "rounds": [
    {
      "answers": [
        {
          "ans": "Brad Pitt",
          "pnt": 29
        },
        {
          "ans": "Tom Hanks",
          "pnt": 13
        },
        {
          "ans": "Julia Roberts",
          "pnt": 13
        },
        {
          "ans": "Jennifer Aniston",
          "pnt": 13
        },
        {
          "ans": "Denzel Washington",
          "pnt": 10
        },
        {
          "ans": "Sean Penn",
          "pnt": 9
        },
        {
          "ans": "Reese Witherspoon",
          "pnt": 6
        }
      ],
      "multiply": 1,
      "question": "Name A Movie Star You Would Invite For Thanksgiving Dinner."
    },
    {
      "answers": [
        {
          "ans": "Wallet",
          "pnt": 72
        },
        {
          "ans": "Cell Phone",
          "pnt": 11
        },
        {
          "ans": "Bodyguard",
          "pnt": 7
        },
        {
          "ans": "Checkbook",
          "pnt": 4
        }
      ],
      "multiply": 1,
      "question": "Name Something Donald Trump Probably Keeps With Him At All Times."
    },
    {
      "answers": [
        {
          "ans": "Milk",
          "pnt": 59
        },
        {
          "ans": "Spinach",
          "pnt": 24
        },
        {
          "ans": "Carrots",
          "pnt": 12
        },
        {
          "ans": "Broccoli",
          "pnt": 3
        }
      ],
      "multiply": 1,
      "question": "Name a specific food or drink moms tell their kids to consume so they grow “Big and Strong”."
    },
    {
      "answers": [
        {
          "ans": "Campaign",
          "pnt": 46
        },
        {
          "ans": "Give Speeches",
          "pnt": 16
        },
        {
          "ans": "Make Posters",
          "pnt": 10
        },
        {
          "ans": "Shake Hands",
          "pnt": 8
        },
        {
          "ans": "Say Hello",
          "pnt": 7
        },
        {
          "ans": "Draft Platform",
          "pnt": 6
        }
      ],
      "multiply": 2,
      "question": "Name Something A Student Has To Do When Running For Class President"
    },
    {
      "answers": [
        {
          "ans": "Swimming ",
          "pnt": 43
        },
        {
          "ans": "Fishing ",
          "pnt": 28
        },
        {
          "ans": "Surfing ",
          "pnt": 18
        },
        {
          "ans": "Sailing ",
          "pnt": 12
        },
        {
          "ans": "Scuba Diving ",
          "pnt": 8
        }
      ],
      "multiply": 2,
      "question": "Name An Activity You Might Do In The Sea"
    },
    {
      "answers": [
        {
          "ans": "Handprint ",
          "pnt": 44
        },
        {
          "ans": "Collage ",
          "pnt": 29
        },
        {
          "ans": "Painting ",
          "pnt": 19
        }
      ],
      "multiply": 2,
      "question": "Name Something Children Make For Parents In Nursery School"
    }
  ],
  "final_round": [
    {
      "answers": [
        [
          "Hair",
          31
        ],
        [
          "Clothes",
          24
        ],
        [
          "Careers",
          20
        ],
        [
          "Address",
          9
        ],
        [
          "Last Name",
          7
        ],
        [
          "Partners",
          4
        ]
      ],
      "question": "Name Something That A Person Might Change Many Times Throughout Their Life."
    },
    {
      "answers": [
        [
          "Brown Sugar",
          58
        ],
        [
          "Milk",
          20
        ],
        [
          "Butter",
          6
        ],
        [
          "Fruit",
          5
        ],
        [
          "Cinnamon",
          4
        ],
        [
          "Water",
          4
        ]
      ],
      "question": "Name Something People Add To Oatmeal"
    },
    {
      "answers": [
        [
          "Big Ears",
          33
        ],
        [
          "Disneyland",
          24
        ],
        [
          "Minnie Mouse",
          21
        ],
        [
          "Cartoons",
          8
        ],
        [
          "Donald Duck",
          6
        ],
        [
          "Walt Disney",
          5
        ]
      ],
      "question": "Name something you associate with Mickey Mouse"
    },
    {
      "answers": [
        [
          "Rocks",
          25
        ],
        [
          "Animals",
          19
        ],
        [
          "Poop",
          17
        ],
        [
          "Hose",
          14
        ],
        [
          "Toys",
          9
        ],
        [
          "Sprinkler",
          7
        ]
      ],
      "question": "Name Something You Would Wan’t To Run Over With Your Lawnmower."
    }
  ],
  "final_round_timers": [
    20,
    25
  ]
}