{
  "rounds": [
    {
      "answers": [
        {
          "ans": "Phone Call",
          "pnt": 43
        },
        {
          "ans": "Email",
          "pnt": 28
        },
        {
          "ans": "Send Flowers",
          "pnt": 18
        },
        {
          "ans": "Text Message",
          "pnt": 12
        }
      ],
      "multiply": 1,
      "question": "How do you let your partner know that youre thinking of them while your out of town"
    },
    {
      "answers": [
        {
          "ans": "Internet",
          "pnt": 41
        },
        {
          "ans": "Phone Book",
          "pnt": 35
        },
        {
          "ans": "Friends",
          "pnt": 12
        },
        {
          "ans": "Parents",
          "pnt": 4
        }
      ],
      "multiply": 1,
      "question": "Name A Way That You Can Track Down An Old Friend"
    },
    {
      "answers": [
        {
          "ans": "Pay",
          "pnt": 45
        },
        {
          "ans": "Title",
          "pnt": 25
        },
        {
          "ans": "Hours",
          "pnt": 16
        },
        {
          "ans": "Duties",
          "pnt": 9
        },
        {
          "ans": "Location",
          "pnt": 3
        }
      ],
      "multiply": 1,
      "question": "Name Something A Job Ad Should Tell You About The Job."
    },
    {
      "answers": [
        {
          "ans": "Change Hair",
          "pnt": 28
        },
        {
          "ans": "Diet",
          "pnt": 25
        },
        {
          "ans": "Put On Makeup",
          "pnt": 20
        },
        {
          "ans": "Plastic Surgery",
          "pnt": 13
        },
        {
          "ans": "Exercise",
          "pnt": 5
        },
        {
          "ans": "Clean Up",
          "pnt": 3
        }
      ],
      "multiply": 2,
      "question": "Name Something People Do When They Want To Look Better. (Makeover Is Not An Answer, Be More Specific)"
    },
    {
      "answers": [
        {
          "ans": "Mixing Colors",
          "pnt": 46
        },
        {
          "ans": "Bleach Clothes",
          "pnt": 26
        },
        {
          "ans": "Too Much Soap",
          "pnt": 8
        },
        {
          "ans": "Things For Dry Clean",
          "pnt": 2
        }
      ],
      "multiply": 2,
      "question": "When Doing Laundry For The First Time, Name Something A Single Guy Might Screw Up"
    },
    {
      "answers": [
        {
          "ans": "Become Intimate",
          "pnt": 58
        },
        {
          "ans": "Get Married",
          "pnt": 38
        },
        {
          "ans": "Live Together",
          "pnt": 25
        }
      ],
      "multiply": 2,
      "question": "Name Something A Couple Shouldn’t Do Until They Have Known Each Other For A Long Time."
    }
  ],
  "final_round": [
    {
      "answers": [
        [
          "Car",
          44
        ],
        [
          "Public Transportation",
          20
        ],
        [
          "Carpool",
          15
        ],
        [
          "Bike",
          10
        ],
        [
          "Walk",
          5
        ]
      ],
      "question": "Name A Way People Get To Work In The Morning."
    },
    {
      "answers": [
        [
          "Lower Taxes",
          60
        ],
        [
          "World Peace",
          17
        ],
        [
          "Create Jobs",
          16
        ],
        [
          "Affordable Healthcare",
          5
        ]
      ],
      "question": "What Might Someone Promise To Do If They Wanted To Be Elected President?"
    },
    {
      "answers": [
        [
          "Sean Connery",
          44
        ],
        [
          "James Bond",
          29
        ],
        [
          "Antonio Banderas",
          19
        ],
        [
          "Fabio",
          12
        ],
        [
          "Hugh Grant",
          8
        ],
        [
          "Pierce Bronson",
          5
        ]
      ],
      "question": "Name A Man Women Love Just For His Accent"
    },
    {
      "answers": [
        [
          "Corn",
          38
        ],
        [
          "Athletes Foot",
          30
        ],
        [
          "Wart",
          19
        ],
        [
          "Bunion",
          7
        ],
        [
          "Ingrown Toenail",
          6
        ]
      ],
      "question": "Name Something Ugly That Can Grow On Your Feet"
    }
  ],
  "final_round_timers": [
    20,
    25
  ]
}