{
  "rounds": [
    {
      "answers": [
        {
          "ans": "Good",
          "pnt": 28
        },
        {
          "ans": "Too Short",
          "pnt": 26
        },
        {
          "ans": "Box Of Chocolates",
          "pnt": 21
        },
        {
          "ans": "Beautiful",
          "pnt": 9
        },
        {
          "ans": "A Bowl Of Cherries",
          "pnt": 8
        },
        {
          "ans": "A Beach",
          "pnt": 5
        }
      ],
      "multiply": 1,
      "question": "Name A Phrase That Starts With “Life Is…”."
    },
    {
      "answers": [
        {
          "ans": "Singer",
          "pnt": 52
        },
        {
          "ans": "Radio Host",
          "pnt": 15
        },
        {
          "ans": "Teacher",
          "pnt": 10
        },
        {
          "ans": "Receptionist",
          "pnt": 8
        },
        {
          "ans": "Telemarketer",
          "pnt": 5
        },
        {
          "ans": "Actor",
          "pnt": 3
        }
      ],
      "multiply": 1,
      "question": "name a Profession Where You Might Be Fired If You Lost Your Voice"
    },
    {
      "answers": [
        {
          "ans": "Nurse",
          "pnt": 22
        },
        {
          "ans": "Doctor",
          "pnt": 17
        },
        {
          "ans": "Work In Store",
          "pnt": 15
        },
        {
          "ans": "Police",
          "pnt": 15
        },
        {
          "ans": "Santa Claus",
          "pnt": 8
        },
        {
          "ans": "Restaurant",
          "pnt": 5
        },
        {
          "ans": "Pilot",
          "pnt": 4
        }
      ],
      "multiply": 1,
      "question": "Name A Job Which Might Require Someone To Work On Christmas."
    },
    {
      "answers": [
        {
          "ans": "Scream",
          "pnt": 51
        },
        {
          "ans": "Hide Under Blanket",
          "pnt": 33
        },
        {
          "ans": "Cry",
          "pnt": 22
        },
        {
          "ans": "Turn It Off",
          "pnt": 14
        },
        {
          "ans": "Go To Another Room",
          "pnt": 9
        }
      ],
      "multiply": 2,
      "question": "Name Something You Do While Watching A Scary Movie At Home, That You Can’t Do In A Theatre"
    },
    {
      "answers": [
        {
          "ans": "Chess/checkers",
          "pnt": 36
        },
        {
          "ans": "King Kong",
          "pnt": 30
        },
        {
          "ans": "King Of The Hill",
          "pnt": 29
        },
        {
          "ans": "King’s Corner",
          "pnt": 3
        }
      ],
      "multiply": 2,
      "question": "Name A Game That Involves The Word King"
    },
    {
      "answers": [
        {
          "ans": "Banana",
          "pnt": 35
        },
        {
          "ans": "Hand",
          "pnt": 24
        },
        {
          "ans": "Shoe",
          "pnt": 17
        },
        {
          "ans": "Remote",
          "pnt": 11
        },
        {
          "ans": "Brush",
          "pnt": 6
        },
        {
          "ans": "Tin Can",
          "pnt": 4
        }
      ],
      "multiply": 2,
      "question": "Name An Object That Kids Pretend Is A Telephone"
    }
  ],
  "final_round": [
    {
      "answers": [
        [
          "Hat",
          55
        ],
        [
          "Capes",
          11
        ],
        [
          "Buckle Shoes",
          10
        ],
        [
          "Bonnets",
          10
        ],
        [
          "Big White Collars",
          5
        ],
        [
          "Bloomers",
          5
        ],
        [
          "Stockings",
          4
        ]
      ],
      "question": "Name Something Pilgrims Wear"
    },
    {
      "answers": [
        [
          "Map",
          55
        ],
        [
          "GPS",
          27
        ],
        [
          "Gas station Attendant",
          8
        ],
        [
          "Police",
          6
        ],
        [
          "Compass",
          3
        ]
      ],
      "question": "What Can You Consult For Directions When You’re Lost?"
    },
    {
      "answers": [
        [
          "Lake",
          51
        ],
        [
          "Mud Puddle",
          19
        ],
        [
          "Dust",
          18
        ],
        [
          "Birdbath",
          12
        ]
      ],
      "question": "Name A Place An Animal Might Take A Bath, But You Never Would."
    },
    {
      "answers": [
        [
          "Song",
          59
        ],
        [
          "Smell",
          14
        ],
        [
          "Movie",
          13
        ],
        [
          "Picture",
          12
        ]
      ],
      "question": "Name Something That Can Make A Person Suddenly Think Of Their Partner."
    }
  ],
  "final_round_timers": [
    20,
    25
  ]
}