{
  "rounds": [
    {
      "answers": [
        {
          "ans": "Babysitting",
          "pnt": 49
        },
        {
          "ans": "Eat Over",
          "pnt": 32
        },
        {
          "ans": "Close For Holidays",
          "pnt": 21
        },
        {
          "ans": "Visit Often",
          "pnt": 14
        }
      ],
      "multiply": 1,
      "question": "Name A Good Reaon To Live Near In-Laws"
    },
    {
      "answers": [
        {
          "ans": "Balloon ",
          "pnt": 55
        },
        {
          "ans": "Lungs ",
          "pnt": 36
        },
        {
          "ans": "Diving Kit ",
          "pnt": 23
        }
      ],
      "multiply": 1,
      "question": "Name Something You Fill With Air"
    },
    {
      "answers": [
        {
          "ans": "Cans ",
          "pnt": 55
        },
        {
          "ans": "Foil ",
          "pnt": 36
        },
        {
          "ans": "Window Frame ",
          "pnt": 23
        },
        {
          "ans": "Saucepan ",
          "pnt": 15
        },
        {
          "ans": "Bicycle ",
          "pnt": 10
        }
      ],
      "multiply": 1,
      "question": "Name Something That Is Made From Aluminium"
    },
    {
      "answers": [
        {
          "ans": "Wrinkles",
          "pnt": 50
        },
        {
          "ans": "Arthritis",
          "pnt": 25
        },
        {
          "ans": "Gray Hair",
          "pnt": 8
        },
        {
          "ans": "Sagging",
          "pnt": 8
        },
        {
          "ans": "Back Ache",
          "pnt": 7
        }
      ],
      "multiply": 2,
      "question": "Name Something That Happens To An Old Person’s Body, That You’d Be Surprised To Hear A teen Complaining About"
    },
    {
      "answers": [
        {
          "ans": "Bread ",
          "pnt": 43
        },
        {
          "ans": "Tomato ",
          "pnt": 28
        },
        {
          "ans": "Cheese ",
          "pnt": 18
        },
        {
          "ans": "Meat ",
          "pnt": 12
        },
        {
          "ans": "Cake ",
          "pnt": 8
        }
      ],
      "multiply": 2,
      "question": "Name Something That Gets Sliced"
    },
    {
      "answers": [
        {
          "ans": "Bring Coupons",
          "pnt": 61
        },
        {
          "ans": "Carry A Calculator",
          "pnt": 22
        },
        {
          "ans": "Buy Generic Brands",
          "pnt": 11
        },
        {
          "ans": "How They dress",
          "pnt": 3
        }
      ],
      "multiply": 2,
      "question": "In The Grocery Store, How Can You Identify A Penny-Pincher?"
    }
  ],
  "final_round": [
    {
      "answers": [
        [
          "Manchester ",
          52
        ],
        [
          "Heathrow ",
          34
        ],
        [
          "Gatwick ",
          22
        ],
        [
          "Luton ",
          14
        ],
        [
          "Liverpool ",
          9
        ],
        [
          "Stanstead ",
          6
        ]
      ],
      "question": "Name A British Airport"
    },
    {
      "answers": [
        [
          "Police Officer",
          50
        ],
        [
          "President’s",
          23
        ],
        [
          "His Parent’s",
          9
        ],
        [
          "Cab Driver’s",
          5
        ]
      ],
      "question": "Whose car would A Thief Be Unlikely To Steal?"
    },
    {
      "answers": [
        [
          "Complain",
          27
        ],
        [
          "Tap Foot",
          25
        ],
        [
          "Yell",
          14
        ],
        [
          "Bite Nails",
          12
        ],
        [
          "Swear",
          9
        ],
        [
          "Sigh/Moan",
          6
        ]
      ],
      "question": "Name Something An Impatient Person Might Do While Waiting In Line"
    },
    {
      "answers": [
        [
          "Doctor",
          28
        ],
        [
          "Lawyer",
          27
        ],
        [
          "Fitness Trainer",
          15
        ],
        [
          "Accountant/Broker",
          13
        ],
        [
          "Teacher",
          6
        ]
      ],
      "question": "Name An Occupation Where People Are Paid To Tell Others What To Do (More Specific Than Boss)."
    }
  ],
  "final_round_timers": [
    20,
    25
  ]
}