{
  "rounds": [
    {
      "answers": [
        {
          "ans": "Medicine ",
          "pnt": 55
        },
        {
          "ans": "Cotton Wool ",
          "pnt": 36
        },
        {
          "ans": "Plasters ",
          "pnt": 23
        },
        {
          "ans": "Condoms ",
          "pnt": 15
        },
        {
          "ans": "Tampons ",
          "pnt": 10
        }
      ],
      "multiply": 1,
      "question": "Name Something You Might Buy From A Pharmacist"
    },
    {
      "answers": [
        {
          "ans": "Cars",
          "pnt": 65
        },
        {
          "ans": "Houses",
          "pnt": 12
        },
        {
          "ans": "Spouses",
          "pnt": 11
        },
        {
          "ans": "Affairs",
          "pnt": 5
        },
        {
          "ans": "Kids",
          "pnt": 4
        }
      ],
      "multiply": 1,
      "question": "Name Something A Lot Of Movie Stars Have More Than One Of"
    },
    {
      "answers": [
        {
          "ans": "Affection ",
          "pnt": 46
        },
        {
          "ans": "Romance ",
          "pnt": 30
        },
        {
          "ans": "Care ",
          "pnt": 20
        },
        {
          "ans": "Friendship ",
          "pnt": 13
        },
        {
          "ans": "Presents ",
          "pnt": 8
        }
      ],
      "multiply": 1,
      "question": "Name Something Associated With Love"
    },
    {
      "answers": [
        {
          "ans": "Pumpkin",
          "pnt": 44
        },
        {
          "ans": "Oven",
          "pnt": 23
        },
        {
          "ans": "Pie Pan",
          "pnt": 12
        },
        {
          "ans": "Spices",
          "pnt": 8
        },
        {
          "ans": "Evaporated Milk",
          "pnt": 3
        }
      ],
      "multiply": 2,
      "question": "Name Something You Use To Bake A Pumpkin Pie."
    },
    {
      "answers": [
        {
          "ans": "United",
          "pnt": 27
        },
        {
          "ans": "American",
          "pnt": 23
        },
        {
          "ans": "Southwest",
          "pnt": 15
        },
        {
          "ans": "Delta",
          "pnt": 10
        }
      ],
      "multiply": 2,
      "question": "Name An Airline You can Fly Almost Anywhere in the US"
    },
    {
      "answers": [
        {
          "ans": "Float",
          "pnt": 68
        },
        {
          "ans": "Hold Breath",
          "pnt": 13
        },
        {
          "ans": "Doggy paddle",
          "pnt": 6
        },
        {
          "ans": "Blow Bubbles",
          "pnt": 4
        },
        {
          "ans": "Head Under Water",
          "pnt": 3
        }
      ],
      "multiply": 2,
      "question": "Name Something You’d Learn To Do In Your First Swim Class"
    }
  ],
  "final_round": [
    {
      "answers": [
        [
          "Stove/Oven",
          45
        ],
        [
          "Blender",
          16
        ],
        [
          "Refrigerator",
          11
        ],
        [
          "Microwave",
          10
        ],
        [
          "Toaster",
          8
        ],
        [
          "Coffee Maker",
          7
        ]
      ],
      "question": "Name A Kitchen Appliance That Is Hardest To Clean"
    },
    {
      "answers": [
        [
          "Jewelery",
          49
        ],
        [
          "Car",
          24
        ],
        [
          "TV",
          11
        ],
        [
          "Watch/Clock",
          5
        ],
        [
          "Stocks",
          4
        ],
        [
          "Furniture",
          4
        ],
        [
          "Clothes",
          3
        ]
      ],
      "question": "If You Needed Some Fast Cash, Name A Possession You Might Sell"
    },
    {
      "answers": [
        [
          50,
          37
        ],
        [
          100,
          25
        ],
        [
          60,
          7
        ],
        [
          80,
          6
        ],
        [
          90,
          6
        ],
        [
          30,
          5
        ],
        [
          40,
          3
        ]
      ],
      "question": "How Much Do You Expect To Spend If You’re Taking A Date Out For A Nice Dinner? Please Round To Nearest $10."
    },
    {
      "answers": [
        [
          "Strawberry",
          36
        ],
        [
          "Apple",
          28
        ],
        [
          "Cherry",
          18
        ],
        [
          "Raspberry",
          7
        ],
        [
          "Blueberry",
          5
        ],
        [
          "Peach",
          4
        ]
      ],
      "question": "Name A Fruit You Might Find In A Pastry."
    }
  ],
  "final_round_timers": [
    20,
    25
  ]
}