{
  "rounds": [
    {
      "answers": [
        {
          "ans": "Dinner",
          "pnt": 56
        },
        {
          "ans": "Bedtime",
          "pnt": 36
        },
        {
          "ans": "Homework",
          "pnt": 24
        },
        {
          "ans": "Chores",
          "pnt": 16
        },
        {
          "ans": "Curfew",
          "pnt": 10
        }
      ],
      "multiply": 1,
      "question": "Name Something Many Parents Want Their Kids Home At A Certain Time For."
    },
    {
      "answers": [
        {
          "ans": "Mask",
          "pnt": 42
        },
        {
          "ans": "Sword",
          "pnt": 30
        },
        {
          "ans": "Z",
          "pnt": 14
        },
        {
          "ans": "Horse",
          "pnt": 5
        },
        {
          "ans": "Cape",
          "pnt": 4
        }
      ],
      "multiply": 1,
      "question": "Name Something Associated With Zorro"
    },
    {
      "answers": [
        {
          "ans": "Sitting Too Long",
          "pnt": 36
        },
        {
          "ans": "Need A Bathroom",
          "pnt": 30
        },
        {
          "ans": "Hungry",
          "pnt": 22
        },
        {
          "ans": "Bored",
          "pnt": 6
        },
        {
          "ans": "Temperature",
          "pnt": 4
        }
      ],
      "multiply": 1,
      "question": "Tell Me Something A Child Might Complain About On A Road Trip."
    },
    {
      "answers": [
        {
          "ans": "Food",
          "pnt": 46
        },
        {
          "ans": "Drinks",
          "pnt": 30
        },
        {
          "ans": "Entertainment",
          "pnt": 20
        }
      ],
      "multiply": 2,
      "question": "Something You Get Free At A Casino"
    },
    {
      "answers": [
        {
          "ans": "Hard Hat",
          "pnt": 67
        },
        {
          "ans": "Tool Belt",
          "pnt": 14
        },
        {
          "ans": "Boots",
          "pnt": 8
        },
        {
          "ans": "Orange Vests",
          "pnt": 4
        },
        {
          "ans": "Overalls",
          "pnt": 4
        }
      ],
      "multiply": 2,
      "question": "Name Something Construction Workers Wear"
    },
    {
      "answers": [
        {
          "ans": "Juice",
          "pnt": 33
        },
        {
          "ans": "Bubblegum",
          "pnt": 23
        },
        {
          "ans": "Soda",
          "pnt": 12
        },
        {
          "ans": "Jelly",
          "pnt": 9
        },
        {
          "ans": "Medicine",
          "pnt": 8
        },
        {
          "ans": "Lolipop",
          "pnt": 6
        },
        {
          "ans": "Ice Cream",
          "pnt": 5
        }
      ],
      "multiply": 2,
      "question": "Name Something That Might Be Grape-Flavored"
    }
  ],
  "final_round": [
    {
      "answers": [
        [
          "Shoes ",
          46
        ],
        [
          "Silver ",
          30
        ],
        [
          "Floor ",
          20
        ],
        [
          "Car ",
          13
        ],
        [
          "Wood / Furniture ",
          8
        ]
      ],
      "question": "Name Something That Looks Better Polished"
    },
    {
      "answers": [
        [
          "Hat",
          36
        ],
        [
          "Shorts",
          25
        ],
        [
          "Mini Skirt",
          15
        ],
        [
          "Tank Top",
          15
        ],
        [
          "Jewelry",
          3
        ],
        [
          "Make Up",
          3
        ]
      ],
      "question": "Name Something A School Might Forbid Students From Wearing."
    },
    {
      "answers": [
        [
          "Baker",
          48
        ],
        [
          "Newspaper Delivery",
          31
        ],
        [
          "Mail Carrier",
          20
        ],
        [
          "Bus Driver",
          13
        ],
        [
          "Construction",
          9
        ],
        [
          "Doctor",
          6
        ],
        [
          "Milk Delivery",
          3
        ]
      ],
      "question": "Name A Job You Should Never Apply If You Don’t Like Wake Early"
    },
    {
      "answers": [
        [
          "Car",
          53
        ],
        [
          "Gas",
          20
        ],
        [
          "House",
          20
        ],
        [
          "Food",
          5
        ]
      ],
      "question": "Name Something That People Normally Don’t Pay Cash For."
    }
  ],
  "final_round_timers": [
    20,
    25
  ]
}