{
  "rounds": [
    {
      "answers": [
        {
          "ans": "Ear ",
          "pnt": 55
        },
        {
          "ans": "Belly Button ",
          "pnt": 36
        },
        {
          "ans": "Lip ",
          "pnt": 23
        },
        {
          "ans": "Nipple ",
          "pnt": 15
        },
        {
          "ans": "Clit ",
          "pnt": 10
        },
        {
          "ans": "Bellend ",
          "pnt": 6
        }
      ],
      "multiply": 1,
      "question": "Name A Part Of The Body You Might Have Pierced"
    },
    {
      "answers": [
        {
          "ans": "2PM",
          "pnt": 32
        },
        {
          "ans": "Noon",
          "pnt": 17
        },
        {
          "ans": "4PM",
          "pnt": 16
        },
        {
          "ans": "3PM",
          "pnt": 14
        },
        {
          "ans": "1PM",
          "pnt": 9
        },
        {
          "ans": "6PM",
          "pnt": 5
        }
      ],
      "multiply": 1,
      "question": "Name The Time Of Day A Person Is Likely To Take A Nap."
    },
    {
      "answers": [
        {
          "ans": "Fix Hair",
          "pnt": 40
        },
        {
          "ans": "Put On Make Up",
          "pnt": 30
        },
        {
          "ans": "Get Dressed",
          "pnt": 19
        },
        {
          "ans": "Shower",
          "pnt": 8
        }
      ],
      "multiply": 1,
      "question": "What Would A Beauty-Obsessed Person Take Longer To Do?"
    },
    {
      "answers": [
        {
          "ans": "Ski",
          "pnt": 52
        },
        {
          "ans": "Sled",
          "pnt": 21
        },
        {
          "ans": "Ice Skate",
          "pnt": 9
        },
        {
          "ans": "Snowboard",
          "pnt": 8
        },
        {
          "ans": "Sit By Fire",
          "pnt": 5
        }
      ],
      "multiply": 2,
      "question": "Name Something A Family Might Do On Vacation At A Winter Lodge."
    },
    {
      "answers": [
        {
          "ans": "Hands",
          "pnt": 20
        },
        {
          "ans": "Legs",
          "pnt": 20
        },
        {
          "ans": "Forearms",
          "pnt": 17
        },
        {
          "ans": "Head",
          "pnt": 17
        },
        {
          "ans": "Neck",
          "pnt": 17
        },
        {
          "ans": "Feet",
          "pnt": 9
        },
        {
          "ans": "Ears",
          "pnt": 3
        }
      ],
      "multiply": 2,
      "question": "Name A Body Part That Gets Clothed In Winter, But Stays Naked All Summer."
    },
    {
      "answers": [
        {
          "ans": "Cute",
          "pnt": 34
        },
        {
          "ans": "Drooling",
          "pnt": 17
        },
        {
          "ans": "Need Attention",
          "pnt": 13
        },
        {
          "ans": "Playful",
          "pnt": 9
        },
        {
          "ans": "Sleep Alot",
          "pnt": 8
        },
        {
          "ans": "Cry",
          "pnt": 8
        }
      ],
      "multiply": 2,
      "question": "Name Something Babies And Puppies Have In Common."
    }
  ],
  "final_round": [
    {
      "answers": [
        [
          "Driver",
          33
        ],
        [
          "Construction",
          20
        ],
        [
          "Police Officer",
          11
        ],
        [
          "Food Service",
          10
        ],
        [
          "Glass Maker",
          9
        ],
        [
          "Window Washer",
          7
        ],
        [
          "Surgeon",
          6
        ]
      ],
      "question": "Name A Bad Job For Someone Who’s Accident Prone"
    },
    {
      "answers": [
        [
          "Nose",
          55
        ],
        [
          "Head",
          36
        ],
        [
          "Chest",
          4
        ],
        [
          "Ears",
          3
        ]
      ],
      "question": "Name A Part Of Your Body That Feels Stuffed UP When You Have A Cold."
    },
    {
      "answers": [
        [
          "Radio",
          41
        ],
        [
          "Talking",
          27
        ],
        [
          "Outdoors",
          17
        ],
        [
          "Play Games",
          11
        ],
        [
          "Writing",
          7
        ],
        [
          "Crafts",
          5
        ],
        [
          "Cooking",
          3
        ]
      ],
      "question": "Activity People Did More Of Before TV"
    },
    {
      "answers": [
        [
          "Pool",
          32
        ],
        [
          "Bar/Restaurant",
          24
        ],
        [
          "Casino",
          18
        ],
        [
          "Beds",
          8
        ],
        [
          "Entertainment",
          7
        ],
        [
          "Staff",
          4
        ]
      ],
      "question": "Name Something You’d Find On A Cruise Ship, But Not On A Regular Boat"
    }
  ],
  "final_round_timers": [
    20,
    25
  ]
}