{
  "rounds": [
    {
      "answers": [
        {
          "ans": "Marge/Margie",
          "pnt": 36
        },
        {
          "ans": "Maggie",
          "pnt": 31
        },
        {
          "ans": "Peggy/Peg",
          "pnt": 17
        },
        {
          "ans": "Meg",
          "pnt": 13
        }
      ],
      "multiply": 1,
      "question": "Tell Me A Nickname For A Woman Named “Margaret.”"
    },
    {
      "answers": [
        {
          "ans": "Jason",
          "pnt": 35
        },
        {
          "ans": "Dracula",
          "pnt": 23
        },
        {
          "ans": "Ghost",
          "pnt": 15
        },
        {
          "ans": "Witch",
          "pnt": 6
        },
        {
          "ans": "Frankenstein",
          "pnt": 6
        },
        {
          "ans": "Freddy Krueger",
          "pnt": 6
        },
        {
          "ans": "Zombie",
          "pnt": 5
        }
      ],
      "multiply": 1,
      "question": "Which Spooky Halloween Character Would You Hate To Run Into In A Dark Alley?"
    },
    {
      "answers": [
        {
          "ans": "United States",
          "pnt": 27
        },
        {
          "ans": "Mexico",
          "pnt": 15
        },
        {
          "ans": "Australia",
          "pnt": 14
        },
        {
          "ans": "Bahamas",
          "pnt": 12
        },
        {
          "ans": "France",
          "pnt": 11
        },
        {
          "ans": "Spain",
          "pnt": 9
        },
        {
          "ans": "Brazil",
          "pnt": 8
        }
      ],
      "multiply": 1,
      "question": "Name A Country Known For Having Beautiful Weather."
    },
    {
      "answers": [
        {
          "ans": "Dog",
          "pnt": 35
        },
        {
          "ans": "Each Other",
          "pnt": 23
        },
        {
          "ans": "TV",
          "pnt": 19
        },
        {
          "ans": "Worry",
          "pnt": 18
        }
      ],
      "multiply": 2,
      "question": "Besides Their Kids, Name Something That Might Keep New Parents Awake At Night."
    },
    {
      "answers": [
        {
          "ans": "Music ",
          "pnt": 56
        },
        {
          "ans": "Radio ",
          "pnt": 36
        },
        {
          "ans": "Eachother ",
          "pnt": 24
        }
      ],
      "multiply": 2,
      "question": "Name Something People Listen To"
    },
    {
      "answers": [
        {
          "ans": "Striking Out",
          "pnt": 31
        },
        {
          "ans": "Fetting Hurt",
          "pnt": 16
        },
        {
          "ans": "Getting Hit By A Ball",
          "pnt": 15
        },
        {
          "ans": "Drug Testing",
          "pnt": 12
        },
        {
          "ans": "Losing A Game",
          "pnt": 11
        },
        {
          "ans": "Dropping Ball",
          "pnt": 8
        }
      ],
      "multiply": 2,
      "question": "Name Something A Professional Baseball Player Might Have A Nightmare About."
    }
  ],
  "final_round": [
    {
      "answers": [
        [
          "Elephant",
          55
        ],
        [
          "Bear",
          36
        ],
        [
          "Pig",
          23
        ],
        [
          "Cow",
          15
        ],
        [
          "Hippo",
          10
        ],
        [
          "Whale",
          6
        ]
      ],
      "question": "If Animals Had Yearly Check-Ups, Name One That Might Be Told To Lose Some Weight."
    },
    {
      "answers": [
        [
          "Flowers",
          50
        ],
        [
          "Jewelery",
          33
        ],
        [
          "Perfume",
          21
        ],
        [
          "Lingerie",
          14
        ],
        [
          "Makeup",
          9
        ],
        [
          "Purse",
          6
        ]
      ],
      "question": "Name Something A Girl Wants As A Gift That Most Guys Would Never Want."
    },
    {
      "answers": [
        [
          "Party",
          55
        ],
        [
          "Cheat",
          17
        ],
        [
          "Drive Carelessly",
          9
        ],
        [
          "Get Arrested",
          8
        ],
        [
          "Divorce",
          5
        ]
      ],
      "question": "What Might A Celebrity Do That Causes People To Criticize Him?"
    },
    {
      "answers": [
        [
          "Cat",
          42
        ],
        [
          "Fruit",
          24
        ],
        [
          "Ball",
          21
        ],
        [
          "Kite",
          11
        ]
      ],
      "question": "Name Something You Might Climb A Tree To Get"
    }
  ],
  "final_round_timers": [
    20,
    25
  ]
}