{
  "rounds": [
    {
      "answers": [
        {
          "ans": "Overalls",
          "pnt": 53
        },
        {
          "ans": "Cowboy Hat",
          "pnt": 16
        },
        {
          "ans": "Blue Jeans",
          "pnt": 13
        },
        {
          "ans": "Boots",
          "pnt": 8
        },
        {
          "ans": "Suspenders",
          "pnt": 7
        }
      ],
      "multiply": 1,
      "question": "Which Article Of Clothing Do You Suspect Every Farmer Owns?"
    },
    {
      "answers": [
        {
          "ans": "Speech ",
          "pnt": 44
        },
        {
          "ans": "Play ",
          "pnt": 29
        },
        {
          "ans": "Song ",
          "pnt": 19
        },
        {
          "ans": "Wedding ",
          "pnt": 12
        },
        {
          "ans": "Lines ",
          "pnt": 8
        }
      ],
      "multiply": 1,
      "question": "Name Something That People Rehearse"
    },
    {
      "answers": [
        {
          "ans": "Boxing",
          "pnt": 39
        },
        {
          "ans": "Football",
          "pnt": 36
        },
        {
          "ans": "Hockey",
          "pnt": 14
        },
        {
          "ans": "Wrestling",
          "pnt": 8
        }
      ],
      "multiply": 1,
      "question": "Name A Sports Whose Athletes You’d Least Like To Get In A Fight With"
    },
    {
      "answers": [
        {
          "ans": "Harry Potter",
          "pnt": 29
        },
        {
          "ans": "Bible",
          "pnt": 19
        },
        {
          "ans": "Chronicals Of Narnia",
          "pnt": 16
        },
        {
          "ans": "Willy Wonka",
          "pnt": 14
        },
        {
          "ans": "Lord Of The Rings",
          "pnt": 7
        },
        {
          "ans": "Catcher In The Rye",
          "pnt": 7
        }
      ],
      "multiply": 2,
      "question": "Name A Book You’d Like To Get As A Gift."
    },
    {
      "answers": [
        {
          "ans": "Blood",
          "pnt": 72
        },
        {
          "ans": "The Dark",
          "pnt": 8
        },
        {
          "ans": "Cross",
          "pnt": 7
        },
        {
          "ans": "Neck Bites",
          "pnt": 4
        },
        {
          "ans": "Bats",
          "pnt": 2
        }
      ],
      "multiply": 2,
      "question": "Name Something You Can’t Be Afraid Of If You Want To Become A Vampire"
    },
    {
      "answers": [
        {
          "ans": "Mail",
          "pnt": 30
        },
        {
          "ans": "Safe/Lock Box",
          "pnt": 21
        },
        {
          "ans": "Dresser Drawers",
          "pnt": 16
        },
        {
          "ans": "Jewelery Box",
          "pnt": 13
        },
        {
          "ans": "Purse/Wallet",
          "pnt": 11
        },
        {
          "ans": "Diary/Journal",
          "pnt": 7
        }
      ],
      "multiply": 2,
      "question": "Name Something A Housekeeper Should Not Open"
    }
  ],
  "final_round": [
    {
      "answers": [
        [
          "Lane ",
          48
        ],
        [
          "Road ",
          31
        ],
        [
          "Waist ",
          20
        ],
        [
          "Ruler ",
          13
        ],
        [
          "Path ",
          9
        ]
      ],
      "question": "Name Something That Is Narrow"
    },
    {
      "answers": [
        [
          "Flower ",
          47
        ],
        [
          "Yeast ",
          31
        ],
        [
          "Doe ",
          20
        ],
        [
          "Water ",
          13
        ],
        [
          "Flavour ",
          8
        ]
      ],
      "question": "Name Something You Need To Make Bread"
    },
    {
      "answers": [
        [
          "Jewelry",
          44
        ],
        [
          "Watch",
          20
        ],
        [
          "Cell Phone",
          17
        ],
        [
          "House",
          7
        ],
        [
          "Pair Of Glasses",
          6
        ]
      ],
      "question": "Name Something That’s Expensive To Replace If You Lose It."
    },
    {
      "answers": [
        [
          "Flashlight",
          46
        ],
        [
          "Magnifying Glass",
          22
        ],
        [
          "Compass",
          17
        ],
        [
          "Camera",
          11
        ]
      ],
      "question": "Name Something That Both A Detective And A Camper Use."
    }
  ],
  "final_round_timers": [
    20,
    25
  ]
}