{
  "rounds": [
    {
      "answers": [
        {
          "ans": "Eat",
          "pnt": 50
        },
        {
          "ans": "Drink",
          "pnt": 33
        },
        {
          "ans": "Scream",
          "pnt": 21
        },
        {
          "ans": "Cuddle",
          "pnt": 14
        },
        {
          "ans": "Clap",
          "pnt": 9
        },
        {
          "ans": "Look Up",
          "pnt": 6
        },
        {
          "ans": "Take Pictures",
          "pnt": 4
        }
      ],
      "multiply": 1,
      "question": "Name Something People Do While Watching Fireworks"
    },
    {
      "answers": [
        {
          "ans": "Wedding",
          "pnt": 52
        },
        {
          "ans": "Birthday",
          "pnt": 34
        },
        {
          "ans": "Graduation",
          "pnt": 9
        },
        {
          "ans": "Funeral",
          "pnt": 5
        }
      ],
      "multiply": 1,
      "question": "Name An Event In Your Life Where You’d Be Unhappy If No One Showed."
    },
    {
      "answers": [
        {
          "ans": "Work ",
          "pnt": 41
        },
        {
          "ans": "Act ",
          "pnt": 27
        },
        {
          "ans": "Have A Tutor ",
          "pnt": 17
        },
        {
          "ans": "Learn Lines ",
          "pnt": 11
        },
        {
          "ans": "Make Money ",
          "pnt": 7
        }
      ],
      "multiply": 1,
      "question": "Name Something A Child Star Does That The Average Child Doesn't"
    },
    {
      "answers": [
        {
          "ans": "Dishes",
          "pnt": 55
        },
        {
          "ans": "Gardening",
          "pnt": 26
        },
        {
          "ans": "Scrubbing Toilet",
          "pnt": 16
        },
        {
          "ans": "Painting",
          "pnt": 3
        }
      ],
      "multiply": 2,
      "question": "Name A Household Activity That People Wear Gloves While Doing."
    },
    {
      "answers": [
        {
          "ans": "Man On The Moon",
          "pnt": 27
        },
        {
          "ans": "Taxi",
          "pnt": 24
        },
        {
          "ans": "Impersonations",
          "pnt": 16
        },
        {
          "ans": "Comedy",
          "pnt": 13
        },
        {
          "ans": "Jim Carey",
          "pnt": 6
        },
        {
          "ans": "Saturday Night Live",
          "pnt": 5
        },
        {
          "ans": "Wrestling",
          "pnt": 2
        }
      ],
      "multiply": 2,
      "question": "Name Something You Associate With Andy Kaufman?"
    },
    {
      "answers": [
        {
          "ans": "Rose ",
          "pnt": 49
        },
        {
          "ans": "Carnation ",
          "pnt": 32
        },
        {
          "ans": "Daisy ",
          "pnt": 21
        },
        {
          "ans": "Lily ",
          "pnt": 14
        },
        {
          "ans": "Gardenia ",
          "pnt": 9
        }
      ],
      "multiply": 2,
      "question": "Name A White Flower"
    }
  ],
  "final_round": [
    {
      "answers": [
        [
          "Cavity",
          38
        ],
        [
          "Drill",
          30
        ],
        [
          "Root Canal",
          13
        ],
        [
          "Oops",
          6
        ]
      ],
      "question": "Which Words Do You Dread Hearing At The Dentist’s Office?"
    },
    {
      "answers": [
        [
          "Thinking/ Concentrating",
          53
        ],
        [
          "Headache/ Allergies",
          24
        ],
        [
          "Praying/ Meditating",
          8
        ],
        [
          "Something In Eye",
          5
        ],
        [
          "Contact Lens/ Dry Eyes",
          5
        ]
      ],
      "question": "If Your Boss Finds You Sleeping On The Job, What Excuse Might You Give For Having Your Closed Eyes?"
    },
    {
      "answers": [
        [
          "Go For Walk ",
          58
        ],
        [
          "Shopping ",
          38
        ],
        [
          "Sleep ",
          25
        ]
      ],
      "question": "Name Something A Person Does During Lunch Besides Eat"
    },
    {
      "answers": [
        [
          "Candy Bar",
          26
        ],
        [
          "Potato Chips",
          15
        ],
        [
          "Potatoes",
          15
        ],
        [
          "fast Food",
          14
        ],
        [
          "Ice Cream",
          12
        ],
        [
          "Bread",
          10
        ]
      ],
      "question": "Name Something You’d Eat A Lot Of If You Needed To Gain A Quick 10 Pounds."
    }
  ],
  "final_round_timers": [
    20,
    25
  ]
}