{
  "rounds": [
    {
      "answers": [
        {
          "ans": "Drink Too Much",
          "pnt": 48
        },
        {
          "ans": "Kiss Someone",
          "pnt": 31
        },
        {
          "ans": "Dance All Night",
          "pnt": 4
        },
        {
          "ans": "Get Naked",
          "pnt": 3
        },
        {
          "ans": "Put Foot In Mouth",
          "pnt": 3
        }
      ],
      "multiply": 1,
      "question": "What Might You Do At A Party, That You’d Regret The Next Day?"
    },
    {
      "answers": [
        {
          "ans": "Ostrich",
          "pnt": 48
        },
        {
          "ans": "Flamingo",
          "pnt": 24
        },
        {
          "ans": "Crane",
          "pnt": 14
        },
        {
          "ans": "Stork",
          "pnt": 13
        }
      ],
      "multiply": 1,
      "question": "Name A Bird With Really Long Legs."
    },
    {
      "answers": [
        {
          "ans": "Singing",
          "pnt": 61
        },
        {
          "ans": "Directing",
          "pnt": 11
        },
        {
          "ans": "Modeling",
          "pnt": 10
        },
        {
          "ans": "Fashion design",
          "pnt": 9
        },
        {
          "ans": "Politics",
          "pnt": 3
        },
        {
          "ans": "Spokeperson",
          "pnt": 3
        }
      ],
      "multiply": 1,
      "question": "Other than Acting, Name A Profession That Celebrity Actors Might Take Up"
    },
    {
      "answers": [
        {
          "ans": "Eating",
          "pnt": 54
        },
        {
          "ans": "Smoking",
          "pnt": 35
        },
        {
          "ans": "Using A Bathroom",
          "pnt": 23
        },
        {
          "ans": "Sitting On Furniture",
          "pnt": 15
        },
        {
          "ans": "Keeping Shoes On",
          "pnt": 10
        },
        {
          "ans": "Helping To Clean Up",
          "pnt": 6
        }
      ],
      "multiply": 2,
      "question": "Name Something You Don’t Feel Comfortable Doing At A Neat Freaks House"
    },
    {
      "answers": [
        {
          "ans": "Leave Name",
          "pnt": 56
        },
        {
          "ans": "Leave Number",
          "pnt": 28
        },
        {
          "ans": "Leave Message",
          "pnt": 11
        },
        {
          "ans": "Call back",
          "pnt": 5
        }
      ],
      "multiply": 2,
      "question": "Name Something Most Answer Machines Messages Ask You To Do"
    },
    {
      "answers": [
        {
          "ans": "Song",
          "pnt": 42
        },
        {
          "ans": "Character/ Voice",
          "pnt": 28
        },
        {
          "ans": "Slogan",
          "pnt": 19
        },
        {
          "ans": "The Product",
          "pnt": 8
        }
      ],
      "multiply": 2,
      "question": "What Sticks In Your Head Most From An Irritating But Memorable Commercial."
    }
  ],
  "final_round": [
    {
      "answers": [
        [
          "Heart",
          37
        ],
        [
          "Liver",
          26
        ],
        [
          "Lungs",
          23
        ],
        [
          "Kidney",
          13
        ]
      ],
      "question": "Name An Organ In The Body That Many People Should Take Better Care Of"
    },
    {
      "answers": [
        [
          "Butler ",
          42
        ],
        [
          "Paintings ",
          27
        ],
        [
          "Long Drive ",
          18
        ],
        [
          "Spiral Staircase ",
          12
        ],
        [
          "Grandfather Clock ",
          7
        ],
        [
          "Swimming Pool ",
          5
        ]
      ],
      "question": "Name Something You'd Find In A Rich Persons Mansion"
    },
    {
      "answers": [
        [
          "Blood",
          26
        ],
        [
          "Violence",
          26
        ],
        [
          "Characters",
          12
        ],
        [
          "Costumes",
          12
        ],
        [
          "Throwing Chairs",
          9
        ]
      ],
      "question": "Name Something You See At A WWE Match You’d Never See At A High School Wresting Match."
    },
    {
      "answers": [
        [
          "Diapers",
          55
        ],
        [
          "Razors",
          36
        ],
        [
          "Paper Towels",
          23
        ],
        [
          "Cans",
          15
        ],
        [
          "Trash Bags",
          10
        ],
        [
          "Paper Cups",
          6
        ]
      ],
      "question": "Name A Product That Might Be Disposable"
    }
  ],
  "final_round_timers": [
    20,
    25
  ]
}