{
  "rounds": [
    {
      "answers": [
        {
          "ans": "Pinball",
          "pnt": 44
        },
        {
          "ans": "Foosball",
          "pnt": 16
        },
        {
          "ans": "Air Hockey",
          "pnt": 15
        },
        {
          "ans": "Basket Ball",
          "pnt": 14
        },
        {
          "ans": "Skee Ball",
          "pnt": 11
        }
      ],
      "multiply": 1,
      "question": "Besides Video Games, Name Another Kind Of Game You Can Play At An Arcade."
    },
    {
      "answers": [
        {
          "ans": "Crawl",
          "pnt": 43
        },
        {
          "ans": "Walk",
          "pnt": 24
        },
        {
          "ans": "Eating Junk",
          "pnt": 12
        },
        {
          "ans": "Cry",
          "pnt": 10
        },
        {
          "ans": "Smile",
          "pnt": 4
        }
      ],
      "multiply": 1,
      "question": "Name Something A Baby Learns To Do Even Before It Can Talk"
    },
    {
      "answers": [
        {
          "ans": "Kangaroo ",
          "pnt": 49
        },
        {
          "ans": "Koala ",
          "pnt": 32
        },
        {
          "ans": "Emu ",
          "pnt": 21
        },
        {
          "ans": "Ostrich ",
          "pnt": 14
        },
        {
          "ans": "Toucan ",
          "pnt": 9
        },
        {
          "ans": "Platypus ",
          "pnt": 6
        }
      ],
      "multiply": 1,
      "question": "Name An Animal Or Bird Associated With Australia"
    },
    {
      "answers": [
        {
          "ans": "Dogs",
          "pnt": 43
        },
        {
          "ans": "Alligator",
          "pnt": 28
        },
        {
          "ans": "Horse",
          "pnt": 18
        },
        {
          "ans": "Frog",
          "pnt": 12
        },
        {
          "ans": "Snake",
          "pnt": 8
        },
        {
          "ans": "Goat",
          "pnt": 5
        },
        {
          "ans": "Snails",
          "pnt": 3
        }
      ],
      "multiply": 2,
      "question": "Animal People Think Others Are Crazy For Eating"
    },
    {
      "answers": [
        {
          "ans": "Barking Dog",
          "pnt": 46
        },
        {
          "ans": "No One’s Home",
          "pnt": 26
        },
        {
          "ans": "No Soliciting Sign",
          "pnt": 17
        },
        {
          "ans": "Run Down House",
          "pnt": 7
        }
      ],
      "multiply": 2,
      "question": "Why Might A Door-To-Door Salesperson Skip A Particular House?"
    },
    {
      "answers": [
        {
          "ans": "Teacher ",
          "pnt": 54
        },
        {
          "ans": "Parent ",
          "pnt": 35
        },
        {
          "ans": "Professor ",
          "pnt": 23
        },
        {
          "ans": "Police ",
          "pnt": 15
        },
        {
          "ans": "Partner ",
          "pnt": 10
        }
      ],
      "multiply": 2,
      "question": "Name Someone Who Might Give A Lecture"
    }
  ],
  "final_round": [
    {
      "answers": [
        [
          "Donald Trump",
          45
        ],
        [
          "Bill Gates",
          29
        ],
        [
          "Hugh Heffner",
          19
        ],
        [
          "Warren Buffet",
          12
        ]
      ],
      "question": "Name A Millionaire Who Could Never Be Rich Enough For You To Want To Date Him"
    },
    {
      "answers": [
        [
          "Tall",
          40
        ],
        [
          "Strong",
          15
        ],
        [
          "Ugly",
          15
        ],
        [
          "Big",
          10
        ],
        [
          "Terrifying",
          10
        ],
        [
          "Monstrous",
          4
        ]
      ],
      "question": "Give A Word Frankenstein Would Use To Describe Himself In A Personal Ad."
    },
    {
      "answers": [
        [
          "Close Eyes",
          49
        ],
        [
          "Take A Friend",
          32
        ],
        [
          "Giggle",
          21
        ],
        [
          "Drink",
          14
        ],
        [
          "Run",
          9
        ],
        [
          "Hold Hands",
          6
        ],
        [
          "End Of The Line",
          4
        ]
      ],
      "question": "At A Spookhouse, What Do You Do To Make The Experience Less Scary?"
    },
    {
      "answers": [
        [
          "Window With A View",
          42
        ],
        [
          "Leather Chair",
          27
        ],
        [
          "Big Desk",
          18
        ],
        [
          "Guest Sofa",
          12
        ],
        [
          "Private Bathroom",
          7
        ],
        [
          "Fresh Flowers",
          5
        ]
      ],
      "question": "Name a feature that an executive’s fancy office must have"
    }
  ],
  "final_round_timers": [
    20,
    25
  ]
}