{
  "rounds": [
    {
      "answers": [
        {
          "ans": "Water It",
          "pnt": 54
        },
        {
          "ans": "Fertilize It",
          "pnt": 17
        },
        {
          "ans": "Give It Plant Food",
          "pnt": 8
        },
        {
          "ans": "Give It More Sun",
          "pnt": 6
        },
        {
          "ans": "Vitamins",
          "pnt": 6
        },
        {
          "ans": "Repot It",
          "pnt": 5
        },
        {
          "ans": "Talk To It",
          "pnt": 4
        }
      ],
      "multiply": 1,
      "question": "Name Something A Person Might Do To A Houseplant To Help It Grow."
    },
    {
      "answers": [
        {
          "ans": "Picture ",
          "pnt": 55
        },
        {
          "ans": "Clock ",
          "pnt": 36
        },
        {
          "ans": "Paint ",
          "pnt": 23
        },
        {
          "ans": "Graffiti ",
          "pnt": 15
        },
        {
          "ans": "A Fly ",
          "pnt": 10
        }
      ],
      "multiply": 1,
      "question": "Name Something You Find On A Wall"
    },
    {
      "answers": [
        {
          "ans": "Freedom/ Time Alone",
          "pnt": 33
        },
        {
          "ans": "Dating",
          "pnt": 19
        },
        {
          "ans": "Youthful Appearance",
          "pnt": 17
        },
        {
          "ans": "More Friends",
          "pnt": 10
        },
        {
          "ans": "Going To School",
          "pnt": 9
        },
        {
          "ans": "Having Energy",
          "pnt": 8
        },
        {
          "ans": "Fewer Bills",
          "pnt": 3
        }
      ],
      "multiply": 1,
      "question": "Name Something A Parent Might Miss About Their Younger Years"
    },
    {
      "answers": [
        {
          "ans": "10 Mins ",
          "pnt": 48
        },
        {
          "ans": "15 Mins ",
          "pnt": 31
        },
        {
          "ans": "5 Mins ",
          "pnt": 20
        },
        {
          "ans": "20 Mins ",
          "pnt": 13
        },
        {
          "ans": "30 Mins ",
          "pnt": 9
        }
      ],
      "multiply": 2,
      "question": "How Long In Minutes Does It Take The Average Person To Take A Shower"
    },
    {
      "answers": [
        {
          "ans": "Ghost",
          "pnt": 30
        },
        {
          "ans": "Monster",
          "pnt": 21
        },
        {
          "ans": "Witch",
          "pnt": 15
        },
        {
          "ans": "Vampire",
          "pnt": 15
        },
        {
          "ans": "Spider",
          "pnt": 10
        },
        {
          "ans": "Bat",
          "pnt": 6
        }
      ],
      "multiply": 2,
      "question": "Name Something You’re Hoping Is Fake At A Halloween Party Because You’d Be Afraid Of A Real One"
    },
    {
      "answers": [
        {
          "ans": "16th President",
          "pnt": 56
        },
        {
          "ans": "Honest",
          "pnt": 23
        },
        {
          "ans": "Tall",
          "pnt": 7
        },
        {
          "ans": "Abolitionist",
          "pnt": 6
        },
        {
          "ans": "Beard",
          "pnt": 5
        }
      ],
      "multiply": 2,
      "question": "Name Something Kids Are Taught About Abe Lincoln"
    }
  ],
  "final_round": [
    {
      "answers": [
        [
          "X",
          49
        ],
        [
          "V",
          32
        ],
        [
          "Q",
          21
        ],
        [
          "Z",
          14
        ]
      ],
      "question": "Name A Letter That Is Hard To Use In Scrabble"
    },
    {
      "answers": [
        [
          "Bills ",
          51
        ],
        [
          "Junk Mail ",
          33
        ],
        [
          "Leaflets ",
          22
        ]
      ],
      "question": "Name Something You Hate Getting In The Post"
    },
    {
      "answers": [
        [
          "Ex",
          29
        ],
        [
          "Bill Collector",
          26
        ],
        [
          "Boss",
          16
        ],
        [
          "The Police",
          11
        ],
        [
          "IRS",
          9
        ],
        [
          "In Laws",
          6
        ]
      ],
      "question": "Name Someone Who You Wish Didn’t Have Your Address."
    },
    {
      "answers": [
        [
          "CAT",
          52
        ],
        [
          "FISH",
          34
        ],
        [
          "BIRD",
          22
        ],
        [
          "DOG",
          14
        ],
        [
          "HAMSTER",
          9
        ]
      ],
      "question": "What Type Of Pet Might A Person Have If They Live In A Small Apartment"
    }
  ],
  "final_round_timers": [
    20,
    25
  ]
}