{
  "rounds": [
    {
      "answers": [
        {
          "ans": "The World",
          "pnt": 33
        },
        {
          "ans": "Work/School",
          "pnt": 26
        },
        {
          "ans": "Mountain/Hill",
          "pnt": 16
        },
        {
          "ans": "Your Game",
          "pnt": 12
        },
        {
          "ans": "Bills",
          "pnt": 4
        }
      ],
      "multiply": 1,
      "question": "Name something you might be “on top of”."
    },
    {
      "answers": [
        {
          "ans": "Necklace ",
          "pnt": 44
        },
        {
          "ans": "Scarf ",
          "pnt": 29
        },
        {
          "ans": "A Pen ",
          "pnt": 19
        }
      ],
      "multiply": 1,
      "question": "Name Something You Put Around Your Neck"
    },
    {
      "answers": [
        {
          "ans": "Spinning Top ",
          "pnt": 46
        },
        {
          "ans": "Bottle ",
          "pnt": 30
        },
        {
          "ans": "Money ",
          "pnt": 20
        },
        {
          "ans": "Wheel ",
          "pnt": 13
        },
        {
          "ans": "Ball ",
          "pnt": 8
        }
      ],
      "multiply": 1,
      "question": "Name Something That You Can Spin"
    },
    {
      "answers": [
        {
          "ans": "Spoon",
          "pnt": 20
        },
        {
          "ans": "Shirt",
          "pnt": 19
        },
        {
          "ans": "Key Chain",
          "pnt": 18
        },
        {
          "ans": "Coffee Cups",
          "pnt": 11
        },
        {
          "ans": "Glasses",
          "pnt": 10
        },
        {
          "ans": "Plates",
          "pnt": 10
        },
        {
          "ans": "Ashtray",
          "pnt": 8
        }
      ],
      "multiply": 2,
      "question": "Name A Souvenir People Collect That Has A City’s Name On It."
    },
    {
      "answers": [
        {
          "ans": "Perfume",
          "pnt": 41
        },
        {
          "ans": "Deodorant",
          "pnt": 39
        },
        {
          "ans": "Lotion",
          "pnt": 9
        },
        {
          "ans": "After Shave",
          "pnt": 6
        },
        {
          "ans": "Mouth Wash",
          "pnt": 3
        }
      ],
      "multiply": 2,
      "question": "Name Something People Use To Smell Good, But You Wouldn’t Use To Eliminate You Dog’s Odor"
    },
    {
      "answers": [
        {
          "ans": "Blood",
          "pnt": 22
        },
        {
          "ans": "Police",
          "pnt": 20
        },
        {
          "ans": "Body",
          "pnt": 19
        },
        {
          "ans": "Yellow Tape",
          "pnt": 14
        },
        {
          "ans": "Chalk Outline",
          "pnt": 8
        },
        {
          "ans": "Dog",
          "pnt": 6
        },
        {
          "ans": "Police Car",
          "pnt": 6
        }
      ],
      "multiply": 2,
      "question": "Name Something You Might See At A Crime Scene"
    }
  ],
  "final_round": [
    {
      "answers": [
        [
          "Smoke",
          46
        ],
        [
          "Eat",
          30
        ],
        [
          "Swear",
          20
        ],
        [
          "Talk",
          13
        ],
        [
          "Drink",
          8
        ],
        [
          "Flirt",
          5
        ],
        [
          "Fight",
          3
        ]
      ],
      "question": "Name Something A Disneyworld Character Forbidden Costume"
    },
    {
      "answers": [
        [
          "Snowman",
          68
        ],
        [
          "Igloo",
          15
        ],
        [
          "Snow Fort",
          8
        ],
        [
          "Snowball",
          4
        ]
      ],
      "question": "Name Something You Can Build With Snow"
    },
    {
      "answers": [
        [
          "Diapers",
          41
        ],
        [
          "Clothes",
          25
        ],
        [
          "Blankets",
          14
        ],
        [
          "Bottles",
          7
        ],
        [
          "Bibs",
          6
        ],
        [
          "Diaper Bag",
          3
        ]
      ],
      "question": "Name A Gift That A new Mom Is Bound To Get Duplicates Of At A Baby Shower."
    },
    {
      "answers": [
        [
          "Bugs/Rodents",
          46
        ],
        [
          "Other Peoples’ Stuff",
          32
        ],
        [
          "Dirty sheets",
          10
        ],
        [
          "Hair",
          6
        ],
        [
          "A person",
          3
        ]
      ],
      "question": "Name something you wouldn’t want to discover in a hotel bed when checking into your room."
    }
  ],
  "final_round_timers": [
    20,
    25
  ]
}