{
  "rounds": [
    {
      "answers": [
        {
          "ans": "Fart ",
          "pnt": 40
        },
        {
          "ans": "Burp ",
          "pnt": 26
        },
        {
          "ans": "Hiccup ",
          "pnt": 17
        },
        {
          "ans": "Tummy Rumble ",
          "pnt": 11
        },
        {
          "ans": "Snoring ",
          "pnt": 7
        },
        {
          "ans": "Sneeze ",
          "pnt": 5
        }
      ],
      "multiply": 1,
      "question": "Name A Sound That People Can't Control"
    },
    {
      "answers": [
        {
          "ans": "Collar ",
          "pnt": 44
        },
        {
          "ans": "Bone ",
          "pnt": 29
        },
        {
          "ans": "Food ",
          "pnt": 19
        },
        {
          "ans": "Leash / Lead ",
          "pnt": 12
        },
        {
          "ans": "Biscuits ",
          "pnt": 8
        }
      ],
      "multiply": 1,
      "question": "Name Something You Might Buy For A Dog"
    },
    {
      "answers": [
        {
          "ans": "Help ",
          "pnt": 45
        },
        {
          "ans": "Strawberry Fields ",
          "pnt": 29
        },
        {
          "ans": "Love Me Do ",
          "pnt": 19
        },
        {
          "ans": "Penny Lane ",
          "pnt": 12
        },
        {
          "ans": "Yellow Submarine ",
          "pnt": 8
        },
        {
          "ans": "Paperback Writer ",
          "pnt": 5
        }
      ],
      "multiply": 1,
      "question": "Name A Song Made Famous By The Beatles"
    },
    {
      "answers": [
        {
          "ans": "Younger Man",
          "pnt": 35
        },
        {
          "ans": "Lives With Parents",
          "pnt": 23
        },
        {
          "ans": "No Job",
          "pnt": 17
        },
        {
          "ans": "No Car",
          "pnt": 8
        },
        {
          "ans": "Goofs Around",
          "pnt": 8
        },
        {
          "ans": "No Money",
          "pnt": 4
        },
        {
          "ans": "Baby Face",
          "pnt": 4
        }
      ],
      "multiply": 2,
      "question": "Name A Reason Why A Man Might Seem Too Immature To Date"
    },
    {
      "answers": [
        {
          "ans": "Black And White",
          "pnt": 36
        },
        {
          "ans": "Has Knobs",
          "pnt": 18
        },
        {
          "ans": "No Remote Control",
          "pnt": 14
        },
        {
          "ans": "Doesn’t Work",
          "pnt": 12
        },
        {
          "ans": "Small Screen",
          "pnt": 8
        },
        {
          "ans": "Fuzzy Picture",
          "pnt": 7
        },
        {
          "ans": "Console Cabinet",
          "pnt": 5
        }
      ],
      "multiply": 2,
      "question": "Name A Sign That You Television Is Over 40 Years Old"
    },
    {
      "answers": [
        {
          "ans": "Sonny and Cher",
          "pnt": 37
        },
        {
          "ans": "The Judds",
          "pnt": 24
        },
        {
          "ans": "The Osmonds",
          "pnt": 12
        },
        {
          "ans": "Ike and Tina",
          "pnt": 7
        },
        {
          "ans": "The Carpenters",
          "pnt": 7
        },
        {
          "ans": "Simon and Garfunkle",
          "pnt": 5
        },
        {
          "ans": "Captain and Tennille",
          "pnt": 4
        }
      ],
      "multiply": 2,
      "question": "Past or present, name a famous singing duo."
    }
  ],
  "final_round": [
    {
      "answers": [
        [
          10,
          35
        ],
        [
          12,
          24
        ],
        [
          13,
          15
        ],
        [
          15,
          7
        ],
        [
          14,
          6
        ],
        [
          9,
          5
        ],
        [
          11,
          5
        ]
      ],
      "question": "At What Age Is It OK For A Child To Walk Home From School By Themselves?"
    },
    {
      "answers": [
        [
          "Fluffy",
          28
        ],
        [
          "Felix",
          21
        ],
        [
          "Whiskers",
          20
        ],
        [
          "Morris",
          10
        ],
        [
          "Tom",
          6
        ]
      ],
      "question": "Tell Me A Name That’s Common For Cats To Have."
    },
    {
      "answers": [
        [
          "Kids ",
          40
        ],
        [
          "Flowers ",
          26
        ],
        [
          "Plants ",
          17
        ],
        [
          "Grass ",
          11
        ],
        [
          "Trees ",
          7
        ]
      ],
      "question": "Name Something Most People Enjoy Watching Grow"
    },
    {
      "answers": [
        [
          "Art",
          34
        ],
        [
          "Accounting",
          22
        ],
        [
          "Anthropology",
          17
        ],
        [
          "Architecture",
          9
        ],
        [
          "Agriculture",
          7
        ],
        [
          "Archeology",
          4
        ]
      ],
      "question": "Name A College Major That Begins With The Letter “A.”"
    }
  ],
  "final_round_timers": [
    20,
    25
  ]
}