{
  "rounds": [
    {
      "answers": [
        {
          "ans": "Food ",
          "pnt": 45
        },
        {
          "ans": "Plate ",
          "pnt": 29
        },
        {
          "ans": "Cuttlery ",
          "pnt": 19
        },
        {
          "ans": "Table Cloth ",
          "pnt": 12
        },
        {
          "ans": "Glasses ",
          "pnt": 8
        },
        {
          "ans": "Flowers ",
          "pnt": 5
        }
      ],
      "multiply": 1,
      "question": "Name Something You Might Find On A Dinner Table"
    },
    {
      "answers": [
        {
          "ans": "Place Of Worship",
          "pnt": 46
        },
        {
          "ans": "Funeral",
          "pnt": 37
        },
        {
          "ans": "Classs",
          "pnt": 4
        },
        {
          "ans": "Library",
          "pnt": 4
        },
        {
          "ans": "Symphany",
          "pnt": 3
        },
        {
          "ans": "Morgue",
          "pnt": 2
        },
        {
          "ans": "Court",
          "pnt": 2
        }
      ],
      "multiply": 1,
      "question": "Name Someplace You Might Be Where It Would Be Inappropriate To Laugh Out Loud."
    },
    {
      "answers": [
        {
          "ans": "Sweater",
          "pnt": 50
        },
        {
          "ans": "Scarf",
          "pnt": 23
        },
        {
          "ans": "Blanket",
          "pnt": 11
        },
        {
          "ans": "Hat",
          "pnt": 6
        },
        {
          "ans": "Mittens",
          "pnt": 3
        },
        {
          "ans": "Socks",
          "pnt": 3
        }
      ],
      "multiply": 1,
      "question": "Name Something Grandma Might Knit For You As A Gift"
    },
    {
      "answers": [
        {
          "ans": "Pop Corn",
          "pnt": 67
        },
        {
          "ans": "Milk Duds",
          "pnt": 12
        },
        {
          "ans": "Dots",
          "pnt": 6
        },
        {
          "ans": "Gummy Bears",
          "pnt": 5
        },
        {
          "ans": "Taffy",
          "pnt": 4
        },
        {
          "ans": "Peanuts",
          "pnt": 3
        }
      ],
      "multiply": 2,
      "question": "Name A Movie Theater Food That Gets Stuck In Your Teeth. Be Specific!"
    },
    {
      "answers": [
        {
          "ans": "TV",
          "pnt": 52
        },
        {
          "ans": "Bed",
          "pnt": 34
        },
        {
          "ans": "Beer",
          "pnt": 22
        },
        {
          "ans": "Stereo",
          "pnt": 14
        },
        {
          "ans": "Futon",
          "pnt": 9
        },
        {
          "ans": "Women",
          "pnt": 6
        },
        {
          "ans": "Pool Table",
          "pnt": 4
        }
      ],
      "multiply": 2,
      "question": "Name Something A Batchelor Pad Needs"
    },
    {
      "answers": [
        {
          "ans": "Concession Stand",
          "pnt": 50
        },
        {
          "ans": "Seats",
          "pnt": 33
        },
        {
          "ans": "Screen",
          "pnt": 21
        },
        {
          "ans": "Bathroom",
          "pnt": 14
        },
        {
          "ans": "Movies",
          "pnt": 9
        },
        {
          "ans": "Customers",
          "pnt": 6
        }
      ],
      "multiply": 2,
      "question": "Name Something Every Movie Theatre, Fancy Or Not, Has"
    }
  ],
  "final_round": [
    {
      "answers": [
        [
          "Carrot ",
          53
        ],
        [
          "Sweetcorn ",
          34
        ],
        [
          "Potato ",
          23
        ],
        [
          "Cauliflower ",
          15
        ],
        [
          "Radish ",
          10
        ]
      ],
      "question": "Name A Vegetable That Isn't Green"
    },
    {
      "answers": [
        [
          "Papers ",
          59
        ],
        [
          "Pen ",
          38
        ],
        [
          "Calculator ",
          25
        ],
        [
          "Money ",
          16
        ],
        [
          "Lunch ",
          11
        ]
      ],
      "question": "Name Something You Might Find In A Briefcase"
    },
    {
      "answers": [
        [
          "Oil",
          45
        ],
        [
          "Tires",
          25
        ],
        [
          "Radio Station",
          11
        ],
        [
          "Brake Pads",
          6
        ],
        [
          "Windshield Wipers",
          4
        ]
      ],
      "question": "Name Something You Change On Or In Your Car"
    },
    {
      "answers": [
        [
          "Church",
          42
        ],
        [
          "Funeral",
          27
        ],
        [
          "Library",
          18
        ],
        [
          "Classroom",
          12
        ],
        [
          "Wedding",
          7
        ],
        [
          "Work",
          5
        ],
        [
          "Movie Theatre",
          3
        ]
      ],
      "question": "Name A Place Where You’d Hate To Get A Case Of The Giggles"
    }
  ],
  "final_round_timers": [
    20,
    25
  ]
}