{
  "rounds": [
    {
      "answers": [
        {
          "ans": "Water ",
          "pnt": 53
        },
        {
          "ans": "Fright ",
          "pnt": 34
        },
        {
          "ans": "Sex ",
          "pnt": 23
        }
      ],
      "multiply": 1,
      "question": "Name Something That Might Stop The Hiccups"
    },
    {
      "answers": [
        {
          "ans": "Sheriff",
          "pnt": 41
        },
        {
          "ans": "Bartender",
          "pnt": 37
        },
        {
          "ans": "Rancher",
          "pnt": 13
        },
        {
          "ans": "Doctor",
          "pnt": 7
        }
      ],
      "multiply": 1,
      "question": "Other than cowboy,name a profession you often see in cowboy movies."
    },
    {
      "answers": [
        {
          "ans": "Blanket",
          "pnt": 26
        },
        {
          "ans": "Snacks/Drink",
          "pnt": 21
        },
        {
          "ans": "Warm Clothes",
          "pnt": 16
        },
        {
          "ans": "Sign/Banner",
          "pnt": 14
        },
        {
          "ans": "Chair/Cushion",
          "pnt": 10
        },
        {
          "ans": "Horn",
          "pnt": 6
        },
        {
          "ans": "Camera",
          "pnt": 4
        }
      ],
      "multiply": 1,
      "question": "Name Something You Might Bring To Your Kid’s High School Football Game"
    },
    {
      "answers": [
        {
          "ans": "Concert",
          "pnt": 47
        },
        {
          "ans": "Movies",
          "pnt": 25
        },
        {
          "ans": "Sports Event",
          "pnt": 11
        },
        {
          "ans": "Theatre",
          "pnt": 9
        },
        {
          "ans": "Musical",
          "pnt": 3
        }
      ],
      "multiply": 2,
      "question": "Name Something People Go To That Might Be Sold Out"
    },
    {
      "answers": [
        {
          "ans": "Spaghetti",
          "pnt": 30
        },
        {
          "ans": "Ice Cream",
          "pnt": 28
        },
        {
          "ans": "Chocolate",
          "pnt": 23
        },
        {
          "ans": "Pizza",
          "pnt": 10
        },
        {
          "ans": "Cake",
          "pnt": 6
        }
      ],
      "multiply": 2,
      "question": "Name A Messy Food You Can tell A Kid Has Been Eating"
    },
    {
      "answers": [
        {
          "ans": "Planes ",
          "pnt": 55
        },
        {
          "ans": "People ",
          "pnt": 36
        },
        {
          "ans": "Luggage ",
          "pnt": 23
        },
        {
          "ans": "Delays ",
          "pnt": 15
        },
        {
          "ans": "Terrorists ",
          "pnt": 10
        }
      ],
      "multiply": 2,
      "question": "Name Something You Associate With Airports"
    }
  ],
  "final_round": [
    {
      "answers": [
        [
          "New York",
          42
        ],
        [
          "Las Vegas",
          37
        ],
        [
          "Los Angeles",
          9
        ],
        [
          "New Orleans",
          6
        ]
      ],
      "question": "Name A City That Is Best Known For Its Nightlife"
    },
    {
      "answers": [
        [
          "Bed Time Story ",
          50
        ],
        [
          "Tucked In ",
          33
        ],
        [
          "Kiss Them ",
          21
        ],
        [
          "Turn Out Lights ",
          14
        ],
        [
          "Brush Teeth ",
          9
        ]
      ],
      "question": "Name Something Children Ask Their ParentsTo Do Before They Go To Sleep"
    },
    {
      "answers": [
        [
          "Bar",
          34
        ],
        [
          "Norm",
          28
        ],
        [
          "Woody",
          10
        ],
        [
          "Sam Malone",
          9
        ],
        [
          "Frasier Crane",
          3
        ],
        [
          "Cliff Calvin",
          3
        ],
        [
          "Boston",
          3
        ]
      ],
      "question": "Name Something People Remember About The TV Show “Cheers.”"
    },
    {
      "answers": [
        [
          "Doctor",
          45
        ],
        [
          "Carpentry",
          23
        ],
        [
          "Cook",
          19
        ],
        [
          "Farmer",
          13
        ]
      ],
      "question": "If You Were Stranded With Other People On An Island, Which Useful Occupations Would You Want Them To Have?"
    }
  ],
  "final_round_timers": [
    20,
    25
  ]
}