{
  "rounds": [
    {
      "answers": [
        {
          "ans": "Pumpkin Pie",
          "pnt": 51
        },
        {
          "ans": "Turkey",
          "pnt": 33
        },
        {
          "ans": "Apples",
          "pnt": 22
        },
        {
          "ans": "Chili",
          "pnt": 14
        },
        {
          "ans": "Soup",
          "pnt": 9
        },
        {
          "ans": "Squash",
          "pnt": 6
        }
      ],
      "multiply": 1,
      "question": "Name A Food Item Typically Associated With Fall"
    },
    {
      "answers": [
        {
          "ans": "The Noise ",
          "pnt": 41
        },
        {
          "ans": "Property Prices ",
          "pnt": 27
        },
        {
          "ans": "Traffic ",
          "pnt": 17
        }
      ],
      "multiply": 1,
      "question": "Name A Reason Why People Don't Like Living Next Door To An Airport"
    },
    {
      "answers": [
        {
          "ans": "Watching TV/Movie",
          "pnt": 42
        },
        {
          "ans": "Reading",
          "pnt": 34
        },
        {
          "ans": "Playing Games",
          "pnt": 9
        },
        {
          "ans": "Sleeping",
          "pnt": 8
        },
        {
          "ans": "Cooking",
          "pnt": 3
        }
      ],
      "multiply": 1,
      "question": "Name An Indoor Activity You Spend Much More Time Doing In Winter."
    },
    {
      "answers": [
        {
          "ans": "Problems",
          "pnt": 57
        },
        {
          "ans": "Bear",
          "pnt": 37
        },
        {
          "ans": "Dog",
          "pnt": 24
        },
        {
          "ans": "Bully",
          "pnt": 16
        },
        {
          "ans": "Bee",
          "pnt": 10
        },
        {
          "ans": "The Law",
          "pnt": 7
        },
        {
          "ans": "Snake",
          "pnt": 4
        }
      ],
      "multiply": 2,
      "question": "Name Something Not To Run Away From Because It Makes Things Worse"
    },
    {
      "answers": [
        {
          "ans": "Bark",
          "pnt": 51
        },
        {
          "ans": "Act Like Chicken",
          "pnt": 33
        },
        {
          "ans": "Go To Sleep",
          "pnt": 22
        },
        {
          "ans": "Sing",
          "pnt": 14
        },
        {
          "ans": "Dance",
          "pnt": 9
        }
      ],
      "multiply": 2,
      "question": "What Might Hypnotist Do To Prove You Are Hypnotized"
    },
    {
      "answers": [
        {
          "ans": "Dracula",
          "pnt": 51
        },
        {
          "ans": "Zorro",
          "pnt": 28
        },
        {
          "ans": "Elvis Presley",
          "pnt": 7
        },
        {
          "ans": "Sherlock Holmes",
          "pnt": 7
        },
        {
          "ans": "Pope",
          "pnt": 5
        }
      ],
      "multiply": 2,
      "question": "Name Someone Famous Who Wore A Cape, But Was Not A Superhero."
    }
  ],
  "final_round": [
    {
      "answers": [
        [
          "Lights",
          35
        ],
        [
          "Oven",
          34
        ],
        [
          "Coffeemaker",
          12
        ],
        [
          "TV",
          5
        ],
        [
          "Iron",
          3
        ]
      ],
      "question": "Name Something In The House That You Shouldn’t Leave On When You Go Out."
    },
    {
      "answers": [
        [
          "Not Housetrained",
          26
        ],
        [
          "Bites People",
          17
        ],
        [
          "Chews",
          15
        ],
        [
          "Barks A Lot",
          12
        ],
        [
          "Doesn’t Obey You",
          11
        ],
        [
          "Runs Away",
          7
        ],
        [
          "Won’t Come When Called",
          7
        ]
      ],
      "question": "Tell Me A Sign That It’s Time To Enroll Your Dog In Obedience School"
    },
    {
      "answers": [
        [
          "Smile",
          54
        ],
        [
          "Pose",
          12
        ],
        [
          "Brush Hair",
          11
        ],
        [
          "Say Cheese",
          10
        ]
      ],
      "question": "Name Something You Do Right Before Your Picture Is Taken"
    },
    {
      "answers": [
        [
          "Dog ",
          57
        ],
        [
          "Cat ",
          37
        ],
        [
          "Cow ",
          24
        ],
        [
          "Horse ",
          16
        ]
      ],
      "question": "Name Something That Has A Tail"
    }
  ],
  "final_round_timers": [
    20,
    25
  ]
}