{
  "rounds": [
    {
      "answers": [
        {
          "ans": "Bad Kids",
          "pnt": 45
        },
        {
          "ans": "Too Many Kids",
          "pnt": 29
        },
        {
          "ans": "Smells",
          "pnt": 19
        },
        {
          "ans": "Low Pay",
          "pnt": 12
        },
        {
          "ans": "No One Laughs",
          "pnt": 8
        },
        {
          "ans": "Costumes Are Hot",
          "pnt": 5
        },
        {
          "ans": "Gets Tired",
          "pnt": 3
        }
      ],
      "multiply": 1,
      "question": "Complaint Circus Clown Might Have About Job"
    },
    {
      "answers": [
        {
          "ans": "Helmet",
          "pnt": 43
        },
        {
          "ans": "Knee pads",
          "pnt": 18
        },
        {
          "ans": "Protective cup",
          "pnt": 13
        },
        {
          "ans": "Elbow pads",
          "pnt": 10
        },
        {
          "ans": "Goggles",
          "pnt": 10
        },
        {
          "ans": "Gloves",
          "pnt": 4
        }
      ],
      "multiply": 1,
      "question": "Name a piece of protective gear that only a real klutz would consider wearing while walking."
    },
    {
      "answers": [
        {
          "ans": "Smoke ",
          "pnt": 44
        },
        {
          "ans": "Talk On The Phone ",
          "pnt": 29
        },
        {
          "ans": "Open Door ",
          "pnt": 19
        },
        {
          "ans": "Open Window ",
          "pnt": 12
        },
        {
          "ans": "Jump Out ",
          "pnt": 8
        }
      ],
      "multiply": 1,
      "question": "Name Something You Shouldn't Do In An Aeroplane"
    },
    {
      "answers": [
        {
          "ans": "Caesar / Bloody Mary ",
          "pnt": 47
        },
        {
          "ans": "Cosmopolitan ",
          "pnt": 31
        },
        {
          "ans": "Margarita ",
          "pnt": 20
        },
        {
          "ans": "Manhattan ",
          "pnt": 13
        },
        {
          "ans": "Pina Colada ",
          "pnt": 8
        },
        {
          "ans": "Sex On The Beech ",
          "pnt": 5
        }
      ],
      "multiply": 2,
      "question": "Name A Famous Cocktail"
    },
    {
      "answers": [
        {
          "ans": "Out Of Focus",
          "pnt": 50
        },
        {
          "ans": "Leave Lens Cap On",
          "pnt": 33
        },
        {
          "ans": "No Flash",
          "pnt": 21
        },
        {
          "ans": "Finger In Picture",
          "pnt": 14
        }
      ],
      "multiply": 2,
      "question": "Name Common Mistake People Make When Taking Pictures"
    },
    {
      "answers": [
        {
          "ans": "Movie/TV Star",
          "pnt": 20
        },
        {
          "ans": "Their Favorite Band",
          "pnt": 14
        },
        {
          "ans": "Sports",
          "pnt": 12
        },
        {
          "ans": "Pro Wrestling",
          "pnt": 7
        },
        {
          "ans": "Superhero",
          "pnt": 4
        }
      ],
      "multiply": 2,
      "question": "Name A Type Of Poster A 13-Year-Old Boy Might Have On His "
    }
  ],
  "final_round": [
    {
      "answers": [
        [
          "Hesitate To Leave",
          28
        ],
        [
          "Calling Repeatedly",
          21
        ],
        [
          "Crying",
          19
        ],
        [
          "Lots Of Questions",
          12
        ],
        [
          "Leave Phone Numbers",
          10
        ],
        [
          "Lots Of Instructions",
          7
        ]
      ],
      "question": "Tell Me A Way That A Babysitter Knows The Parents Are Nervous About Leaving."
    },
    {
      "answers": [
        [
          "Gallery ",
          48
        ],
        [
          "House ",
          31
        ],
        [
          "Art Studio ",
          20
        ]
      ],
      "question": "Name Somewhere You Might Find A Painting"
    },
    {
      "answers": [
        [
          "Bathroom",
          35
        ],
        [
          "Walking",
          21
        ],
        [
          "Bathing",
          13
        ],
        [
          "Get Out Of Bed",
          11
        ],
        [
          "Eating",
          10
        ],
        [
          "Breath",
          4
        ]
      ],
      "question": "Name Something A Patient In A Hospital Might Have Trouble Doing On His Own."
    },
    {
      "answers": [
        [
          "Pediatrician",
          20
        ],
        [
          "Optometrist",
          18
        ],
        [
          "Dentist",
          16
        ],
        [
          "Podiatrist",
          14
        ],
        [
          "Surgeon",
          13
        ],
        [
          "Ob/Gyn",
          9
        ],
        [
          "Veterinarian",
          7
        ]
      ],
      "question": "Name A Kind Of Doctor."
    }
  ],
  "final_round_timers": [
    20,
    25
  ]
}