{
  "rounds": [
    {
      "answers": [
        {
          "ans": "Plumber",
          "pnt": 27
        },
        {
          "ans": "Carpenter",
          "pnt": 25
        },
        {
          "ans": "Doctor",
          "pnt": 15
        },
        {
          "ans": "Housekeeper",
          "pnt": 13
        },
        {
          "ans": "Chef",
          "pnt": 7
        },
        {
          "ans": "Electrician",
          "pnt": 5
        },
        {
          "ans": "Mechanic",
          "pnt": 5
        }
      ],
      "multiply": 1,
      "question": "What Profession Would You Want Your Mate To Have Just Because It’d Be Useful Around The House"
    },
    {
      "answers": [
        {
          "ans": "In A Hurry",
          "pnt": 42
        },
        {
          "ans": "Not Feeling Well",
          "pnt": 15
        },
        {
          "ans": "Late For Work/ Appt.",
          "pnt": 11
        },
        {
          "ans": "Emergency",
          "pnt": 10
        },
        {
          "ans": "Few Items",
          "pnt": 7
        },
        {
          "ans": "Kids With Them",
          "pnt": 6
        },
        {
          "ans": "Need To Use Bathroom",
          "pnt": 5
        }
      ],
      "multiply": 1,
      "question": "Name An Excuse Someone Might Give To Get Ahead Of You In The Check Out Line"
    },
    {
      "answers": [
        {
          "ans": "Crisps ",
          "pnt": 42
        },
        {
          "ans": "Burgers ",
          "pnt": 27
        },
        {
          "ans": "Chips ",
          "pnt": 18
        },
        {
          "ans": "Sweets ",
          "pnt": 12
        }
      ],
      "multiply": 1,
      "question": "Name Something You Would Eat If You Wanted To Gain Weight"
    },
    {
      "answers": [
        {
          "ans": "Trash The Place",
          "pnt": 30
        },
        {
          "ans": "Drink To Much",
          "pnt": 28
        },
        {
          "ans": "Swear",
          "pnt": 18
        },
        {
          "ans": "Strip",
          "pnt": 6
        },
        {
          "ans": "Not Show Up",
          "pnt": 5
        },
        {
          "ans": "Start A Fire",
          "pnt": 4
        }
      ],
      "multiply": 2,
      "question": "What Might A Rock Star Do At A Concert Hall That prevents Him Form Getting Hired Again"
    },
    {
      "answers": [
        {
          "ans": "Bank",
          "pnt": 23
        },
        {
          "ans": "DMV",
          "pnt": 21
        },
        {
          "ans": "Concert",
          "pnt": 15
        },
        {
          "ans": "Bus Stop",
          "pnt": 14
        },
        {
          "ans": "Amusement Park",
          "pnt": 8
        },
        {
          "ans": "Work",
          "pnt": 7
        },
        {
          "ans": "Grocery Checkout",
          "pnt": 7
        }
      ],
      "multiply": 2,
      "question": "Name A Place Where You May Have To Stand For A Long Time"
    },
    {
      "answers": [
        {
          "ans": "Hang Up ",
          "pnt": 45
        },
        {
          "ans": "No Message ",
          "pnt": 29
        },
        {
          "ans": "Long Messages ",
          "pnt": 19
        },
        {
          "ans": "Sing ",
          "pnt": 12
        },
        {
          "ans": "Don't Leave Number",
          "pnt": 8
        }
      ],
      "multiply": 2,
      "question": "Name Something That Drives You Potty On Your Answer Machine"
    }
  ],
  "final_round": [
    {
      "answers": [
        [
          "Santa Clause",
          36
        ],
        [
          "Grandparents",
          26
        ],
        [
          "Brother/Sister",
          13
        ],
        [
          "Cousins",
          12
        ],
        [
          "Eye Doctor",
          4
        ],
        [
          "Aunt/Uncle",
          4
        ]
      ],
      "question": "Name Someone You Only See Once A Year."
    },
    {
      "answers": [
        [
          "Pickles ",
          47
        ],
        [
          "Peanut Butter ",
          31
        ],
        [
          "Marmalade ",
          20
        ],
        [
          "Baby Food ",
          13
        ],
        [
          "Olives ",
          8
        ],
        [
          "Jam ",
          5
        ]
      ],
      "question": "Name A Food That Comes In A Jar"
    },
    {
      "answers": [
        [
          "Boston",
          48
        ],
        [
          "Baltimore",
          31
        ],
        [
          "Birmingham",
          7
        ],
        [
          "Boise",
          3
        ],
        [
          "Brooklyn",
          3
        ],
        [
          "Buffalo",
          2
        ]
      ],
      "question": "Name a U.S. city that begins with the letter “B”."
    },
    {
      "answers": [
        [
          "Lion",
          63
        ],
        [
          "Tiger",
          19
        ],
        [
          "Bear",
          6
        ],
        [
          "Gorilla",
          4
        ],
        [
          "Giraffe",
          3
        ],
        [
          "Elephant",
          3
        ]
      ],
      "question": "Name an animal that you wouldn’t want to escape from the zoo."
    }
  ],
  "final_round_timers": [
    20,
    25
  ]
}