{
  "rounds": [
    {
      "answers": [
        {
          "ans": "Wash Dishes",
          "pnt": 42
        },
        {
          "ans": "Laundry",
          "pnt": 16
        },
        {
          "ans": "Vacuum",
          "pnt": 12
        },
        {
          "ans": "Cook",
          "pnt": 9
        },
        {
          "ans": "Sweep",
          "pnt": 7
        },
        {
          "ans": "Clean Bathroom",
          "pnt": 6
        }
      ],
      "multiply": 1,
      "question": "Name A Chore People Do Most Often."
    },
    {
      "answers": [
        {
          "ans": "13 ",
          "pnt": 48
        },
        {
          "ans": "12 ",
          "pnt": 31
        },
        {
          "ans": "14 ",
          "pnt": 20
        },
        {
          "ans": "16 ",
          "pnt": 13
        },
        {
          "ans": "10 ",
          "pnt": 9
        }
      ],
      "multiply": 1,
      "question": "Name The Age At Which A Girl Would Start Wearing Lipstick"
    },
    {
      "answers": [
        {
          "ans": "Kiss",
          "pnt": 50
        },
        {
          "ans": "Wedding",
          "pnt": 27
        },
        {
          "ans": "Couple Begins Dating",
          "pnt": 12
        },
        {
          "ans": "Someone Dies",
          "pnt": 10
        }
      ],
      "multiply": 1,
      "question": "In A Romantic Movie, What Event Often Happens At The Movie’s Finale?"
    },
    {
      "answers": [
        {
          "ans": "Exercise ",
          "pnt": 48
        },
        {
          "ans": "Sweat ",
          "pnt": 31
        },
        {
          "ans": "Leotards ",
          "pnt": 20
        },
        {
          "ans": "Dance ",
          "pnt": 13
        },
        {
          "ans": "Gym ",
          "pnt": 9
        }
      ],
      "multiply": 2,
      "question": "Name Something You Associate With Aerobics"
    },
    {
      "answers": [
        {
          "ans": "Drinking",
          "pnt": 26
        },
        {
          "ans": "Hair Styling",
          "pnt": 20
        },
        {
          "ans": "Going Out/Partying",
          "pnt": 20
        },
        {
          "ans": "Makeup",
          "pnt": 9
        },
        {
          "ans": "Eating Junk Food",
          "pnt": 8
        },
        {
          "ans": "Smoking",
          "pnt": 8
        },
        {
          "ans": "Dieting/Exercise",
          "pnt": 4
        }
      ],
      "multiply": 2,
      "question": "Tell Me Something You Over-Did As A Teenager, That You Can Laugh About Today."
    },
    {
      "answers": [
        {
          "ans": "Cat ",
          "pnt": 53
        },
        {
          "ans": "Seal ",
          "pnt": 34
        },
        {
          "ans": "Dog ",
          "pnt": 23
        }
      ],
      "multiply": 2,
      "question": "Name An Animal That Has Whiskers"
    }
  ],
  "final_round": [
    {
      "answers": [
        [
          "Black Beauty",
          22
        ],
        [
          "Seabiscuit",
          20
        ],
        [
          "Black Stallion",
          17
        ],
        [
          "Horse Whisperer",
          12
        ],
        [
          "Dreamer",
          11
        ],
        [
          "National Velvet",
          9
        ],
        [
          "My Friend Flicka",
          5
        ]
      ],
      "question": "Name a movie featuring a horse."
    },
    {
      "answers": [
        [
          "Hollywood Sign",
          50
        ],
        [
          "Beach",
          17
        ],
        [
          "Mickey Mouse",
          16
        ],
        [
          "celebrity",
          15
        ]
      ],
      "question": "Name Something You Have To Get A Picture With During A Vacation To Los Angeles."
    },
    {
      "answers": [
        [
          "Police Officer ",
          40
        ],
        [
          "Fireman ",
          26
        ],
        [
          "Body Guard ",
          17
        ],
        [
          "Stuntman ",
          11
        ]
      ],
      "question": "Name A Job That Requires You To Risk Your Life"
    },
    {
      "answers": [
        [
          "Toothpicks",
          39
        ],
        [
          "Mints",
          30
        ],
        [
          "Chocolates",
          15
        ],
        [
          "Credit Card Machine",
          4
        ],
        [
          "Menu",
          3
        ],
        [
          "Penny Jar",
          3
        ]
      ],
      "question": "Name Something You Might See Next To The Cash Register At A Restaurant"
    }
  ],
  "final_round_timers": [
    20,
    25
  ]
}