{
  "rounds": [
    {
      "answers": [
        {
          "ans": "Hair Clip ",
          "pnt": 48
        },
        {
          "ans": "Hair Spray ",
          "pnt": 31
        },
        {
          "ans": "Hair Gel ",
          "pnt": 20
        },
        {
          "ans": "Mousse ",
          "pnt": 13
        },
        {
          "ans": "Alice Band ",
          "pnt": 9
        }
      ],
      "multiply": 1,
      "question": "Name Something You Put In Your Hair"
    },
    {
      "answers": [
        {
          "ans": "Go To Bathroom",
          "pnt": 48
        },
        {
          "ans": "Bark",
          "pnt": 31
        },
        {
          "ans": "Bite",
          "pnt": 20
        },
        {
          "ans": "Shed",
          "pnt": 13
        },
        {
          "ans": "Dig",
          "pnt": 9
        }
      ],
      "multiply": 1,
      "question": "Name Something Dog Owner Wish Never Did"
    },
    {
      "answers": [
        {
          "ans": 12,
          "pnt": 26
        },
        {
          "ans": 24,
          "pnt": 21
        },
        {
          "ans": 10,
          "pnt": 14
        },
        {
          "ans": 50,
          "pnt": 9
        },
        {
          "ans": 20,
          "pnt": 9
        },
        {
          "ans": 52,
          "pnt": 9
        },
        {
          "ans": 30,
          "pnt": 8
        }
      ],
      "multiply": 1,
      "question": "Tell Me How Many Times Most Men Get Their Haircut In A Year (Numeric Only)"
    },
    {
      "answers": [
        {
          "ans": "Bar",
          "pnt": 70
        },
        {
          "ans": "Home",
          "pnt": 10
        },
        {
          "ans": "Restaurant",
          "pnt": 8
        },
        {
          "ans": "Movie",
          "pnt": 8
        }
      ],
      "multiply": 2,
      "question": "Tell Me Someplace People Might Go Right After Work On Friday"
    },
    {
      "answers": [
        {
          "ans": "Tractor",
          "pnt": 42
        },
        {
          "ans": "Horse",
          "pnt": 38
        },
        {
          "ans": "Bull",
          "pnt": 9
        },
        {
          "ans": "Farm Truck",
          "pnt": 4
        }
      ],
      "multiply": 2,
      "question": "What Is The Most Fun Thing A Farmer Gets To Ride On?"
    },
    {
      "answers": [
        {
          "ans": "Computer/Calculator",
          "pnt": 41
        },
        {
          "ans": "Forms",
          "pnt": 25
        },
        {
          "ans": "Records",
          "pnt": 21
        },
        {
          "ans": "Pencil",
          "pnt": 8
        }
      ],
      "multiply": 2,
      "question": "If You’re Going To Do Your Own Taxes, Name Something You Probably Need"
    }
  ],
  "final_round": [
    {
      "answers": [
        [
          "Money ",
          58
        ],
        [
          "Tissue ",
          38
        ],
        [
          "Wallet ",
          25
        ],
        [
          "Bank Notes ",
          16
        ],
        [
          "Chewing Gum ",
          11
        ]
      ],
      "question": "Name Something In A Pocket That Might Go Through The Laundry"
    },
    {
      "answers": [
        [
          "Ride Horses ",
          46
        ],
        [
          "Milk Cows ",
          30
        ],
        [
          "Play ",
          20
        ],
        [
          "Feed Animals ",
          13
        ],
        [
          "Collect Eggs ",
          8
        ]
      ],
      "question": "Name Something Kids Do On A Farm"
    },
    {
      "answers": [
        [
          "Grocery Store",
          50
        ],
        [
          "Library",
          33
        ],
        [
          "Convenience Store",
          21
        ],
        [
          "Post Office",
          14
        ],
        [
          "Copy Shop",
          9
        ],
        [
          "At Home",
          6
        ],
        [
          "Drugstore",
          4
        ]
      ],
      "question": "Besides An Office, Place To Find Copy Machine"
    },
    {
      "answers": [
        [
          "Want Better View",
          41
        ],
        [
          "Noisy Neighbors",
          30
        ],
        [
          "Tall Person In Front",
          18
        ],
        [
          "Dirty/Sticky Seat",
          6
        ],
        [
          "Affectionate Couple",
          4
        ]
      ],
      "question": "Name Something That Causes People To Change Seats At The Movies"
    }
  ],
  "final_round_timers": [
    20,
    25
  ]
}