{
  "rounds": [
    {
      "answers": [
        {
          "ans": "Underwear",
          "pnt": 51
        },
        {
          "ans": "Shoes",
          "pnt": 12
        },
        {
          "ans": "TV",
          "pnt": 10
        },
        {
          "ans": "Food",
          "pnt": 9
        },
        {
          "ans": "Car",
          "pnt": 6
        },
        {
          "ans": "Bed",
          "pnt": 5
        },
        {
          "ans": "Computer",
          "pnt": 4
        }
      ],
      "multiply": 1,
      "question": "Tell Me Something You’d Be Reluctant To Buy From A Rummage Sale"
    },
    {
      "answers": [
        {
          "ans": "Birthday Parties",
          "pnt": 30
        },
        {
          "ans": "Sporting Events",
          "pnt": 23
        },
        {
          "ans": "Graduations",
          "pnt": 10
        },
        {
          "ans": "Family Reunions",
          "pnt": 10
        },
        {
          "ans": "Weddings",
          "pnt": 9
        },
        {
          "ans": "recitals/Plays",
          "pnt": 6
        },
        {
          "ans": "Church",
          "pnt": 5
        }
      ],
      "multiply": 1,
      "question": "Name A Kind Of Event A Child In A Large Family Might Have To Go To A Lot"
    },
    {
      "answers": [
        {
          "ans": "Got In A Fight",
          "pnt": 35
        },
        {
          "ans": "Being Sick",
          "pnt": 21
        },
        {
          "ans": "Talk Back To Teacher",
          "pnt": 16
        },
        {
          "ans": "Bring A Weapon",
          "pnt": 9
        },
        {
          "ans": "Swearing",
          "pnt": 7
        },
        {
          "ans": "Smoking",
          "pnt": 4
        }
      ],
      "multiply": 1,
      "question": "Name A Reason A Kid Might Get Sent Home From School."
    },
    {
      "answers": [
        {
          "ans": "Jewelry",
          "pnt": 42
        },
        {
          "ans": "Car",
          "pnt": 21
        },
        {
          "ans": "Cash",
          "pnt": 19
        },
        {
          "ans": "Perfume",
          "pnt": 7
        },
        {
          "ans": "Clothes",
          "pnt": 5
        }
      ],
      "multiply": 2,
      "question": "Name A Gift That Most Women Would Be Thrilled To Get For Christmas"
    },
    {
      "answers": [
        {
          "ans": "Scream",
          "pnt": 34
        },
        {
          "ans": "Cry",
          "pnt": 20
        },
        {
          "ans": "Jump",
          "pnt": 16
        },
        {
          "ans": "Smile",
          "pnt": 8
        },
        {
          "ans": "Faint",
          "pnt": 7
        },
        {
          "ans": "Laugh",
          "pnt": 6
        },
        {
          "ans": "Gasp",
          "pnt": 6
        }
      ],
      "multiply": 2,
      "question": "What,Specifically Might Someone Do When They Walk Into Their Surprise Party."
    },
    {
      "answers": [
        {
          "ans": "Doughnut ",
          "pnt": 55
        },
        {
          "ans": "Polo Mint ",
          "pnt": 36
        },
        {
          "ans": "CD ",
          "pnt": 23
        },
        {
          "ans": "Plate ",
          "pnt": 15
        },
        {
          "ans": "Putting Green ",
          "pnt": 10
        }
      ],
      "multiply": 2,
      "question": "Name Something With A Hole In the Centre"
    }
  ],
  "final_round": [
    {
      "answers": [
        [
          "New York ",
          40
        ],
        [
          "Vienna ",
          26
        ],
        [
          "London ",
          17
        ]
      ],
      "question": "Name A Famous City That Features In A Song"
    },
    {
      "answers": [
        [
          "Toy",
          60
        ],
        [
          "Pet",
          18
        ],
        [
          "Money",
          17
        ],
        [
          "Time Capsule",
          3
        ]
      ],
      "question": "Name something a kid might bury in the backyard."
    },
    {
      "answers": [
        [
          "Hot Lips",
          26
        ],
        [
          "Hawkeye",
          22
        ],
        [
          "Radar",
          16
        ],
        [
          "War",
          12
        ],
        [
          "Doctors",
          8
        ],
        [
          "Theme Music",
          5
        ],
        [
          "Klinger",
          5
        ]
      ],
      "question": "Name Something You Remember About The Tv Show “M*A*S*H”"
    },
    {
      "answers": [
        [
          "Shower",
          54
        ],
        [
          "Get Out Of Bed",
          21
        ],
        [
          "Exercise",
          20
        ],
        [
          "Make Breakfast",
          4
        ]
      ],
      "question": "Name A Part Of Your Morning Ritual That It’s Hard To Get The Energy To Do."
    }
  ],
  "final_round_timers": [
    20,
    25
  ]
}