{
  "rounds": [
    {
      "answers": [
        {
          "ans": "Days Of Our Lives",
          "pnt": 49
        },
        {
          "ans": "One Life To Live",
          "pnt": 32
        },
        {
          "ans": "Young & The Restless",
          "pnt": 21
        },
        {
          "ans": "As The World Turns",
          "pnt": 14
        },
        {
          "ans": "All My Children",
          "pnt": 9
        },
        {
          "ans": "Guiding Light",
          "pnt": 6
        },
        {
          "ans": "Passions",
          "pnt": 4
        }
      ],
      "multiply": 1,
      "question": "Tell Me Soap Opera That Describes Your Love Life"
    },
    {
      "answers": [
        {
          "ans": "Appointments",
          "pnt": 54
        },
        {
          "ans": "Wife’s Birthday",
          "pnt": 21
        },
        {
          "ans": "Anniversary",
          "pnt": 12
        },
        {
          "ans": "Calls",
          "pnt": 8
        },
        {
          "ans": "Lunch",
          "pnt": 5
        }
      ],
      "multiply": 1,
      "question": "Name Something A Boss Might Ask His Secretary To Remind Him Of."
    },
    {
      "answers": [
        {
          "ans": "Fries",
          "pnt": 40
        },
        {
          "ans": "Burger",
          "pnt": 26
        },
        {
          "ans": "Pizza",
          "pnt": 17
        },
        {
          "ans": "Soda",
          "pnt": 11
        }
      ],
      "multiply": 1,
      "question": "Tell Me A Fast Food Item That Comes In Sizes Too Big For You To Consume."
    },
    {
      "answers": [
        {
          "ans": "Carrots ",
          "pnt": 47
        },
        {
          "ans": "Breeding ",
          "pnt": 31
        },
        {
          "ans": "Ears ",
          "pnt": 20
        },
        {
          "ans": "Tails ",
          "pnt": 13
        },
        {
          "ans": "Warren ",
          "pnt": 8
        }
      ],
      "multiply": 2,
      "question": "Name Something You Associate With Rabbits"
    },
    {
      "answers": [
        {
          "ans": "Hair",
          "pnt": 79
        },
        {
          "ans": "Fishing Line",
          "pnt": 5
        },
        {
          "ans": "Rope",
          "pnt": 4
        },
        {
          "ans": "Yarn",
          "pnt": 2
        },
        {
          "ans": "Jewelry",
          "pnt": 2
        },
        {
          "ans": "Shoe Laces",
          "pnt": 2
        },
        {
          "ans": "Phone Cord",
          "pnt": 2
        }
      ],
      "multiply": 2,
      "question": "Name Something That Can Get Tangled."
    },
    {
      "answers": [
        {
          "ans": "Shirt/Uniform",
          "pnt": 46
        },
        {
          "ans": "Name Tag",
          "pnt": 26
        },
        {
          "ans": "Jewlery",
          "pnt": 11
        },
        {
          "ans": "Jersey",
          "pnt": 5
        },
        {
          "ans": "Belt",
          "pnt": 4
        },
        {
          "ans": "Jacket",
          "pnt": 4
        }
      ],
      "multiply": 2,
      "question": "What Might An Adult Wear That Has His Name On It?"
    }
  ],
  "final_round": [
    {
      "answers": [
        [
          "Water Polo",
          63
        ],
        [
          "Swimming",
          14
        ],
        [
          "Water Ski",
          8
        ],
        [
          "Marco Polo",
          7
        ],
        [
          "Diving",
          2
        ],
        [
          "Sailing",
          2
        ]
      ],
      "question": "Name A Sport That Takes Place In The Water."
    },
    {
      "answers": [
        [
          "Eat",
          46
        ],
        [
          "Talk",
          30
        ],
        [
          "Flirt",
          20
        ],
        [
          "Smoke",
          13
        ],
        [
          "Dance",
          8
        ],
        [
          "Play Pool",
          5
        ],
        [
          "Fight",
          3
        ]
      ],
      "question": "Name Something People Do At A Bar Besides Drink"
    },
    {
      "answers": [
        [
          "Monopoly",
          48
        ],
        [
          "Chess",
          31
        ],
        [
          "Scrabble",
          20
        ],
        [
          "Risk",
          13
        ]
      ],
      "question": "Which Board Game Is Most Challenging"
    },
    {
      "answers": [
        [
          12,
          30
        ],
        [
          13,
          29
        ],
        [
          14,
          14
        ],
        [
          15,
          11
        ],
        [
          10,
          7
        ]
      ],
      "question": "How Old Were You When You Babysat For The First Time?"
    }
  ],
  "final_round_timers": [
    20,
    25
  ]
}