{
  "rounds": [
    {
      "answers": [
        {
          "ans": "Record",
          "pnt": 31
        },
        {
          "ans": "Play",
          "pnt": 22
        },
        {
          "ans": "Power",
          "pnt": 12
        },
        {
          "ans": "Pause",
          "pnt": 11
        },
        {
          "ans": "Rewind",
          "pnt": 10
        },
        {
          "ans": "Eject",
          "pnt": 7
        },
        {
          "ans": "Stop",
          "pnt": 6
        }
      ],
      "multiply": 1,
      "question": "Name A Button You’d Find On A Video Camera"
    },
    {
      "answers": [
        {
          "ans": "Smoke",
          "pnt": 34
        },
        {
          "ans": "Pass Gas",
          "pnt": 22
        },
        {
          "ans": "Sneeze",
          "pnt": 12
        },
        {
          "ans": "Talk",
          "pnt": 8
        },
        {
          "ans": "Kiss",
          "pnt": 7
        },
        {
          "ans": "Stand Too Close",
          "pnt": 4
        },
        {
          "ans": "Cough",
          "pnt": 4
        }
      ],
      "multiply": 1,
      "question": "Name Something You Wish People Wouldn’t Do In An Elevator."
    },
    {
      "answers": [
        {
          "ans": "Limo/Vehicle",
          "pnt": 37
        },
        {
          "ans": "DVD",
          "pnt": 23
        },
        {
          "ans": "Vacation Home",
          "pnt": 22
        },
        {
          "ans": "Carpet Cleaner",
          "pnt": 7
        },
        {
          "ans": "Tuxedo/Gown",
          "pnt": 5
        },
        {
          "ans": "Storage Unit",
          "pnt": 3
        }
      ],
      "multiply": 1,
      "question": "Name Something You Would Rent, But Probably Not Buy."
    },
    {
      "answers": [
        {
          "ans": 30,
          "pnt": 40
        },
        {
          "ans": 50,
          "pnt": 21
        },
        {
          "ans": 60,
          "pnt": 18
        },
        {
          "ans": 25,
          "pnt": null
        }
      ],
      "multiply": 2,
      "question": "At What Age Do People Stop Looking Forward To Birthdays?"
    },
    {
      "answers": [
        {
          "ans": "Sorry",
          "pnt": 56
        },
        {
          "ans": "Are You Ok?",
          "pnt": 23
        },
        {
          "ans": "Have Insurance?",
          "pnt": 10
        },
        {
          "ans": "Curse Word",
          "pnt": 5
        },
        {
          "ans": "What Were You Doing?",
          "pnt": 4
        }
      ],
      "multiply": 2,
      "question": "Name The First Thing You’D Say To The Other Driver After A Fender Bender"
    },
    {
      "answers": [
        {
          "ans": "Price ",
          "pnt": 48
        },
        {
          "ans": "Taste ",
          "pnt": 31
        },
        {
          "ans": "Brand Name ",
          "pnt": 20
        },
        {
          "ans": "Country Of Origin ",
          "pnt": 13
        },
        {
          "ans": "Screw Off Lid ",
          "pnt": 9
        },
        {
          "ans": "A Hangover ",
          "pnt": 6
        }
      ],
      "multiply": 2,
      "question": "Name Something About A Wine Which Suggests Is Poor Quality"
    }
  ],
  "final_round": [
    {
      "answers": [
        [
          "Bedroom",
          40
        ],
        [
          "Living Room",
          22
        ],
        [
          "Den",
          14
        ],
        [
          "Family Room",
          9
        ],
        [
          "Bathroom",
          9
        ],
        [
          "Library",
          4
        ]
      ],
      "question": "Name A Room In The House People Like To Read"
    },
    {
      "answers": [
        [
          "Piano ",
          51
        ],
        [
          "Singing ",
          33
        ],
        [
          "Sports ",
          22
        ],
        [
          "Tennis ",
          14
        ],
        [
          "Golf ",
          9
        ],
        [
          "Juggling ",
          6
        ]
      ],
      "question": "Name Something You Might Practice"
    },
    {
      "answers": [
        [
          "Snake",
          45
        ],
        [
          "Bear",
          19
        ],
        [
          "Shark",
          16
        ],
        [
          "Rat",
          10
        ]
      ],
      "question": "Name An Animal That’s Not Loved By Many People"
    },
    {
      "answers": [
        [
          "GET FORTUNE COOKIES",
          45
        ],
        [
          "USE CHOPSTICKS",
          29
        ],
        [
          "PRICE",
          19
        ],
        [
          "ATMOSPHERE",
          12
        ],
        [
          "SMELL’S GOOD",
          8
        ],
        [
          "SERVICE",
          5
        ]
      ],
      "question": "Other Than Food, Why Do You Like Going To A Chinese Restaurant"
    }
  ],
  "final_round_timers": [
    20,
    25
  ]
}