{
  "rounds": [
    {
      "answers": [
        {
          "ans": "Chihauhua",
          "pnt": 45
        },
        {
          "ans": "Poodle",
          "pnt": 41
        },
        {
          "ans": "Dashound",
          "pnt": 8
        },
        {
          "ans": "Cocker Spanial",
          "pnt": 6
        }
      ],
      "multiply": 1,
      "question": "Name A Breed Of Dog That Would Never Scare Away A Burglar."
    },
    {
      "answers": [
        {
          "ans": "Rich",
          "pnt": 28
        },
        {
          "ans": "Fame",
          "pnt": 24
        },
        {
          "ans": "Meet Other Stars",
          "pnt": 15
        },
        {
          "ans": "Free Movies",
          "pnt": 12
        },
        {
          "ans": "Huge House",
          "pnt": 11
        },
        {
          "ans": "Get Roles",
          "pnt": 9
        }
      ],
      "multiply": 1,
      "question": "What Would Be The Best Thing About Having An Actress For A Mother?"
    },
    {
      "answers": [
        {
          "ans": "Blush",
          "pnt": 66
        },
        {
          "ans": "Cry",
          "pnt": 19
        },
        {
          "ans": "Sweat",
          "pnt": 7
        },
        {
          "ans": "Giggle",
          "pnt": 5
        }
      ],
      "multiply": 1,
      "question": "Name Something That Happens To People When They Get Embarrassed."
    },
    {
      "answers": [
        {
          "ans": "Violin",
          "pnt": 40
        },
        {
          "ans": "Flute",
          "pnt": 28
        },
        {
          "ans": "Clarinet",
          "pnt": 19
        },
        {
          "ans": "Guitar",
          "pnt": 6
        },
        {
          "ans": "Saxiphone",
          "pnt": 4
        }
      ],
      "multiply": 2,
      "question": "Name A Instrument That Can Sound Whiny"
    },
    {
      "answers": [
        {
          "ans": "Under mattress",
          "pnt": 49
        },
        {
          "ans": "Dresser drawer",
          "pnt": 24
        },
        {
          "ans": "Cookie jar",
          "pnt": 9
        },
        {
          "ans": "Closet",
          "pnt": 7
        },
        {
          "ans": "Freezer",
          "pnt": 5
        }
      ],
      "multiply": 2,
      "question": "Name a place in their home that people hide money."
    },
    {
      "answers": [
        {
          "ans": "Hat ",
          "pnt": 48
        },
        {
          "ans": "Horse ",
          "pnt": 31
        },
        {
          "ans": "Gun ",
          "pnt": 20
        },
        {
          "ans": "Lasso ",
          "pnt": 13
        },
        {
          "ans": "Boots ",
          "pnt": 9
        },
        {
          "ans": "Chaps ",
          "pnt": 6
        }
      ],
      "multiply": 2,
      "question": "Name Something A Cowboy Has"
    }
  ],
  "final_round": [
    {
      "answers": [
        [
          "Airplanes",
          39
        ],
        [
          "Movies",
          23
        ],
        [
          "Restaurant",
          17
        ],
        [
          "Bus",
          8
        ],
        [
          "Place Of Worship",
          8
        ]
      ],
      "question": "Name A Place Where People Hope Not To Have A Baby Seated Near Them."
    },
    {
      "answers": [
        [
          "Red Nose ",
          45
        ],
        [
          "Big Feet ",
          29
        ],
        [
          "Wig ",
          19
        ],
        [
          "Painted Face ",
          12
        ],
        [
          "Juggling Balls ",
          8
        ],
        [
          "Squirty Flower ",
          5
        ]
      ],
      "question": "Name Something A Clown Has"
    },
    {
      "answers": [
        [
          "Work",
          57
        ],
        [
          "Meals",
          37
        ],
        [
          "Bathing",
          24
        ],
        [
          "Working Out",
          16
        ],
        [
          "Party",
          10
        ]
      ],
      "question": "Name Something You Might Skip When You Are Sick"
    },
    {
      "answers": [
        [
          "Laundromat",
          38
        ],
        [
          "Pay Phone",
          20
        ],
        [
          "Parking Meter",
          14
        ],
        [
          "Newspaper",
          10
        ],
        [
          "Vending Machine",
          10
        ],
        [
          "Arcade Game",
          2
        ]
      ],
      "question": "Name Something You Need Coins To Use."
    }
  ],
  "final_round_timers": [
    20,
    25
  ]
}