{
  "rounds": [
    {
      "answers": [
        {
          "ans": "Their Love Lives",
          "pnt": 46
        },
        {
          "ans": "Infidelity",
          "pnt": 35
        },
        {
          "ans": "Rumor",
          "pnt": 7
        },
        {
          "ans": "Divorce",
          "pnt": 6
        }
      ],
      "multiply": 1,
      "question": "Name A Topic That People Might Whisper About."
    },
    {
      "answers": [
        {
          "ans": "Answering Machine ",
          "pnt": 40
        },
        {
          "ans": "Paper ",
          "pnt": 26
        },
        {
          "ans": "Telephone ",
          "pnt": 17
        },
        {
          "ans": "Door ",
          "pnt": 11
        },
        {
          "ans": "The Fridge ",
          "pnt": 7
        }
      ],
      "multiply": 1,
      "question": "Name Something You Might Leave A Message On"
    },
    {
      "answers": [
        {
          "ans": "Pizza",
          "pnt": 46
        },
        {
          "ans": "Meatloaf",
          "pnt": 21
        },
        {
          "ans": "Jell O",
          "pnt": 10
        },
        {
          "ans": "Fries",
          "pnt": 7
        },
        {
          "ans": "Chicken Nuggets",
          "pnt": 4
        },
        {
          "ans": "Hot Dogs",
          "pnt": 3
        },
        {
          "ans": "Hamburgers",
          "pnt": 3
        }
      ],
      "multiply": 1,
      "question": "Name A Food Served In An Elementary School Cafeteria"
    },
    {
      "answers": [
        {
          "ans": "Snake ",
          "pnt": 46
        },
        {
          "ans": "Basket ",
          "pnt": 30
        },
        {
          "ans": "Flute ",
          "pnt": 20
        },
        {
          "ans": "Turban ",
          "pnt": 13
        },
        {
          "ans": "Music ",
          "pnt": 8
        }
      ],
      "multiply": 2,
      "question": "Name Something You Associate With A Snake Charmer"
    },
    {
      "answers": [
        {
          "ans": "Chocolate Cake",
          "pnt": 32
        },
        {
          "ans": "Cheese Cake",
          "pnt": 19
        },
        {
          "ans": "Cherry Pie",
          "pnt": 15
        },
        {
          "ans": "Pumpkin Pie",
          "pnt": 13
        },
        {
          "ans": "Ice Cream/Float",
          "pnt": 10
        },
        {
          "ans": "Choc. Chip Cookie",
          "pnt": 6
        }
      ],
      "multiply": 2,
      "question": "If Apple Pie Lost Its Title As The Food Defining America, What Dessert Might Take Its Place?"
    },
    {
      "answers": [
        {
          "ans": "Bumps",
          "pnt": 39
        },
        {
          "ans": "Pot Holl",
          "pnt": 27
        },
        {
          "ans": "Gravel Road",
          "pnt": 12
        },
        {
          "ans": "Rocks",
          "pnt": 11
        },
        {
          "ans": "Railroad Track",
          "pnt": 4
        }
      ],
      "multiply": 2,
      "question": "Name Something You Might Drive Over That Would Cause A Bumpy Ride"
    }
  ],
  "final_round": [
    {
      "answers": [
        [
          "Food",
          46
        ],
        [
          "Tank",
          26
        ],
        [
          "Some Rocks",
          14
        ],
        [
          "Castle",
          5
        ],
        [
          "Another Goldfish",
          4
        ]
      ],
      "question": "Name Something People Might Buy For Their New Goldfish."
    },
    {
      "answers": [
        [
          "Donald Duck ",
          56
        ],
        [
          "Micky Mouse ",
          36
        ],
        [
          "Minnie Mouse ",
          24
        ],
        [
          "Pluto ",
          16
        ],
        [
          "Goofy ",
          10
        ]
      ],
      "question": "Name A Character Associated With Walt Disney"
    },
    {
      "answers": [
        [
          "Getting Drunk",
          41
        ],
        [
          "Not Tipping",
          27
        ],
        [
          "Fighting",
          17
        ],
        [
          "Yelling",
          11
        ],
        [
          "Complaining",
          7
        ],
        [
          "Vomiting",
          5
        ],
        [
          "Flirting",
          3
        ]
      ],
      "question": "Name Something A Bartender Probably Tired Custmr"
    },
    {
      "answers": [
        [
          "Fugitive",
          53
        ],
        [
          "Scared",
          34
        ],
        [
          "Afair",
          23
        ],
        [
          "Playing With Kids",
          15
        ],
        [
          "Surprise Party",
          10
        ],
        [
          "Avoiding Someone",
          6
        ]
      ],
      "question": "Tell Me Why You’d See An Adult Hiding"
    }
  ],
  "final_round_timers": [
    20,
    25
  ]
}