{
  "rounds": [
    {
      "answers": [
        {
          "ans": "Exercise",
          "pnt": 41
        },
        {
          "ans": "Lose weight",
          "pnt": 24
        },
        {
          "ans": "Eat healthier",
          "pnt": 9
        },
        {
          "ans": "Go to the doctor",
          "pnt": 7
        },
        {
          "ans": "Dye hair",
          "pnt": 6
        },
        {
          "ans": "Retire",
          "pnt": 5
        }
      ],
      "multiply": 1,
      "question": "Tell me something many wives encourage their husbands to do as they get older."
    },
    {
      "answers": [
        {
          "ans": "Names",
          "pnt": 48
        },
        {
          "ans": "Peoples Ages",
          "pnt": 31
        },
        {
          "ans": "Birthdays",
          "pnt": 20
        },
        {
          "ans": "The Past",
          "pnt": 13
        },
        {
          "ans": "Where They Put Items",
          "pnt": 9
        },
        {
          "ans": "Phone Numbr",
          "pnt": 6
        },
        {
          "ans": "Grocery Items",
          "pnt": 3
        }
      ],
      "multiply": 1,
      "question": "Name Something That A Person Doesn’t Remember As They Get Old"
    },
    {
      "answers": [
        {
          "ans": "Teacher",
          "pnt": 36
        },
        {
          "ans": "Boss",
          "pnt": 26
        },
        {
          "ans": "Friend",
          "pnt": 21
        },
        {
          "ans": "Doctor",
          "pnt": 11
        },
        {
          "ans": "Neighbor",
          "pnt": 3
        }
      ],
      "multiply": 1,
      "question": "Name Someone In Her Life That A Woman Might Have A Crush On?"
    },
    {
      "answers": [
        {
          "ans": "Buy Some",
          "pnt": 50
        },
        {
          "ans": "Borrow Clothes",
          "pnt": 20
        },
        {
          "ans": "Wash Clothes",
          "pnt": 18
        },
        {
          "ans": "Wear Dirty Clothes",
          "pnt": 5
        }
      ],
      "multiply": 2,
      "question": "If You Were Out Of Town And Forgot To Pack A Change Of Clothes, What Would You Do?"
    },
    {
      "answers": [
        {
          "ans": "Shoes",
          "pnt": 28
        },
        {
          "ans": "Hat",
          "pnt": 17
        },
        {
          "ans": "Socks",
          "pnt": 17
        },
        {
          "ans": "Stretch Pants",
          "pnt": 13
        },
        {
          "ans": "Sweats",
          "pnt": 1
        },
        {
          "ans": "Underware/Bra",
          "pnt": 7
        }
      ],
      "multiply": 2,
      "question": "Name Something That Still Fits Even If You Put On A Few Extra Pounds"
    },
    {
      "answers": [
        {
          "ans": "Hammer ",
          "pnt": 51
        },
        {
          "ans": "Drill ",
          "pnt": 33
        },
        {
          "ans": "Saw ",
          "pnt": 22
        },
        {
          "ans": "Cement Mixer ",
          "pnt": 14
        }
      ],
      "multiply": 2,
      "question": "Name A Tool A Labourer Might Use To Build A House"
    }
  ],
  "final_round": [
    {
      "answers": [
        [
          "Spied",
          54
        ],
        [
          "Love Note",
          35
        ],
        [
          "Lied",
          23
        ],
        [
          "Prank Called",
          15
        ]
      ],
      "question": "What Have You Done To A Crush You Hope They Never Find Out"
    },
    {
      "answers": [
        [
          "Lights On",
          53
        ],
        [
          "Car In Driveway",
          30
        ],
        [
          "Noice",
          8
        ],
        [
          "Knock On Door",
          6
        ]
      ],
      "question": "Name A Way To Tell If You Neighbors Are Home."
    },
    {
      "answers": [
        [
          "Non Perishable Food",
          49
        ],
        [
          "Water",
          27
        ],
        [
          "Batteries",
          7
        ],
        [
          "Firewood",
          3
        ]
      ],
      "question": "Name Something People Might Stock Up On Before A Huge Snowstorm"
    },
    {
      "answers": [
        [
          "Clean",
          53
        ],
        [
          "Give You Shine",
          34
        ],
        [
          "Add Volume",
          23
        ],
        [
          "Stop dandruff",
          15
        ],
        [
          "Make Hair Soft",
          10
        ],
        [
          "Repair Damage",
          6
        ]
      ],
      "question": "Name something your shampoo promises to do."
    }
  ],
  "final_round_timers": [
    20,
    25
  ]
}