{
  "rounds": [
    {
      "answers": [
        {
          "ans": "Sauna/Hot Tub",
          "pnt": 41
        },
        {
          "ans": "Beach",
          "pnt": 27
        },
        {
          "ans": "Hell",
          "pnt": 17
        },
        {
          "ans": "Desert",
          "pnt": 11
        }
      ],
      "multiply": 1,
      "question": "Name A Hot Place Where You’d Never Expect To See People Eating Ice Cream."
    },
    {
      "answers": [
        {
          "ans": "Glue",
          "pnt": 38
        },
        {
          "ans": "Yarn",
          "pnt": 22
        },
        {
          "ans": "Construction Paper",
          "pnt": 13
        },
        {
          "ans": "Paint",
          "pnt": 12
        },
        {
          "ans": "Beads",
          "pnt": 8
        },
        {
          "ans": "Fabric",
          "pnt": 3
        }
      ],
      "multiply": 1,
      "question": "Name Something A Craft Lover Would Have A Lot Of."
    },
    {
      "answers": [
        {
          "ans": "Speed",
          "pnt": 50
        },
        {
          "ans": "Eat",
          "pnt": 33
        },
        {
          "ans": "Run Red Light",
          "pnt": 21
        },
        {
          "ans": "Not Buckling Up",
          "pnt": 14
        },
        {
          "ans": "Sing",
          "pnt": 9
        },
        {
          "ans": "Cuss",
          "pnt": 6
        },
        {
          "ans": "Answer Cell Phone",
          "pnt": 4
        }
      ],
      "multiply": 1,
      "question": "Name Something You Do Driving But Never On A Driver’s Test"
    },
    {
      "answers": [
        {
          "ans": "Cost/No Insurance",
          "pnt": 34
        },
        {
          "ans": "Scared",
          "pnt": 26
        },
        {
          "ans": "Pain",
          "pnt": 15
        },
        {
          "ans": "Can’t Get Off Work",
          "pnt": 8
        },
        {
          "ans": "Sick",
          "pnt": 6
        },
        {
          "ans": "No Time",
          "pnt": 5
        },
        {
          "ans": "No Bad Teeth",
          "pnt": 3
        }
      ],
      "multiply": 2,
      "question": "Name An Excuse People Give For Not Seeing Their Dentist"
    },
    {
      "answers": [
        {
          "ans": "Touch Worms",
          "pnt": 28
        },
        {
          "ans": "Smell Like fish",
          "pnt": 27
        },
        {
          "ans": "Can’t Swim",
          "pnt": 20
        },
        {
          "ans": "Boring",
          "pnt": 6
        },
        {
          "ans": "Cold",
          "pnt": 5
        },
        {
          "ans": "Wake Up Early",
          "pnt": 5
        }
      ],
      "multiply": 2,
      "question": "Name A Reason You Would Not Want To Take Up Fishing."
    },
    {
      "answers": [
        {
          "ans": "Football",
          "pnt": 39
        },
        {
          "ans": "Baseball",
          "pnt": 31
        },
        {
          "ans": "Soccer",
          "pnt": 17
        },
        {
          "ans": "Hockey",
          "pnt": 9
        }
      ],
      "multiply": 2,
      "question": "Name A Sport That You Can’t Play Without A Team"
    }
  ],
  "final_round": [
    {
      "answers": [
        [
          "Cry",
          28
        ],
        [
          "Flirt",
          26
        ],
        [
          "Lie",
          18
        ],
        [
          "Smile",
          8
        ],
        [
          "Be Nice",
          8
        ],
        [
          "Beg",
          6
        ],
        [
          "Apologize",
          3
        ]
      ],
      "question": "After A Cop Pulls You Over, What Might You Try To Do To Avoid Getting A Ticket"
    },
    {
      "answers": [
        [
          "Movie Stars",
          52
        ],
        [
          "Whoopi Goldberg",
          34
        ],
        [
          "Tic Tac toe",
          22
        ],
        [
          "Contestants",
          14
        ],
        [
          "Squares",
          9
        ],
        [
          "Money",
          6
        ]
      ],
      "question": "Name something associated With The Game Show “Hollywood Squares”"
    },
    {
      "answers": [
        [
          "Hippopotamus ",
          43
        ],
        [
          "Crocodile ",
          28
        ],
        [
          "Shark ",
          18
        ],
        [
          "Whale ",
          12
        ],
        [
          "Snake ",
          8
        ]
      ],
      "question": "Name A Creature With A Large Mouth"
    },
    {
      "answers": [
        [
          "Nurse",
          44
        ],
        [
          "Doctor",
          23
        ],
        [
          "Teacher",
          13
        ],
        [
          "Childcare Provider",
          12
        ]
      ],
      "question": "Name An Occupation That People Consider Caring"
    }
  ],
  "final_round_timers": [
    20,
    25
  ]
}