{
  "rounds": [
    {
      "answers": [
        {
          "ans": "Birthday",
          "pnt": 47
        },
        {
          "ans": "Valentines Day",
          "pnt": 31
        },
        {
          "ans": "Anniversary",
          "pnt": 20
        },
        {
          "ans": "In Love",
          "pnt": 13
        },
        {
          "ans": "Sick",
          "pnt": 8
        },
        {
          "ans": "Funeral",
          "pnt": 5
        },
        {
          "ans": "Apology",
          "pnt": 3
        }
      ],
      "multiply": 1,
      "question": "Reason Someone Might Send You Flowers"
    },
    {
      "answers": [
        {
          "ans": "Lamb/Sheep",
          "pnt": 33
        },
        {
          "ans": "Cow",
          "pnt": 25
        },
        {
          "ans": "Horse",
          "pnt": 13
        },
        {
          "ans": "Pig",
          "pnt": 11
        },
        {
          "ans": "Bunny",
          "pnt": 8
        },
        {
          "ans": "Cat",
          "pnt": 5
        },
        {
          "ans": "Chick/Duckling",
          "pnt": 3
        }
      ],
      "multiply": 1,
      "question": "Name The Most Gentle Farm Animal."
    },
    {
      "answers": [
        {
          "ans": "Bed ",
          "pnt": 41
        },
        {
          "ans": "Sofa ",
          "pnt": 27
        },
        {
          "ans": "Floor ",
          "pnt": 17
        },
        {
          "ans": "A Tent ",
          "pnt": 11
        }
      ],
      "multiply": 1,
      "question": "Name A Place You Might Sleep When Staying At A Friends House"
    },
    {
      "answers": [
        {
          "ans": "Garden ",
          "pnt": 52
        },
        {
          "ans": "Plant Pot ",
          "pnt": 34
        },
        {
          "ans": "Green House ",
          "pnt": 22
        },
        {
          "ans": "Window Seal ",
          "pnt": 14
        }
      ],
      "multiply": 2,
      "question": "Name A Place Where You Might Find A Plant"
    },
    {
      "answers": [
        {
          "ans": "Dress",
          "pnt": 29
        },
        {
          "ans": "Wig",
          "pnt": 26
        },
        {
          "ans": "Bra",
          "pnt": 15
        },
        {
          "ans": "High Heels",
          "pnt": 12
        },
        {
          "ans": "Lipstick",
          "pnt": 11
        },
        {
          "ans": "Panty Hose",
          "pnt": 7
        }
      ],
      "multiply": 2,
      "question": "Name Something Specific You’d Wear If You Wanted To Impersonate A Woman"
    },
    {
      "answers": [
        {
          "ans": "Christmas",
          "pnt": 50
        },
        {
          "ans": "Valentine’s Day",
          "pnt": 36
        },
        {
          "ans": "Birthday",
          "pnt": 8
        },
        {
          "ans": "New Year Eve’s",
          "pnt": 5
        }
      ],
      "multiply": 2,
      "question": "Name A Day Of The Year That Some People Don’t Want To Spend Alone."
    }
  ],
  "final_round": [
    {
      "answers": [
        [
          "Rock Them",
          32
        ],
        [
          "Pat Back",
          21
        ],
        [
          "Sing Lullaby",
          11
        ],
        [
          "Feed",
          11
        ],
        [
          "Hug/Cuddle",
          9
        ],
        [
          "Bounce Them",
          7
        ],
        [
          "Change Diaper",
          4
        ]
      ],
      "question": "Name Something An Experienced Parent Does Automatically When They Pick Up A Crying Baby."
    },
    {
      "answers": [
        [
          "Keys",
          52
        ],
        [
          "Pen/ Pencil",
          34
        ],
        [
          "Money",
          22
        ],
        [
          "Remote Control",
          14
        ],
        [
          "Phone",
          9
        ],
        [
          "Glasses",
          6
        ],
        [
          "Scissors",
          4
        ]
      ],
      "question": "Name Soemthing You Can Never Find When You Need It"
    },
    {
      "answers": [
        [
          "School",
          38
        ],
        [
          "Acne/Looks",
          23
        ],
        [
          "Dating",
          17
        ],
        [
          "Friends/Clique",
          14
        ],
        [
          "Parents/Rules",
          6
        ]
      ],
      "question": "Name Something Teenagers Stress Out About."
    },
    {
      "answers": [
        [
          "Moving",
          28
        ],
        [
          "They Attack People",
          21
        ],
        [
          "Not Housebroken",
          12
        ],
        [
          "Too Messy",
          11
        ],
        [
          "Chew Things",
          10
        ],
        [
          "Sickness",
          8
        ],
        [
          "They’re Allergic",
          8
        ]
      ],
      "question": "Name A Reason a Person Might Get Rid Of A Pet."
    }
  ],
  "final_round_timers": [
    20,
    25
  ]
}