{
  "rounds": [
    {
      "answers": [
        {
          "ans": "Drink Coffee",
          "pnt": 61
        },
        {
          "ans": "Take A Pill",
          "pnt": 7
        },
        {
          "ans": "Exercise",
          "pnt": 6
        },
        {
          "ans": "Get Cool Air",
          "pnt": 6
        },
        {
          "ans": "Listen To Radio",
          "pnt": 5
        },
        {
          "ans": "Eat",
          "pnt": 4
        },
        {
          "ans": "Drink Soda",
          "pnt": 3
        }
      ],
      "multiply": 1,
      "question": "Name Something People Do To Help Them Stay Awake When They Are Tired."
    },
    {
      "answers": [
        {
          "ans": "Eat",
          "pnt": 26
        },
        {
          "ans": "Type",
          "pnt": 23
        },
        {
          "ans": "Write",
          "pnt": 10
        },
        {
          "ans": "Cook",
          "pnt": 10
        },
        {
          "ans": "Get Dressed",
          "pnt": 10
        },
        {
          "ans": "Wash Dishes",
          "pnt": 9
        },
        {
          "ans": "Scratch An Itch",
          "pnt": 9
        }
      ],
      "multiply": 1,
      "question": "Tell Me Something That Is Impossible To Do With Freshly Painted Nails."
    },
    {
      "answers": [
        {
          "ans": "Sleep schedule",
          "pnt": 37
        },
        {
          "ans": "Crying",
          "pnt": 18
        },
        {
          "ans": "How cute",
          "pnt": 14
        },
        {
          "ans": "Feeding",
          "pnt": 13
        },
        {
          "ans": "Changing diapers",
          "pnt": 11
        },
        {
          "ans": "Weight",
          "pnt": 3
        }
      ],
      "multiply": 1,
      "question": "Name something about her infant son that a new mother talks about often."
    },
    {
      "answers": [
        {
          "ans": "Make Up ",
          "pnt": 58
        },
        {
          "ans": "New Hairstyle ",
          "pnt": 38
        },
        {
          "ans": "New Clothes ",
          "pnt": 25
        },
        {
          "ans": "Plastic Surgery ",
          "pnt": 16
        },
        {
          "ans": "Loose Weight ",
          "pnt": 11
        },
        {
          "ans": "Fake Tan ",
          "pnt": 7
        }
      ],
      "multiply": 2,
      "question": "Name Something Woman Do To Make Themselves More Attractive"
    },
    {
      "answers": [
        {
          "ans": "Prices",
          "pnt": 59
        },
        {
          "ans": "Names of Dishes",
          "pnt": 20
        },
        {
          "ans": "Name Of Business",
          "pnt": 11
        },
        {
          "ans": "Phone Number/ Address",
          "pnt": 9
        }
      ],
      "multiply": 2,
      "question": "Name A Piece Of Information That’s On Every Menu"
    },
    {
      "answers": [
        {
          "ans": "Address/Location",
          "pnt": 40
        },
        {
          "ans": "Dates Name",
          "pnt": 32
        },
        {
          "ans": "Phone Number",
          "pnt": 14
        },
        {
          "ans": "Description Of Date",
          "pnt": 8
        }
      ],
      "multiply": 2,
      "question": "Name A Piece Of Information That You Write Down When You’re On Your Way To Meet Your Blind Date."
    }
  ],
  "final_round": [
    {
      "answers": [
        [
          "Better Pay",
          69
        ],
        [
          "Want Benefits",
          8
        ],
        [
          "No Contract",
          6
        ],
        [
          "Better Hours",
          3
        ]
      ],
      "question": "Name A Reason Why Workers Might Go On Strike."
    },
    {
      "answers": [
        [
          "Letter ",
          50
        ],
        [
          "Money ",
          33
        ],
        [
          "Stamps ",
          21
        ],
        [
          "A Card ",
          14
        ],
        [
          "A Photo ",
          9
        ]
      ],
      "question": "Name Something You Might Keep In An Envelope"
    },
    {
      "answers": [
        [
          "Reindeer",
          36
        ],
        [
          "Turkey",
          28
        ],
        [
          "Bunny",
          22
        ],
        [
          "Black Cat",
          4
        ]
      ],
      "question": "Name An Animal Associated With A Holiday"
    },
    {
      "answers": [
        [
          "Pole",
          54
        ],
        [
          "Bait",
          35
        ],
        [
          "Lunch",
          23
        ],
        [
          "Beer",
          15
        ],
        [
          "Tackle Box",
          10
        ]
      ],
      "question": "Name Something You Always Bring Along For A Day Of Fishing"
    }
  ],
  "final_round_timers": [
    20,
    25
  ]
}