{
  "rounds": [
    {
      "answers": [
        {
          "ans": "Discount",
          "pnt": 27
        },
        {
          "ans": "Convenience Store",
          "pnt": 25
        },
        {
          "ans": "Grocery Store",
          "pnt": 16
        },
        {
          "ans": "Drugstore",
          "pnt": 11
        },
        {
          "ans": "Gas Station",
          "pnt": 10
        },
        {
          "ans": "Department Store",
          "pnt": 4
        },
        {
          "ans": "Toy Store",
          "pnt": 3
        }
      ],
      "multiply": 1,
      "question": "Name A Store That’s Always Open, Even On Christmas Day."
    },
    {
      "answers": [
        {
          "ans": "Your Wedding",
          "pnt": 40
        },
        {
          "ans": "Birthday Party",
          "pnt": 23
        },
        {
          "ans": "Family Reunion",
          "pnt": 21
        },
        {
          "ans": "Your House",
          "pnt": 10
        }
      ],
      "multiply": 1,
      "question": "Name Someplace You’d Have To Be On Really Good Terms To Invite Your Ex."
    },
    {
      "answers": [
        {
          "ans": " Bouquet (flowers)",
          "pnt": 57
        },
        {
          "ans": "Cake/food",
          "pnt": 37
        },
        {
          "ans": "Groom",
          "pnt": 24
        },
        {
          "ans": "Wine/Champagne",
          "pnt": 16
        },
        {
          "ans": "Gown/Veil",
          "pnt": 10
        },
        {
          "ans": "Wedding Ring",
          "pnt": 7
        }
      ],
      "multiply": 1,
      "question": "Name something a bride would hate to realize she’s allergic to on her wedding day"
    },
    {
      "answers": [
        {
          "ans": "Apple Sauce",
          "pnt": 30
        },
        {
          "ans": "Hot Sauce",
          "pnt": 26
        },
        {
          "ans": "Ketchup",
          "pnt": 16
        },
        {
          "ans": "BBQ",
          "pnt": 13
        },
        {
          "ans": "Chocolate Sauce",
          "pnt": 12
        }
      ],
      "multiply": 2,
      "question": "Name A Type Of Sauce That You’d Never Put On Pasta"
    },
    {
      "answers": [
        {
          "ans": "Boots",
          "pnt": 50
        },
        {
          "ans": "Hat",
          "pnt": 24
        },
        {
          "ans": "Jeans",
          "pnt": 10
        },
        {
          "ans": "Flannel Shirt",
          "pnt": 6
        },
        {
          "ans": "SunGlasses",
          "pnt": 6
        }
      ],
      "multiply": 2,
      "question": "Name Something Both A Logger And A Rock Star Wear"
    },
    {
      "answers": [
        {
          "ans": "Dentist",
          "pnt": 55
        },
        {
          "ans": "Proctocologist",
          "pnt": 26
        },
        {
          "ans": "Eye",
          "pnt": 14
        },
        {
          "ans": "OB/GYN",
          "pnt": 3
        }
      ],
      "multiply": 2,
      "question": "Which doctor do people hate to see?"
    }
  ],
  "final_round": [
    {
      "answers": [
        [
          "Dancer",
          30
        ],
        [
          "Police Officer",
          24
        ],
        [
          "Doctor/Nurse",
          23
        ],
        [
          "Waitress",
          10
        ],
        [
          "Athlete",
          7
        ],
        [
          "Fitness instructor",
          4
        ]
      ],
      "question": "Name a profession that would be most difficult to perform while 8 months pregnant."
    },
    {
      "answers": [
        [
          "Don't Like It ",
          48
        ],
        [
          "Wrong Size ",
          31
        ],
        [
          "Already Have ",
          20
        ],
        [
          "Broken / Faulty ",
          13
        ],
        [
          "Unsuitable ",
          9
        ],
        [
          "Ungrateful ",
          6
        ]
      ],
      "question": "Name A Reason People Return Gifts"
    },
    {
      "answers": [
        [
          "Pie",
          46
        ],
        [
          "Fruit Salad",
          13
        ],
        [
          "Jello",
          9
        ],
        [
          "Strawberry Shortcake",
          9
        ],
        [
          "Banana Split",
          6
        ],
        [
          "Fruit Cake",
          4
        ],
        [
          "Sherbet",
          4
        ]
      ],
      "question": "Name A Dessert That’s Made With Fruit."
    },
    {
      "answers": [
        [
          "At The Bar",
          38
        ],
        [
          "At Work",
          28
        ],
        [
          "Out Of Town",
          11
        ],
        [
          "At A Strip Club",
          9
        ],
        [
          "Stuck In A Traffic",
          6
        ],
        [
          "In An Airplane",
          4
        ],
        [
          "In Jail",
          3
        ]
      ],
      "question": "Name A Place Where A Woman Would Hate For Her Husband To be When She Went Into Labor"
    }
  ],
  "final_round_timers": [
    20,
    25
  ]
}