{
  "rounds": [
    {
      "answers": [
        {
          "ans": "Talk",
          "pnt": 58
        },
        {
          "ans": "Sing",
          "pnt": 21
        },
        {
          "ans": "Dance",
          "pnt": 7
        },
        {
          "ans": "Live Nine Lives",
          "pnt": 5
        }
      ],
      "multiply": 1,
      "question": "Name Something A Cat In A Movie Can Do That A Real-Life Cat Can’"
    },
    {
      "answers": [
        {
          "ans": "Shopping",
          "pnt": 42
        },
        {
          "ans": "Cooking",
          "pnt": 22
        },
        {
          "ans": "Cleaning",
          "pnt": 19
        },
        {
          "ans": "Wrapping Gifts",
          "pnt": 8
        },
        {
          "ans": "Decorating",
          "pnt": 8
        }
      ],
      "multiply": 1,
      "question": "Which Part Of Holiday Preparation Do You Always Put Off Til The Last Minute?"
    },
    {
      "answers": [
        {
          "ans": "Other People",
          "pnt": 34
        },
        {
          "ans": "Work/School",
          "pnt": 29
        },
        {
          "ans": "Eating",
          "pnt": 25
        },
        {
          "ans": "Alcohol",
          "pnt": 5
        },
        {
          "ans": "Smoking",
          "pnt": 5
        }
      ],
      "multiply": 1,
      "question": "Tell Me Something You Avoid When You Are Sick"
    },
    {
      "answers": [
        {
          "ans": "Food",
          "pnt": 53
        },
        {
          "ans": "Perfume",
          "pnt": 34
        },
        {
          "ans": "Lotion",
          "pnt": 23
        },
        {
          "ans": "Soap",
          "pnt": 15
        }
      ],
      "multiply": 2,
      "question": "Name Something That’s Given As A Free Sample In Stores"
    },
    {
      "answers": [
        {
          "ans": "Tongue",
          "pnt": 56
        },
        {
          "ans": "Brain",
          "pnt": 36
        },
        {
          "ans": "Heart",
          "pnt": 24
        },
        {
          "ans": "Finger",
          "pnt": 16
        },
        {
          "ans": "Toe",
          "pnt": 10
        }
      ],
      "multiply": 2,
      "question": "Tell Me A Body Part Strong As Arnold Schwarenegger"
    },
    {
      "answers": [
        {
          "ans": "Walk",
          "pnt": 35
        },
        {
          "ans": "Picnic",
          "pnt": 23
        },
        {
          "ans": "Golf",
          "pnt": 16
        },
        {
          "ans": "Baseball",
          "pnt": 14
        },
        {
          "ans": "Drive",
          "pnt": 7
        },
        {
          "ans": "Garden",
          "pnt": 3
        }
      ],
      "multiply": 2,
      "question": "Name An Activity You Wouldn’t Want To Do In The Rain"
    }
  ],
  "final_round": [
    {
      "answers": [
        [
          "Walking",
          37
        ],
        [
          "Smiling",
          20
        ],
        [
          "Eating",
          18
        ],
        [
          "Taking A Bath",
          10
        ],
        [
          "Crawling",
          8
        ],
        [
          "Sleeping",
          4
        ]
      ],
      "question": "Name Something Parents Photograph Their Baby Doing For The First Time."
    },
    {
      "answers": [
        [
          "Newspaper",
          38
        ],
        [
          "Email/Web",
          27
        ],
        [
          "Bible",
          14
        ],
        [
          "Book",
          10
        ],
        [
          "Magazines",
          6
        ],
        [
          "Signs",
          5
        ]
      ],
      "question": "Name Something A Person Might Read Everyday"
    },
    {
      "answers": [
        [
          "Office",
          53
        ],
        [
          "Marathon",
          23
        ],
        [
          "Health",
          16
        ],
        [
          "Their Life",
          3
        ],
        [
          "Cover",
          3
        ]
      ],
      "question": "Name Something People “Run” For."
    },
    {
      "answers": [
        [
          "Swim Suit",
          57
        ],
        [
          "Towels",
          37
        ],
        [
          "Life Jacket",
          24
        ]
      ],
      "question": "Name Something You Wear At The Beach, But Not At Grocery"
    }
  ],
  "final_round_timers": [
    20,
    25
  ]
}