{
  "rounds": [
    {
      "answers": [
        {
          "ans": "Lipstick/Makeup",
          "pnt": 30
        },
        {
          "ans": "Cash/Wallet",
          "pnt": 25
        },
        {
          "ans": "Phone",
          "pnt": 22
        },
        {
          "ans": "Hairbrush/Comb",
          "pnt": 11
        },
        {
          "ans": "Pens/Pencils",
          "pnt": 5
        },
        {
          "ans": "Keys",
          "pnt": 4
        }
      ],
      "multiply": 1,
      "question": "We Asked 100 Women: Name The Item In Your Purse That A Germophobe Would Say Needs To Be Disinfected"
    },
    {
      "answers": [
        {
          "ans": "Lawyer",
          "pnt": 42
        },
        {
          "ans": "Boxer",
          "pnt": 17
        },
        {
          "ans": "Politician",
          "pnt": 16
        },
        {
          "ans": "Police",
          "pnt": 14
        },
        {
          "ans": "Therapist",
          "pnt": 4
        },
        {
          "ans": "Judge",
          "pnt": 3
        }
      ],
      "multiply": 1,
      "question": "Which Type Of Professional Would You Least Like To Get Into An Argument With, Because You’d Never Win?"
    },
    {
      "answers": [
        {
          "ans": "Freezing ",
          "pnt": 42
        },
        {
          "ans": "Chilly ",
          "pnt": 27
        },
        {
          "ans": "Flu ",
          "pnt": 18
        },
        {
          "ans": "Frigid ",
          "pnt": 12
        },
        {
          "ans": "Brisk ",
          "pnt": 7
        }
      ],
      "multiply": 1,
      "question": "Name Another Word For Cold"
    },
    {
      "answers": [
        {
          "ans": "Cheeks",
          "pnt": 62
        },
        {
          "ans": "Legs",
          "pnt": 19
        },
        {
          "ans": "Belly",
          "pnt": 12
        },
        {
          "ans": "Butt",
          "pnt": 3
        }
      ],
      "multiply": 2,
      "question": "Name Something Chubby That’s Cute On A Baby, But Not On An Adult"
    },
    {
      "answers": [
        {
          "ans": "ID",
          "pnt": 49
        },
        {
          "ans": "Hair",
          "pnt": 19
        },
        {
          "ans": "Name",
          "pnt": 18
        },
        {
          "ans": "Facial Hair",
          "pnt": 10
        },
        {
          "ans": "Glasses",
          "pnt": 3
        }
      ],
      "multiply": 2,
      "question": "Name Something A Girl In A Pageant Would Know How To Do, But Most Little Girls Wouldn’t."
    },
    {
      "answers": [
        {
          "ans": "Wallet",
          "pnt": 44
        },
        {
          "ans": "Bank Account",
          "pnt": 29
        },
        {
          "ans": "Piggy Bank",
          "pnt": 19
        },
        {
          "ans": "Jar",
          "pnt": 12
        },
        {
          "ans": "Pocket",
          "pnt": 8
        },
        {
          "ans": "Safe",
          "pnt": 5
        },
        {
          "ans": "Bra",
          "pnt": 3
        }
      ],
      "multiply": 2,
      "question": "Name Something People Keep Money In"
    }
  ],
  "final_round": [
    {
      "answers": [
        [
          "Sports",
          51
        ],
        [
          "Beautiful Women",
          37
        ],
        [
          "Cars",
          6
        ],
        [
          "News",
          3
        ]
      ],
      "question": "We Asked 100 Wives: What Does Your Husband See On TV That Guarantees He’ll Stop Flipping Channels?"
    },
    {
      "answers": [
        [
          "Blood",
          50
        ],
        [
          "Love Scenes",
          13
        ],
        [
          "Scenery",
          12
        ],
        [
          "Acting",
          10
        ],
        [
          "Monsters",
          6
        ],
        [
          "Fight Scenes",
          5
        ]
      ],
      "question": "Name Something That You Can Tell Is Fake In A Cheesy Movie"
    },
    {
      "answers": [
        [
          "Storms ",
          59
        ],
        [
          "Getting Lost ",
          38
        ],
        [
          "Sinking ",
          25
        ],
        [
          "Pirates ",
          16
        ]
      ],
      "question": "Name Something Columbus Worried About On His Way To America"
    },
    {
      "answers": [
        [
          "Lyndon",
          54
        ],
        [
          "Kevin",
          35
        ],
        [
          "Magic",
          23
        ],
        [
          "Howard",
          15
        ],
        [
          "Randy",
          10
        ],
        [
          "Andrew",
          6
        ],
        [
          "Michael",
          4
        ]
      ],
      "question": "Name A Famous Johnson"
    }
  ],
  "final_round_timers": [
    20,
    25
  ]
}