{
  "rounds": [
    {
      "answers": [
        {
          "ans": "Magic Johnson",
          "pnt": 34
        },
        {
          "ans": "Lyndon B Johnson",
          "pnt": 13
        },
        {
          "ans": "Don Johnson",
          "pnt": 13
        },
        {
          "ans": "Andrew Johnson",
          "pnt": 8
        },
        {
          "ans": "Howard Johnson",
          "pnt": 7
        },
        {
          "ans": "Lady Bird Johnson",
          "pnt": 5
        }
      ],
      "multiply": 1,
      "question": "Name A Person Who’s Last Name Is “Johnson.”"
    },
    {
      "answers": [
        {
          "ans": "Get A Strike",
          "pnt": 66
        },
        {
          "ans": "Smoking",
          "pnt": 12
        },
        {
          "ans": "Drinking",
          "pnt": 10
        },
        {
          "ans": "Sleeping",
          "pnt": 6
        },
        {
          "ans": "Perfect Game",
          "pnt": 3
        }
      ],
      "multiply": 1,
      "question": "What Would You Be Surprised To See A Child Do At A Bowling Alley?"
    },
    {
      "answers": [
        {
          "ans": "Rims/Wheels",
          "pnt": 28
        },
        {
          "ans": "Shine",
          "pnt": 27
        },
        {
          "ans": "Paint Job",
          "pnt": 23
        },
        {
          "ans": "Bumper Sticker",
          "pnt": 8
        },
        {
          "ans": "Spoiler",
          "pnt": 6
        },
        {
          "ans": "Seat Covers",
          "pnt": 3
        },
        {
          "ans": "Vanity Plate",
          "pnt": 3
        }
      ],
      "multiply": 1,
      "question": "Name Something On A Car That Lets You Know The Owner Takes A Lot Of Pride In Their Ride."
    },
    {
      "answers": [
        {
          "ans": "Clean It",
          "pnt": 42
        },
        {
          "ans": "Season It",
          "pnt": 19
        },
        {
          "ans": "Cut It",
          "pnt": 11
        },
        {
          "ans": "Kill It",
          "pnt": 9
        },
        {
          "ans": "Pluck It",
          "pnt": 5
        },
        {
          "ans": "Skin It",
          "pnt": 4
        },
        {
          "ans": "Stuff It",
          "pnt": 4
        }
      ],
      "multiply": 2,
      "question": "Name Something You Do To A Chicken Before You Cook It"
    },
    {
      "answers": [
        {
          "ans": "Kids",
          "pnt": 57
        },
        {
          "ans": "Girls",
          "pnt": 37
        },
        {
          "ans": "Mess",
          "pnt": 24
        },
        {
          "ans": "Trash",
          "pnt": 16
        },
        {
          "ans": "Mail",
          "pnt": 10
        }
      ],
      "multiply": 2,
      "question": "Name Something That Gets Picked Up"
    },
    {
      "answers": [
        {
          "ans": "Maid",
          "pnt": 45
        },
        {
          "ans": "Chef",
          "pnt": 29
        },
        {
          "ans": "Butler",
          "pnt": 19
        },
        {
          "ans": "Nanny",
          "pnt": 12
        },
        {
          "ans": "Driver",
          "pnt": 8
        }
      ],
      "multiply": 2,
      "question": "If Money Isn’t An Object, Who Do People Hire To Help Make Their Life Easier?"
    }
  ],
  "final_round": [
    {
      "answers": [
        [
          "Find Addresses",
          50
        ],
        [
          "Booster Seat",
          36
        ],
        [
          "Maps",
          7
        ],
        [
          "Door Stop",
          5
        ]
      ],
      "question": "Other Than Looking Up Numbers, Name Something A Phone Book Gets Used For"
    },
    {
      "answers": [
        [
          "Gum",
          55
        ],
        [
          "Comb/Brush",
          28
        ],
        [
          "Food",
          5
        ],
        [
          "pencil",
          4
        ]
      ],
      "question": "What Is The Most Common Thing People Get stuck In Their Hair"
    },
    {
      "answers": [
        [
          "English/Language",
          41
        ],
        [
          "Physical Ed",
          34
        ],
        [
          "Art",
          13
        ],
        [
          "History",
          9
        ]
      ],
      "question": "If Einstein Failed A Subject In School, What Might It Have Been?"
    },
    {
      "answers": [
        [
          "Socks",
          47
        ],
        [
          "Shoes",
          18
        ],
        [
          "Gloves",
          15
        ],
        [
          "Hat",
          9
        ],
        [
          "Jacket",
          7
        ]
      ],
      "question": "Name An Article Of Clothing That Children Are Always Losing"
    }
  ],
  "final_round_timers": [
    20,
    25
  ]
}