{
  "rounds": [
    {
      "answers": [
        {
          "ans": "Wedding",
          "pnt": 57
        },
        {
          "ans": "Birthday",
          "pnt": 22
        },
        {
          "ans": "Party",
          "pnt": 10
        },
        {
          "ans": "Graduation",
          "pnt": 6
        },
        {
          "ans": "Baby Shower",
          "pnt": 5
        }
      ],
      "multiply": 1,
      "question": "Name An Occasion Where You Might Send Out Invitations."
    },
    {
      "answers": [
        {
          "ans": "Lion Tamer",
          "pnt": 42
        },
        {
          "ans": "Trapeze Artist",
          "pnt": 17
        },
        {
          "ans": "Tightrope Walker",
          "pnt": 13
        },
        {
          "ans": "Fire Eater",
          "pnt": 9
        },
        {
          "ans": "Sword Swallower",
          "pnt": 8
        }
      ],
      "multiply": 1,
      "question": "Which Circus Or Sideshow Performer Had Better Have A Good Insurance Policy?"
    },
    {
      "answers": [
        {
          "ans": "Wears A Crown",
          "pnt": 38
        },
        {
          "ans": "Rides White Horse",
          "pnt": 25
        },
        {
          "ans": "Good Looking",
          "pnt": 14
        },
        {
          "ans": "Magical Kiss",
          "pnt": 12
        }
      ],
      "multiply": 1,
      "question": "If You Met The Real Life Prince Charming, How Would You Know It Was Him?"
    },
    {
      "answers": [
        {
          "ans": "Toothbrush/Paste",
          "pnt": 38
        },
        {
          "ans": "Hairbrush/Comb",
          "pnt": 16
        },
        {
          "ans": "Hair Dryer",
          "pnt": 13
        },
        {
          "ans": "Razor",
          "pnt": 10
        },
        {
          "ans": "Alarm Clock",
          "pnt": 9
        },
        {
          "ans": "Make Up",
          "pnt": 8
        }
      ],
      "multiply": 2,
      "question": "Besides Clothes, Name Something People Pack In Their Suitcase When Traveling."
    },
    {
      "answers": [
        {
          "ans": "Golden Girls/Acting",
          "pnt": 50
        },
        {
          "ans": "Comedienne",
          "pnt": 21
        },
        {
          "ans": "Her Age",
          "pnt": 17
        },
        {
          "ans": "White/Blonde Hair",
          "pnt": 10
        }
      ],
      "multiply": 2,
      "question": "Name Something You Associate With Betty White."
    },
    {
      "answers": [
        {
          "ans": "Under desk/table",
          "pnt": 44
        },
        {
          "ans": "Bathroom",
          "pnt": 33
        },
        {
          "ans": "Closet/Supply room",
          "pnt": 18
        },
        {
          "ans": "Kitchen/Staff lounge",
          "pnt": 3
        }
      ],
      "multiply": 2,
      "question": "Where in your office would make a good place to hide from your boss."
    }
  ],
  "final_round": [
    {
      "answers": [
        [
          "Quiet",
          40
        ],
        [
          "Friendly",
          36
        ],
        [
          "Trustworthy",
          9
        ],
        [
          "Clean",
          8
        ],
        [
          "Attractive",
          3
        ]
      ],
      "question": "If You Could Choose Your Neighbors, Which Traits Would You Look For?"
    },
    {
      "answers": [
        [
          "Jeans",
          48
        ],
        [
          "Dress",
          21
        ],
        [
          "Car",
          17
        ],
        [
          "Elevator",
          5
        ],
        [
          "Bus",
          4
        ],
        [
          "Bathing Suit",
          3
        ]
      ],
      "question": "Name Something That People Try To Squeeze Themselves Into."
    },
    {
      "answers": [
        [
          "Drain ",
          48
        ],
        [
          "Nose ",
          31
        ],
        [
          "Sink ",
          20
        ],
        [
          "Toilet ",
          13
        ],
        [
          "Ears ",
          9
        ]
      ],
      "question": "Name Something That Is Easily Blocked"
    },
    {
      "answers": [
        [
          "Makeup",
          47
        ],
        [
          "Hair",
          24
        ],
        [
          "Clothes",
          12
        ],
        [
          "Nails",
          5
        ],
        [
          "Plastic Surgery",
          3
        ],
        [
          "Gym",
          2
        ]
      ],
      "question": "Name Something Some Women Spend A Lot Of Money On, Just To Look Good."
    }
  ],
  "final_round_timers": [
    20,
    25
  ]
}