{
  "rounds": [
    {
      "answers": [
        {
          "ans": "Movies",
          "pnt": 53
        },
        {
          "ans": "Magazines",
          "pnt": 34
        },
        {
          "ans": "Music",
          "pnt": 23
        }
      ],
      "multiply": 1,
      "question": "Other Than Books, What You Check Out At Library"
    },
    {
      "answers": [
        {
          "ans": "Candy",
          "pnt": 33
        },
        {
          "ans": "Cookies",
          "pnt": 21
        },
        {
          "ans": "Brownies",
          "pnt": 18
        },
        {
          "ans": "Pies",
          "pnt": 15
        },
        {
          "ans": "Cake",
          "pnt": 9
        }
      ],
      "multiply": 1,
      "question": "Name Something That Might Have Nuts In It?"
    },
    {
      "answers": [
        {
          "ans": "Sleep",
          "pnt": 43
        },
        {
          "ans": "Cook",
          "pnt": 24
        },
        {
          "ans": "Eat",
          "pnt": 17
        },
        {
          "ans": "Use Bathroom",
          "pnt": 12
        }
      ],
      "multiply": 1,
      "question": "Name Something You Usually Do Indoors, But Might Do Outdoors When Camping."
    },
    {
      "answers": [
        {
          "ans": "Good Grades",
          "pnt": 42
        },
        {
          "ans": "Birthday",
          "pnt": 26
        },
        {
          "ans": "Good Behavior",
          "pnt": 20
        },
        {
          "ans": "Upset",
          "pnt": 8
        }
      ],
      "multiply": 2,
      "question": "Name A Reason That A Child Might Get Taken Out For Ice Cream (More Specific Than “Good”)."
    },
    {
      "answers": [
        {
          "ans": "Movie Theater",
          "pnt": 59
        },
        {
          "ans": "Public Transit",
          "pnt": 38
        },
        {
          "ans": "Place Of Worship",
          "pnt": 25
        },
        {
          "ans": "Concert",
          "pnt": 16
        },
        {
          "ans": "Sporting Event",
          "pnt": 11
        }
      ],
      "multiply": 2,
      "question": "Name A Place Where You Hate To Save Seats For People"
    },
    {
      "answers": [
        {
          "ans": "Bathroom",
          "pnt": 35
        },
        {
          "ans": "Bedroom",
          "pnt": 29
        },
        {
          "ans": "Kitchen",
          "pnt": 14
        },
        {
          "ans": "Garage",
          "pnt": 12
        }
      ],
      "multiply": 2,
      "question": "Name A Place In The House Where Only A Real TV-Lover Would Put A Television"
    }
  ],
  "final_round": [
    {
      "answers": [
        [
          "Holds Your Hand",
          28
        ],
        [
          "Kisses You",
          25
        ],
        [
          "Smiling",
          21
        ],
        [
          "Arm around You",
          12
        ],
        [
          "Move Closer",
          7
        ],
        [
          "Looking At You",
          5
        ]
      ],
      "question": "When Sitting Close To A Date, What Clue Might They Give That They Like You?"
    },
    {
      "answers": [
        [
          "Cold",
          32
        ],
        [
          "Flu",
          30
        ],
        [
          "Chicken Pox",
          28
        ],
        [
          "Ear Infection",
          5
        ],
        [
          "Strep Throat",
          3
        ]
      ],
      "question": "Name A Common Sickness That Kids Seem To Get More Often Than Adults"
    },
    {
      "answers": [
        [
          "Pay Phone ",
          53
        ],
        [
          "Get A Drink ",
          34
        ],
        [
          "Vending Machine ",
          23
        ],
        [
          "Parking Meter ",
          15
        ],
        [
          "Get On A Bus ",
          10
        ]
      ],
      "question": "Name A Reason You Might Have To Get Change From A Pound"
    },
    {
      "answers": [
        [
          "Ride A Bike",
          32
        ],
        [
          "Driving",
          21
        ],
        [
          "Cooking",
          14
        ],
        [
          "Golf",
          11
        ],
        [
          "Skiing",
          9
        ],
        [
          "Skating",
          8
        ]
      ],
      "question": "Name Something You May Not Be Good At The First Time You Do It."
    }
  ],
  "final_round_timers": [
    20,
    25
  ]
}