{
  "rounds": [
    {
      "answers": [
        {
          "ans": "Gamble",
          "pnt": 61
        },
        {
          "ans": "Drink",
          "pnt": 15
        },
        {
          "ans": "Get Married",
          "pnt": 9
        },
        {
          "ans": "See A Show",
          "pnt": 5
        },
        {
          "ans": "Shop",
          "pnt": 4
        },
        {
          "ans": "Eat Too much",
          "pnt": 4
        }
      ],
      "multiply": 1,
      "question": "Name Something That People Are Bound To Do In Las Vegas"
    },
    {
      "answers": [
        {
          "ans": "Dog",
          "pnt": 45
        },
        {
          "ans": "Monkey",
          "pnt": 29
        },
        {
          "ans": "Cat",
          "pnt": 19
        },
        {
          "ans": "Dolphin",
          "pnt": 12
        },
        {
          "ans": "Bird",
          "pnt": 8
        },
        {
          "ans": "Lion",
          "pnt": 5
        },
        {
          "ans": "Horse",
          "pnt": 3
        }
      ],
      "multiply": 1,
      "question": "Name An Animal You Can Teach Tricks"
    },
    {
      "answers": [
        {
          "ans": "Lettuce ",
          "pnt": 40
        },
        {
          "ans": "Celery ",
          "pnt": 26
        },
        {
          "ans": "Tomato ",
          "pnt": 17
        }
      ],
      "multiply": 1,
      "question": "Name A Food With Almost No Calories"
    },
    {
      "answers": [
        {
          "ans": "Their Wealth",
          "pnt": 38
        },
        {
          "ans": "Their Conquests",
          "pnt": 34
        },
        {
          "ans": "Their Looks",
          "pnt": 10
        },
        {
          "ans": "Their Job",
          "pnt": 5
        },
        {
          "ans": "Their Education",
          "pnt": 3
        },
        {
          "ans": "Their Car",
          "pnt": 3
        }
      ],
      "multiply": 2,
      "question": "Name Something You’d Be Turned Off To Hear Your Date Bragging About."
    },
    {
      "answers": [
        {
          "ans": "Weight",
          "pnt": 31
        },
        {
          "ans": "Time",
          "pnt": 23
        },
        {
          "ans": "Going Down Chiminy",
          "pnt": 18
        },
        {
          "ans": "Weather",
          "pnt": 14
        },
        {
          "ans": "Not Enough Elves",
          "pnt": 4
        },
        {
          "ans": "Naughty Kids",
          "pnt": 4
        }
      ],
      "multiply": 2,
      "question": "Name Santa’s Biggest Problem"
    },
    {
      "answers": [
        {
          "ans": "Clothes",
          "pnt": 55
        },
        {
          "ans": "Food",
          "pnt": 36
        },
        {
          "ans": "Money",
          "pnt": 23
        },
        {
          "ans": "Bedding",
          "pnt": 15
        },
        {
          "ans": "Toys",
          "pnt": 10
        },
        {
          "ans": "Backpack",
          "pnt": 6
        },
        {
          "ans": "Bike",
          "pnt": 4
        }
      ],
      "multiply": 2,
      "question": "Name Something Kid Takes If Planning To Run Away"
    }
  ],
  "final_round": [
    {
      "answers": [
        [
          "Closet",
          50
        ],
        [
          "Attic",
          33
        ],
        [
          "Under Bed",
          21
        ],
        [
          "Basement",
          14
        ]
      ],
      "question": "Where Do You Put Presents So They Aren’t Found Before Given"
    },
    {
      "answers": [
        [
          "Clothes",
          44
        ],
        [
          "Food",
          21
        ],
        [
          "Dishes",
          15
        ],
        [
          "Dentist",
          9
        ]
      ],
      "question": "Name Something People Let Soak Overnight"
    },
    {
      "answers": [
        [
          "Food Poisoning",
          41
        ],
        [
          "Drinking",
          21
        ],
        [
          "Somebody Vomits",
          11
        ],
        [
          "Flu",
          8
        ],
        [
          "Medicine",
          5
        ],
        [
          "Roller Coaster",
          3
        ]
      ],
      "question": "Name Something That Might Make You Throw Up."
    },
    {
      "answers": [
        [
          "Dishes",
          34
        ],
        [
          "Ironing",
          25
        ],
        [
          "Sweeping",
          15
        ],
        [
          "Vacuuming",
          9
        ],
        [
          "Dusting",
          5
        ],
        [
          "Laundry",
          5
        ]
      ],
      "question": "Name A Household Chore That You Do Your Best Thinking While Doing"
    }
  ],
  "final_round_timers": [
    20,
    25
  ]
}