{
  "rounds": [
    {
      "answers": [
        {
          "ans": "Money",
          "pnt": 67
        },
        {
          "ans": "Car",
          "pnt": 18
        },
        {
          "ans": "Razor",
          "pnt": 9
        },
        {
          "ans": "Socks",
          "pnt": 4
        }
      ],
      "multiply": 1,
      "question": "Name Something Husbands Will Admit That They Borrow From Their Wives"
    },
    {
      "answers": [
        {
          "ans": "Lose Weight",
          "pnt": 51
        },
        {
          "ans": "Quit Smoking",
          "pnt": 20
        },
        {
          "ans": "Exercise",
          "pnt": 9
        },
        {
          "ans": "Do Better In School",
          "pnt": 6
        },
        {
          "ans": "Quit Drinking",
          "pnt": 5
        },
        {
          "ans": "Be A Better Person",
          "pnt": 4
        },
        {
          "ans": "Save Money",
          "pnt": 3
        }
      ],
      "multiply": 1,
      "question": "Name A Popular New Year’s Resolution"
    },
    {
      "answers": [
        {
          "ans": "Hockey",
          "pnt": 49
        },
        {
          "ans": "Boxing",
          "pnt": 33
        },
        {
          "ans": "Football",
          "pnt": 10
        },
        {
          "ans": "Baseball",
          "pnt": 4
        },
        {
          "ans": "Wrestling",
          "pnt": 2
        }
      ],
      "multiply": 1,
      "question": "Name A Sport Where Players Lose Teeth."
    },
    {
      "answers": [
        {
          "ans": "Restaurant",
          "pnt": 30
        },
        {
          "ans": "Grocery Store",
          "pnt": 19
        },
        {
          "ans": "Bar",
          "pnt": 17
        },
        {
          "ans": "Coffee Shop",
          "pnt": 13
        },
        {
          "ans": "Bank",
          "pnt": 9
        },
        {
          "ans": "Gas Station",
          "pnt": 5
        },
        {
          "ans": "Salon",
          "pnt": 4
        }
      ],
      "multiply": 2,
      "question": "Name A Type Of Business That Has Regular Customers"
    },
    {
      "answers": [
        {
          "ans": "Drive/Heavy Equipment",
          "pnt": 55
        },
        {
          "ans": "Drink",
          "pnt": 31
        },
        {
          "ans": "Overdose",
          "pnt": 8
        },
        {
          "ans": "Take Without Eating",
          "pnt": 3
        }
      ],
      "multiply": 2,
      "question": "Name Something That A Pill Bottle Warning Might Tell You Not To Do."
    },
    {
      "answers": [
        {
          "ans": "Bambi",
          "pnt": 44
        },
        {
          "ans": "Lion King",
          "pnt": 22
        },
        {
          "ans": "Cinderella",
          "pnt": 13
        },
        {
          "ans": "Fox & The Hound",
          "pnt": 7
        },
        {
          "ans": "Finding Nemo",
          "pnt": 5
        },
        {
          "ans": "Beauty & The Beast",
          "pnt": 3
        },
        {
          "ans": "Dumbo",
          "pnt": 3
        }
      ],
      "multiply": 2,
      "question": "Name A Cartoon Movie That Makes You Cry Even As An Adult"
    }
  ],
  "final_round": [
    {
      "answers": [
        [
          "Marriage",
          61
        ],
        [
          "Divorce",
          12
        ],
        [
          "Buying A House",
          11
        ],
        [
          "Having Kids",
          8
        ],
        [
          "Accepting A Job",
          3
        ]
      ],
      "question": "Name A Decision That People Don’t Make Lightly."
    },
    {
      "answers": [
        [
          "Sell Pictures",
          31
        ],
        [
          "Hide Them",
          21
        ],
        [
          "Big Party",
          20
        ],
        [
          "Weird Names",
          15
        ],
        [
          "Hire Nanny",
          4
        ],
        [
          "Give Interview",
          3
        ]
      ],
      "question": "Name Something Celebrities Do When Their Children Are Born That Most Of Us Don’t Do."
    },
    {
      "answers": [
        [
          "Restaurant",
          49
        ],
        [
          "Shoe Store",
          25
        ],
        [
          "Jewelry",
          11
        ],
        [
          "Cell Phone",
          5
        ],
        [
          "Music Store",
          4
        ],
        [
          "Pet Store",
          4
        ]
      ],
      "question": "Other Than Clothing Store, Name A Type Of Business You Find In A Mall"
    },
    {
      "answers": [
        [
          "Open Bar",
          45
        ],
        [
          "Dance Floor",
          22
        ],
        [
          "Karaoke",
          12
        ],
        [
          "Mistletoe",
          9
        ],
        [
          "Free Food",
          7
        ]
      ],
      "question": "Name Something At Your Company Holiday Party That Could Lead You To Embarrass Yourself."
    }
  ],
  "final_round_timers": [
    20,
    25
  ]
}