{
  "rounds": [
    {
      "answers": [
        {
          "ans": "Fall Out",
          "pnt": 43
        },
        {
          "ans": "Pops",
          "pnt": 28
        },
        {
          "ans": "Collision",
          "pnt": 23
        },
        {
          "ans": "Rains",
          "pnt": 4
        }
      ],
      "multiply": 1,
      "question": "Name Something You’d Hate To Have Happen If You Went Up In A Hot Air Balloon."
    },
    {
      "answers": [
        {
          "ans": "Mouse ",
          "pnt": 59
        },
        {
          "ans": "Door Hinge ",
          "pnt": 38
        },
        {
          "ans": "Bed ",
          "pnt": 25
        },
        {
          "ans": "Floor ",
          "pnt": 16
        },
        {
          "ans": "Wheel ",
          "pnt": 11
        }
      ],
      "multiply": 1,
      "question": "Name Something That Squeaks"
    },
    {
      "answers": [
        {
          "ans": "Fog",
          "pnt": 32
        },
        {
          "ans": "Precipitation",
          "pnt": 21
        },
        {
          "ans": "Trees",
          "pnt": 15
        },
        {
          "ans": "Darkness",
          "pnt": 13
        },
        {
          "ans": "Mountains",
          "pnt": 7
        },
        {
          "ans": "Buildings",
          "pnt": 4
        },
        {
          "ans": "Vision",
          "pnt": 3
        }
      ],
      "multiply": 1,
      "question": "Name Something That Prevents You From Seeing For Miles."
    },
    {
      "answers": [
        {
          "ans": "Food",
          "pnt": 30
        },
        {
          "ans": "Television",
          "pnt": 28
        },
        {
          "ans": "Bathroom",
          "pnt": 8
        },
        {
          "ans": "Dishwasher",
          "pnt": 8
        },
        {
          "ans": "Microwave",
          "pnt": 8
        },
        {
          "ans": "Drinks",
          "pnt": 8
        },
        {
          "ans": "Bed",
          "pnt": 6
        }
      ],
      "multiply": 2,
      "question": "Name Something A Family Uses In Their Home A Robot Family Wouldn’t Need"
    },
    {
      "answers": [
        {
          "ans": "Religion",
          "pnt": 37
        },
        {
          "ans": "Politics",
          "pnt": 15
        },
        {
          "ans": "Sense Of Humor",
          "pnt": 13
        },
        {
          "ans": "Age",
          "pnt": 12
        },
        {
          "ans": "If They Have Kids",
          "pnt": 9
        },
        {
          "ans": "Male/ Female",
          "pnt": 9
        },
        {
          "ans": "Where They Live",
          "pnt": 3
        }
      ],
      "multiply": 2,
      "question": "What Can You Find Out About Person By Reading Their Bumper Stickers?"
    },
    {
      "answers": [
        {
          "ans": "Dolphin ",
          "pnt": 55
        },
        {
          "ans": "Killer Whale ",
          "pnt": 36
        },
        {
          "ans": "Seal Lion ",
          "pnt": 23
        },
        {
          "ans": "Seal ",
          "pnt": 15
        },
        {
          "ans": "Walrus ",
          "pnt": 10
        }
      ],
      "multiply": 2,
      "question": "Name A Sea Creature That Performs Tricks"
    }
  ],
  "final_round": [
    {
      "answers": [
        [
          "Remote Control",
          41
        ],
        [
          "Power",
          27
        ],
        [
          "Cable",
          17
        ],
        [
          "Antenna",
          11
        ]
      ],
      "question": "What Might A Tv Not Work Without,"
    },
    {
      "answers": [
        [
          "Breathe",
          37
        ],
        [
          "Walk",
          34
        ],
        [
          "Go To The Bathroom",
          16
        ],
        [
          "Eat",
          13
        ]
      ],
      "question": "Name Something It’s Probably Much Harder To Do In Outer Space Than It Is On Earth."
    },
    {
      "answers": [
        [
          "Birthday",
          85
        ],
        [
          "Address",
          3
        ],
        [
          "Random Numbers",
          3
        ],
        [
          "Anniversary Date",
          2
        ],
        [
          "ID Card Number",
          2
        ]
      ],
      "question": "Name A Method People Use When Deciding What Lotto Numbers They’re Going To Play."
    },
    {
      "answers": [
        [
          "Rub Out",
          47
        ],
        [
          "Waste Em",
          31
        ],
        [
          "Hit",
          20
        ],
        [
          "Whack",
          13
        ],
        [
          "Take Out",
          8
        ],
        [
          "Get Rid Of Them",
          5
        ],
        [
          "Take For A Ride",
          3
        ]
      ],
      "question": "Name A Slang Expression The Mafia Uses For The Word Kill"
    }
  ],
  "final_round_timers": [
    20,
    25
  ]
}