{
  "rounds": [
    {
      "answers": [
        {
          "ans": "Mayo",
          "pnt": 40
        },
        {
          "ans": "Cheese",
          "pnt": 31
        },
        {
          "ans": "Meat",
          "pnt": 21
        },
        {
          "ans": "Butter",
          "pnt": 4
        }
      ],
      "multiply": 1,
      "question": "If A Health-Nut Ordered A Sandwich, What Ingredient Might They Leave Off?"
    },
    {
      "answers": [
        {
          "ans": "Shoe Laces",
          "pnt": 48
        },
        {
          "ans": "Hair",
          "pnt": 17
        },
        {
          "ans": "Tounge",
          "pnt": 16
        },
        {
          "ans": "Stomach",
          "pnt": 12
        }
      ],
      "multiply": 1,
      "question": "Name Something On You That Might Be Tied In A Knot."
    },
    {
      "answers": [
        {
          "ans": "Brakes",
          "pnt": 51
        },
        {
          "ans": "Radio",
          "pnt": 33
        },
        {
          "ans": "Mirrors",
          "pnt": 22
        },
        {
          "ans": "Head Lights",
          "pnt": 14
        },
        {
          "ans": "Accelerator",
          "pnt": 9
        },
        {
          "ans": "Seat Belt",
          "pnt": 6
        },
        {
          "ans": "Turn Signals",
          "pnt": 4
        }
      ],
      "multiply": 1,
      "question": "Name Something In The Car 16 Year Old Should Know"
    },
    {
      "answers": [
        {
          "ans": "Agatha Christie",
          "pnt": 51
        },
        {
          "ans": "Arthur Conan Doyle",
          "pnt": 33
        },
        {
          "ans": "Dashiell Hammett",
          "pnt": 22
        },
        {
          "ans": "Raymond Chandler",
          "pnt": 14
        },
        {
          "ans": "Sue Grafton",
          "pnt": 9
        }
      ],
      "multiply": 2,
      "question": "Name a Famous Mystery Writer"
    },
    {
      "answers": [
        {
          "ans": "Elephant",
          "pnt": 45
        },
        {
          "ans": "Cow",
          "pnt": 29
        },
        {
          "ans": "Horse",
          "pnt": 19
        },
        {
          "ans": "Bear",
          "pnt": 12
        },
        {
          "ans": "Hippo",
          "pnt": 8
        },
        {
          "ans": "Rhino",
          "pnt": 5
        },
        {
          "ans": "Moose",
          "pnt": 3
        }
      ],
      "multiply": 2,
      "question": "Other Than A Bull, Name A Big Clumsy Animal"
    },
    {
      "answers": [
        {
          "ans": "PRESIDENT",
          "pnt": 48
        },
        {
          "ans": "PEANUTS",
          "pnt": 32
        },
        {
          "ans": "WHITE HOUSE",
          "pnt": 5
        },
        {
          "ans": "AMY CARTER",
          "pnt": 3
        },
        {
          "ans": "HABITAT FOR HUMANITY",
          "pnt": 3
        },
        {
          "ans": "PEACE NEGOTIATIONS",
          "pnt": 2
        },
        {
          "ans": "ROSLYNN CARTER",
          "pnt": 2
        }
      ],
      "multiply": 2,
      "question": "Name Something Associated With Jimmy Carter"
    }
  ],
  "final_round": [
    {
      "answers": [
        [
          "Red Nose ",
          40
        ],
        [
          "Hat ",
          26
        ],
        [
          "Big Shoes ",
          17
        ],
        [
          "Wig ",
          11
        ],
        [
          "Face Paint ",
          7
        ]
      ],
      "question": "Name Something A Clown Might Wear"
    },
    {
      "answers": [
        [
          "Watermelon ",
          56
        ],
        [
          "Melon ",
          36
        ],
        [
          "Strawberries ",
          24
        ],
        [
          "Papaya ",
          16
        ],
        [
          "Pineapple ",
          10
        ]
      ],
      "question": "Name A Fruit That Would Be Really Hard To Juggle"
    },
    {
      "answers": [
        [
          "Intimacy",
          46
        ],
        [
          "Romantic Relationships",
          24
        ],
        [
          "Makeup",
          6
        ],
        [
          "Hair",
          5
        ],
        [
          "Keeping Fit",
          5
        ],
        [
          "Fashion",
          4
        ]
      ],
      "question": "Name Something Women’s Magazines Give Advice On"
    },
    {
      "answers": [
        [
          "On A Diet",
          43
        ],
        [
          "Allergic",
          20
        ],
        [
          "Don’t Celebrate",
          15
        ],
        [
          "Too Old",
          12
        ],
        [
          "Don’t Like cake",
          5
        ],
        [
          "Diabetic",
          3
        ]
      ],
      "question": "Name A Reason Why You Wouldn’t Have Cake On Your Birthday."
    }
  ],
  "final_round_timers": [
    20,
    25
  ]
}