{
  "rounds": [
    {
      "answers": [
        {
          "ans": "Squirrel",
          "pnt": 42
        },
        {
          "ans": "Ants/Bugs",
          "pnt": 15
        },
        {
          "ans": "Worms",
          "pnt": 14
        },
        {
          "ans": "Rat/Mouse",
          "pnt": 12
        },
        {
          "ans": "Rabbit",
          "pnt": 9
        },
        {
          "ans": "Raccoon",
          "pnt": 5
        }
      ],
      "multiply": 1,
      "question": "Tell Me A Critter You’d Only Eat If You Were Stranded In The Woods For Weeks?"
    },
    {
      "answers": [
        {
          "ans": "Strong Wind",
          "pnt": 46
        },
        {
          "ans": "Dark Sky/Clouds",
          "pnt": 23
        },
        {
          "ans": "Hail",
          "pnt": 9
        },
        {
          "ans": "Rain",
          "pnt": 8
        },
        {
          "ans": "Siren",
          "pnt": 6
        },
        {
          "ans": "Thunder Storm",
          "pnt": 5
        }
      ],
      "multiply": 1,
      "question": "Name A Sign That A Tornado Is Coming."
    },
    {
      "answers": [
        {
          "ans": "Mice",
          "pnt": 35
        },
        {
          "ans": "Tail",
          "pnt": 23
        },
        {
          "ans": "Ball Of Yarn",
          "pnt": 11
        },
        {
          "ans": "Birds",
          "pnt": 9
        },
        {
          "ans": "Toys",
          "pnt": 8
        }
      ],
      "multiply": 1,
      "question": "Name Something Cats Can Chase All Day."
    },
    {
      "answers": [
        {
          "ans": "Groceries",
          "pnt": 29
        },
        {
          "ans": "Toilet Papaer",
          "pnt": 27
        },
        {
          "ans": "Car",
          "pnt": 20
        },
        {
          "ans": "House",
          "pnt": 15
        },
        {
          "ans": "Couch",
          "pnt": 4
        }
      ],
      "multiply": 2,
      "question": "Name Something You Buy In A Larger Size If You Have A Large Family."
    },
    {
      "answers": [
        {
          "ans": "New York",
          "pnt": 47
        },
        {
          "ans": "Airport",
          "pnt": 35
        },
        {
          "ans": "Hotel",
          "pnt": 5
        },
        {
          "ans": "Breathe",
          "pnt": 4
        },
        {
          "ans": "Railway Station",
          "pnt": 2
        }
      ],
      "multiply": 2,
      "question": "Name A Place Where You Can Always Find A Taxi"
    },
    {
      "answers": [
        {
          "ans": "Family",
          "pnt": 55
        },
        {
          "ans": "Greetings",
          "pnt": 33
        },
        {
          "ans": "Career",
          "pnt": 6
        },
        {
          "ans": "Health",
          "pnt": 5
        }
      ],
      "multiply": 2,
      "question": "Name Something People Write About In Their Yearly Christmas Letter To Loved Ones."
    }
  ],
  "final_round": [
    {
      "answers": [
        [
          "Golf ball",
          54
        ],
        [
          "Windmill",
          23
        ],
        [
          "Cup",
          6
        ],
        [
          "Putting green",
          6
        ],
        [
          "Putter",
          4
        ]
      ],
      "question": "Name something you might find on a miniature golf course."
    },
    {
      "answers": [
        [
          "New York",
          42
        ],
        [
          "Los Angeles",
          25
        ],
        [
          "San Francisco",
          12
        ],
        [
          "Las Vegas",
          4
        ],
        [
          "Boston",
          4
        ]
      ],
      "question": "Name A US City That Probably Has A Lot Of Single People"
    },
    {
      "answers": [
        [
          "Goose Bumps",
          53
        ],
        [
          "Sweat",
          34
        ],
        [
          "Shake",
          23
        ],
        [
          "Wet Pants",
          15
        ],
        [
          "Face Gets Red",
          10
        ],
        [
          "Heart Beats Fast",
          6
        ]
      ],
      "question": "Name Something That Might Physically Happen To Your Body When Scared"
    },
    {
      "answers": [
        [
          "Money",
          45
        ],
        [
          "Casinos",
          29
        ],
        [
          "Lights",
          19
        ],
        [
          "Tourists",
          12
        ],
        [
          "Hotels",
          8
        ],
        [
          "Wedding Chapls",
          5
        ],
        [
          "Crime",
          3
        ]
      ],
      "question": "What Does Las Vegas Have Per Capita That Other Cities Don’t"
    }
  ],
  "final_round_timers": [
    20,
    25
  ]
}