{
  "rounds": [
    {
      "answers": [
        {
          "ans": "German Shepard",
          "pnt": 36
        },
        {
          "ans": "Pit Bull",
          "pnt": 23
        },
        {
          "ans": "Doberman Pinscher",
          "pnt": 20
        },
        {
          "ans": "Rottweiler",
          "pnt": 8
        },
        {
          "ans": "Bulldog",
          "pnt": 5
        }
      ],
      "multiply": 1,
      "question": "Name A Breed Of Dog That Might Be Used As A Guard Dog"
    },
    {
      "answers": [
        {
          "ans": "Eat Nuts",
          "pnt": 58
        },
        {
          "ans": "Climb Trees",
          "pnt": 24
        },
        {
          "ans": "Bring Germs",
          "pnt": 4
        },
        {
          "ans": "Nibble On Everything",
          "pnt": 3
        },
        {
          "ans": "Hide Things",
          "pnt": 3
        },
        {
          "ans": "Jump",
          "pnt": 3
        }
      ],
      "multiply": 1,
      "question": "Name Something A Kid Might Do That Would Make You Tell Them They’re Turning Into A Squirrel."
    },
    {
      "answers": [
        {
          "ans": "Birthday ",
          "pnt": 49
        },
        {
          "ans": "Wedding ",
          "pnt": 32
        },
        {
          "ans": "Get Well ",
          "pnt": 21
        },
        {
          "ans": "Christmas ",
          "pnt": 14
        },
        {
          "ans": "New Baby ",
          "pnt": 9
        },
        {
          "ans": "Valentines ",
          "pnt": 6
        }
      ],
      "multiply": 1,
      "question": "Name A Reason For Sending Someone A Card"
    },
    {
      "answers": [
        {
          "ans": "Flour",
          "pnt": 34
        },
        {
          "ans": "Eggs",
          "pnt": 31
        },
        {
          "ans": "Cake Mix",
          "pnt": 9
        },
        {
          "ans": "Baking Pan",
          "pnt": 8
        },
        {
          "ans": "Oven",
          "pnt": 6
        },
        {
          "ans": "Spatula",
          "pnt": 3
        },
        {
          "ans": "Milk",
          "pnt": 2
        }
      ],
      "multiply": 2,
      "question": "Name Something You Need To Bake A Cake."
    },
    {
      "answers": [
        {
          "ans": "Driver’s License",
          "pnt": 46
        },
        {
          "ans": "Graduation",
          "pnt": 34
        },
        {
          "ans": "First Kiss/ Date",
          "pnt": 7
        },
        {
          "ans": "Prom",
          "pnt": 6
        },
        {
          "ans": "College",
          "pnt": 4
        }
      ],
      "multiply": 2,
      "question": "Name A Milestone For Most Teenagers"
    },
    {
      "answers": [
        {
          "ans": "Death",
          "pnt": 29
        },
        {
          "ans": "Monster",
          "pnt": 26
        },
        {
          "ans": "Falling",
          "pnt": 24
        },
        {
          "ans": "Ghosts",
          "pnt": 9
        },
        {
          "ans": "Spiders",
          "pnt": 4
        },
        {
          "ans": "Clowns",
          "pnt": 4
        },
        {
          "ans": "Witches",
          "pnt": 3
        }
      ],
      "multiply": 2,
      "question": "What Was Your Worst Nightmare About?"
    }
  ],
  "final_round": [
    {
      "answers": [
        [
          "Autograph",
          52
        ],
        [
          "Albums",
          12
        ],
        [
          "Hair",
          8
        ],
        [
          "Posters",
          7
        ],
        [
          "Photos",
          7
        ],
        [
          "T Shirt",
          3
        ]
      ],
      "question": "Name Something A Fan Might Collect From Their favorite Singer"
    },
    {
      "answers": [
        [
          "Fiction",
          55
        ],
        [
          "Mystery",
          36
        ],
        [
          "Childrens",
          23
        ],
        [
          "Non-Fiction",
          15
        ],
        [
          "Graphic Novels",
          10
        ],
        [
          "Sci Fi",
          6
        ],
        [
          "Romance",
          4
        ]
      ],
      "question": "Name A Section You’D See At A Book Store"
    },
    {
      "answers": [
        [
          "Ted Bundy",
          41
        ],
        [
          "Ted Kennedy",
          27
        ],
        [
          "Ted Turner",
          17
        ],
        [
          "Theodore Roosevelt",
          11
        ],
        [
          "Ted Koppel",
          7
        ]
      ],
      "question": "Living Or Dead, Name A Man Named Ted"
    },
    {
      "answers": [
        [
          "Theme Park ",
          40
        ],
        [
          "Seaside ",
          26
        ],
        [
          "Circus ",
          17
        ],
        [
          "Parties ",
          11
        ],
        [
          "Zoo ",
          7
        ],
        [
          "Movies ",
          5
        ]
      ],
      "question": "Name Somewhere Children Like To Go"
    }
  ],
  "final_round_timers": [
    20,
    25
  ]
}