{
  "rounds": [
    {
      "answers": [
        {
          "ans": "Teeth",
          "pnt": 58
        },
        {
          "ans": "Hair",
          "pnt": 38
        },
        {
          "ans": "Chest",
          "pnt": 25
        },
        {
          "ans": "Eyelashes",
          "pnt": 16
        },
        {
          "ans": "Eyebrows",
          "pnt": 11
        }
      ],
      "multiply": 1,
      "question": "Name Something About Grandmas Looks That Could Be Fake"
    },
    {
      "answers": [
        {
          "ans": "Sharp Teeth",
          "pnt": 50
        },
        {
          "ans": "Claws",
          "pnt": 18
        },
        {
          "ans": "Roar",
          "pnt": 14
        },
        {
          "ans": "Horns",
          "pnt": 5
        },
        {
          "ans": "Venom",
          "pnt": 5
        }
      ],
      "multiply": 1,
      "question": "Name Something Fierce Animals Have That Makes Them Threatening."
    },
    {
      "answers": [
        {
          "ans": "Candles",
          "pnt": 19
        },
        {
          "ans": "Cookies/ Candy",
          "pnt": 18
        },
        {
          "ans": "Clothes",
          "pnt": 13
        },
        {
          "ans": "Toys",
          "pnt": 12
        },
        {
          "ans": "Get Certificate",
          "pnt": 12
        },
        {
          "ans": "Perfume",
          "pnt": 10
        },
        {
          "ans": "Jewelry",
          "pnt": 9
        }
      ],
      "multiply": 1,
      "question": "Name A Gift You Might Buy If You’re A Secret Santa"
    },
    {
      "answers": [
        {
          "ans": "Car",
          "pnt": 54
        },
        {
          "ans": "TV",
          "pnt": 23
        },
        {
          "ans": "Watch",
          "pnt": 8
        },
        {
          "ans": "Computer",
          "pnt": 4
        },
        {
          "ans": "Appliance",
          "pnt": 3
        }
      ],
      "multiply": 2,
      "question": "Name Something For Which You Get A Warranty."
    },
    {
      "answers": [
        {
          "ans": "Flippers",
          "pnt": 56
        },
        {
          "ans": "Goggles",
          "pnt": 20
        },
        {
          "ans": "Oxygen Tank",
          "pnt": 14
        },
        {
          "ans": "Wetsuit",
          "pnt": 6
        }
      ],
      "multiply": 2,
      "question": "When Scuba Diving, Name Something You Have To Wear To Make Yourself More Like A Fish."
    },
    {
      "answers": [
        {
          "ans": "Dress",
          "pnt": 42
        },
        {
          "ans": "Jewelry",
          "pnt": 27
        },
        {
          "ans": "Makeup",
          "pnt": 18
        },
        {
          "ans": "Bra",
          "pnt": 12
        },
        {
          "ans": "Skirt",
          "pnt": 7
        },
        {
          "ans": "High Heels",
          "pnt": 5
        },
        {
          "ans": "Bikini",
          "pnt": 3
        }
      ],
      "multiply": 2,
      "question": "Name Something That Looks Attractive On A Woman, But Not A Man"
    }
  ],
  "final_round": [
    {
      "answers": [
        [
          "Swear",
          57
        ],
        [
          "Burp",
          21
        ],
        [
          "Lose Temper",
          6
        ],
        [
          "Cough",
          5
        ]
      ],
      "question": "Name Something A Radio DJ Might Accidentally Do If He Didn’t Know He Was On The Air."
    },
    {
      "answers": [
        [
          "Pee On The Floor",
          24
        ],
        [
          "Pee On The Toilet",
          14
        ],
        [
          "Put Paper On Seat",
          12
        ],
        [
          "Write On Wall",
          11
        ],
        [
          "Leave It Messy",
          10
        ],
        [
          "Don’t flush Toilet",
          9
        ]
      ],
      "question": "Name Something You Would Do In A Public Restroom That You Would Never Do In Your Own Bathroom"
    },
    {
      "answers": [
        [
          "Have Lots Of Money",
          44
        ],
        [
          "Find True Love",
          22
        ],
        [
          "Live In Nice House",
          20
        ],
        [
          "Lots Of drama",
          9
        ],
        [
          "Happy Ending",
          4
        ]
      ],
      "question": "Name A Specific Way That You Wish Your Life Were Like A Hollywood Movie"
    },
    {
      "answers": [
        [
          "Tax Inspector ",
          58
        ],
        [
          "Politician ",
          38
        ],
        [
          "Comedian ",
          25
        ]
      ],
      "question": "Name A Profession That Makes People Laugh"
    }
  ],
  "final_round_timers": [
    20,
    25
  ]
}