{
  "rounds": [
    {
      "answers": [
        {
          "ans": 3,
          "pnt": 33
        },
        {
          "ans": 4,
          "pnt": 29
        },
        {
          "ans": 2,
          "pnt": 17
        },
        {
          "ans": 6,
          "pnt": 6
        },
        {
          "ans": 5,
          "pnt": 5
        },
        {
          "ans": 1,
          "pnt": 3
        }
      ],
      "multiply": 1,
      "question": "During Which Month Of Pregnancy Do Couples Announce It?"
    },
    {
      "answers": [
        {
          "ans": "Food",
          "pnt": 58
        },
        {
          "ans": "Clothes",
          "pnt": 19
        },
        {
          "ans": "Hairstyle",
          "pnt": 9
        },
        {
          "ans": "Dating",
          "pnt": 5
        },
        {
          "ans": "Car",
          "pnt": 3
        }
      ],
      "multiply": 1,
      "question": "Name something a person might be picky about."
    },
    {
      "answers": [
        {
          "ans": "Bar",
          "pnt": 61
        },
        {
          "ans": "Concert",
          "pnt": 16
        },
        {
          "ans": "Mall",
          "pnt": 14
        },
        {
          "ans": "Restaurant",
          "pnt": 4
        }
      ],
      "multiply": 1,
      "question": "If You Wanted To Have Conversation With Someone, Name A Noisy Place You’d Avoid."
    },
    {
      "answers": [
        {
          "ans": "Semi Truck",
          "pnt": 34
        },
        {
          "ans": "bus",
          "pnt": 25
        },
        {
          "ans": "Limo",
          "pnt": 16
        },
        {
          "ans": "Race Car",
          "pnt": 11
        },
        {
          "ans": "Taxi",
          "pnt": 5
        }
      ],
      "multiply": 2,
      "question": "If A Person Is A Driver For A Living What Specific Type Of Vehicle Might He Drive?"
    },
    {
      "answers": [
        {
          "ans": "Rose",
          "pnt": 39
        },
        {
          "ans": "Daisy",
          "pnt": 33
        },
        {
          "ans": "Lily",
          "pnt": 17
        },
        {
          "ans": "Iris",
          "pnt": 5
        },
        {
          "ans": "Violet",
          "pnt": 5
        }
      ],
      "multiply": 2,
      "question": "What Might A Flower Gardener Name His Daughter?"
    },
    {
      "answers": [
        {
          "ans": "Fence ",
          "pnt": 49
        },
        {
          "ans": "Hurdle ",
          "pnt": 32
        },
        {
          "ans": "Hedge ",
          "pnt": 21
        },
        {
          "ans": "Log ",
          "pnt": 14
        },
        {
          "ans": "Creek ",
          "pnt": 9
        }
      ],
      "multiply": 2,
      "question": "Name Something A Horse Might Jump Over"
    }
  ],
  "final_round": [
    {
      "answers": [
        [
          "Tidal",
          39
        ],
        [
          "Hand",
          24
        ],
        [
          "Sound",
          16
        ],
        [
          "Radio",
          11
        ],
        [
          "Heat",
          4
        ]
      ],
      "question": "Name A Type Of Wave That You Can’t Ride On"
    },
    {
      "answers": [
        [
          "Godzilla",
          63
        ],
        [
          "King Kong",
          31
        ],
        [
          "Frankenstein",
          16
        ],
        [
          "Dracula",
          7
        ],
        [
          "Mummy",
          5
        ],
        [
          "Werewolf",
          4
        ]
      ],
      "question": "Name A Famous Movie Monster You Might See In A Black And White Film."
    },
    {
      "answers": [
        [
          "Lyndon B Johnson",
          53
        ],
        [
          "Magic Johnson",
          34
        ],
        [
          "Howard Johnson",
          23
        ],
        [
          "Johnson & Johnson",
          15
        ]
      ],
      "question": "Name A Famous “Johnson”"
    },
    {
      "answers": [
        [
          "TV",
          36
        ],
        [
          "Car/Vehicle",
          29
        ],
        [
          "House",
          21
        ],
        [
          "Oven",
          5
        ],
        [
          "Stereo/Speakers",
          4
        ],
        [
          "Refrigerator",
          3
        ]
      ],
      "question": "Name Something Adults Buy That Can Be Very Small Or Very Large."
    }
  ],
  "final_round_timers": [
    20,
    25
  ]
}