{
  "rounds": [
    {
      "answers": [
        {
          "ans": "Black Hood & Cape",
          "pnt": 43
        },
        {
          "ans": "Sickle",
          "pnt": 20
        },
        {
          "ans": "Skeleton",
          "pnt": 13
        },
        {
          "ans": "Mask",
          "pnt": 11
        },
        {
          "ans": "Makeup",
          "pnt": 8
        }
      ],
      "multiply": 1,
      "question": "Name Something You’d Need If You Wanted To Look Like The Grim Reaper."
    },
    {
      "answers": [
        {
          "ans": "Country Music",
          "pnt": 41
        },
        {
          "ans": "Guitar",
          "pnt": 27
        },
        {
          "ans": "Cowboy",
          "pnt": 17
        },
        {
          "ans": "Cowboy Hat",
          "pnt": 11
        },
        {
          "ans": "Country Accent",
          "pnt": 7
        }
      ],
      "multiply": 1,
      "question": "Name Something Associated With Garth Brooks"
    },
    {
      "answers": [
        {
          "ans": "Enter",
          "pnt": 38
        },
        {
          "ans": "Space Bar",
          "pnt": 26
        },
        {
          "ans": "Backspace",
          "pnt": 16
        },
        {
          "ans": "Tab Key",
          "pnt": 15
        }
      ],
      "multiply": 1,
      "question": "Other Than Letter And Punctuation Keys, Which Computer Key Would You Not Want To type A Report Without?"
    },
    {
      "answers": [
        {
          "ans": "Their Love Lives",
          "pnt": 57
        },
        {
          "ans": "Infidelity",
          "pnt": 37
        },
        {
          "ans": "Rumor",
          "pnt": 24
        },
        {
          "ans": "Divorce",
          "pnt": 16
        }
      ],
      "multiply": 2,
      "question": "Name A Topic People Might Whisper About."
    },
    {
      "answers": [
        {
          "ans": "Spare Tyre ",
          "pnt": 55
        },
        {
          "ans": "Jack ",
          "pnt": 36
        },
        {
          "ans": "Tools ",
          "pnt": 23
        },
        {
          "ans": "Spare Petrol Tank ",
          "pnt": 15
        },
        {
          "ans": "Jump Leads ",
          "pnt": 10
        }
      ],
      "multiply": 2,
      "question": "Name Something You Might Find In the Boot Of A Car"
    },
    {
      "answers": [
        {
          "ans": "Lower Back/Bottom",
          "pnt": 51
        },
        {
          "ans": "Ankle",
          "pnt": 33
        },
        {
          "ans": "Chest",
          "pnt": 22
        },
        {
          "ans": "Foot",
          "pnt": 14
        },
        {
          "ans": "Hip",
          "pnt": 9
        }
      ],
      "multiply": 2,
      "question": "Name A Place On The Body That Women Tattoo, But Men Usually Don’t"
    }
  ],
  "final_round": [
    {
      "answers": [
        [
          "Nose ",
          52
        ],
        [
          "Neck ",
          34
        ],
        [
          "Nostril ",
          22
        ],
        [
          "Nails ",
          14
        ]
      ],
      "question": "\"Name A Part Of The Body Beginning With \"\"N\"\"\""
    },
    {
      "answers": [
        [
          "Clean",
          46
        ],
        [
          "Homework",
          30
        ],
        [
          "Shower",
          20
        ]
      ],
      "question": "What Would A College Kid Do Right Before Parents Visit?"
    },
    {
      "answers": [
        [
          "Scream",
          44
        ],
        [
          "Splash Water",
          29
        ],
        [
          "Shake",
          19
        ],
        [
          "Jump On Bed",
          12
        ],
        [
          "Use Alarm",
          8
        ]
      ],
      "question": "Tell Me Worst Way To Be Woken Up"
    },
    {
      "answers": [
        [
          "Mice",
          32
        ],
        [
          "Bears",
          18
        ],
        [
          "Beavers",
          14
        ],
        [
          "Racoons",
          9
        ],
        [
          "Rats",
          9
        ],
        [
          "Opossums",
          6
        ],
        [
          "Coyotes",
          5
        ]
      ],
      "question": "Name An Animal People Set Traps For."
    }
  ],
  "final_round_timers": [
    20,
    25
  ]
}