{
  "rounds": [
    {
      "answers": [
        {
          "ans": "Pitcher",
          "pnt": 27
        },
        {
          "ans": "catcher",
          "pnt": 24
        },
        {
          "ans": "shortstop",
          "pnt": 20
        },
        {
          "ans": "First Base",
          "pnt": 10
        },
        {
          "ans": "Batter",
          "pnt": 9
        },
        {
          "ans": "Outfield",
          "pnt": 7
        }
      ],
      "multiply": 1,
      "question": "Name A Position Played In Baseball Game."
    },
    {
      "answers": [
        {
          "ans": "Cheese ",
          "pnt": 51
        },
        {
          "ans": "Cat ",
          "pnt": 33
        },
        {
          "ans": "Trap ",
          "pnt": 22
        },
        {
          "ans": "Squeaking ",
          "pnt": 14
        },
        {
          "ans": "Tail ",
          "pnt": 9
        }
      ],
      "multiply": 1,
      "question": "Name Something You Associate With A Mouse"
    },
    {
      "answers": [
        {
          "ans": "Wash ",
          "pnt": 48
        },
        {
          "ans": "Registration ",
          "pnt": 31
        },
        {
          "ans": "Phone ",
          "pnt": 20
        },
        {
          "ans": "Caravan ",
          "pnt": 13
        },
        {
          "ans": "Carpet ",
          "pnt": 9
        }
      ],
      "multiply": 1,
      "question": "Apart From A Car Park, Name A Word That Follows Car"
    },
    {
      "answers": [
        {
          "ans": "Money",
          "pnt": 56
        },
        {
          "ans": "Identification",
          "pnt": 36
        },
        {
          "ans": "Credit Cards",
          "pnt": 24
        },
        {
          "ans": "Photos",
          "pnt": 16
        }
      ],
      "multiply": 2,
      "question": "What Is The Most Valuable Thing In Wallets?"
    },
    {
      "answers": [
        {
          "ans": "Wallet/Money",
          "pnt": 34
        },
        {
          "ans": "Cell Phone",
          "pnt": 20
        },
        {
          "ans": "Cigarettes",
          "pnt": 17
        },
        {
          "ans": "Keys",
          "pnt": 15
        },
        {
          "ans": "Tools",
          "pnt": 12
        }
      ],
      "multiply": 2,
      "question": "If Men Carried Purses, Name Something You’d Find Inside Them."
    },
    {
      "answers": [
        {
          "ans": "Ice Cream ",
          "pnt": 56
        },
        {
          "ans": "Meat ",
          "pnt": 36
        },
        {
          "ans": "Ice ",
          "pnt": 24
        },
        {
          "ans": "Peas ",
          "pnt": 16
        },
        {
          "ans": "Chicken ",
          "pnt": 10
        }
      ],
      "multiply": 2,
      "question": "Name Something You Might Find In A Freezer"
    }
  ],
  "final_round": [
    {
      "answers": [
        [
          "At work/school",
          40
        ],
        [
          "No AC",
          27
        ],
        [
          "Sick",
          20
        ],
        [
          "Drought",
          9
        ]
      ],
      "question": "Name a reason why a person might be annoyed that the weather is nice."
    },
    {
      "answers": [
        [
          "Whale",
          23
        ],
        [
          "Sand/Rocks",
          21
        ],
        [
          "Star Fish",
          17
        ],
        [
          "Coral",
          16
        ],
        [
          "Sea Shells",
          11
        ],
        [
          "Sea Horse",
          6
        ]
      ],
      "question": "Name Something From The Ocean That You’d Never Find On A Restaurant Menu"
    },
    {
      "answers": [
        [
          "A Police Car ",
          57
        ],
        [
          "An Ambulance ",
          37
        ],
        [
          "A Fire Engine ",
          24
        ]
      ],
      "question": "Name A Vehicle With A Siren"
    },
    {
      "answers": [
        [
          "Eat Something",
          47
        ],
        [
          "Drink Water",
          18
        ],
        [
          "Hold It",
          17
        ],
        [
          "Laugh",
          16
        ]
      ],
      "question": "What Do You Do When Your Stomach Growls?"
    }
  ],
  "final_round_timers": [
    20,
    25
  ]
}