{
  "rounds": [
    {
      "answers": [
        {
          "ans": "Drink water",
          "pnt": 49
        },
        {
          "ans": "Rest",
          "pnt": 34
        },
        {
          "ans": "Shower",
          "pnt": 9
        },
        {
          "ans": "Stretch",
          "pnt": 4
        },
        {
          "ans": "Use bathroom",
          "pnt": 3
        }
      ],
      "multiply": 1,
      "question": "If you just ran a marathon,what would you need to do after the race was over?"
    },
    {
      "answers": [
        {
          "ans": "Weeds",
          "pnt": 45
        },
        {
          "ans": "Kids",
          "pnt": 21
        },
        {
          "ans": "Grass",
          "pnt": 15
        },
        {
          "ans": "Hair",
          "pnt": 7
        },
        {
          "ans": "Plants",
          "pnt": 4
        },
        {
          "ans": "Animals",
          "pnt": 2
        }
      ],
      "multiply": 1,
      "question": "Name Something That Grows Quickly"
    },
    {
      "answers": [
        {
          "ans": "Furniture",
          "pnt": 26
        },
        {
          "ans": "pillows",
          "pnt": 23
        },
        {
          "ans": "Fireplace",
          "pnt": 14
        },
        {
          "ans": "candles",
          "pnt": 12
        },
        {
          "ans": "Drapes",
          "pnt": 9
        },
        {
          "ans": "rugs",
          "pnt": 6
        }
      ],
      "multiply": 1,
      "question": "Name something that you spend money on to make your house more cozy"
    },
    {
      "answers": [
        {
          "ans": "Bike",
          "pnt": 29
        },
        {
          "ans": "Videogames",
          "pnt": 25
        },
        {
          "ans": "Toy Car",
          "pnt": 14
        },
        {
          "ans": "Ipod",
          "pnt": 11
        },
        {
          "ans": "GI Joe",
          "pnt": 9
        },
        {
          "ans": "Football",
          "pnt": 5
        }
      ],
      "multiply": 2,
      "question": "Name A Present Most Boys Would Want For The Holidays"
    },
    {
      "answers": [
        {
          "ans": "Fighting",
          "pnt": 51
        },
        {
          "ans": "Talking",
          "pnt": 24
        },
        {
          "ans": "Watching TV",
          "pnt": 12
        },
        {
          "ans": "Partying",
          "pnt": 5
        },
        {
          "ans": "Vacuuming",
          "pnt": 3
        }
      ],
      "multiply": 2,
      "question": "When Living In An Apartment, Name Something You Can Often Hear Your Neighbors Doing."
    },
    {
      "answers": [
        {
          "ans": "Popcorn",
          "pnt": 41
        },
        {
          "ans": "Food Wrappers",
          "pnt": 26
        },
        {
          "ans": "Cups/Cans",
          "pnt": 20
        },
        {
          "ans": "Ticket Stub",
          "pnt": 8
        }
      ],
      "multiply": 2,
      "question": "Name Something You See The Ground Littered With After The Carnival Has Move On (More Specific Than “Trash”)."
    }
  ],
  "final_round": [
    {
      "answers": [
        [
          "Snake",
          35
        ],
        [
          "Giraffe",
          33
        ],
        [
          "Cat",
          14
        ],
        [
          "Deer",
          5
        ],
        [
          "Pony",
          5
        ],
        [
          "Lizard",
          3
        ],
        [
          "Monkey",
          3
        ]
      ],
      "question": "name A Slender Animal that Wouldn’t Make A Very Good Piggy Bank."
    },
    {
      "answers": [
        [
          "touch The Art",
          33
        ],
        [
          "Run",
          15
        ],
        [
          "Steal",
          14
        ],
        [
          "Yell",
          12
        ],
        [
          "Bring Food In",
          10
        ],
        [
          "Break Something",
          5
        ]
      ],
      "question": "What Do People Do That Could Get Them Kicked Out Of A Museum"
    },
    {
      "answers": [
        [
          "Rain",
          47
        ],
        [
          "Blizzard",
          21
        ],
        [
          "Thunder Strorm",
          12
        ],
        [
          "Tornado",
          9
        ],
        [
          "Hurricane",
          4
        ],
        [
          "Cold Temperature",
          3
        ]
      ],
      "question": "What Might You Hear In A Weather Forecast That Would Keep You From Going Outside?"
    },
    {
      "answers": [
        [
          "Pencil ",
          54
        ],
        [
          "Children ",
          35
        ],
        [
          "Crayons ",
          23
        ],
        [
          "Books ",
          15
        ],
        [
          "Drawing ",
          10
        ]
      ],
      "question": "Name Something You Associate With Colouring In"
    }
  ],
  "final_round_timers": [
    20,
    25
  ]
}