{
  "rounds": [
    {
      "answers": [
        {
          "ans": "Politics",
          "pnt": 24
        },
        {
          "ans": "War",
          "pnt": 22
        },
        {
          "ans": "World Peace",
          "pnt": 21
        },
        {
          "ans": "Religion",
          "pnt": 11
        },
        {
          "ans": "Hunger/Poverty",
          "pnt": 10
        },
        {
          "ans": "Global Warming",
          "pnt": 9
        }
      ],
      "multiply": 1,
      "question": "What Worldly Topic Would You Be Surprised To Learn That Britney Spears And Jessica Simpson Talk About When They’re Alone"
    },
    {
      "answers": [
        {
          "ans": "Prawns ",
          "pnt": 48
        },
        {
          "ans": "Fish ",
          "pnt": 31
        },
        {
          "ans": "Crab ",
          "pnt": 20
        },
        {
          "ans": "Oysters ",
          "pnt": 13
        },
        {
          "ans": "Lobster ",
          "pnt": 9
        },
        {
          "ans": "Caviar ",
          "pnt": 6
        }
      ],
      "multiply": 1,
      "question": "Name Something You Might Eat At A Seafood Restaurant"
    },
    {
      "answers": [
        {
          "ans": "Sing Lullaby",
          "pnt": 53
        },
        {
          "ans": "Rock Them",
          "pnt": 32
        },
        {
          "ans": "Feed Them",
          "pnt": 9
        },
        {
          "ans": "Read To them",
          "pnt": 4
        }
      ],
      "multiply": 1,
      "question": "Name Something A Parent Might Do To Help Their Baby Fall Asleep."
    },
    {
      "answers": [
        {
          "ans": "Bed",
          "pnt": 49
        },
        {
          "ans": "Toilet",
          "pnt": 32
        },
        {
          "ans": "Inmate",
          "pnt": 21
        },
        {
          "ans": "Bars",
          "pnt": 14
        }
      ],
      "multiply": 2,
      "question": "Name Something You See In A Jail Cell"
    },
    {
      "answers": [
        {
          "ans": "BBQ",
          "pnt": 46
        },
        {
          "ans": "Sour Cream & Onion",
          "pnt": 21
        },
        {
          "ans": "Vinegar",
          "pnt": 9
        },
        {
          "ans": "Ranch",
          "pnt": 7
        },
        {
          "ans": "Original",
          "pnt": 7
        },
        {
          "ans": "Cheese",
          "pnt": 7
        }
      ],
      "multiply": 2,
      "question": "Name A Flavor Of Potato Chips"
    },
    {
      "answers": [
        {
          "ans": "Pointy Bra",
          "pnt": 52
        },
        {
          "ans": "Top Hat",
          "pnt": 13
        },
        {
          "ans": "Jewelry",
          "pnt": 8
        },
        {
          "ans": "A Cross",
          "pnt": 8
        },
        {
          "ans": "dress",
          "pnt": 7
        },
        {
          "ans": "A Wig",
          "pnt": 7
        },
        {
          "ans": "Makeup",
          "pnt": 5
        }
      ],
      "multiply": 2,
      "question": "If Madonna Were To Make A Snowman, Name Something She Might Put On It."
    }
  ],
  "final_round": [
    {
      "answers": [
        [
          "Smile",
          45
        ],
        [
          "Fake Laugh",
          42
        ],
        [
          "Ignore It",
          7
        ],
        [
          "Groan",
          4
        ]
      ],
      "question": "What Do You Do When Someone Tells A Joke That’s Not Actually Funny?"
    },
    {
      "answers": [
        [
          "Germany",
          25
        ],
        [
          "Ireland",
          19
        ],
        [
          "USA",
          17
        ],
        [
          "Canada",
          14
        ],
        [
          "England",
          9
        ],
        [
          "Mexico",
          8
        ],
        [
          "Australia",
          6
        ]
      ],
      "question": "Name A Country That Is Known For Their Beer"
    },
    {
      "answers": [
        [
          "Alcohol",
          45
        ],
        [
          "Food",
          29
        ],
        [
          "Movies",
          19
        ],
        [
          "Pillows",
          12
        ],
        [
          "Hot Towel",
          8
        ]
      ],
      "question": "Name Something Offered To First Class Airline Passesngers"
    },
    {
      "answers": [
        [
          "Pear",
          28
        ],
        [
          "Peach",
          25
        ],
        [
          "Pinapple",
          17
        ],
        [
          "Plum",
          15
        ],
        [
          "Papaya",
          9
        ]
      ],
      "question": "Name A Fruit That Starts With The Letter “P.”"
    }
  ],
  "final_round_timers": [
    20,
    25
  ]
}