{
  "rounds": [
    {
      "answers": [
        {
          "ans": "Can Opener",
          "pnt": 58
        },
        {
          "ans": "Knife",
          "pnt": 38
        },
        {
          "ans": "Microwave",
          "pnt": 25
        },
        {
          "ans": "Toaster",
          "pnt": 16
        },
        {
          "ans": "Spatula",
          "pnt": 11
        },
        {
          "ans": "Bottle Opener",
          "pnt": 7
        },
        {
          "ans": "Pot",
          "pnt": 4
        }
      ],
      "multiply": 1,
      "question": "Name One Kitchen Gadget Even A Single Guy Owns"
    },
    {
      "answers": [
        {
          "ans": "Locker",
          "pnt": 35
        },
        {
          "ans": "Towel",
          "pnt": 26
        },
        {
          "ans": "Chair",
          "pnt": 16
        },
        {
          "ans": "Inner Tube/Float",
          "pnt": 12
        },
        {
          "ans": "Umbrella",
          "pnt": 9
        }
      ],
      "multiply": 1,
      "question": "At A Public Pool, What Might You Pay Extra To Rent?"
    },
    {
      "answers": [
        {
          "ans": "Sailboat",
          "pnt": 32
        },
        {
          "ans": "Canoe",
          "pnt": 30
        },
        {
          "ans": "Rowboat",
          "pnt": 18
        },
        {
          "ans": "Paddleboat",
          "pnt": 10
        },
        {
          "ans": "Raft",
          "pnt": 3
        },
        {
          "ans": "Barge",
          "pnt": 2
        }
      ],
      "multiply": 1,
      "question": "Name a kind of boat that doesn’t have an engine."
    },
    {
      "answers": [
        {
          "ans": "Snakes ",
          "pnt": 49
        },
        {
          "ans": "Heights ",
          "pnt": 32
        },
        {
          "ans": "Growing Old ",
          "pnt": 21
        },
        {
          "ans": "Flying ",
          "pnt": 14
        },
        {
          "ans": "Spiders ",
          "pnt": 9
        },
        {
          "ans": "Death ",
          "pnt": 6
        }
      ],
      "multiply": 2,
      "question": "Name Something People Are Frightened Of"
    },
    {
      "answers": [
        {
          "ans": "Face/Skin",
          "pnt": 39
        },
        {
          "ans": "Weight",
          "pnt": 27
        },
        {
          "ans": "Hair",
          "pnt": 23
        },
        {
          "ans": "Health",
          "pnt": 4
        },
        {
          "ans": "Personality",
          "pnt": 3
        },
        {
          "ans": "Amount Of Energy",
          "pnt": 3
        }
      ],
      "multiply": 2,
      "question": "Name One Thing About Yourself That You Wish Would Stay The Same As You Age."
    },
    {
      "answers": [
        {
          "ans": "Car",
          "pnt": 45
        },
        {
          "ans": "Candy Bar",
          "pnt": 29
        },
        {
          "ans": "Golf",
          "pnt": 19
        },
        {
          "ans": "Poodle",
          "pnt": 12
        }
      ],
      "multiply": 2,
      "question": "Name Something That’s Not As Great When In Its Minature Form"
    }
  ],
  "final_round": [
    {
      "answers": [
        [
          "President",
          55
        ],
        [
          "Police Officer",
          36
        ],
        [
          "Judge",
          23
        ],
        [
          "Teacher",
          15
        ]
      ],
      "question": "Name Authority Figure Whose Role Makes It Hard To Imagine Them Letting Loose On A Date"
    },
    {
      "answers": [
        [
          "Recycle",
          46
        ],
        [
          "Burn Them",
          21
        ],
        [
          "Clean Windows",
          12
        ],
        [
          "Wrap Gifts",
          8
        ],
        [
          "Pack Dishes",
          5
        ],
        [
          "Crafts",
          4
        ],
        [
          "Line Bird Cage",
          3
        ]
      ],
      "question": "Besides Throwing Them Away, Name Something You Can Do With Old Newspapers."
    },
    {
      "answers": [
        [
          "Hod Dogs",
          16
        ],
        [
          "Pudding",
          16
        ],
        [
          "Little Cereal Boxes",
          14
        ],
        [
          "Beer",
          13
        ],
        [
          "Soda",
          11
        ],
        [
          "Yogurt",
          11
        ],
        [
          "Eggs",
          9
        ]
      ],
      "question": "Name A Food That Comes In Packs of Six Or More."
    },
    {
      "answers": [
        [
          "Christmas ",
          56
        ],
        [
          "Birthday ",
          36
        ],
        [
          "Anniversary ",
          24
        ],
        [
          "Baby ",
          16
        ]
      ],
      "question": "Name An Occasion On Which Greeting Cards Sent"
    }
  ],
  "final_round_timers": [
    20,
    25
  ]
}