{
  "rounds": [
    {
      "answers": [
        {
          "ans": "Plush Toy",
          "pnt": 34
        },
        {
          "ans": "Cookie/Cracker",
          "pnt": 30
        },
        {
          "ans": "Honey Container",
          "pnt": 21
        },
        {
          "ans": "Gummy Candy",
          "pnt": 12
        }
      ],
      "multiply": 1,
      "question": "Name a common item that’s shaped like a bear."
    },
    {
      "answers": [
        {
          "ans": "Danced",
          "pnt": 52
        },
        {
          "ans": "Wore Poodle Skirts",
          "pnt": 16
        },
        {
          "ans": "Hula Hoop",
          "pnt": 10
        },
        {
          "ans": "Cruise In The Car",
          "pnt": 7
        },
        {
          "ans": "Went To Drive In",
          "pnt": 6
        },
        {
          "ans": "Grease Their Hair",
          "pnt": 2
        }
      ],
      "multiply": 1,
      "question": "Name Something Teenagers Did In The 50′s."
    },
    {
      "answers": [
        {
          "ans": "Hair",
          "pnt": 54
        },
        {
          "ans": "Smell",
          "pnt": 24
        },
        {
          "ans": "Clothes",
          "pnt": 15
        },
        {
          "ans": "Dancing",
          "pnt": 3
        }
      ],
      "multiply": 1,
      "question": "Name Something About A Person That Might Be Described As Funky"
    },
    {
      "answers": [
        {
          "ans": "Smooch",
          "pnt": 51
        },
        {
          "ans": "Peck",
          "pnt": 33
        },
        {
          "ans": "Sugar",
          "pnt": 22
        },
        {
          "ans": "Snog",
          "pnt": 14
        }
      ],
      "multiply": 2,
      "question": "Another Word Or Phrase Means Kiss"
    },
    {
      "answers": [
        {
          "ans": "Wand ",
          "pnt": 56
        },
        {
          "ans": "Elves ",
          "pnt": 36
        },
        {
          "ans": "Wings ",
          "pnt": 24
        },
        {
          "ans": "Magic ",
          "pnt": 16
        },
        {
          "ans": "Fairy Tales ",
          "pnt": 10
        }
      ],
      "multiply": 2,
      "question": "Name Something You Associate With Fairies"
    },
    {
      "answers": [
        {
          "ans": "Pig",
          "pnt": 37
        },
        {
          "ans": "Dog",
          "pnt": 30
        },
        {
          "ans": "Rodent",
          "pnt": 10
        },
        {
          "ans": "Skunk",
          "pnt": 7
        },
        {
          "ans": "Monkey",
          "pnt": 7
        },
        {
          "ans": "Elephant",
          "pnt": 4
        },
        {
          "ans": "Cow",
          "pnt": 3
        }
      ],
      "multiply": 2,
      "question": "Name An Animal That Associated With Being Dirty"
    }
  ],
  "final_round": [
    {
      "answers": [
        [
          "Phone",
          40
        ],
        [
          "TV",
          35
        ],
        [
          "Bathroom",
          12
        ],
        [
          "Computer",
          8
        ],
        [
          "Bed",
          3
        ]
      ],
      "question": "Name Something You Would Allow The House Sitter To Use While At Your Place"
    },
    {
      "answers": [
        [
          "Police Officer",
          65
        ],
        [
          "Lawyer",
          19
        ],
        [
          "Judge",
          6
        ],
        [
          "Clergy",
          4
        ]
      ],
      "question": "Name An Occupation that a boy Wouldn’t Want His Girlfriend’s Father To Have"
    },
    {
      "answers": [
        [
          "Say Ho Ho Ho",
          42
        ],
        [
          "Drive A Sleigh",
          21
        ],
        [
          "Climb Down Chimney",
          11
        ],
        [
          "made A List",
          8
        ],
        [
          "Work With Reindeer",
          7
        ],
        [
          "Wear His Suit",
          4
        ]
      ],
      "question": "If You Were Filling In For Santa, Name Something You’d Have To Learn How To Do."
    },
    {
      "answers": [
        [
          "Snoopy",
          47
        ],
        [
          "Santa Claus",
          31
        ],
        [
          "Turkey",
          20
        ],
        [
          "Spider Man",
          13
        ],
        [
          "Mickey Mouse",
          8
        ],
        [
          "Underdog",
          5
        ],
        [
          "Kermit",
          3
        ]
      ],
      "question": "Name A Float You Might See At Macy’s Thanksgiving Parade"
    }
  ],
  "final_round_timers": [
    20,
    25
  ]
}