{
  "rounds": [
    {
      "answers": [
        {
          "ans": "Whole Name",
          "pnt": 38
        },
        {
          "ans": "Nickname",
          "pnt": 25
        },
        {
          "ans": "Hey",
          "pnt": 15
        },
        {
          "ans": "Sibling’s Name",
          "pnt": 12
        }
      ],
      "multiply": 1,
      "question": "Instead Of Their First Name, What Might A Parent Shout When Calling For Their Child?"
    },
    {
      "answers": [
        {
          "ans": "Horse Racing",
          "pnt": 49
        },
        {
          "ans": "Hockey",
          "pnt": 32
        },
        {
          "ans": "Tennis",
          "pnt": 21
        },
        {
          "ans": "Ice Skating",
          "pnt": 14
        },
        {
          "ans": "Volleyball",
          "pnt": 9
        },
        {
          "ans": "Baseball",
          "pnt": 6
        },
        {
          "ans": "Ballet",
          "pnt": 4
        }
      ],
      "multiply": 1,
      "question": "Name A Sport Shaquille O’Neal Look Ridiculous Competing In"
    },
    {
      "answers": [
        {
          "ans": "Curry ",
          "pnt": 40
        },
        {
          "ans": "Cheese ",
          "pnt": 26
        },
        {
          "ans": "Fish ",
          "pnt": 17
        },
        {
          "ans": "Garlic ",
          "pnt": 11
        },
        {
          "ans": "Onions ",
          "pnt": 7
        }
      ],
      "multiply": 1,
      "question": "Name A Food Stuff That Has A Strong Smell"
    },
    {
      "answers": [
        {
          "ans": "Walk",
          "pnt": 59
        },
        {
          "ans": "Wiggle Toes",
          "pnt": 38
        },
        {
          "ans": "Lace Them",
          "pnt": 25
        }
      ],
      "multiply": 2,
      "question": "Tell Me Something You Do While Trying On Shoes To See If They Fit"
    },
    {
      "answers": [
        {
          "ans": "VCR",
          "pnt": 51
        },
        {
          "ans": "Radio",
          "pnt": 33
        },
        {
          "ans": "Computer",
          "pnt": 22
        },
        {
          "ans": "Watch",
          "pnt": 14
        },
        {
          "ans": "Microwave",
          "pnt": 9
        },
        {
          "ans": "Wall",
          "pnt": 6
        },
        {
          "ans": "TV",
          "pnt": 4
        }
      ],
      "multiply": 2,
      "question": "Name Something That Has A Clock On It"
    },
    {
      "answers": [
        {
          "ans": "Beds ",
          "pnt": 58
        },
        {
          "ans": "Doctor ",
          "pnt": 38
        },
        {
          "ans": "Nurse ",
          "pnt": 25
        },
        {
          "ans": "Patients ",
          "pnt": 16
        },
        {
          "ans": "Needle ",
          "pnt": 11
        }
      ],
      "multiply": 2,
      "question": "Name Something You Might See At A Hospital"
    }
  ],
  "final_round": [
    {
      "answers": [
        [
          "A Person ",
          42
        ],
        [
          "Cheek / Baby's Cheek ",
          27
        ],
        [
          "An Inch ",
          18
        ],
        [
          "Fat ",
          12
        ],
        [
          "Skin ",
          7
        ],
        [
          "Money ",
          5
        ]
      ],
      "question": "Name Something You Can Pinch"
    },
    {
      "answers": [
        [
          "Michael J Fox",
          66
        ],
        [
          "Samuel L Jackson",
          13
        ],
        [
          "George C Scott",
          11
        ],
        [
          "Edward G Robinson",
          9
        ]
      ],
      "question": "Name An Actor Who Uses Or Used Their Middle Initial."
    },
    {
      "answers": [
        [
          "Jeans",
          45
        ],
        [
          "Jacket",
          29
        ],
        [
          "T Shirt",
          19
        ],
        [
          "Hat",
          12
        ],
        [
          "Pants",
          8
        ],
        [
          "Earrings",
          5
        ],
        [
          "Belts",
          3
        ]
      ],
      "question": "Name an Article Of Clothing Worn By Both Men And Women."
    },
    {
      "answers": [
        [
          "T-Shirt",
          42
        ],
        [
          "Towels",
          27
        ],
        [
          "Underwear",
          18
        ],
        [
          "Sheets",
          12
        ],
        [
          "Jeans",
          7
        ],
        [
          "Paper",
          5
        ],
        [
          "Napkin",
          3
        ]
      ],
      "question": "Name something you fold, be specific"
    }
  ],
  "final_round_timers": [
    20,
    25
  ]
}