{
  "rounds": [
    {
      "answers": [
        {
          "ans": "Honey",
          "pnt": 36
        },
        {
          "ans": "Love",
          "pnt": 20
        },
        {
          "ans": "Baby",
          "pnt": 18
        },
        {
          "ans": "Dear",
          "pnt": 7
        },
        {
          "ans": "Sweetheart",
          "pnt": 5
        }
      ],
      "multiply": 1,
      "question": "What Are The Most Common Terms Of Endearment Used When A Person Is Talking To Their Partner"
    },
    {
      "answers": [
        {
          "ans": "John Wayne",
          "pnt": 39
        },
        {
          "ans": "Roy Rogers",
          "pnt": 18
        },
        {
          "ans": "Billy The Kid",
          "pnt": 12
        },
        {
          "ans": "Lone Ranger",
          "pnt": 10
        },
        {
          "ans": "Woody",
          "pnt": 9
        }
      ],
      "multiply": 1,
      "question": "Real Or Fictional, Name A Famous Cowboy"
    },
    {
      "answers": [
        {
          "ans": "Bell",
          "pnt": 25
        },
        {
          "ans": "Talking",
          "pnt": 24
        },
        {
          "ans": "Yelling",
          "pnt": 22
        },
        {
          "ans": "Laughing",
          "pnt": 10
        },
        {
          "ans": "Ingrown Toenail",
          "pnt": 7
        },
        {
          "ans": "Cell Phones",
          "pnt": 5
        }
      ],
      "multiply": 1,
      "question": "Name A Sound You Hear A Lot Of In A High School Hallway"
    },
    {
      "answers": [
        {
          "ans": "Four Weeks",
          "pnt": 43
        },
        {
          "ans": "Three Weeks",
          "pnt": 22
        },
        {
          "ans": "Two Weeks",
          "pnt": 12
        },
        {
          "ans": "Six Weeks",
          "pnt": 9
        }
      ],
      "multiply": 2,
      "question": "How Many Weeks In Advance Do You Decorate For Christmas?"
    },
    {
      "answers": [
        {
          "ans": "Jail",
          "pnt": 52
        },
        {
          "ans": "Dead",
          "pnt": 22
        },
        {
          "ans": "Hell",
          "pnt": 17
        },
        {
          "ans": "Homeless",
          "pnt": 2
        },
        {
          "ans": "Dumpster",
          "pnt": 2
        }
      ],
      "multiply": 2,
      "question": "Name A Place Where People Don’t Want To End Up"
    },
    {
      "answers": [
        {
          "ans": "Politics",
          "pnt": 32
        },
        {
          "ans": "Weather",
          "pnt": 27
        },
        {
          "ans": "Books",
          "pnt": 17
        },
        {
          "ans": "Work",
          "pnt": 13
        }
      ],
      "multiply": 2,
      "question": "In A Conversation With The World’s Most Boring Person, Name A Subject That Would Surely Come Up."
    }
  ],
  "final_round": [
    {
      "answers": [
        [
          "Milk",
          39
        ],
        [
          "Juice / Kool Aid",
          17
        ],
        [
          "Flour",
          15
        ],
        [
          "Cooking Oil",
          12
        ],
        [
          "Grease",
          8
        ]
      ],
      "question": "Name Something In The Kitchen That Makes A Huge Mess If It’s Spilled"
    },
    {
      "answers": [
        [
          "Police Officer ",
          40
        ],
        [
          "Deaf Person ",
          26
        ],
        [
          "Air Traffic Control ",
          17
        ],
        [
          "A Cyclist ",
          11
        ]
      ],
      "question": "Name Someone Who Uses Hand Signals"
    },
    {
      "answers": [
        [
          "Main",
          64
        ],
        [
          "Elm",
          15
        ],
        [
          "First",
          5
        ],
        [
          "Martin Luther King",
          5
        ],
        [
          "Broadway",
          5
        ],
        [
          "Washington",
          3
        ]
      ],
      "question": "Tell Me A Street Name Found In Almost Every Big City."
    },
    {
      "answers": [
        [
          "Kitchen",
          48
        ],
        [
          "Living Room",
          34
        ],
        [
          "Bathroom",
          9
        ],
        [
          "Bedroom",
          4
        ]
      ],
      "question": "Name The Least Private Room In Your House"
    }
  ],
  "final_round_timers": [
    20,
    25
  ]
}