{
  "rounds": [
    {
      "answers": [
        {
          "ans": "Anesthetic",
          "pnt": 42
        },
        {
          "ans": "Wash Hands",
          "pnt": 27
        },
        {
          "ans": "My Name",
          "pnt": 7
        },
        {
          "ans": "Procedure",
          "pnt": 6
        },
        {
          "ans": "Rubber Gloves",
          "pnt": 5
        },
        {
          "ans": "Drugs",
          "pnt": 5
        }
      ],
      "multiply": 1,
      "question": "Name Something You’d Hate For Your Doctor To Forget Before Operating On You"
    },
    {
      "answers": [
        {
          "ans": "Earwax",
          "pnt": 26
        },
        {
          "ans": "Carwax",
          "pnt": 18
        },
        {
          "ans": "Beeswax",
          "pnt": 14
        },
        {
          "ans": "Wax Museum",
          "pnt": 8
        },
        {
          "ans": "Hot Wax",
          "pnt": 8
        },
        {
          "ans": "Wax Paper",
          "pnt": 8
        },
        {
          "ans": "Candle wax",
          "pnt": 8
        }
      ],
      "multiply": 1,
      "question": "Name A word YOu Might see Before Or After The Word “Wax”"
    },
    {
      "answers": [
        {
          "ans": "Elevator",
          "pnt": 37
        },
        {
          "ans": "Airplane",
          "pnt": 31
        },
        {
          "ans": "Restroom",
          "pnt": 16
        },
        {
          "ans": "Waiting Room",
          "pnt": 9
        },
        {
          "ans": "Train Station",
          "pnt": 5
        }
      ],
      "multiply": 1,
      "question": "Name A Small Space Where You Feel Compelled To Make Small Talk With A Stranger."
    },
    {
      "answers": [
        {
          "ans": "Soup",
          "pnt": 46
        },
        {
          "ans": "Pizza",
          "pnt": 33
        },
        {
          "ans": "Chili",
          "pnt": 14
        },
        {
          "ans": "Lasagna/Pasta",
          "pnt": 3
        }
      ],
      "multiply": 2,
      "question": "Name A Food That You Often Burn Your Tongue While Eating."
    },
    {
      "answers": [
        {
          "ans": 2,
          "pnt": 31
        },
        {
          "ans": 4,
          "pnt": 19
        },
        {
          "ans": 3,
          "pnt": 18
        },
        {
          "ans": 1,
          "pnt": 14
        },
        {
          "ans": 5,
          "pnt": 11
        },
        {
          "ans": 6,
          "pnt": 4
        }
      ],
      "multiply": 2,
      "question": "Besides For Work, Tell Me How Many Hours You Spend Using Your Computer In One Day. (Numeric Only Please.)"
    },
    {
      "answers": [
        {
          "ans": "Phone Numbers",
          "pnt": 45
        },
        {
          "ans": "Grocery Lists",
          "pnt": 29
        },
        {
          "ans": "Appointments",
          "pnt": 19
        },
        {
          "ans": "Pay Bills",
          "pnt": 12
        },
        {
          "ans": "Peoples Names",
          "pnt": 8
        },
        {
          "ans": "Birthdays",
          "pnt": 5
        },
        {
          "ans": "Addresses",
          "pnt": 3
        }
      ],
      "multiply": 2,
      "question": "Name Something You Always Forget If You Don’t Write It Down"
    }
  ],
  "final_round": [
    {
      "answers": [
        [
          "Film ",
          53
        ],
        [
          "Photos ",
          34
        ],
        [
          "Flash ",
          23
        ],
        [
          "Lens ",
          15
        ],
        [
          "Holidays ",
          10
        ]
      ],
      "question": "Name Something You Associate With A Camera"
    },
    {
      "answers": [
        [
          "British Accent",
          43
        ],
        [
          "Weather",
          18
        ],
        [
          "Driving On Other Side",
          17
        ],
        [
          "Culture",
          12
        ],
        [
          "Time Difference",
          4
        ]
      ],
      "question": "If You Moved To England, Name Something That Would Take Some Getting Used To."
    },
    {
      "answers": [
        [
          "Snowman ",
          42
        ],
        [
          "Snowball ",
          27
        ],
        [
          "Ski Jump ",
          18
        ]
      ],
      "question": "Name Something You Can Make With Snow"
    },
    {
      "answers": [
        [
          "Library",
          48
        ],
        [
          "Park",
          16
        ],
        [
          "Church",
          14
        ],
        [
          "Bedroom",
          13
        ],
        [
          "Beach",
          7
        ]
      ],
      "question": "Name A Place People Might Go For Peace And Quiet."
    }
  ],
  "final_round_timers": [
    20,
    25
  ]
}