{
  "rounds": [
    {
      "answers": [
        {
          "ans": "Bacon",
          "pnt": 35
        },
        {
          "ans": "Coffee",
          "pnt": 35
        },
        {
          "ans": "Eggs",
          "pnt": 16
        },
        {
          "ans": "Bread",
          "pnt": 5
        },
        {
          "ans": "Doughnut",
          "pnt": 5
        }
      ],
      "multiply": 1,
      "question": "Name A Food Or Drink That You Smell Outside A Restaurant In The Morning"
    },
    {
      "answers": [
        {
          "ans": "Eggs ",
          "pnt": 57
        },
        {
          "ans": "Jesus ",
          "pnt": 37
        },
        {
          "ans": "Bunny ",
          "pnt": 24
        },
        {
          "ans": "Chocolate ",
          "pnt": 16
        },
        {
          "ans": "Holiday ",
          "pnt": 10
        },
        {
          "ans": "Cross ",
          "pnt": 7
        }
      ],
      "multiply": 1,
      "question": "Name Something You Associate With Easter"
    },
    {
      "answers": [
        {
          "ans": "Car",
          "pnt": 57
        },
        {
          "ans": "Clothes",
          "pnt": 37
        },
        {
          "ans": "House",
          "pnt": 24
        },
        {
          "ans": "Jewelry",
          "pnt": 16
        }
      ],
      "multiply": 1,
      "question": "Name An Item You Wouldn’t Buy Online, See In Real Life"
    },
    {
      "answers": [
        {
          "ans": "Cricket",
          "pnt": 49
        },
        {
          "ans": "Fly",
          "pnt": 32
        },
        {
          "ans": "Mosquito",
          "pnt": 21
        },
        {
          "ans": "Bee",
          "pnt": 14
        }
      ],
      "multiply": 2,
      "question": "Name A Bug Keeps You Up All Night In Bedroom"
    },
    {
      "answers": [
        {
          "ans": "Ice ",
          "pnt": 52
        },
        {
          "ans": "Snake ",
          "pnt": 34
        },
        {
          "ans": "Banana Skin ",
          "pnt": 22
        },
        {
          "ans": "Oil ",
          "pnt": 14
        },
        {
          "ans": "Snow ",
          "pnt": 9
        }
      ],
      "multiply": 2,
      "question": "Name Something Slippery"
    },
    {
      "answers": [
        {
          "ans": "A Budgie ",
          "pnt": 41
        },
        {
          "ans": "Food ",
          "pnt": 27
        },
        {
          "ans": "A Mirror ",
          "pnt": 17
        },
        {
          "ans": "A Swing ",
          "pnt": 11
        }
      ],
      "multiply": 2,
      "question": "Name Something You Might Find In A Budgies Cage"
    }
  ],
  "final_round": [
    {
      "answers": [
        [
          "Prints",
          36
        ],
        [
          "Weapon",
          34
        ],
        [
          "DNA",
          17
        ],
        [
          "Suspect",
          5
        ],
        [
          "Blood",
          5
        ]
      ],
      "question": "In Order To Solve A Crime, What Does An Investigator Need To Find?"
    },
    {
      "answers": [
        [
          "Buys you a drink",
          49
        ],
        [
          "Smiles",
          32
        ],
        [
          "Stares",
          21
        ],
        [
          "Makes Eye Contact",
          14
        ],
        [
          "Winks",
          9
        ]
      ],
      "question": "At A Bar, How Can You Tell That Someone Is Interested In You?"
    },
    {
      "answers": [
        [
          "Flowers ",
          58
        ],
        [
          "Breakfast ",
          38
        ],
        [
          "Cook ",
          25
        ],
        [
          "Dinner ",
          16
        ],
        [
          "Take To Lunch ",
          11
        ]
      ],
      "question": "Name Something You Might Do For Mum On Mothers Day"
    },
    {
      "answers": [
        [
          "Fans",
          41
        ],
        [
          "Score Points/Voters",
          27
        ],
        [
          "Have A Winner",
          17
        ],
        [
          "Competitive",
          11
        ]
      ],
      "question": "Name Something A Political Contest And A Football Game Have In Common."
    }
  ],
  "final_round_timers": [
    20,
    25
  ]
}