{
  "rounds": [
    {
      "answers": [
        {
          "ans": "Parents House",
          "pnt": 56
        },
        {
          "ans": "Mall",
          "pnt": 36
        },
        {
          "ans": "School",
          "pnt": 24
        },
        {
          "ans": "Bar",
          "pnt": 16
        },
        {
          "ans": "Church",
          "pnt": 10
        }
      ],
      "multiply": 1,
      "question": "When Visiting Hometown, Place You Would Definately Visit"
    },
    {
      "answers": [
        {
          "ans": "Friends",
          "pnt": 34
        },
        {
          "ans": "Clothes",
          "pnt": 33
        },
        {
          "ans": "Free Time",
          "pnt": 9
        },
        {
          "ans": "Acne",
          "pnt": 9
        },
        {
          "ans": "Music",
          "pnt": 7
        },
        {
          "ans": "Emotions",
          "pnt": 5
        }
      ],
      "multiply": 1,
      "question": "Name Something A Teenager Has A Lot Of."
    },
    {
      "answers": [
        {
          "ans": "Bus",
          "pnt": 49
        },
        {
          "ans": "Subway",
          "pnt": 32
        },
        {
          "ans": "Taxi",
          "pnt": 21
        },
        {
          "ans": "Car",
          "pnt": 14
        },
        {
          "ans": "Train",
          "pnt": 9
        },
        {
          "ans": "Walk",
          "pnt": 6
        },
        {
          "ans": "Bike",
          "pnt": 4
        }
      ],
      "multiply": 1,
      "question": "If You Live In A City, Name Ways To Get To Work"
    },
    {
      "answers": [
        {
          "ans": "Lifeguard",
          "pnt": 48
        },
        {
          "ans": "Tanning Salon",
          "pnt": 32
        },
        {
          "ans": "Construction",
          "pnt": 9
        },
        {
          "ans": "Gardener",
          "pnt": 8
        }
      ],
      "multiply": 2,
      "question": "Name A Good Job To Have If You Want To Get A Nice Tan"
    },
    {
      "answers": [
        {
          "ans": "Scones ",
          "pnt": 55
        },
        {
          "ans": "Cereal ",
          "pnt": 36
        },
        {
          "ans": "Biscuits ",
          "pnt": 23
        },
        {
          "ans": "Oatmeal ",
          "pnt": 15
        },
        {
          "ans": "Puddings ",
          "pnt": 10
        }
      ],
      "multiply": 2,
      "question": "Name A Food With Raisins In"
    },
    {
      "answers": [
        {
          "ans": "Clothes ",
          "pnt": 43
        },
        {
          "ans": "Dress ",
          "pnt": 28
        },
        {
          "ans": "Shoes ",
          "pnt": 18
        },
        {
          "ans": "Coat Hanger ",
          "pnt": 12
        },
        {
          "ans": "Shirts ",
          "pnt": 8
        }
      ],
      "multiply": 2,
      "question": "Name Something You Might Find In A Wardrobe"
    }
  ],
  "final_round": [
    {
      "answers": [
        [
          "Place Of Worship",
          30
        ],
        [
          "Wedding",
          26
        ],
        [
          "Movie Theatre",
          22
        ],
        [
          "Funeral",
          13
        ],
        [
          "Concert",
          7
        ]
      ],
      "question": "Name A Place Where You Would Find An Usher."
    },
    {
      "answers": [
        [
          "Kissing/ Intimacy",
          42
        ],
        [
          "Cooking",
          23
        ],
        [
          "Fixing Things",
          12
        ],
        [
          "Making Money",
          7
        ],
        [
          "Cleaning",
          6
        ]
      ],
      "question": "What Might A Woman Brag That Her Husband Is Better At Than Most?"
    },
    {
      "answers": [
        [
          "Pajamas",
          49
        ],
        [
          "Bib",
          32
        ],
        [
          "Jeans",
          21
        ],
        [
          "Bath Robe",
          14
        ],
        [
          "Tshirt",
          9
        ],
        [
          "Slippers",
          6
        ],
        [
          "Sweats",
          4
        ]
      ],
      "question": "Name Something You Might Wear To A Restaurant That Only Served Cereal."
    },
    {
      "answers": [
        [
          "Kiss",
          17
        ],
        [
          "Talk On Phone",
          16
        ],
        [
          "Have Picture Taken",
          15
        ],
        [
          "Vote",
          14
        ],
        [
          "Sell Tickets",
          12
        ],
        [
          "Eat",
          6
        ]
      ],
      "question": "Name Something You Do In A Booth"
    }
  ],
  "final_round_timers": [
    20,
    25
  ]
}