{
  "rounds": [
    {
      "answers": [
        {
          "ans": "Cat",
          "pnt": 28
        },
        {
          "ans": "Snake",
          "pnt": 24
        },
        {
          "ans": "Bird",
          "pnt": 19
        },
        {
          "ans": "Fish",
          "pnt": 15
        },
        {
          "ans": "Hamster/Gerbil",
          "pnt": 8
        },
        {
          "ans": "Lizard",
          "pnt": 3
        }
      ],
      "multiply": 1,
      "question": "Name A Type Of Pet That People Rarely Take Out Of Their House."
    },
    {
      "answers": [
        {
          "ans": "Taxes",
          "pnt": 37
        },
        {
          "ans": "Credit",
          "pnt": 25
        },
        {
          "ans": "Interest",
          "pnt": 12
        },
        {
          "ans": "Budget",
          "pnt": 8
        },
        {
          "ans": "Stocks",
          "pnt": 7
        },
        {
          "ans": "Mortgage",
          "pnt": 6
        },
        {
          "ans": "Loans",
          "pnt": 5
        }
      ],
      "multiply": 1,
      "question": "Name Something Related To Finances That It’s Hard To Explain To A Kid."
    },
    {
      "answers": [
        {
          "ans": "Lose Weight",
          "pnt": 40
        },
        {
          "ans": "Get Rich",
          "pnt": 17
        },
        {
          "ans": "Attract A Mate",
          "pnt": 14
        },
        {
          "ans": "Look Younger",
          "pnt": 12
        },
        {
          "ans": "Grow Hair",
          "pnt": 8
        },
        {
          "ans": "Become Happier",
          "pnt": 3
        }
      ],
      "multiply": 1,
      "question": "Name Something A Commercial Hints That Will Happen If You Buy The Product Advertised?"
    },
    {
      "answers": [
        {
          "ans": "Wool",
          "pnt": 44
        },
        {
          "ans": "Down",
          "pnt": 29
        },
        {
          "ans": "Fur",
          "pnt": 7
        },
        {
          "ans": "Leather",
          "pnt": 7
        },
        {
          "ans": "Fleece",
          "pnt": 7
        },
        {
          "ans": "Cotton",
          "pnt": 2
        }
      ],
      "multiply": 2,
      "question": "Name A Good Material For A Winter Coat"
    },
    {
      "answers": [
        {
          "ans": "Piano ",
          "pnt": 51
        },
        {
          "ans": "Instruments ",
          "pnt": 33
        },
        {
          "ans": "Guitar ",
          "pnt": 22
        },
        {
          "ans": "Music Sheets ",
          "pnt": 14
        },
        {
          "ans": "Drums ",
          "pnt": 9
        }
      ],
      "multiply": 2,
      "question": "Name Something You Might Find In A Music Room"
    },
    {
      "answers": [
        {
          "ans": "Sky/Clouds",
          "pnt": 46
        },
        {
          "ans": "Birds",
          "pnt": 20
        },
        {
          "ans": "Body Of Water",
          "pnt": 9
        },
        {
          "ans": "Land",
          "pnt": 8
        },
        {
          "ans": "Wings",
          "pnt": 8
        },
        {
          "ans": "Another Plane",
          "pnt": 3
        }
      ],
      "multiply": 2,
      "question": "What Might You See Out Your Airplane Window?"
    }
  ],
  "final_round": [
    {
      "answers": [
        [
          "Hast",
          42
        ],
        [
          "Contestants",
          24
        ],
        [
          "Lights",
          12
        ],
        [
          "People",
          6
        ],
        [
          "Podiums",
          5
        ],
        [
          "Announcer",
          4
        ]
      ],
      "question": "Name Something You See On The Set Of Every Game Show"
    },
    {
      "answers": [
        [
          "Play Ball",
          34
        ],
        [
          "Fish/Hunt",
          23
        ],
        [
          "Shave",
          15
        ],
        [
          "Drive",
          13
        ],
        [
          "Ride A Bike",
          8
        ],
        [
          "Use A Bathroom",
          4
        ]
      ],
      "question": "Tell Me Something A Man Teaches His Son To Do"
    },
    {
      "answers": [
        [
          "Always Happy",
          53
        ],
        [
          "Never Fight",
          24
        ],
        [
          "Shared One Bathroom",
          11
        ],
        [
          "So Many Kids",
          11
        ]
      ],
      "question": "Name Something You Never Quite Believed About The Brady Bunch."
    },
    {
      "answers": [
        [
          "Car",
          45
        ],
        [
          "Bathroom",
          22
        ],
        [
          "Kitchen",
          19
        ],
        [
          "Bedroom",
          6
        ],
        [
          "Clothes",
          6
        ]
      ],
      "question": "Other Than Himself, Name Something A Man Cleans Before A Big Date (More Specific Than “House”)."
    }
  ],
  "final_round_timers": [
    20,
    25
  ]
}