{
  "rounds": [
    {
      "answers": [
        {
          "ans": "Lisence",
          "pnt": 34
        },
        {
          "ans": "Airplane",
          "pnt": 21
        },
        {
          "ans": "Radar",
          "pnt": 14
        },
        {
          "ans": "Flight Attendant",
          "pnt": 11
        },
        {
          "ans": "Gas",
          "pnt": 9
        },
        {
          "ans": "Passengers",
          "pnt": 7
        },
        {
          "ans": "Uniforms",
          "pnt": 4
        }
      ],
      "multiply": 1,
      "question": "Name Something Commercial Pilots Can’t Fly Without"
    },
    {
      "answers": [
        {
          "ans": "Sing",
          "pnt": 52
        },
        {
          "ans": "Speak Loudly",
          "pnt": 22
        },
        {
          "ans": "Dance",
          "pnt": 13
        },
        {
          "ans": "Ignore Someone",
          "pnt": 8
        }
      ],
      "multiply": 1,
      "question": "Name Something Embarrassing That You Might Do While Listening To Headphones."
    },
    {
      "answers": [
        {
          "ans": "Squid",
          "pnt": 20
        },
        {
          "ans": "Sharks",
          "pnt": 18
        },
        {
          "ans": "Whales",
          "pnt": 16
        },
        {
          "ans": "Jellyfish",
          "pnt": 15
        },
        {
          "ans": "Octopus",
          "pnt": 13
        },
        {
          "ans": "Eel",
          "pnt": 7
        },
        {
          "ans": "Dolphins",
          "pnt": 6
        }
      ],
      "multiply": 1,
      "question": "Name Something That Lives In The Ocean That Most People Wouldn’t Eat"
    },
    {
      "answers": [
        {
          "ans": "Tattoo",
          "pnt": 42
        },
        {
          "ans": "Hair",
          "pnt": 27
        },
        {
          "ans": "Watch",
          "pnt": 18
        },
        {
          "ans": "Bracelet",
          "pnt": 12
        },
        {
          "ans": "Cast",
          "pnt": 7
        },
        {
          "ans": "Lover",
          "pnt": 5
        },
        {
          "ans": "Freckle",
          "pnt": 3
        }
      ],
      "multiply": 2,
      "question": "Name Something You Might Find On A Person’s Arm"
    },
    {
      "answers": [
        {
          "ans": "Sing",
          "pnt": 58
        },
        {
          "ans": "Listen",
          "pnt": 38
        },
        {
          "ans": "Shut The Door",
          "pnt": 25
        },
        {
          "ans": "Hide",
          "pnt": 16
        }
      ],
      "multiply": 2,
      "question": "What Would You Do If A Group Of Carolers Come To House"
    },
    {
      "answers": [
        {
          "ans": "Diet",
          "pnt": 27
        },
        {
          "ans": "Muscle",
          "pnt": 26
        },
        {
          "ans": "Protein",
          "pnt": 15
        },
        {
          "ans": "Weights",
          "pnt": 14
        },
        {
          "ans": "Gym",
          "pnt": 9
        }
      ],
      "multiply": 2,
      "question": "If You Lived With A Bodybuilder, Name A Word You’d Often Hear Around The House"
    }
  ],
  "final_round": [
    {
      "answers": [
        [
          "Back",
          44
        ],
        [
          "Bottom",
          24
        ],
        [
          "Foot",
          13
        ],
        [
          "Throat",
          10
        ],
        [
          "Eyes",
          8
        ]
      ],
      "question": "Name A Place On Your Body That You Can’t Scratch When It Itches"
    },
    {
      "answers": [
        [
          "Shopping",
          44
        ],
        [
          "clothes",
          19
        ],
        [
          "Soap Operas",
          14
        ],
        [
          "Men",
          11
        ],
        [
          "Hair",
          7
        ]
      ],
      "question": "Name A Topic Most Men Can’t Stand, But Women Could Discuss For Hours"
    },
    {
      "answers": [
        [
          "Food",
          37
        ],
        [
          "Family",
          32
        ],
        [
          "Dating/ Marriage",
          9
        ],
        [
          "Movies",
          6
        ],
        [
          "Animals",
          5
        ],
        [
          "Sports",
          5
        ],
        [
          "Work",
          3
        ]
      ],
      "question": "Name A Subject That Often Comes Up In Family Feud Question"
    },
    {
      "answers": [
        [
          "Lips Moving",
          51
        ],
        [
          "Head Bobbing",
          29
        ],
        [
          "Hear It",
          11
        ],
        [
          "Fingers Tapping",
          6
        ]
      ],
      "question": "How Can You Tell That The Person In The Car Next To You Is Listening To Music?"
    }
  ],
  "final_round_timers": [
    20,
    25
  ]
}