{
  "rounds": [
    {
      "answers": [
        {
          "ans": "Elephant",
          "pnt": 31
        },
        {
          "ans": "Lion/Big Cats",
          "pnt": 27
        },
        {
          "ans": "Snake",
          "pnt": 15
        },
        {
          "ans": "Birds",
          "pnt": 11
        },
        {
          "ans": "Shark",
          "pnt": 8
        },
        {
          "ans": "Whales",
          "pnt": 5
        }
      ],
      "multiply": 1,
      "question": "In The Bible, Name A Creature Noah Would Have Had The Hardest Time Capturing Two Of For His Ark."
    },
    {
      "answers": [
        {
          "ans": "Backpack ",
          "pnt": 56
        },
        {
          "ans": "Water ",
          "pnt": 36
        },
        {
          "ans": "Sleeping Bag ",
          "pnt": 24
        },
        {
          "ans": "Tent ",
          "pnt": 16
        },
        {
          "ans": "Bag ",
          "pnt": 10
        }
      ],
      "multiply": 1,
      "question": "Name Something A Backpacker Might Carry"
    },
    {
      "answers": [
        {
          "ans": "Star ",
          "pnt": 50
        },
        {
          "ans": "Diamond ",
          "pnt": 33
        },
        {
          "ans": "Crystal ",
          "pnt": 21
        },
        {
          "ans": "New Coin ",
          "pnt": 14
        },
        {
          "ans": "Glitter ",
          "pnt": 9
        }
      ],
      "multiply": 1,
      "question": "Name A Bright Sparkling Object"
    },
    {
      "answers": [
        {
          "ans": "Hiss",
          "pnt": 33
        },
        {
          "ans": "Scratch",
          "pnt": 20
        },
        {
          "ans": "Run",
          "pnt": 15
        },
        {
          "ans": "Jump",
          "pnt": 14
        },
        {
          "ans": "Attack",
          "pnt": 7
        },
        {
          "ans": "Arch It’s Back",
          "pnt": 6
        }
      ],
      "multiply": 2,
      "question": "Name Something A Cat Would Probably Do If It Felt Threatened"
    },
    {
      "answers": [
        {
          "ans": "Divorce",
          "pnt": 20
        },
        {
          "ans": "Sex/ Affair",
          "pnt": 17
        },
        {
          "ans": "Star",
          "pnt": 17
        },
        {
          "ans": "Scandal",
          "pnt": 16
        },
        {
          "ans": "Hot",
          "pnt": 11
        },
        {
          "ans": "Pregnant",
          "pnt": 8
        },
        {
          "ans": "Diet/ Weight",
          "pnt": 8
        }
      ],
      "multiply": 2,
      "question": "Name One Word That You Always See On The Covers Of Celebrity Magazines"
    },
    {
      "answers": [
        {
          "ans": "Pen/Pencil",
          "pnt": 59
        },
        {
          "ans": "Money",
          "pnt": 12
        },
        {
          "ans": "Handkerchief",
          "pnt": 6
        },
        {
          "ans": "Glasses",
          "pnt": 5
        },
        {
          "ans": "Cigarettes",
          "pnt": 5
        }
      ],
      "multiply": 2,
      "question": "Name Something Men Put In Their Shirt Pockets"
    }
  ],
  "final_round": [
    {
      "answers": [
        [
          "Easy",
          35
        ],
        [
          "Cheaper",
          27
        ],
        [
          "No lines",
          18
        ],
        [
          "Faster",
          10
        ],
        [
          "Stay At HOme",
          6
        ]
      ],
      "question": "Tell Me A Reason You Like To Shop On Line"
    },
    {
      "answers": [
        [
          "Honey",
          41
        ],
        [
          "Baby",
          27
        ],
        [
          "You",
          17
        ],
        [
          "Sweetie",
          11
        ],
        [
          "Dear",
          7
        ],
        [
          "Miss/ Sir",
          5
        ],
        [
          "Darling",
          3
        ]
      ],
      "question": "If You Forgot Your Date’s Name, What Might You Call Them Instead?"
    },
    {
      "answers": [
        [
          "Bathrooms",
          30
        ],
        [
          "Runways",
          24
        ],
        [
          "Chairs",
          22
        ],
        [
          "Computers",
          10
        ],
        [
          "Smoking Areas",
          8
        ]
      ],
      "question": "If You Were Designing An Airport, Name Something You’d Make Sure There Was A Lot Of."
    },
    {
      "answers": [
        [
          "Dancing",
          72
        ],
        [
          "Hula Hoop",
          15
        ],
        [
          "Running",
          5
        ],
        [
          "Walking",
          2
        ],
        [
          "Tai Bo",
          2
        ],
        [
          "Aerobics",
          2
        ]
      ],
      "question": "Name An Activity That Requires Moving Your Hips."
    }
  ],
  "final_round_timers": [
    20,
    25
  ]
}