{
  "rounds": [
    {
      "answers": [
        {
          "ans": "Pryor",
          "pnt": 52
        },
        {
          "ans": "Letterman",
          "pnt": 34
        },
        {
          "ans": "Rock",
          "pnt": 22
        },
        {
          "ans": "Stewart",
          "pnt": 14
        },
        {
          "ans": "Leno",
          "pnt": 9
        },
        {
          "ans": "Seinfeld",
          "pnt": 6
        },
        {
          "ans": "Carson",
          "pnt": 4
        }
      ],
      "multiply": 1,
      "question": "Name A Male Comedian, Past Or Present, Known Funny Monologues"
    },
    {
      "answers": [
        {
          "ans": "TV",
          "pnt": 47
        },
        {
          "ans": "Phone",
          "pnt": 31
        },
        {
          "ans": "Tent",
          "pnt": 20
        },
        {
          "ans": "Kids",
          "pnt": 13
        },
        {
          "ans": "Food",
          "pnt": 8
        },
        {
          "ans": "Radio",
          "pnt": 5
        },
        {
          "ans": "Matches",
          "pnt": 3
        }
      ],
      "multiply": 1,
      "question": "If Serious About Camping, Name Something You Leave At Home"
    },
    {
      "answers": [
        {
          "ans": "Scream",
          "pnt": 50
        },
        {
          "ans": "Cry",
          "pnt": 16
        },
        {
          "ans": "Kick",
          "pnt": 6
        },
        {
          "ans": "Sweat",
          "pnt": 5
        },
        {
          "ans": "Thrash",
          "pnt": 5
        },
        {
          "ans": "Jump",
          "pnt": 3
        },
        {
          "ans": "Talk",
          "pnt": 3
        }
      ],
      "multiply": 1,
      "question": "What Might Someone Do While Sleeping That Tells You They’re Having A Nightmare?"
    },
    {
      "answers": [
        {
          "ans": "Fight",
          "pnt": 28
        },
        {
          "ans": "Party",
          "pnt": 28
        },
        {
          "ans": "Date Right Away",
          "pnt": 18
        },
        {
          "ans": "Go Public",
          "pnt": 5
        },
        {
          "ans": "Sue For Large Sums",
          "pnt": 5
        }
      ],
      "multiply": 2,
      "question": "Name Something That Stars Do During A Divorce That You Wouldn’t Do."
    },
    {
      "answers": [
        {
          "ans": "Bananas",
          "pnt": 29
        },
        {
          "ans": "Grapes",
          "pnt": 28
        },
        {
          "ans": "Flowers",
          "pnt": 22
        },
        {
          "ans": "Carrots",
          "pnt": 9
        },
        {
          "ans": "Onions",
          "pnt": 3
        },
        {
          "ans": "Radishes",
          "pnt": 3
        }
      ],
      "multiply": 2,
      "question": "Name Something Specific That Is Sold By The Bunch."
    },
    {
      "answers": [
        {
          "ans": "Balloons ",
          "pnt": 57
        },
        {
          "ans": "Streamers ",
          "pnt": 37
        },
        {
          "ans": "Glitter ",
          "pnt": 24
        }
      ],
      "multiply": 2,
      "question": "Name Something You Might Use To Decorate A Party"
    }
  ],
  "final_round": [
    {
      "answers": [
        [
          "Home",
          44
        ],
        [
          "Out To Eat",
          34
        ],
        [
          "Shopping",
          12
        ],
        [
          "Friend’s/Relatives House",
          8
        ]
      ],
      "question": "Where Do People Go After They Leave Church Service?"
    },
    {
      "answers": [
        [
          "No Tips",
          50
        ],
        [
          "Rude Customers",
          33
        ],
        [
          "Spill/ Drop Food",
          21
        ],
        [
          "Busy",
          14
        ],
        [
          "Fired",
          9
        ]
      ],
      "question": "Why Might A Waiter Say He Had Bad Day?"
    },
    {
      "answers": [
        [
          "Movie Theatre",
          32
        ],
        [
          "Dance",
          27
        ],
        [
          "Wedding",
          19
        ],
        [
          "Restaurant",
          17
        ],
        [
          "Bar",
          3
        ]
      ],
      "question": "Name A Place Where Many People Would Feel Uncomfortable Going Without A Date."
    },
    {
      "answers": [
        [
          "Clothes",
          55
        ],
        [
          "Cash",
          15
        ],
        [
          "Books",
          7
        ],
        [
          "Candy",
          7
        ],
        [
          "Bike",
          3
        ],
        [
          "Underware",
          3
        ],
        [
          "Ball",
          2
        ]
      ],
      "question": "Besides Toys, Name Something A Kid Might Receive At Christmas"
    }
  ],
  "final_round_timers": [
    20,
    25
  ]
}