{
  "rounds": [
    {
      "answers": [
        {
          "ans": "Tony",
          "pnt": 48
        },
        {
          "ans": "Don",
          "pnt": 31
        },
        {
          "ans": "Joey",
          "pnt": 20
        },
        {
          "ans": "Frank",
          "pnt": 13
        },
        {
          "ans": "Al",
          "pnt": 9
        },
        {
          "ans": "Scarface",
          "pnt": 6
        },
        {
          "ans": "Vinny",
          "pnt": 3
        }
      ],
      "multiply": 1,
      "question": "Which Mans Name Are You Likely To Hear In A Mafia Movie"
    },
    {
      "answers": [
        {
          "ans": "Door",
          "pnt": 45
        },
        {
          "ans": "Fan",
          "pnt": 29
        },
        {
          "ans": "Outlet",
          "pnt": 13
        },
        {
          "ans": "Cookie Jar",
          "pnt": 6
        }
      ],
      "multiply": 1,
      "question": "Name Something Parents Warn Their Children Not To Get Their Fingers Caught In."
    },
    {
      "answers": [
        {
          "ans": "Food/Drink",
          "pnt": 44
        },
        {
          "ans": "Magazine/Paper",
          "pnt": 27
        },
        {
          "ans": "Souveniers",
          "pnt": 11
        },
        {
          "ans": "Luggage Fee",
          "pnt": 9
        },
        {
          "ans": "Parking",
          "pnt": 6
        }
      ],
      "multiply": 1,
      "question": "Besides Your Plane Ticket, Name Something You Can Spend Money On At An Airport"
    },
    {
      "answers": [
        {
          "ans": "Recycling",
          "pnt": 43
        },
        {
          "ans": "Buy Hybrid Car",
          "pnt": 20
        },
        {
          "ans": "Use Less Paper",
          "pnt": 14
        },
        {
          "ans": "Plant Trees",
          "pnt": 12
        }
      ],
      "multiply": 2,
      "question": "What Are Some Actions People Might Take To Be More Earth Friendly?"
    },
    {
      "answers": [
        {
          "ans": "TV",
          "pnt": 37
        },
        {
          "ans": "Video Games",
          "pnt": 20
        },
        {
          "ans": "Toys",
          "pnt": 13
        },
        {
          "ans": "Books",
          "pnt": 11
        },
        {
          "ans": "Snacks",
          "pnt": 9
        },
        {
          "ans": "Music",
          "pnt": 6
        }
      ],
      "multiply": 2,
      "question": "Instead Of Magazines, Name Something You wish Your Dentist’s Waiting Room Had?"
    },
    {
      "answers": [
        {
          "ans": "Your Highness",
          "pnt": 39
        },
        {
          "ans": "Your Majesty",
          "pnt": 33
        },
        {
          "ans": "Sir",
          "pnt": 19
        },
        {
          "ans": "Madam",
          "pnt": 6
        }
      ],
      "multiply": 2,
      "question": "Name A Word Or Phrase You Might Use When Addressing Royalty."
    }
  ],
  "final_round": [
    {
      "answers": [
        [
          "Food/Milk",
          43
        ],
        [
          "Pets/Scratches",
          25
        ],
        [
          "Clean Litterbox",
          10
        ],
        [
          "Catnip",
          7
        ],
        [
          "Attention",
          4
        ]
      ],
      "question": "If Your Cat Learned To Speak, Name Something It Would Ask For"
    },
    {
      "answers": [
        [
          "Sand In Toes ",
          56
        ],
        [
          "Bad Weather ",
          36
        ],
        [
          "Insects ",
          24
        ]
      ],
      "question": "What Is the Worst Part About Going to The Beach"
    },
    {
      "answers": [
        [
          "Perfectionist",
          34
        ],
        [
          "Saint",
          25
        ],
        [
          "Angel",
          21
        ],
        [
          "Do Gooder",
          10
        ],
        [
          "Goody Two Shoes",
          8
        ]
      ],
      "question": "Name A Word For Someone Who Never Does Anything Wrong"
    },
    {
      "answers": [
        [
          "Grand Canyon",
          30
        ],
        [
          "Empire State Building",
          15
        ],
        [
          "Space Needle",
          14
        ],
        [
          "Eiffel Tower",
          12
        ],
        [
          "Washington Monument",
          9
        ],
        [
          "Niagra Falls",
          7
        ],
        [
          "St. Louis Arch",
          5
        ]
      ],
      "question": "Name A Tourist Attraction That Offers A Great View"
    }
  ],
  "final_round_timers": [
    20,
    25
  ]
}