{
  "rounds": [
    {
      "answers": [
        {
          "ans": "Write / Hold Pen ",
          "pnt": 58
        },
        {
          "ans": "Hitch Hike ",
          "pnt": 38
        },
        {
          "ans": "Tie Shoelaces ",
          "pnt": 25
        },
        {
          "ans": "Use Scissors ",
          "pnt": 16
        },
        {
          "ans": "Light A Lighter ",
          "pnt": 11
        }
      ],
      "multiply": 1,
      "question": "Name Something That Would Be Hard To Do Without A Thumb"
    },
    {
      "answers": [
        {
          "ans": "Tie",
          "pnt": 48
        },
        {
          "ans": "Tools",
          "pnt": 13
        },
        {
          "ans": "Socks",
          "pnt": 12
        },
        {
          "ans": "Money",
          "pnt": 12
        },
        {
          "ans": "Cologne",
          "pnt": 4
        },
        {
          "ans": "Shirt",
          "pnt": 4
        },
        {
          "ans": "Watch",
          "pnt": 2
        }
      ],
      "multiply": 1,
      "question": "If All Else Fails, Name Something People Get For Dad For The Holidays."
    },
    {
      "answers": [
        {
          "ans": "Pick Nose",
          "pnt": 55
        },
        {
          "ans": "Suck Thumb",
          "pnt": 36
        },
        {
          "ans": "Bite Nails",
          "pnt": 23
        },
        {
          "ans": "Lying",
          "pnt": 15
        },
        {
          "ans": "Swearing",
          "pnt": 10
        }
      ],
      "multiply": 1,
      "question": "What Is A Bad Habit A Little Kid Would Have"
    },
    {
      "answers": [
        {
          "ans": "Grocery Store",
          "pnt": 43
        },
        {
          "ans": "Bank",
          "pnt": 28
        },
        {
          "ans": "Bakery",
          "pnt": 18
        },
        {
          "ans": "Restaurant",
          "pnt": 12
        },
        {
          "ans": "Clothing Store",
          "pnt": 8
        },
        {
          "ans": "Bar",
          "pnt": 5
        },
        {
          "ans": "Hair Salon/Barber",
          "pnt": 3
        }
      ],
      "multiply": 2,
      "question": "If You Were Creating The Perfect Small Town, Name A Type Of Business You’d Probably Have At Least One Of"
    },
    {
      "answers": [
        {
          "ans": "Forget Money",
          "pnt": 57
        },
        {
          "ans": "Always Win",
          "pnt": 37
        },
        {
          "ans": "Cheat",
          "pnt": 24
        },
        {
          "ans": "Lose A Lot",
          "pnt": 16
        }
      ],
      "multiply": 2,
      "question": "At The Video Arcade, What Might Your Date Do To Make You Mad"
    },
    {
      "answers": [
        {
          "ans": "Clothes",
          "pnt": 30
        },
        {
          "ans": "Car",
          "pnt": 22
        },
        {
          "ans": "Gas",
          "pnt": 18
        },
        {
          "ans": "Food",
          "pnt": 16
        },
        {
          "ans": "Furniture",
          "pnt": 7
        },
        {
          "ans": "TV",
          "pnt": 4
        }
      ],
      "multiply": 2,
      "question": "Name Something Many people Buy With Credit Card Instead Of Cash"
    }
  ],
  "final_round": [
    {
      "answers": [
        [
          "Peeing",
          41
        ],
        [
          "Diving",
          21
        ],
        [
          "Street Clothes",
          12
        ],
        [
          "Nudity",
          9
        ],
        [
          "Eating",
          7
        ],
        [
          "Rafts",
          5
        ]
      ],
      "question": "Name something That’s forbidden In Most Swimming Pools"
    },
    {
      "answers": [
        [
          "Dinner ",
          53
        ],
        [
          "Hotel / Motel ",
          34
        ],
        [
          "Theatre ",
          23
        ],
        [
          "Flight ",
          15
        ],
        [
          "Holiday ",
          10
        ]
      ],
      "question": "Name Something You Need A Reservation For"
    },
    {
      "answers": [
        [
          "Cloth / Sponge ",
          58
        ],
        [
          "Toilet ",
          38
        ],
        [
          "Worktop ",
          25
        ]
      ],
      "question": "Name A Household Item That Has Lots Of Germs"
    },
    {
      "answers": [
        [
          "Coca Cola ",
          42
        ],
        [
          "Pepsi ",
          27
        ],
        [
          "Dr Pepper ",
          18
        ],
        [
          "Tango ",
          12
        ],
        [
          "Fanta ",
          7
        ],
        [
          "Lilt ",
          5
        ]
      ],
      "question": "Name A Famous Brand OF Soft Drink"
    }
  ],
  "final_round_timers": [
    20,
    25
  ]
}