{
  "rounds": [
    {
      "answers": [
        {
          "ans": "Dogs",
          "pnt": 41
        },
        {
          "ans": "Criminals",
          "pnt": 37
        },
        {
          "ans": "Storms",
          "pnt": 12
        },
        {
          "ans": "Footballs/Balls",
          "pnt": 8
        }
      ],
      "multiply": 1,
      "question": "Name something that some people are paid to chase after."
    },
    {
      "answers": [
        {
          "ans": "Car",
          "pnt": 52
        },
        {
          "ans": "Airplain",
          "pnt": 28
        },
        {
          "ans": "Boat",
          "pnt": 11
        },
        {
          "ans": "Tractor",
          "pnt": 4
        },
        {
          "ans": "Motorcycle",
          "pnt": 3
        },
        {
          "ans": "Robot Dog",
          "pnt": 2
        }
      ],
      "multiply": 1,
      "question": "Name A Toy That Might Be Operated By Remote Control."
    },
    {
      "answers": [
        {
          "ans": "COSTUME",
          "pnt": 35
        },
        {
          "ans": "CANDY",
          "pnt": 18
        },
        {
          "ans": "DECORATIONS",
          "pnt": 17
        },
        {
          "ans": "MUSIC",
          "pnt": 11
        },
        {
          "ans": "PUMPKIN",
          "pnt": 8
        },
        {
          "ans": "DRINKS",
          "pnt": 6
        },
        {
          "ans": "APPLES",
          "pnt": 5
        }
      ],
      "multiply": 1,
      "question": "Name Something You Might Want To Buy If You’re Hosting A Halloween Party"
    },
    {
      "answers": [
        {
          "ans": "Ice Cream",
          "pnt": 38
        },
        {
          "ans": "Applesauce",
          "pnt": 22
        },
        {
          "ans": "Pudding",
          "pnt": 15
        },
        {
          "ans": "Peanut Butter",
          "pnt": 9
        },
        {
          "ans": "Jell O",
          "pnt": 8
        },
        {
          "ans": "Mashed Potatoes",
          "pnt": 3
        },
        {
          "ans": "Yogurt",
          "pnt": 3
        }
      ],
      "multiply": 2,
      "question": "Name A Food That A Parent Might Hide Their Child’s Pill In, To Get Them To Swallow It."
    },
    {
      "answers": [
        {
          "ans": "Run / Jog ",
          "pnt": 40
        },
        {
          "ans": "Excercise ",
          "pnt": 26
        },
        {
          "ans": "Walk ",
          "pnt": 17
        },
        {
          "ans": "Aerobics ",
          "pnt": 11
        },
        {
          "ans": "Gym ",
          "pnt": 7
        }
      ],
      "multiply": 2,
      "question": "Name Something People Do To Keep Fit"
    },
    {
      "answers": [
        {
          "ans": "Bum ",
          "pnt": 53
        },
        {
          "ans": "Backside ",
          "pnt": 34
        },
        {
          "ans": "Derriere ",
          "pnt": 23
        },
        {
          "ans": "Behind ",
          "pnt": 15
        },
        {
          "ans": "Rear ",
          "pnt": 10
        },
        {
          "ans": "Buttock ",
          "pnt": 6
        }
      ],
      "multiply": 2,
      "question": "Name A Polite Word For Your Bottom"
    }
  ],
  "final_round": [
    {
      "answers": [
        [
          "Cocktails",
          45
        ],
        [
          "Food",
          33
        ],
        [
          "Bright Lights",
          6
        ],
        [
          "Beautiful Women",
          6
        ],
        [
          "Entertainment",
          4
        ]
      ],
      "question": "Other Than Gambling, What Do Casinos Have Inside To Get Customers To Stick Around"
    },
    {
      "answers": [
        [
          "Knife",
          71
        ],
        [
          "Fork",
          16
        ],
        [
          "Teeth",
          6
        ],
        [
          "Steak Sauce",
          5
        ]
      ],
      "question": "Name Something You Would Need To Eat A Steak."
    },
    {
      "answers": [
        [
          "Hot",
          38
        ],
        [
          "Tangles",
          24
        ],
        [
          "Looks Like A Girl",
          19
        ],
        [
          "Hard To Wash",
          7
        ],
        [
          "In Their Eyes",
          7
        ]
      ],
      "question": "Name A Reason Why A Child Might Not Want Long Hair"
    },
    {
      "answers": [
        [
          "Doctor",
          51
        ],
        [
          "Lawyer",
          25
        ],
        [
          "Actor",
          15
        ],
        [
          "Politician",
          5
        ],
        [
          "Author",
          4
        ]
      ],
      "question": "Name An Occupation In Which People Often Use Their Middle Name Or Initial."
    }
  ],
  "final_round_timers": [
    20,
    25
  ]
}