{
  "rounds": [
    {
      "answers": [
        {
          "ans": "Bungee Jumping ",
          "pnt": 52
        },
        {
          "ans": "Parachuting ",
          "pnt": 34
        },
        {
          "ans": "Roller Coaster ",
          "pnt": 22
        },
        {
          "ans": "Hang Gliding ",
          "pnt": 14
        },
        {
          "ans": "Skiing ",
          "pnt": 9
        }
      ],
      "multiply": 1,
      "question": "Name Something People Are Afraid To Try Even Through It Seems Fun"
    },
    {
      "answers": [
        {
          "ans": "Open Presents ",
          "pnt": 57
        },
        {
          "ans": "Eat ",
          "pnt": 37
        },
        {
          "ans": "Drink ",
          "pnt": 24
        },
        {
          "ans": "Church ",
          "pnt": 16
        },
        {
          "ans": "Sing ",
          "pnt": 10
        }
      ],
      "multiply": 1,
      "question": "Name Something You Might Do On Christmas Day"
    },
    {
      "answers": [
        {
          "ans": "Flashlight",
          "pnt": 30
        },
        {
          "ans": "Map",
          "pnt": 18
        },
        {
          "ans": "Umbrella",
          "pnt": 14
        },
        {
          "ans": "Registration",
          "pnt": 13
        },
        {
          "ans": "Sunglasses",
          "pnt": 11
        },
        {
          "ans": "Tissues",
          "pnt": 8
        }
      ],
      "multiply": 1,
      "question": "What Item Do People Always Keep Inside Their Cars?"
    },
    {
      "answers": [
        {
          "ans": "Shorts",
          "pnt": 49
        },
        {
          "ans": "Hat",
          "pnt": 32
        },
        {
          "ans": "Bikini",
          "pnt": 21
        },
        {
          "ans": "Gloves",
          "pnt": 14
        },
        {
          "ans": "Protective Eyewear",
          "pnt": 9
        },
        {
          "ans": "Mask",
          "pnt": 6
        }
      ],
      "multiply": 2,
      "question": "Name Something Some People Wear While Mowing The Lawn, But You Wouldn’t"
    },
    {
      "answers": [
        {
          "ans": "Icing",
          "pnt": 55
        },
        {
          "ans": "Sugar Sprinkles",
          "pnt": 36
        },
        {
          "ans": "Chocolate Chips",
          "pnt": 23
        },
        {
          "ans": "Candy",
          "pnt": 15
        }
      ],
      "multiply": 2,
      "question": "Name Something Tasty That’s Used To Decorate Christmas Cookies"
    },
    {
      "answers": [
        {
          "ans": "Water / Drink ",
          "pnt": 48
        },
        {
          "ans": "Helmet ",
          "pnt": 31
        },
        {
          "ans": "Pump ",
          "pnt": 20
        },
        {
          "ans": "Map ",
          "pnt": 13
        },
        {
          "ans": "Backpack ",
          "pnt": 9
        }
      ],
      "multiply": 2,
      "question": "Name Something You Might Take With You On A Bicycle Tour"
    }
  ],
  "final_round": [
    {
      "answers": [
        [
          "Jack Sparrow",
          44
        ],
        [
          "Captain Hook",
          33
        ],
        [
          "Blackbeard",
          19
        ],
        [
          "Long John Silver",
          3
        ]
      ],
      "question": "Name A Famous Pirate"
    },
    {
      "answers": [
        [
          "Sick",
          40
        ],
        [
          "Exercise/Lifting",
          31
        ],
        [
          "Tired/slept wrong",
          11
        ],
        [
          "Arthritis/old age",
          6
        ],
        [
          "Stress",
          5
        ],
        [
          "Injury",
          4
        ]
      ],
      "question": "If your body aches,tell me what a possible cause might be."
    },
    {
      "answers": [
        [
          "Romantic Life",
          32
        ],
        [
          "Weight",
          30
        ],
        [
          "Financial Situation",
          25
        ],
        [
          "Age",
          12
        ]
      ],
      "question": "Name Something A Friend Should Never Ask About, No Matter How Well They Know You"
    },
    {
      "answers": [
        [
          "Toilet",
          55
        ],
        [
          "Phone",
          36
        ],
        [
          "Door Knob",
          23
        ]
      ],
      "question": "Name The Object That Has The Most Germs In Home"
    }
  ],
  "final_round_timers": [
    20,
    25
  ]
}