{
  "rounds": [
    {
      "answers": [
        {
          "ans": "Too Hot",
          "pnt": 47
        },
        {
          "ans": "Expensive",
          "pnt": 24
        },
        {
          "ans": "Volcano",
          "pnt": 18
        },
        {
          "ans": "Far Away",
          "pnt": 10
        }
      ],
      "multiply": 1,
      "question": "Despite Its Beauty, Name A Reason Why You Wouldn’t Want To Live In Hawaii."
    },
    {
      "answers": [
        {
          "ans": "Chores",
          "pnt": 29
        },
        {
          "ans": "Drive carefully",
          "pnt": 27
        },
        {
          "ans": "Fill it up",
          "pnt": 25
        },
        {
          "ans": "Make curfew",
          "pnt": 11
        },
        {
          "ans": "Wash it",
          "pnt": 6
        }
      ],
      "multiply": 1,
      "question": "Name something that kids promise their parents they’ll do if they’re allowed to borrow the family car."
    },
    {
      "answers": [
        {
          "ans": "Werinkles",
          "pnt": 54
        },
        {
          "ans": "Aches",
          "pnt": 20
        },
        {
          "ans": "Gray Hair",
          "pnt": 14
        },
        {
          "ans": "Sagd",
          "pnt": 8
        }
      ],
      "multiply": 1,
      "question": "What Happens To Your Body That Lets You Know You’re Getting Old?"
    },
    {
      "answers": [
        {
          "ans": "Hot Dogs",
          "pnt": 17
        },
        {
          "ans": "Pudding",
          "pnt": 17
        },
        {
          "ans": "Little Cereal Boxes",
          "pnt": 15
        },
        {
          "ans": "Beer",
          "pnt": 13
        },
        {
          "ans": "Soda",
          "pnt": 12
        },
        {
          "ans": "Yogurt",
          "pnt": 12
        },
        {
          "ans": "Eggs",
          "pnt": 9
        }
      ],
      "multiply": 2,
      "question": "Name A Food That Comes In Packs Of Six Or More"
    },
    {
      "answers": [
        {
          "ans": "Water ",
          "pnt": 54
        },
        {
          "ans": "Window / Glass ",
          "pnt": 35
        },
        {
          "ans": "Lake / Pond ",
          "pnt": 23
        },
        {
          "ans": "Polished Steel ",
          "pnt": 15
        },
        {
          "ans": "Cup ",
          "pnt": 10
        }
      ],
      "multiply": 2,
      "question": "Apart From A Mirror Name Something You Might See You're Reflection In"
    },
    {
      "answers": [
        {
          "ans": "Cars",
          "pnt": 41
        },
        {
          "ans": "Toilet/Sink",
          "pnt": 33
        },
        {
          "ans": "Refrigerator",
          "pnt": 9
        },
        {
          "ans": "Nose",
          "pnt": 8
        }
      ],
      "multiply": 2,
      "question": "Name Something That Runs, But Doesn’t Have Legs"
    }
  ],
  "final_round": [
    {
      "answers": [
        [
          "Horse ",
          40
        ],
        [
          "Dog ",
          26
        ],
        [
          "Snake ",
          17
        ]
      ],
      "question": "Name A Big Pet"
    },
    {
      "answers": [
        [
          "Oil ",
          49
        ],
        [
          "Battery ",
          32
        ],
        [
          "Radiator ",
          21
        ],
        [
          "Engine ",
          14
        ],
        [
          "Water ",
          9
        ]
      ],
      "question": "Name Something You Might Check Under The Bonnet Of Your Car"
    },
    {
      "answers": [
        [
          "Mushroom",
          29
        ],
        [
          "Meat",
          17
        ],
        [
          "Garlic",
          14
        ],
        [
          "Bell Pepper",
          13
        ],
        [
          "Oregano",
          8
        ],
        [
          "Onion",
          6
        ],
        [
          "Basil",
          5
        ]
      ],
      "question": "Besides Tomatoes, Name Something You Sometimes Find In Spaghetti Sauce"
    },
    {
      "answers": [
        [
          "Big Ears",
          80
        ],
        [
          "Higher Pitch Voice",
          7
        ],
        [
          "Costume",
          5
        ],
        [
          "Tail",
          3
        ]
      ],
      "question": "Name Something You’d Need If You Were Going To Impersonate Mickey Mouse"
    }
  ],
  "final_round_timers": [
    20,
    25
  ]
}