{
  "rounds": [
    {
      "answers": [
        {
          "ans": "Watch TV",
          "pnt": 34
        },
        {
          "ans": "Talk On The Phone",
          "pnt": 18
        },
        {
          "ans": "Sleep",
          "pnt": 15
        },
        {
          "ans": "Eat",
          "pnt": 14
        },
        {
          "ans": "Read/Study",
          "pnt": 13
        }
      ],
      "multiply": 1,
      "question": "Name Something That People With Roommates Do More Of In Their Bedroom Than People Without"
    },
    {
      "answers": [
        {
          "ans": "Had To Work Late ",
          "pnt": 46
        },
        {
          "ans": "Overtime ",
          "pnt": 30
        },
        {
          "ans": "Stuck In Traffic ",
          "pnt": 20
        },
        {
          "ans": "Car Broke Down ",
          "pnt": 13
        },
        {
          "ans": "Drinking ",
          "pnt": 8
        }
      ],
      "multiply": 1,
      "question": "Name An Excuse A Husband Gives For Coming Home Late"
    },
    {
      "answers": [
        {
          "ans": "Mud / Dirt ",
          "pnt": 51
        },
        {
          "ans": "Bacon ",
          "pnt": 33
        },
        {
          "ans": "A Sty ",
          "pnt": 22
        },
        {
          "ans": "Pork ",
          "pnt": 14
        },
        {
          "ans": "Smell ",
          "pnt": 9
        }
      ],
      "multiply": 1,
      "question": "Name Something Associated With A Pig"
    },
    {
      "answers": [
        {
          "ans": "Tony The Tiger",
          "pnt": 53
        },
        {
          "ans": "Cap’n Crunch",
          "pnt": 24
        },
        {
          "ans": "Trix Rabbit",
          "pnt": 13
        },
        {
          "ans": "Toucan Sam",
          "pnt": 9
        }
      ],
      "multiply": 2,
      "question": "Name A Character Famous For Selling Cereal."
    },
    {
      "answers": [
        {
          "ans": "Beach/Park",
          "pnt": 35
        },
        {
          "ans": "Pool",
          "pnt": 24
        },
        {
          "ans": "Shoe Store",
          "pnt": 15
        },
        {
          "ans": "Gym",
          "pnt": 11
        },
        {
          "ans": "Place Of Worship",
          "pnt": 6
        },
        {
          "ans": "Bowling alley",
          "pnt": 4
        }
      ],
      "multiply": 2,
      "question": "Name A Pubic Place Where You Take Off Your Shoes."
    },
    {
      "answers": [
        {
          "ans": "Singing",
          "pnt": 44
        },
        {
          "ans": "Speech",
          "pnt": 29
        },
        {
          "ans": "Smiling",
          "pnt": 19
        }
      ],
      "multiply": 2,
      "question": "Something Specific People Do In Front Of Mirror"
    }
  ],
  "final_round": [
    {
      "answers": [
        [
          "Pet",
          34
        ],
        [
          "Friend",
          26
        ],
        [
          "Child",
          23
        ],
        [
          "Partner",
          12
        ],
        [
          "Car",
          3
        ]
      ],
      "question": "Who Or What Might You Give A Nickname To?"
    },
    {
      "answers": [
        [
          "Martini",
          67
        ],
        [
          "Salad",
          18
        ],
        [
          "Pizza",
          10
        ],
        [
          "Jar",
          3
        ]
      ],
      "question": "Name Something You Might Find An Olive In."
    },
    {
      "answers": [
        [
          "Heart",
          45
        ],
        [
          "Brain",
          29
        ],
        [
          "Blood",
          19
        ],
        [
          "Emotions",
          12
        ],
        [
          "Skin/Hair",
          8
        ]
      ],
      "question": "What Does A human Have That A Robot Doesn’t"
    },
    {
      "answers": [
        [
          "Love",
          52
        ],
        [
          "Life",
          23
        ],
        [
          "Money",
          11
        ],
        [
          "Safe driving",
          3
        ]
      ],
      "question": "Name Something Teens Think They Understand Long Before They Really Do."
    }
  ],
  "final_round_timers": [
    20,
    25
  ]
}