{
  "rounds": [
    {
      "answers": [
        {
          "ans": "Milk ",
          "pnt": 52
        },
        {
          "ans": "Butter ",
          "pnt": 34
        },
        {
          "ans": "Beer ",
          "pnt": 22
        },
        {
          "ans": "Drinks ",
          "pnt": 14
        },
        {
          "ans": "Ice Cream ",
          "pnt": 9
        }
      ],
      "multiply": 1,
      "question": "Name Something That Needs To Be Kept In The Fridge"
    },
    {
      "answers": [
        {
          "ans": "Kissing/Snuggling",
          "pnt": 47
        },
        {
          "ans": "Walking",
          "pnt": 19
        },
        {
          "ans": "Dancing",
          "pnt": 14
        },
        {
          "ans": "Eating",
          "pnt": 14
        }
      ],
      "multiply": 1,
      "question": "If You Were Dating A Real Knight In Shining Armor, Name Something You’d Have Difficulty Doing Together."
    },
    {
      "answers": [
        {
          "ans": "Drums ",
          "pnt": 52
        },
        {
          "ans": "Guitar ",
          "pnt": 34
        },
        {
          "ans": "Keyboard ",
          "pnt": 22
        }
      ],
      "multiply": 1,
      "question": "Name An Instrument Found In A Band"
    },
    {
      "answers": [
        {
          "ans": "Uncle ",
          "pnt": 55
        },
        {
          "ans": "Father ",
          "pnt": 36
        },
        {
          "ans": "Brother ",
          "pnt": 23
        },
        {
          "ans": "Grandfather ",
          "pnt": 15
        },
        {
          "ans": "Brother In Law ",
          "pnt": 10
        },
        {
          "ans": "Father In Law ",
          "pnt": 6
        }
      ],
      "multiply": 2,
      "question": "Name A Male Relative"
    },
    {
      "answers": [
        {
          "ans": "Fan",
          "pnt": 49
        },
        {
          "ans": "Light",
          "pnt": 16
        },
        {
          "ans": "Mirror",
          "pnt": 14
        },
        {
          "ans": "Star Stickers",
          "pnt": 4
        },
        {
          "ans": "Poster",
          "pnt": 3
        },
        {
          "ans": "Cracks",
          "pnt": 2
        },
        {
          "ans": "Fly",
          "pnt": 2
        }
      ],
      "multiply": 2,
      "question": "Name Something You Might See On A Bedroom Ceiling"
    },
    {
      "answers": [
        {
          "ans": "Store",
          "pnt": 52
        },
        {
          "ans": "Gas Station",
          "pnt": 34
        },
        {
          "ans": "Mailbox",
          "pnt": 22
        },
        {
          "ans": "Kids School",
          "pnt": 14
        }
      ],
      "multiply": 2,
      "question": "Place You Might Go Quickly In Pajamas"
    }
  ],
  "final_round": [
    {
      "answers": [
        [
          "Canada",
          39
        ],
        [
          "Mexico",
          19
        ],
        [
          "Puerto Rico",
          14
        ],
        [
          "England",
          7
        ],
        [
          "Australia",
          6
        ],
        [
          "France",
          6
        ],
        [
          "Italy",
          5
        ]
      ],
      "question": "Which Country Would You Want To Become The 51st American State?"
    },
    {
      "answers": [
        [
          "Lots Of rooms",
          33
        ],
        [
          "Pool",
          28
        ],
        [
          "staff",
          22
        ],
        [
          "Elevator",
          8
        ],
        [
          "Gate",
          4
        ]
      ],
      "question": "Name something A House Needs In Order To Be Considered A Mansion"
    },
    {
      "answers": [
        [
          "Dirty Water",
          38
        ],
        [
          "Can’t Swim",
          35
        ],
        [
          "Cold",
          11
        ],
        [
          "Kids In It",
          5
        ],
        [
          "Clorine",
          3
        ],
        [
          "Crowded",
          3
        ]
      ],
      "question": "Why Might Someone Refuse To Use A Swimming Pool?"
    },
    {
      "answers": [
        [
          "Tights",
          42
        ],
        [
          "Mask",
          27
        ],
        [
          "Shorts",
          18
        ],
        [
          "Belt",
          12
        ],
        [
          "Cape",
          7
        ],
        [
          "Robe",
          5
        ],
        [
          "Leotard",
          3
        ]
      ],
      "question": "Garment In Dressing Room For Pro Wrestling Event"
    }
  ],
  "final_round_timers": [
    20,
    25
  ]
}