{
  "rounds": [
    {
      "answers": [
        {
          "ans": "Out Of Gas",
          "pnt": 42
        },
        {
          "ans": "It’s A Police Car",
          "pnt": 22
        },
        {
          "ans": "Fas GPS",
          "pnt": 19
        },
        {
          "ans": "It Doesn’t Run",
          "pnt": 13
        }
      ],
      "multiply": 1,
      "question": "Name Something A Carjacker Would Hate To Discover About The Car He Stole"
    },
    {
      "answers": [
        {
          "ans": "Taxes",
          "pnt": 56
        },
        {
          "ans": "Birth Certificate",
          "pnt": 36
        },
        {
          "ans": "Will",
          "pnt": 24
        },
        {
          "ans": "Marriage Certificate",
          "pnt": 16
        },
        {
          "ans": "Medical Bills",
          "pnt": 10
        },
        {
          "ans": "Insurance Forms",
          "pnt": 7
        }
      ],
      "multiply": 1,
      "question": "Name a Type Of Document That You Might File And Save For "
    },
    {
      "answers": [
        {
          "ans": "Joke ",
          "pnt": 55
        },
        {
          "ans": "Clown ",
          "pnt": 36
        },
        {
          "ans": "Comedian ",
          "pnt": 23
        },
        {
          "ans": "Babies ",
          "pnt": 15
        },
        {
          "ans": "Laughter ",
          "pnt": 10
        },
        {
          "ans": "Partner ",
          "pnt": 6
        }
      ],
      "multiply": 1,
      "question": "Name Something That Makes People Smile"
    },
    {
      "answers": [
        {
          "ans": "Giddy Up",
          "pnt": 40
        },
        {
          "ans": "Whoa",
          "pnt": 26
        },
        {
          "ans": "Hi Ho",
          "pnt": 17
        },
        {
          "ans": "Yeehaw",
          "pnt": 11
        }
      ],
      "multiply": 2,
      "question": "Name A Word Or Phrase A Cowboy Might Say While On His Horse"
    },
    {
      "answers": [
        {
          "ans": "Squeeze",
          "pnt": 49
        },
        {
          "ans": "Smell",
          "pnt": 32
        },
        {
          "ans": "Cut Open",
          "pnt": 21
        },
        {
          "ans": "Feel It",
          "pnt": 14
        },
        {
          "ans": "Taste It",
          "pnt": 9
        }
      ],
      "multiply": 2,
      "question": "Name Something You Would Do To See If Fruit Was Ripe"
    },
    {
      "answers": [
        {
          "ans": "Foot",
          "pnt": 34
        },
        {
          "ans": "Table",
          "pnt": 16
        },
        {
          "ans": "Fingers",
          "pnt": 16
        },
        {
          "ans": "Drum",
          "pnt": 12
        },
        {
          "ans": "Pencil",
          "pnt": 12
        }
      ],
      "multiply": 2,
      "question": "Name Something You Tap."
    }
  ],
  "final_round": [
    {
      "answers": [
        [
          "Rodents",
          41
        ],
        [
          "Bugs/Roaches",
          27
        ],
        [
          "Dirty Dishes",
          16
        ],
        [
          "Mold",
          5
        ],
        [
          "Hair",
          5
        ]
      ],
      "question": "What Might A Health Inspector Find In A Restaurant That Causes It To Get A Poor Score?"
    },
    {
      "answers": [
        [
          "Fingers ",
          40
        ],
        [
          "Thumbs ",
          26
        ],
        [
          "Nails ",
          17
        ],
        [
          "Knuckles ",
          11
        ],
        [
          "Palm ",
          7
        ]
      ],
      "question": "Name A Part Of Your Hand"
    },
    {
      "answers": [
        [
          "Beach",
          46
        ],
        [
          "Resaurant",
          30
        ],
        [
          "Movie Theatre",
          20
        ],
        [
          "Park/Picnic",
          13
        ]
      ],
      "question": "Name The Most Romantic Place To Go On A First Date"
    },
    {
      "answers": [
        [
          "Broken Heart",
          52
        ],
        [
          "Too Young",
          30
        ],
        [
          "Scared Of It",
          11
        ],
        [
          "Parents Foebid It",
          6
        ]
      ],
      "question": "Name A Reason Why A Teen Might Swear Off Love."
    }
  ],
  "final_round_timers": [
    20,
    25
  ]
}