{
  "rounds": [
    {
      "answers": [
        {
          "ans": "Turkey",
          "pnt": 78
        },
        {
          "ans": "Cornucopia",
          "pnt": 6
        },
        {
          "ans": "Pilgrem Hat",
          "pnt": 5
        },
        {
          "ans": "Card",
          "pnt": 4
        },
        {
          "ans": "Indian Headress",
          "pnt": 3
        },
        {
          "ans": "Pumpkin",
          "pnt": 2
        },
        {
          "ans": "Drawing Of Pilgrims",
          "pnt": 2
        }
      ],
      "multiply": 1,
      "question": "Name A Thanksgiving Item Children Make At School."
    },
    {
      "answers": [
        {
          "ans": "Tape",
          "pnt": 38
        },
        {
          "ans": "Tack",
          "pnt": 29
        },
        {
          "ans": "Glue",
          "pnt": 12
        },
        {
          "ans": "Gum",
          "pnt": 6
        },
        {
          "ans": "String",
          "pnt": 3
        },
        {
          "ans": "Hanger",
          "pnt": 3
        }
      ],
      "multiply": 1,
      "question": "Name Something A resourceful Person Might Use To Hang A Picture If They Didn’t Have A Nail"
    },
    {
      "answers": [
        {
          "ans": "Place Of Worship",
          "pnt": 25
        },
        {
          "ans": "Bar",
          "pnt": 24
        },
        {
          "ans": "Amusement park",
          "pnt": 22
        },
        {
          "ans": "Party",
          "pnt": 15
        },
        {
          "ans": "Beach",
          "pnt": 8
        }
      ],
      "multiply": 1,
      "question": "Name A Place Where Everyone Seems To Be In A Good Mood."
    },
    {
      "answers": [
        {
          "ans": "Dancing",
          "pnt": 33
        },
        {
          "ans": "Saturday Night Fever",
          "pnt": 26
        },
        {
          "ans": "Pulp Fiction",
          "pnt": 15
        },
        {
          "ans": "Grease",
          "pnt": 11
        },
        {
          "ans": "Pilot",
          "pnt": 5
        },
        {
          "ans": "Scientology",
          "pnt": 4
        }
      ],
      "multiply": 2,
      "question": "Name Something Associated With John Travolta."
    },
    {
      "answers": [
        {
          "ans": "Sahara",
          "pnt": 65
        },
        {
          "ans": "Mojave",
          "pnt": 17
        },
        {
          "ans": "Death Valley",
          "pnt": 9
        },
        {
          "ans": "Gobi",
          "pnt": 5
        }
      ],
      "multiply": 2,
      "question": "Name A Famous Desert"
    },
    {
      "answers": [
        {
          "ans": "Celebrities",
          "pnt": 57
        },
        {
          "ans": "Bright Lights",
          "pnt": 16
        },
        {
          "ans": "Palm Trees",
          "pnt": 15
        },
        {
          "ans": "Prints On Sidewalk",
          "pnt": 8
        }
      ],
      "multiply": 2,
      "question": "Name Something People Imagine They’d See On Every Street In Hollywood"
    }
  ],
  "final_round": [
    {
      "answers": [
        [
          "Toast",
          26
        ],
        [
          "Rice",
          21
        ],
        [
          "Eggs",
          18
        ],
        [
          "Chicken",
          13
        ],
        [
          "Steak",
          8
        ],
        [
          "Bacon",
          5
        ]
      ],
      "question": "Name A Food That Often Gets Burned"
    },
    {
      "answers": [
        [
          "Swimming ",
          41
        ],
        [
          "Showering ",
          27
        ],
        [
          "Water Skiing ",
          17
        ],
        [
          "Judo / Karate ",
          11
        ],
        [
          "Grape Crushing ",
          7
        ]
      ],
      "question": "Name An Activity Done In Barefoot"
    },
    {
      "answers": [
        [
          "Fancy Food",
          42
        ],
        [
          "Wine",
          13
        ],
        [
          "Napkins",
          12
        ],
        [
          "Candles",
          8
        ],
        [
          "Cocktail Glasses",
          7
        ],
        [
          "Flowers",
          6
        ],
        [
          "Music",
          4
        ]
      ],
      "question": "Besides Dishes And Utensils, What Else Do You Need To Host A Fancy Dinner Party?"
    },
    {
      "answers": [
        [
          "Crib",
          48
        ],
        [
          "Clothes",
          30
        ],
        [
          "Diapers",
          10
        ],
        [
          "Stroller",
          4
        ],
        [
          "Bottles",
          3
        ],
        [
          "Car Seat",
          3
        ]
      ],
      "question": "What’s The First Thing New Parents Buy After Finding Out They’re Having A Baby?"
    }
  ],
  "final_round_timers": [
    20,
    25
  ]
}