{
  "rounds": [
    {
      "answers": [
        {
          "ans": "Bagels",
          "pnt": 46
        },
        {
          "ans": "Rolls",
          "pnt": 30
        },
        {
          "ans": "Donuts",
          "pnt": 20
        },
        {
          "ans": "Muffins",
          "pnt": 13
        },
        {
          "ans": "Cakes",
          "pnt": 8
        },
        {
          "ans": "Buns",
          "pnt": 5
        },
        {
          "ans": "Croissant",
          "pnt": 3
        }
      ],
      "multiply": 1,
      "question": "Besides A Loaf Of Bread, Name Something You Might Buy In The Bread Section Of The Supermarket"
    },
    {
      "answers": [
        {
          "ans": "Wait Tables",
          "pnt": 34
        },
        {
          "ans": "Clean",
          "pnt": 24
        },
        {
          "ans": "Security",
          "pnt": 13
        },
        {
          "ans": "Commercials",
          "pnt": 10
        },
        {
          "ans": "Valet Parking",
          "pnt": 8
        },
        {
          "ans": "Model",
          "pnt": 6
        },
        {
          "ans": "Singing Telegram",
          "pnt": 5
        }
      ],
      "multiply": 1,
      "question": "What’s A Job Out Of Work Actors Do?"
    },
    {
      "answers": [
        {
          "ans": "Bus",
          "pnt": 46
        },
        {
          "ans": "Bicycle",
          "pnt": 30
        },
        {
          "ans": "Car",
          "pnt": 20
        },
        {
          "ans": "Airplane",
          "pnt": 13
        },
        {
          "ans": "Motorcycle",
          "pnt": 8
        },
        {
          "ans": "Subway",
          "pnt": 5
        },
        {
          "ans": "Train",
          "pnt": 3
        }
      ],
      "multiply": 1,
      "question": "Name A Mode Of Transportation That Is Hard Caring For Children"
    },
    {
      "answers": [
        {
          "ans": "Jokes",
          "pnt": 50
        },
        {
          "ans": "Clown",
          "pnt": 23
        },
        {
          "ans": "Movies",
          "pnt": 21
        },
        {
          "ans": "Comedian",
          "pnt": 3
        }
      ],
      "multiply": 2,
      "question": "Name Something That’s Supposed To Be Funny, But Rarely Is."
    },
    {
      "answers": [
        {
          "ans": "Steroids",
          "pnt": 55
        },
        {
          "ans": "Fighting",
          "pnt": 19
        },
        {
          "ans": "Bad Attitude",
          "pnt": 9
        },
        {
          "ans": "Bad Grades",
          "pnt": 6
        }
      ],
      "multiply": 2,
      "question": "Name A Reason Why A College Football Player Might Get Kicked Off His Team."
    },
    {
      "answers": [
        {
          "ans": "Lemonade",
          "pnt": 36
        },
        {
          "ans": "Iced Tea",
          "pnt": 25
        },
        {
          "ans": "Water",
          "pnt": 19
        },
        {
          "ans": "Beer",
          "pnt": 10
        },
        {
          "ans": "kool Aid",
          "pnt": 5
        }
      ],
      "multiply": 2,
      "question": "Name Something People Drink A Lot Of In The Summer"
    }
  ],
  "final_round": [
    {
      "answers": [
        [
          "Bar",
          29
        ],
        [
          "Concert",
          26
        ],
        [
          "Mall",
          19
        ],
        [
          "Restaurant",
          13
        ],
        [
          "Movie Theatre",
          11
        ]
      ],
      "question": "Name A Place Where There’s Often A Line For The Women’s Restroom."
    },
    {
      "answers": [
        [
          "Face To Face",
          36
        ],
        [
          "Mail",
          29
        ],
        [
          "Sign Language",
          15
        ],
        [
          "Smoke Signal",
          6
        ],
        [
          "Morse Code",
          5
        ],
        [
          "Telapathy",
          4
        ],
        [
          "Body Language",
          4
        ]
      ],
      "question": "Tell Me A Way To Communicate Without Technology."
    },
    {
      "answers": [
        [
          "Sandals",
          35
        ],
        [
          "Bathing Suit",
          22
        ],
        [
          "Sun Dress",
          15
        ],
        [
          "Sun Hat",
          10
        ],
        [
          "Shorts",
          7
        ],
        [
          "Sunscreen",
          3
        ]
      ],
      "question": "Name Something That You Would wear To A Wedding In The Dessert"
    },
    {
      "answers": [
        [
          "Mow Lawns",
          49
        ],
        [
          "Babysit",
          17
        ],
        [
          "Paper Route",
          10
        ],
        [
          "Sell Lemonade",
          8
        ],
        [
          "Wash Cars",
          8
        ],
        [
          "Chores",
          5
        ]
      ],
      "question": "Name Something A Kid Would Do After School To Make An Extra Buck"
    }
  ],
  "final_round_timers": [
    20,
    25
  ]
}