{
  "rounds": [
    {
      "answers": [
        {
          "ans": "Airplane",
          "pnt": 48
        },
        {
          "ans": "Kite",
          "pnt": 29
        },
        {
          "ans": "Balloons",
          "pnt": 10
        },
        {
          "ans": "UFO",
          "pnt": 9
        }
      ],
      "multiply": 1,
      "question": "What Are Some Non-Living Thing That You Might See Flying In The Sky?"
    },
    {
      "answers": [
        {
          "ans": "Hold Nose & Blow ",
          "pnt": 49
        },
        {
          "ans": "Yawn ",
          "pnt": 32
        },
        {
          "ans": "Chew Gum ",
          "pnt": 21
        },
        {
          "ans": "Swallow ",
          "pnt": 14
        },
        {
          "ans": "Shake Finger In Ear ",
          "pnt": 9
        }
      ],
      "multiply": 1,
      "question": "Name Something You Do To Pop Stuffed Ears"
    },
    {
      "answers": [
        {
          "ans": "Evergreen",
          "pnt": 45
        },
        {
          "ans": "Cinnamon",
          "pnt": 22
        },
        {
          "ans": "Cookies",
          "pnt": 15
        },
        {
          "ans": "Turkey",
          "pnt": 6
        },
        {
          "ans": "Peppermint",
          "pnt": 5
        },
        {
          "ans": "Ham",
          "pnt": 3
        },
        {
          "ans": "Apples",
          "pnt": 2
        }
      ],
      "multiply": 1,
      "question": "Name a smell typically associated with Christmas."
    },
    {
      "answers": [
        {
          "ans": "Wand ",
          "pnt": 48
        },
        {
          "ans": "Rabbit ",
          "pnt": 31
        },
        {
          "ans": "Hat ",
          "pnt": 20
        },
        {
          "ans": "Assistant ",
          "pnt": 13
        },
        {
          "ans": "Pack Of Cards ",
          "pnt": 9
        }
      ],
      "multiply": 2,
      "question": "Name Something a Magician Might Have"
    },
    {
      "answers": [
        {
          "ans": "Deceptiveness",
          "pnt": 51
        },
        {
          "ans": "Middle Aged",
          "pnt": 33
        },
        {
          "ans": "Male",
          "pnt": 22
        },
        {
          "ans": "White",
          "pnt": 14
        },
        {
          "ans": "Handsome",
          "pnt": 9
        },
        {
          "ans": "Smart",
          "pnt": 6
        },
        {
          "ans": "Wealthy",
          "pnt": 4
        }
      ],
      "multiply": 2,
      "question": "Name Something That Doesn’t Have A Characteristic Of President"
    },
    {
      "answers": [
        {
          "ans": "Rock",
          "pnt": 39
        },
        {
          "ans": "Meat",
          "pnt": 30
        },
        {
          "ans": "Club",
          "pnt": 17
        },
        {
          "ans": "Bones",
          "pnt": 10
        }
      ],
      "multiply": 2,
      "question": "Name something you imagine cavemen gave their girlfriends."
    }
  ],
  "final_round": [
    {
      "answers": [
        [
          "Jingle Bells",
          51
        ],
        [
          "Silent Night",
          33
        ],
        [
          "First Noel",
          22
        ],
        [
          "White Christmas",
          14
        ],
        [
          "Oh Christmas Tree",
          9
        ],
        [
          "12 Days Of Christmas",
          6
        ]
      ],
      "question": "Name A Christmas Song That Most People Forget Some Of The Words To"
    },
    {
      "answers": [
        [
          2,
          34
        ],
        [
          3,
          23
        ],
        [
          1,
          19
        ],
        [
          4,
          7
        ],
        [
          0,
          6
        ],
        [
          5,
          3
        ]
      ],
      "question": "What Is The Maximum Number Of Times It’s Okay For Your Partner To Call You At Work"
    },
    {
      "answers": [
        [
          "Dancing",
          49
        ],
        [
          "Cooking Lessons",
          13
        ],
        [
          "Computer Skills",
          10
        ],
        [
          "Singing Lessons",
          5
        ],
        [
          "Playing Piano",
          5
        ],
        [
          "Drive A Car",
          5
        ],
        [
          "Golf",
          3
        ]
      ],
      "question": "Name Something An Adult Might Take Lessons To Learn How To Do."
    },
    {
      "answers": [
        [
          "Bear",
          55
        ],
        [
          "Dog Catcher",
          36
        ],
        [
          "Racoon",
          23
        ],
        [
          "Skunk",
          15
        ],
        [
          "Squirrel",
          10
        ],
        [
          3,
          6
        ]
      ],
      "question": "Name An Animal That Might Pester You On A Camping Trip."
    }
  ],
  "final_round_timers": [
    20,
    25
  ]
}