{
  "rounds": [
    {
      "answers": [
        {
          "ans": 4,
          "pnt": 30
        },
        {
          "ans": 5,
          "pnt": 22
        },
        {
          "ans": 3,
          "pnt": 20
        },
        {
          "ans": 2,
          "pnt": 18
        },
        {
          "ans": 0,
          "pnt": 4
        },
        {
          "ans": 1,
          "pnt": 4
        }
      ],
      "multiply": 1,
      "question": "On Average, How Many Hours Does A Couple Sleep On Their Wedding Night"
    },
    {
      "answers": [
        {
          "ans": "Cape",
          "pnt": 48
        },
        {
          "ans": "Tights",
          "pnt": 29
        },
        {
          "ans": "Make Up",
          "pnt": 4
        },
        {
          "ans": "Speedo",
          "pnt": 4
        },
        {
          "ans": "Fake Muscles",
          "pnt": 4
        },
        {
          "ans": "Glasses",
          "pnt": 3
        }
      ],
      "multiply": 1,
      "question": "If You Played Superman In A Movie, Name Something Specific You’d Have To Wear."
    },
    {
      "answers": [
        {
          "ans": "Tan",
          "pnt": 56
        },
        {
          "ans": "Play Volleyball",
          "pnt": 24
        },
        {
          "ans": "Walk",
          "pnt": 12
        },
        {
          "ans": "Picnic",
          "pnt": 4
        }
      ],
      "multiply": 1,
      "question": "What Do People Do At The Beach That Doesn’t Involve Getting In The Water?"
    },
    {
      "answers": [
        {
          "ans": "Read",
          "pnt": 43
        },
        {
          "ans": "Tuck Them In",
          "pnt": 17
        },
        {
          "ans": "Brush Teeth",
          "pnt": 10
        },
        {
          "ans": "Give Bath",
          "pnt": 9
        },
        {
          "ans": "Pray",
          "pnt": 6
        },
        {
          "ans": "Sing",
          "pnt": 6
        },
        {
          "ans": "Kiss Goodnight",
          "pnt": 5
        }
      ],
      "multiply": 2,
      "question": "What Do Parents Do As Part Of Their Children’s bedtime Routine?"
    },
    {
      "answers": [
        {
          "ans": "Hair ",
          "pnt": 45
        },
        {
          "ans": "Paper ",
          "pnt": 29
        },
        {
          "ans": "Bread ",
          "pnt": 19
        },
        {
          "ans": "Wood ",
          "pnt": 12
        },
        {
          "ans": "Cards ",
          "pnt": 8
        },
        {
          "ans": "Corners ",
          "pnt": 5
        }
      ],
      "multiply": 2,
      "question": "Name Something You Cut"
    },
    {
      "answers": [
        {
          "ans": "Soda",
          "pnt": 55
        },
        {
          "ans": "Water",
          "pnt": 36
        },
        {
          "ans": "Alcohol",
          "pnt": 23
        },
        {
          "ans": "Coffee",
          "pnt": 15
        },
        {
          "ans": "Slurpee",
          "pnt": 10
        }
      ],
      "multiply": 2,
      "question": "Name a beverage you can buy at a gas station"
    }
  ],
  "final_round": [
    {
      "answers": [
        [
          "Shoes",
          29
        ],
        [
          "Brassiere",
          21
        ],
        [
          "Hat",
          16
        ],
        [
          "Coat",
          13
        ],
        [
          "Sweater",
          9
        ],
        [
          "Suit",
          7
        ],
        [
          "Gown",
          3
        ]
      ],
      "question": "Name An Article Of Clothing You Can’t Wash In The Wash Machine"
    },
    {
      "answers": [
        [
          "Popcorn Bag",
          48
        ],
        [
          "Bread",
          13
        ],
        [
          "Hot Dog",
          13
        ],
        [
          "Plastic",
          13
        ],
        [
          "Marshmellow",
          11
        ]
      ],
      "question": "Name Something That Expands In The Microwave."
    },
    {
      "answers": [
        [
          "Car",
          33
        ],
        [
          "Airplane",
          30
        ],
        [
          "Bus",
          19
        ],
        [
          "Train",
          5
        ],
        [
          "Church",
          4
        ],
        [
          "Jail",
          3
        ],
        [
          "School",
          3
        ]
      ],
      "question": "Where Might You Be If You’re Sitting In A Cramped Spot For A Long Time?"
    },
    {
      "answers": [
        [
          "Computer",
          33
        ],
        [
          "Cell Phone",
          27
        ],
        [
          "TV",
          17
        ],
        [
          "Microwave",
          9
        ],
        [
          "Car",
          7
        ],
        [
          "GPS",
          4
        ]
      ],
      "question": "Name A Form Of Technology That Some People Refuse to Use"
    }
  ],
  "final_round_timers": [
    20,
    25
  ]
}