{
  "rounds": [
    {
      "answers": [
        {
          "ans": "Candles",
          "pnt": 28
        },
        {
          "ans": "Incense",
          "pnt": 24
        },
        {
          "ans": "Crystals",
          "pnt": 18
        },
        {
          "ans": "New Age Clothes",
          "pnt": 11
        },
        {
          "ans": "Terot Cards",
          "pnt": 8
        },
        {
          "ans": "Lava Lamp",
          "pnt": 7
        },
        {
          "ans": "New Age Books",
          "pnt": 4
        }
      ],
      "multiply": 1,
      "question": "Name Something Specific You’d Expect To See In One Of Those “New Age” Stores."
    },
    {
      "answers": [
        {
          "ans": "Out Of Focus",
          "pnt": 49
        },
        {
          "ans": "Put Finger In Lense",
          "pnt": 22
        },
        {
          "ans": "Leave Lense Cap On",
          "pnt": 14
        },
        {
          "ans": "No Flash",
          "pnt": 8
        }
      ],
      "multiply": 1,
      "question": "Name A Common Mistake People Make When Taking Pictures."
    },
    {
      "answers": [
        {
          "ans": "Consume Sweets",
          "pnt": 49
        },
        {
          "ans": "Smoke",
          "pnt": 23
        },
        {
          "ans": "Wiggle",
          "pnt": 9
        },
        {
          "ans": "Swallow",
          "pnt": 8
        },
        {
          "ans": "Bite Down",
          "pnt": 5
        },
        {
          "ans": "Grind Teeth",
          "pnt": 3
        }
      ],
      "multiply": 1,
      "question": "If Or Out Of The Dentist’s Chair, Name Something The Dentist Warns Not To Do."
    },
    {
      "answers": [
        {
          "ans": "Rocks",
          "pnt": 26
        },
        {
          "ans": "Marbles",
          "pnt": 19
        },
        {
          "ans": "Frog",
          "pnt": 18
        },
        {
          "ans": "Dirt",
          "pnt": 10
        },
        {
          "ans": "Worms",
          "pnt": 8
        },
        {
          "ans": "Candy",
          "pnt": 7
        },
        {
          "ans": "Toy Car",
          "pnt": 7
        }
      ],
      "multiply": 2,
      "question": "Name Something You Find In A Little Boy’s Pocket."
    },
    {
      "answers": [
        {
          "ans": "Car",
          "pnt": 58
        },
        {
          "ans": "Clothes",
          "pnt": 12
        },
        {
          "ans": "House",
          "pnt": 11
        },
        {
          "ans": "TV",
          "pnt": 9
        },
        {
          "ans": "Appliances",
          "pnt": 6
        }
      ],
      "multiply": 2,
      "question": "Name something for which people shop around before buying"
    },
    {
      "answers": [
        {
          "ans": "Car",
          "pnt": 58
        },
        {
          "ans": "Bike",
          "pnt": 38
        },
        {
          "ans": "Ball",
          "pnt": 25
        },
        {
          "ans": "TV",
          "pnt": 16
        },
        {
          "ans": "Golf Clubs",
          "pnt": 11
        }
      ],
      "multiply": 2,
      "question": "Christmas Gift You Would Have Hard Time Wrapping"
    }
  ],
  "final_round": [
    {
      "answers": [
        [
          "Other People",
          34
        ],
        [
          "Work/ School",
          29
        ],
        [
          "Eating",
          25
        ],
        [
          "Alcohol",
          5
        ]
      ],
      "question": "Tell Me Something You Avoid When You Are Sick"
    },
    {
      "answers": [
        [
          "Fish ",
          48
        ],
        [
          "Bait ",
          31
        ],
        [
          "Hook ",
          20
        ],
        [
          "Boot ",
          13
        ],
        [
          "Bag ",
          9
        ]
      ],
      "question": "Name Something You Might Find At the End Of A Fishing Line"
    },
    {
      "answers": [
        [
          "Texas",
          62
        ],
        [
          "California",
          24
        ],
        [
          "Alaska",
          6
        ],
        [
          "New York",
          4
        ],
        [
          "Florida",
          2
        ]
      ],
      "question": "Name A Really Big State."
    },
    {
      "answers": [
        [
          "Pancakes",
          52
        ],
        [
          "Muffin",
          34
        ],
        [
          "Donut",
          22
        ],
        [
          "Waffles",
          14
        ],
        [
          "Pop Tarts",
          9
        ],
        [
          "Cinammon Roll",
          6
        ],
        [
          "French Toast",
          4
        ]
      ],
      "question": "Name A Breakfast Food That Could Just As Easily Be A Dessert"
    }
  ],
  "final_round_timers": [
    20,
    25
  ]
}