{
  "rounds": [
    {
      "answers": [
        {
          "ans": "Bread",
          "pnt": 33
        },
        {
          "ans": "Spicy Food",
          "pnt": 26
        },
        {
          "ans": "Crackers",
          "pnt": 16
        },
        {
          "ans": "Peanut Butter",
          "pnt": 9
        },
        {
          "ans": "Cake/Pie",
          "pnt": 8
        },
        {
          "ans": "Pretzels",
          "pnt": 5
        }
      ],
      "multiply": 1,
      "question": "If You Were In An Eating Contest, Tell Me The Food That Would Be Hardest To Eat Without Breaks For Water."
    },
    {
      "answers": [
        {
          "ans": "Grows Fangs",
          "pnt": 33
        },
        {
          "ans": "Likes Blood",
          "pnt": 26
        },
        {
          "ans": "Sleep Schedule",
          "pnt": 22
        },
        {
          "ans": "Avoids Sun",
          "pnt": 17
        }
      ],
      "multiply": 1,
      "question": "Name A Reason You Might Suspect That Your Roommate Is Turning Into A Vampire."
    },
    {
      "answers": [
        {
          "ans": "Towel",
          "pnt": 54
        },
        {
          "ans": "Gym Bag",
          "pnt": 10
        },
        {
          "ans": "Tennis SHoes",
          "pnt": 8
        },
        {
          "ans": "Deoderant",
          "pnt": 6
        },
        {
          "ans": "Change Of Clothes",
          "pnt": 4
        },
        {
          "ans": "Weights",
          "pnt": 4
        }
      ],
      "multiply": 1,
      "question": "Name Something Specific A Guy Might Take With Him To The Gym"
    },
    {
      "answers": [
        {
          "ans": "Coal Miner ",
          "pnt": 41
        },
        {
          "ans": "Photographer ",
          "pnt": 27
        },
        {
          "ans": "Security Guard ",
          "pnt": 17
        },
        {
          "ans": "Cinema Usher ",
          "pnt": 11
        },
        {
          "ans": "Burglar ",
          "pnt": 7
        },
        {
          "ans": "Tube Driver ",
          "pnt": 5
        }
      ],
      "multiply": 2,
      "question": "Name Someone Who Works In The Dark"
    },
    {
      "answers": [
        {
          "ans": "Beach",
          "pnt": 53
        },
        {
          "ans": "House",
          "pnt": 34
        },
        {
          "ans": "Gym",
          "pnt": 23
        },
        {
          "ans": "Front Yard",
          "pnt": 15
        },
        {
          "ans": "Spa",
          "pnt": 10
        }
      ],
      "multiply": 2,
      "question": "Where Do You Think It’s Appropriate For Men To Go Shirtless?"
    },
    {
      "answers": [
        {
          "ans": "Water ",
          "pnt": 42
        },
        {
          "ans": "A Boat ",
          "pnt": 27
        },
        {
          "ans": "A Rope ",
          "pnt": 18
        },
        {
          "ans": "A Life Jacket ",
          "pnt": 12
        }
      ],
      "multiply": 2,
      "question": "Name Something That Water Skiers Need That Snow Skiers Dont"
    }
  ],
  "final_round": [
    {
      "answers": [
        [
          "Swim",
          54
        ],
        [
          "Exercise",
          35
        ],
        [
          "Sleep",
          23
        ],
        [
          "Read",
          15
        ],
        [
          "Kiss",
          10
        ],
        [
          "Drive",
          6
        ],
        [
          "Dance",
          4
        ]
      ],
      "question": "Name Something More Difficult To Do With Glasses On"
    },
    {
      "answers": [
        [
          "Eyes",
          51
        ],
        [
          "Clothes",
          16
        ],
        [
          "Hands",
          12
        ],
        [
          "Smile",
          11
        ],
        [
          "Horoscope Sign",
          4
        ]
      ],
      "question": "Name Something That People Believe Will Tell You A Lot About A Person"
    },
    {
      "answers": [
        [
          "Batman",
          43
        ],
        [
          "Incredible Hulk",
          28
        ],
        [
          "Spider man",
          18
        ],
        [
          "Superman",
          12
        ],
        [
          "Wolverine",
          8
        ]
      ],
      "question": "Which Superhero Would You Trust To Babysit Your Children"
    },
    {
      "answers": [
        [
          "Tomatoes",
          24
        ],
        [
          "Melon",
          19
        ],
        [
          "Bread",
          18
        ],
        [
          "Orange",
          13
        ],
        [
          "Toilet Paper",
          10
        ],
        [
          "Lemon",
          9
        ]
      ],
      "question": "Name Something You Squeeze Before You Buy It"
    }
  ],
  "final_round_timers": [
    20,
    25
  ]
}