{
  "rounds": [
    {
      "answers": [
        {
          "ans": "Plow The Field",
          "pnt": 36
        },
        {
          "ans": "Plant Seeds",
          "pnt": 24
        },
        {
          "ans": "Milk Cows",
          "pnt": 23
        },
        {
          "ans": "Harvest Crops",
          "pnt": 11
        },
        {
          "ans": "Water Crops",
          "pnt": 5
        }
      ],
      "multiply": 1,
      "question": "Name Something That Farmers 100 Years Ago Did By Hand, But Now Do With Machines."
    },
    {
      "answers": [
        {
          "ans": "Paper ",
          "pnt": 58
        },
        {
          "ans": "Cans ",
          "pnt": 38
        },
        {
          "ans": "Organs ",
          "pnt": 25
        },
        {
          "ans": "Bottles ",
          "pnt": 16
        }
      ],
      "multiply": 1,
      "question": "Name Something You Recycle"
    },
    {
      "answers": [
        {
          "ans": "Football",
          "pnt": 65
        },
        {
          "ans": "Baseball",
          "pnt": 17
        },
        {
          "ans": "Basketball",
          "pnt": 7
        },
        {
          "ans": "Hockey",
          "pnt": 5
        },
        {
          "ans": "Golf",
          "pnt": 3
        }
      ],
      "multiply": 1,
      "question": "Which Sports Are More Popular In America Than In Other Countries?"
    },
    {
      "answers": [
        {
          "ans": "Speeches",
          "pnt": 35
        },
        {
          "ans": "Legislative Process",
          "pnt": 18
        },
        {
          "ans": "Wars",
          "pnt": 14
        },
        {
          "ans": "Election Process",
          "pnt": 14
        },
        {
          "ans": "Political Terms",
          "pnt": 8
        },
        {
          "ans": "The Recession",
          "pnt": 5
        }
      ],
      "multiply": 2,
      "question": "Name Something The President Might Say Is Too Long."
    },
    {
      "answers": [
        {
          "ans": "Anniversary",
          "pnt": 46
        },
        {
          "ans": "Birthday",
          "pnt": 30
        },
        {
          "ans": "Valentine’s Day",
          "pnt": 7
        },
        {
          "ans": "Christmas",
          "pnt": 4
        },
        {
          "ans": "Wedding",
          "pnt": 3
        }
      ],
      "multiply": 2,
      "question": "Name An Occasion For Which Men Buy Gifts For Their Wives."
    },
    {
      "answers": [
        {
          "ans": 10,
          "pnt": 46
        },
        {
          "ans": 12,
          "pnt": 22
        },
        {
          "ans": 11,
          "pnt": 18
        },
        {
          "ans": 9,
          "pnt": 6
        }
      ],
      "multiply": 2,
      "question": "Name The Time Of Night When It’s Too Late To Call Someone’s House."
    }
  ],
  "final_round": [
    {
      "answers": [
        [
          "Dead",
          45
        ],
        [
          "Mining",
          29
        ],
        [
          "Subway",
          19
        ],
        [
          "Hiding",
          12
        ],
        [
          "Tornado",
          8
        ]
      ],
      "question": "Name A Reason Why Somebody Would Be Underground"
    },
    {
      "answers": [
        [
          "Vanilla",
          50
        ],
        [
          "Chocolate",
          33
        ],
        [
          "Caramel",
          21
        ],
        [
          "Mint",
          14
        ],
        [
          "Toffee",
          9
        ]
      ],
      "question": "Flavor Found In Candy And Coffee"
    },
    {
      "answers": [
        [
          "Bakery",
          34
        ],
        [
          "Restaurant",
          30
        ],
        [
          "Fish Market",
          13
        ],
        [
          "Sewage Treatment",
          9
        ],
        [
          "Coffee Shop",
          6
        ],
        [
          "Florist",
          5
        ]
      ],
      "question": "Name A Type Of Business That You Can Smell Before You See It."
    },
    {
      "answers": [
        [
          "Triangle ",
          58
        ],
        [
          "Circle ",
          38
        ],
        [
          "Hexagon ",
          25
        ],
        [
          "Cube ",
          16
        ]
      ],
      "question": "Name A Shape Other Than A Square"
    }
  ],
  "final_round_timers": [
    20,
    25
  ]
}