{
  "rounds": [
    {
      "answers": [
        {
          "ans": "Snot",
          "pnt": 48
        },
        {
          "ans": "Milk",
          "pnt": 38
        },
        {
          "ans": "Water",
          "pnt": 5
        },
        {
          "ans": "Soda",
          "pnt": 4
        },
        {
          "ans": "Breath",
          "pnt": 3
        }
      ],
      "multiply": 1,
      "question": "Name Something that Might Come Out Of Your Nose When You Laugh."
    },
    {
      "answers": [
        {
          "ans": "Smile",
          "pnt": 55
        },
        {
          "ans": "Say Cheese",
          "pnt": 30
        },
        {
          "ans": "Move Left/Right",
          "pnt": 5
        },
        {
          "ans": "Move Closer",
          "pnt": 5
        }
      ],
      "multiply": 1,
      "question": "Name A Direction You’re Given When Having A Group Photo Taken."
    },
    {
      "answers": [
        {
          "ans": "Pizza",
          "pnt": 43
        },
        {
          "ans": "Grilled Cheese",
          "pnt": 27
        },
        {
          "ans": "Macaroni",
          "pnt": 21
        },
        {
          "ans": "Cheeseburger",
          "pnt": 7
        }
      ],
      "multiply": 1,
      "question": "Name A Food With Cheese That’s A Childhood Favorite."
    },
    {
      "answers": [
        {
          "ans": "Angelina Jolie",
          "pnt": 42
        },
        {
          "ans": "Madonna",
          "pnt": 19
        },
        {
          "ans": "Rosie O’Donnell",
          "pnt": 11
        },
        {
          "ans": "Will Smith",
          "pnt": 8
        },
        {
          "ans": "Oprah Winfrey",
          "pnt": 7
        },
        {
          "ans": "Brad Pitt",
          "pnt": 7
        },
        {
          "ans": "Jerry Lewis",
          "pnt": 6
        }
      ],
      "multiply": 2,
      "question": "Name A Celebrity Who Is Often Photographed Off-Screen With Children."
    },
    {
      "answers": [
        {
          "ans": "Clothes",
          "pnt": 33
        },
        {
          "ans": "Bedroom",
          "pnt": 25
        },
        {
          "ans": "Bed",
          "pnt": 20
        },
        {
          "ans": "Toys",
          "pnt": 10
        },
        {
          "ans": "Food",
          "pnt": 4
        },
        {
          "ans": "Bathroom",
          "pnt": 3
        },
        {
          "ans": "Car",
          "pnt": 3
        }
      ],
      "multiply": 2,
      "question": "Name The Worst Thing To Have To Share With A Sibling"
    },
    {
      "answers": [
        {
          "ans": "PLAID",
          "pnt": 47
        },
        {
          "ans": "FLORAL",
          "pnt": 31
        },
        {
          "ans": "ANIMAL PRINTS",
          "pnt": 20
        },
        {
          "ans": "STRIPES",
          "pnt": 13
        },
        {
          "ans": "POLKA DOTS",
          "pnt": 8
        },
        {
          "ans": "PAISLEY",
          "pnt": 5
        }
      ],
      "multiply": 2,
      "question": "Name A Print People Wear On Clothing, But You Would Hate As Wallpaper"
    }
  ],
  "final_round": [
    {
      "answers": [
        [
          "Bad Weather",
          46
        ],
        [
          "Sick",
          38
        ],
        [
          "Tired",
          6
        ],
        [
          "Watching TV",
          5
        ],
        [
          "Housework",
          4
        ]
      ],
      "question": "Name A Reason You’d Stay Inside On A Saturday."
    },
    {
      "answers": [
        [
          "Trustworthiness",
          65
        ],
        [
          "Sense Of Humor",
          20
        ],
        [
          "Kindness",
          9
        ],
        [
          "Good Communicator",
          4
        ]
      ],
      "question": "Name A Quality That’s Important In A Friend, and Even More Important In A Spouse."
    },
    {
      "answers": [
        [
          "Gum",
          40
        ],
        [
          "Poop",
          26
        ],
        [
          "Mud",
          17
        ]
      ],
      "question": "Tell Me Something You Might Scrape Off Bottom Shoes"
    },
    {
      "answers": [
        [
          "Hay / Straw ",
          56
        ],
        [
          "Crows / Birds ",
          36
        ],
        [
          "Corn ",
          24
        ],
        [
          "Hat ",
          16
        ],
        [
          "Farm ",
          10
        ]
      ],
      "question": "Name Something Associated With A Scarecrow"
    }
  ],
  "final_round_timers": [
    20,
    25
  ]
}