{
  "rounds": [
    {
      "answers": [
        {
          "ans": "Prime Time",
          "pnt": 54
        },
        {
          "ans": "Prime Rib",
          "pnt": 22
        },
        {
          "ans": "Prime Interest Rate",
          "pnt": 5
        },
        {
          "ans": "Prime Minister",
          "pnt": 5
        },
        {
          "ans": "prime Number",
          "pnt": 3
        },
        {
          "ans": "Prime Example",
          "pnt": 3
        }
      ],
      "multiply": 1,
      "question": "Name A Phrase That Starts With The Word “Prime.”"
    },
    {
      "answers": [
        {
          "ans": "Bus",
          "pnt": 25
        },
        {
          "ans": "Drive Anyway",
          "pnt": 23
        },
        {
          "ans": "Walk",
          "pnt": 19
        },
        {
          "ans": "Ask A Friend",
          "pnt": 16
        },
        {
          "ans": "Take A Cab",
          "pnt": 11
        },
        {
          "ans": "Bike",
          "pnt": 4
        }
      ],
      "multiply": 1,
      "question": "If Your License Has Expired, How Do You Get To The DMV To Renew It?"
    },
    {
      "answers": [
        {
          "ans": "Smoking",
          "pnt": 44
        },
        {
          "ans": "Sunbathing",
          "pnt": 23
        },
        {
          "ans": "Drinking",
          "pnt": 16
        },
        {
          "ans": "Lack Of Sleep",
          "pnt": 8
        },
        {
          "ans": "Stress",
          "pnt": 5
        }
      ],
      "multiply": 1,
      "question": "Name Something That Will Make A Person Age Faster."
    },
    {
      "answers": [
        {
          "ans": "Glass ",
          "pnt": 48
        },
        {
          "ans": "Microsoft ",
          "pnt": 31
        },
        {
          "ans": "Frames ",
          "pnt": 20
        },
        {
          "ans": "Double Glazing ",
          "pnt": 13
        }
      ],
      "multiply": 2,
      "question": "Name Something You Associate With Windows"
    },
    {
      "answers": [
        {
          "ans": "At Home",
          "pnt": 30
        },
        {
          "ans": "Work",
          "pnt": 24
        },
        {
          "ans": "Long Car/ Bus Ride",
          "pnt": 18
        },
        {
          "ans": "Airport/ Plane",
          "pnt": 7
        },
        {
          "ans": "Park",
          "pnt": 7
        },
        {
          "ans": "School",
          "pnt": 7
        },
        {
          "ans": "Doctor’s Office",
          "pnt": 3
        }
      ],
      "multiply": 2,
      "question": "Name A Place Where You Nap Just To Pass The Time"
    },
    {
      "answers": [
        {
          "ans": "Cool",
          "pnt": 51
        },
        {
          "ans": "Awesome",
          "pnt": 18
        },
        {
          "ans": "Yummy",
          "pnt": 14
        },
        {
          "ans": "Good",
          "pnt": 9
        },
        {
          "ans": "Nice",
          "pnt": 5
        }
      ],
      "multiply": 2,
      "question": "What Words Do Kids Usually Use To Describe Something They Like?"
    }
  ],
  "final_round": [
    {
      "answers": [
        [
          "New York",
          59
        ],
        [
          "Boston",
          38
        ],
        [
          "Dallas",
          25
        ],
        [
          "Chicago",
          16
        ]
      ],
      "question": "Name An American City That Has Its Own Accent"
    },
    {
      "answers": [
        [
          "Video Recorder ",
          42
        ],
        [
          "Aerial ",
          27
        ],
        [
          "Pictures ",
          18
        ],
        [
          "Remote Control ",
          12
        ],
        [
          "Clock ",
          7
        ]
      ],
      "question": "Name Something you Might Find On Top Of A Tv Set"
    },
    {
      "answers": [
        [
          "Golf Clubs ",
          52
        ],
        [
          "Golf Bag ",
          34
        ],
        [
          "Golf Balls ",
          22
        ],
        [
          "Towel ",
          14
        ],
        [
          "Tees ",
          9
        ]
      ],
      "question": "Name Something A Golf Caddy Might Carry"
    },
    {
      "answers": [
        [
          "Pop A Zit",
          14
        ],
        [
          "Look At Your Body",
          9
        ],
        [
          "Dance",
          8
        ],
        [
          "Undress",
          6
        ],
        [
          "Pluck eyebrows",
          6
        ],
        [
          "Clip Nose Hairs",
          6
        ]
      ],
      "question": "Name Something You Do In Front Of A Mirror You Wouldn’t Want Anyone To See"
    }
  ],
  "final_round_timers": [
    20,
    25
  ]
}