{
  "rounds": [
    {
      "answers": [
        {
          "ans": "Mall",
          "pnt": 44
        },
        {
          "ans": "Restaurant",
          "pnt": 29
        },
        {
          "ans": "Grocery Store",
          "pnt": 19
        },
        {
          "ans": "Bank",
          "pnt": 12
        },
        {
          "ans": "Doctor’s Office",
          "pnt": 8
        },
        {
          "ans": "Sports Game",
          "pnt": 5
        }
      ],
      "multiply": 1,
      "question": "Name A Specific Place Where You Often Find The Parking Lot Full"
    },
    {
      "answers": [
        {
          "ans": "Bones",
          "pnt": 41
        },
        {
          "ans": "Dirt",
          "pnt": 20
        },
        {
          "ans": "Treasure",
          "pnt": 18
        },
        {
          "ans": "Flowers/Plants",
          "pnt": 6
        },
        {
          "ans": "Weeds",
          "pnt": 6
        },
        {
          "ans": "Worms",
          "pnt": 4
        }
      ],
      "multiply": 1,
      "question": "Name Something People Dig Up."
    },
    {
      "answers": [
        {
          "ans": "Tie ",
          "pnt": 57
        },
        {
          "ans": "Shirt ",
          "pnt": 37
        },
        {
          "ans": "Hat ",
          "pnt": 24
        },
        {
          "ans": "Shoes ",
          "pnt": 16
        }
      ],
      "multiply": 1,
      "question": "Name Something You Buy To Wear With A Suit"
    },
    {
      "answers": [
        {
          "ans": "Test",
          "pnt": 46
        },
        {
          "ans": "Office",
          "pnt": 20
        },
        {
          "ans": "In The Bedroom",
          "pnt": 18
        },
        {
          "ans": "ATM",
          "pnt": 9
        },
        {
          "ans": "Bathroom",
          "pnt": 3
        }
      ],
      "multiply": 2,
      "question": "Name A Situation Where You Wouldn’t Want Someone Looking Over Your Shoulder."
    },
    {
      "answers": [
        {
          "ans": "Celebrity",
          "pnt": 51
        },
        {
          "ans": "Politician",
          "pnt": 36
        },
        {
          "ans": "Customer Service",
          "pnt": 7
        },
        {
          "ans": "Advice Columnist",
          "pnt": 5
        }
      ],
      "multiply": 2,
      "question": "Name A Profession Where You May Receive Lots Of Mail From Strangers."
    },
    {
      "answers": [
        {
          "ans": "Food/Drink",
          "pnt": 41
        },
        {
          "ans": "Bathroom",
          "pnt": 16
        },
        {
          "ans": "Lip Balm/Makeup",
          "pnt": 12
        },
        {
          "ans": "Tooth Brush",
          "pnt": 12
        },
        {
          "ans": "Towel/Washcloth",
          "pnt": 9
        },
        {
          "ans": "Comb/Brush",
          "pnt": 5
        },
        {
          "ans": "Headphones",
          "pnt": 3
        }
      ],
      "multiply": 2,
      "question": "Name Something That A Germaphobe Would Hate To Share."
    }
  ],
  "final_round": [
    {
      "answers": [
        [
          "Plastic Surgery",
          39
        ],
        [
          "Exercise",
          35
        ],
        [
          "Vitamins",
          10
        ],
        [
          "Makeup",
          6
        ]
      ],
      "question": "In Today’s World, Name Something That Helps People Stay “Forever Young.”"
    },
    {
      "answers": [
        [
          "SUNSCREEN",
          56
        ],
        [
          "TICKETS",
          36
        ],
        [
          "NEW CLOTHES",
          24
        ],
        [
          "SWIMSUIT",
          16
        ],
        [
          "GUIDE BOOK",
          10
        ]
      ],
      "question": "If Your Taking A Hawaiian Vacation, Name Something You’d Need To Buy Before You Go"
    },
    {
      "answers": [
        [
          "Stalk",
          40
        ],
        [
          "Call Too Much",
          33
        ],
        [
          "Clingy",
          21
        ],
        [
          "Check Cell Phone",
          4
        ]
      ],
      "question": "What Might An Obsessed Lover Do That Causes His Partner To Break Up With Him?"
    },
    {
      "answers": [
        [
          "Swimming Pool",
          59
        ],
        [
          "Backyard",
          38
        ],
        [
          "Big Bedroom",
          25
        ],
        [
          "Own Bathroom",
          16
        ],
        [
          "Swing",
          11
        ]
      ],
      "question": "Name Name Something A Kid Would Look For In A New House"
    }
  ],
  "final_round_timers": [
    20,
    25
  ]
}