{
  "rounds": [
    {
      "answers": [
        {
          "ans": "Milk",
          "pnt": 53
        },
        {
          "ans": "Love",
          "pnt": 34
        },
        {
          "ans": "Attention",
          "pnt": 23
        },
        {
          "ans": "Diapers",
          "pnt": 15
        },
        {
          "ans": "Sleep",
          "pnt": 10
        }
      ],
      "multiply": 1,
      "question": "Name Something Babies Need A Lot Of."
    },
    {
      "answers": [
        {
          "ans": "Sand",
          "pnt": 35
        },
        {
          "ans": "Fish",
          "pnt": 21
        },
        {
          "ans": "Seashells",
          "pnt": 12
        },
        {
          "ans": "Rock",
          "pnt": 10
        },
        {
          "ans": "Sunken Ship/ Treasure",
          "pnt": 9
        },
        {
          "ans": "Coral",
          "pnt": 5
        },
        {
          "ans": "Seaweed",
          "pnt": 5
        }
      ],
      "multiply": 1,
      "question": "Name Something Found At The Bottom Of The Ocean"
    },
    {
      "answers": [
        {
          "ans": "Caramel ",
          "pnt": 54
        },
        {
          "ans": "Nuts ",
          "pnt": 35
        },
        {
          "ans": "Cream ",
          "pnt": 23
        },
        {
          "ans": "Alcohol ",
          "pnt": 15
        }
      ],
      "multiply": 1,
      "question": "Name Something You'd Find In The Centres Of Fancy Chocolates"
    },
    {
      "answers": [
        {
          "ans": "Radio",
          "pnt": 44
        },
        {
          "ans": "Light",
          "pnt": 23
        },
        {
          "ans": "TV",
          "pnt": 12
        },
        {
          "ans": "Computer",
          "pnt": 11
        },
        {
          "ans": "Calculator",
          "pnt": 5
        }
      ],
      "multiply": 2,
      "question": "Name Something A Student Might Turn On When They’re Studying."
    },
    {
      "answers": [
        {
          "ans": "Noodles",
          "pnt": 28
        },
        {
          "ans": "Meat/Fish",
          "pnt": 25
        },
        {
          "ans": "Cheese",
          "pnt": 23
        },
        {
          "ans": "Green Beans",
          "pnt": 11
        },
        {
          "ans": "Cream",
          "pnt": 9
        },
        {
          "ans": "Eggs",
          "pnt": 4
        }
      ],
      "multiply": 2,
      "question": "Name An Ingredient In A Casserole."
    },
    {
      "answers": [
        {
          "ans": 40,
          "pnt": 42
        },
        {
          "ans": 50,
          "pnt": 31
        },
        {
          "ans": 30,
          "pnt": 23
        },
        {
          "ans": 60,
          "pnt": 3
        }
      ],
      "multiply": 2,
      "question": "Name An Age That People Worry About Turning"
    }
  ],
  "final_round": [
    {
      "answers": [
        [
          "Bruce Willis",
          42
        ],
        [
          "Vin Diesel",
          26
        ],
        [
          "Sean Connery",
          10
        ],
        [
          "Telly Savalis",
          8
        ],
        [
          "Brad Pitt",
          7
        ],
        [
          "Danny Devito",
          4
        ]
      ],
      "question": "Name An Actor Who Looks Better Bald"
    },
    {
      "answers": [
        [
          "Bills",
          34
        ],
        [
          "Cleaning",
          28
        ],
        [
          "Food",
          19
        ],
        [
          "Bathroom",
          5
        ],
        [
          "Noise",
          3
        ]
      ],
      "question": "What Do Roommates Fight About Most Often?"
    },
    {
      "answers": [
        [
          "Tattoo",
          41
        ],
        [
          "Fingerprint",
          34
        ],
        [
          "Scar",
          12
        ],
        [
          "Birthmark",
          9
        ]
      ],
      "question": "Name Something Permanent On a Criminal’s Skin That Police Use To Be Sure They’ve Got Their Man."
    },
    {
      "answers": [
        [
          "Sweater",
          39
        ],
        [
          "Shirt",
          25
        ],
        [
          "Coat",
          14
        ],
        [
          "Shoes",
          8
        ],
        [
          "Jewelry",
          4
        ]
      ],
      "question": "Name Something Some Pets Wear, Although It’s Usually Only Worn By Humans."
    }
  ],
  "final_round_timers": [
    20,
    25
  ]
}