{
  "rounds": [
    {
      "answers": [
        {
          "ans": "Donald duck",
          "pnt": 52
        },
        {
          "ans": "Goofy",
          "pnt": 34
        },
        {
          "ans": "Minnie Mouse",
          "pnt": 22
        },
        {
          "ans": "Pluto",
          "pnt": 14
        },
        {
          "ans": "Dumbo",
          "pnt": 9
        }
      ],
      "multiply": 1,
      "question": "Besides Mickey, name a character you’re likely to find on a t-shirt at Disneyland"
    },
    {
      "answers": [
        {
          "ans": "Bleached Hair",
          "pnt": 54
        },
        {
          "ans": "Tights",
          "pnt": 24
        },
        {
          "ans": "Boa",
          "pnt": 10
        },
        {
          "ans": "Tan",
          "pnt": 4
        },
        {
          "ans": "Bandana",
          "pnt": 3
        },
        {
          "ans": "Earring",
          "pnt": 3
        }
      ],
      "multiply": 1,
      "question": "Name Something About Hulk Hogan’s Appearance That Is Traditionally Female."
    },
    {
      "answers": [
        {
          "ans": "Shampoo ",
          "pnt": 57
        },
        {
          "ans": "Water ",
          "pnt": 37
        },
        {
          "ans": "A Hose ",
          "pnt": 24
        },
        {
          "ans": "A Dog ",
          "pnt": 16
        },
        {
          "ans": "A Bath ",
          "pnt": 10
        }
      ],
      "multiply": 1,
      "question": "Name Something You Need When You Give A Dog A Bath"
    },
    {
      "answers": [
        {
          "ans": "Bloke ",
          "pnt": 59
        },
        {
          "ans": "Geezer ",
          "pnt": 38
        },
        {
          "ans": "Fella ",
          "pnt": 25
        },
        {
          "ans": "Guy ",
          "pnt": 16
        },
        {
          "ans": "Chap ",
          "pnt": 11
        }
      ],
      "multiply": 2,
      "question": "Name A Slang Word For A Man"
    },
    {
      "answers": [
        {
          "ans": "Shark",
          "pnt": 44
        },
        {
          "ans": "Whale",
          "pnt": 24
        },
        {
          "ans": "Dolphin",
          "pnt": 16
        },
        {
          "ans": "Octopus",
          "pnt": 7
        },
        {
          "ans": "Seal",
          "pnt": 6
        }
      ],
      "multiply": 2,
      "question": "Name An Animal You Would Find In The Ocean But Not In A Pond."
    },
    {
      "answers": [
        {
          "ans": "Clown",
          "pnt": 54
        },
        {
          "ans": "Games",
          "pnt": 13
        },
        {
          "ans": "Cake",
          "pnt": 10
        },
        {
          "ans": "Balloons",
          "pnt": 8
        },
        {
          "ans": "Party Favors",
          "pnt": 6
        },
        {
          "ans": "Parents",
          "pnt": 3
        }
      ],
      "multiply": 2,
      "question": "Name Something A Child Might Have At Their 6th Birthday Party, But Not At Their 16th Birthday."
    }
  ],
  "final_round": [
    {
      "answers": [
        [
          "Paint/Wall Paper",
          29
        ],
        [
          "Wood/Furniture",
          22
        ],
        [
          "Used/Stolen Car",
          15
        ],
        [
          "Bedding",
          14
        ],
        [
          "Clothes/People",
          12
        ],
        [
          "Screw",
          5
        ]
      ],
      "question": "Name Something That Gets Stripped."
    },
    {
      "answers": [
        [
          "Kiss",
          46
        ],
        [
          "Say ” I Love You”",
          23
        ],
        [
          "Touch",
          9
        ],
        [
          "Call",
          8
        ]
      ],
      "question": "early In Dating Someone, Name Something You Shouldn’t Do Repeatedly Unless The Feelings Are Mutual"
    },
    {
      "answers": [
        [
          "Bananas ",
          57
        ],
        [
          "Grapes ",
          37
        ],
        [
          "Flowers / Roses ",
          24
        ],
        [
          "Carrots ",
          16
        ],
        [
          "Onions ",
          10
        ]
      ],
      "question": "Name Something That Is Sold By The Bunch"
    },
    {
      "answers": [
        [
          "Bouquet",
          60
        ],
        [
          "Cake",
          27
        ],
        [
          "Man",
          4
        ],
        [
          "Photos",
          3
        ],
        [
          "Centerpiece",
          3
        ]
      ],
      "question": "Name Something A Woman Might Take Home From Her Best Friend’s Wedding"
    }
  ],
  "final_round_timers": [
    20,
    25
  ]
}