{
  "rounds": [
    {
      "answers": [
        {
          "ans": "Good Looks",
          "pnt": 49
        },
        {
          "ans": "Height",
          "pnt": 24
        },
        {
          "ans": "Agent",
          "pnt": 8
        },
        {
          "ans": "Stylish Clothes",
          "pnt": 6
        },
        {
          "ans": "Strut",
          "pnt": 3
        },
        {
          "ans": "Confidence",
          "pnt": 3
        }
      ],
      "multiply": 1,
      "question": "What Does A Model Need In Order To Be Successful?"
    },
    {
      "answers": [
        {
          "ans": "Read",
          "pnt": 37
        },
        {
          "ans": "Sleep",
          "pnt": 30
        },
        {
          "ans": "Watch TV/Movies",
          "pnt": 23
        },
        {
          "ans": "Clean",
          "pnt": 7
        }
      ],
      "multiply": 1,
      "question": "Name Something You Might Stay In And Do On A Rainy Day"
    },
    {
      "answers": [
        {
          "ans": "Lick You",
          "pnt": 45
        },
        {
          "ans": "Bark",
          "pnt": 27
        },
        {
          "ans": "Jump On You",
          "pnt": 17
        },
        {
          "ans": "Sniff You",
          "pnt": 6
        }
      ],
      "multiply": 1,
      "question": "Name Something Annoying That Some Dogs Do When Greeting You."
    },
    {
      "answers": [
        {
          "ans": "Furry/Fluffy",
          "pnt": 38
        },
        {
          "ans": "Fat",
          "pnt": 31
        },
        {
          "ans": "Funny",
          "pnt": 13
        },
        {
          "ans": "Fast",
          "pnt": 8
        },
        {
          "ans": "Frisky",
          "pnt": 3
        }
      ],
      "multiply": 2,
      "question": "Name A Word That Starts With “F” That Best Describes Your Cat"
    },
    {
      "answers": [
        {
          "ans": "Needle ",
          "pnt": 44
        },
        {
          "ans": "Pins ",
          "pnt": 29
        },
        {
          "ans": "Cotton ",
          "pnt": 19
        }
      ],
      "multiply": 2,
      "question": "Name Something You Might Find In A Sewing Basket"
    },
    {
      "answers": [
        {
          "ans": "Room Service ",
          "pnt": 52
        },
        {
          "ans": "Next Door ",
          "pnt": 34
        },
        {
          "ans": "An Escort ",
          "pnt": 22
        },
        {
          "ans": "A Guest ",
          "pnt": 14
        }
      ],
      "multiply": 2,
      "question": "Name Someone Who Might Knock On Your Hotel Room Door"
    }
  ],
  "final_round": [
    {
      "answers": [
        [
          "Pirates",
          36
        ],
        [
          "Treasure",
          26
        ],
        [
          "Parrot",
          16
        ],
        [
          "Pirate Flag",
          7
        ],
        [
          "Sword",
          5
        ],
        [
          "Plank",
          4
        ],
        [
          "Rum",
          3
        ]
      ],
      "question": "Name Something You’d Expect To Find On A Pirate’s Ship"
    },
    {
      "answers": [
        [
          "Back ",
          57
        ],
        [
          "Feet ",
          37
        ],
        [
          "Shoulders ",
          24
        ],
        [
          "Head ",
          16
        ]
      ],
      "question": "Name A Part Of The Body People Like To Have Massaged"
    },
    {
      "answers": [
        [
          "Cupcake",
          41
        ],
        [
          "Cookie",
          27
        ],
        [
          "(Sweetie) Pie",
          17
        ],
        [
          "Muffin",
          11
        ],
        [
          "Honey Bun",
          7
        ]
      ],
      "question": "Give A Nickname For A Spouse That Is Also A Dessert"
    },
    {
      "answers": [
        [
          "Milk ",
          43
        ],
        [
          "Bread ",
          28
        ],
        [
          "Meat ",
          18
        ],
        [
          "Fruit ",
          12
        ],
        [
          "Fish ",
          8
        ]
      ],
      "question": "Name A Food That Does Not Stay Fresh For Long"
    }
  ],
  "final_round_timers": [
    20,
    25
  ]
}