{
  "rounds": [
    {
      "answers": [
        {
          "ans": "Ball ",
          "pnt": 45
        },
        {
          "ans": "Birds ",
          "pnt": 29
        },
        {
          "ans": "Waves ",
          "pnt": 19
        },
        {
          "ans": "Crabs ",
          "pnt": 12
        },
        {
          "ans": "Each Other ",
          "pnt": 8
        }
      ],
      "multiply": 1,
      "question": "Name Something Children Chase At The Beach"
    },
    {
      "answers": [
        {
          "ans": "Sneaking Out",
          "pnt": 31
        },
        {
          "ans": "Shoplifting",
          "pnt": 25
        },
        {
          "ans": "Skipping School",
          "pnt": 14
        },
        {
          "ans": "Smoking/Drinking",
          "pnt": 12
        },
        {
          "ans": "Making A Mess",
          "pnt": 9
        }
      ],
      "multiply": 1,
      "question": "Name Something Naughty That Children Living In The White House Would Never Be Able To Get Away With"
    },
    {
      "answers": [
        {
          "ans": "No Cash/Credit",
          "pnt": 45
        },
        {
          "ans": "Using Mail",
          "pnt": 33
        },
        {
          "ans": "To Keep Records",
          "pnt": 14
        },
        {
          "ans": "Post Dated",
          "pnt": 6
        }
      ],
      "multiply": 1,
      "question": "Name A Reason You’d Write A Check Instead Of Using Cash Or A Credit Card."
    },
    {
      "answers": [
        {
          "ans": "Halloween",
          "pnt": 64
        },
        {
          "ans": "Easter",
          "pnt": 13
        },
        {
          "ans": "Christmas",
          "pnt": 5
        },
        {
          "ans": "Birthday",
          "pnt": 5
        },
        {
          "ans": "Valentine’s Day",
          "pnt": 3
        }
      ],
      "multiply": 2,
      "question": "Name A Day When Kids Get A Lot Of Candy"
    },
    {
      "answers": [
        {
          "ans": "Relationship",
          "pnt": 34
        },
        {
          "ans": "Marriage",
          "pnt": 31
        },
        {
          "ans": "Money",
          "pnt": 15
        },
        {
          "ans": "Ex Girlfriends",
          "pnt": 7
        },
        {
          "ans": "Maternity",
          "pnt": 6
        }
      ],
      "multiply": 2,
      "question": "Name Something A Young Man Would Not Want To Talk To A Girlfriend’s Father About."
    },
    {
      "answers": [
        {
          "ans": "Television",
          "pnt": 42
        },
        {
          "ans": "Couch",
          "pnt": 27
        },
        {
          "ans": "Refrigerator",
          "pnt": 18
        },
        {
          "ans": "Microwave",
          "pnt": 12
        },
        {
          "ans": "Table",
          "pnt": 7
        },
        {
          "ans": "Bed",
          "pnt": 5
        }
      ],
      "multiply": 2,
      "question": "Name A Specific Item In Your House That’s Too Big To Throw Away In The Trash Can"
    }
  ],
  "final_round": [
    {
      "answers": [
        [
          "Point",
          63
        ],
        [
          "Pick Nose",
          23
        ],
        [
          "Apply Makeup",
          6
        ],
        [
          "Wear A Ring",
          4
        ],
        [
          "Scratch",
          2
        ],
        [
          "Dial A Phone",
          2
        ]
      ],
      "question": "Name Something People Do With Their Index Fingers"
    },
    {
      "answers": [
        [
          "Scalpel ",
          55
        ],
        [
          "Nurses ",
          36
        ],
        [
          "Patient ",
          23
        ]
      ],
      "question": "Name Something A Surgeon Keeps Close When He Operates"
    },
    {
      "answers": [
        [
          "Song",
          61
        ],
        [
          "Voice",
          13
        ],
        [
          "Photo",
          9
        ],
        [
          "Movie",
          6
        ],
        [
          "Name",
          5
        ],
        [
          "Car",
          3
        ]
      ],
      "question": "Name Something You See Or Hear That Reminds You Of An Ex."
    },
    {
      "answers": [
        [
          "Re Boot",
          49
        ],
        [
          "Walk Away",
          29
        ],
        [
          "Yell",
          11
        ],
        [
          "Curse",
          6
        ]
      ],
      "question": "Name Something You Do When Your Computer Freezes Up."
    }
  ],
  "final_round_timers": [
    20,
    25
  ]
}