{
  "rounds": [
    {
      "answers": [
        {
          "ans": "Asking For Date",
          "pnt": 31
        },
        {
          "ans": "Job Interview",
          "pnt": 28
        },
        {
          "ans": "Break Up",
          "pnt": 26
        },
        {
          "ans": "Wrong Number",
          "pnt": 13
        }
      ],
      "multiply": 1,
      "question": "Name A Situation Where You Might Hang Up On An Answering Machine, For Fear Of Saying Something Dumb."
    },
    {
      "answers": [
        {
          "ans": "Socks",
          "pnt": 32
        },
        {
          "ans": "Undergarments",
          "pnt": 29
        },
        {
          "ans": "T Shirt",
          "pnt": 12
        },
        {
          "ans": "Hat",
          "pnt": 8
        },
        {
          "ans": "Makeup",
          "pnt": 7
        },
        {
          "ans": "Sunglasses",
          "pnt": 5
        },
        {
          "ans": "Tie",
          "pnt": 4
        }
      ],
      "multiply": 1,
      "question": "Name something you wear that you should never spend more than $20 on?"
    },
    {
      "answers": [
        {
          "ans": 10,
          "pnt": 46
        },
        {
          "ans": 12,
          "pnt": 22
        },
        {
          "ans": 11,
          "pnt": 18
        },
        {
          "ans": 9,
          "pnt": 6
        }
      ],
      "multiply": 1,
      "question": "Name The Time Of Night When It’s Too Late To Call Someone’s House."
    },
    {
      "answers": [
        {
          "ans": "Las Vegas",
          "pnt": 23
        },
        {
          "ans": "Theater",
          "pnt": 19
        },
        {
          "ans": "Times Square",
          "pnt": 18
        },
        {
          "ans": "Bar",
          "pnt": 16
        },
        {
          "ans": "Store",
          "pnt": 11
        },
        {
          "ans": "Motel",
          "pnt": 8
        },
        {
          "ans": "Theme Park",
          "pnt": 5
        }
      ],
      "multiply": 2,
      "question": "Name A Place Where You’d Find Colorful Neon Lights"
    },
    {
      "answers": [
        {
          "ans": "Jerry Springer",
          "pnt": 33
        },
        {
          "ans": "Cops",
          "pnt": 17
        },
        {
          "ans": "Cheaters",
          "pnt": 14
        },
        {
          "ans": "The Nightly News",
          "pnt": 12
        },
        {
          "ans": "America’s Most Wanted",
          "pnt": 6
        },
        {
          "ans": "Oprah Winfrey",
          "pnt": 5
        },
        {
          "ans": "Judge Judy",
          "pnt": 3
        }
      ],
      "multiply": 2,
      "question": "Name A TV Show You’d Never Want Your Name Mentioned On."
    },
    {
      "answers": [
        {
          "ans": "Work",
          "pnt": 60
        },
        {
          "ans": "Pay Taxes",
          "pnt": 13
        },
        {
          "ans": "Feed Themselves",
          "pnt": 10
        },
        {
          "ans": "Pay Bills",
          "pnt": 5
        },
        {
          "ans": "Clean",
          "pnt": 5
        },
        {
          "ans": "Brush Teeth",
          "pnt": 4
        },
        {
          "ans": "Wipe Themselves",
          "pnt": 3
        }
      ],
      "multiply": 2,
      "question": "Name Something Grown-Ups Have To Do That Babies Don’t."
    }
  ],
  "final_round": [
    {
      "answers": [
        [
          "Traffic",
          45
        ],
        [
          "Shoe Laces",
          29
        ],
        [
          "Boat",
          19
        ],
        [
          "Rope",
          12
        ],
        [
          "Dog",
          8
        ],
        [
          "Phone Lines",
          5
        ],
        [
          "Horse",
          3
        ]
      ],
      "question": "Name Something That Often Gets Tied Up"
    },
    {
      "answers": [
        [
          "Dentist ",
          46
        ],
        [
          "Drill ",
          30
        ],
        [
          "Light ",
          20
        ],
        [
          "Ceiling ",
          13
        ],
        [
          "Drill ",
          8
        ]
      ],
      "question": "Name Something You Might See While Sitting In The Dentists Chair"
    },
    {
      "answers": [
        [
          "Buffet/Restaurant",
          66
        ],
        [
          "Home/Mom’s House",
          14
        ],
        [
          "Party",
          10
        ],
        [
          "Wedding",
          7
        ]
      ],
      "question": "Name A Place Where You Often End Up Overeating"
    },
    {
      "answers": [
        [
          "Map",
          58
        ],
        [
          "Compass",
          17
        ],
        [
          "Cell Phone",
          12
        ],
        [
          "GPS",
          7
        ],
        [
          "Co Pilot",
          3
        ]
      ],
      "question": "Name Something You Always Have With You So You Don’t Get Lost"
    }
  ],
  "final_round_timers": [
    20,
    25
  ]
}