{
  "rounds": [
    {
      "answers": [
        {
          "ans": "Bread ",
          "pnt": 59
        },
        {
          "ans": "Fruit ",
          "pnt": 38
        },
        {
          "ans": "Cereal ",
          "pnt": 25
        },
        {
          "ans": "Meat ",
          "pnt": 16
        },
        {
          "ans": "Potato ",
          "pnt": 11
        }
      ],
      "multiply": 1,
      "question": "Name A Food Most People Eat Everyday"
    },
    {
      "answers": [
        {
          "ans": "Cars",
          "pnt": 49
        },
        {
          "ans": "Music",
          "pnt": 32
        },
        {
          "ans": "Food",
          "pnt": 21
        },
        {
          "ans": "Gas Prices",
          "pnt": 14
        },
        {
          "ans": "Economy",
          "pnt": 9
        },
        {
          "ans": "TV Shows",
          "pnt": 6
        },
        {
          "ans": "Fashion",
          "pnt": 4
        }
      ],
      "multiply": 1,
      "question": "Name Something Better In The 50’s"
    },
    {
      "answers": [
        {
          "ans": "Heart",
          "pnt": 34
        },
        {
          "ans": "Prostate",
          "pnt": 28
        },
        {
          "ans": "Blood Pressure",
          "pnt": 18
        },
        {
          "ans": "Colon",
          "pnt": 5
        },
        {
          "ans": "Vision",
          "pnt": 4
        },
        {
          "ans": "Hearing",
          "pnt": 4
        },
        {
          "ans": "Cholesterol",
          "pnt": 3
        }
      ],
      "multiply": 1,
      "question": "Name Something The Doctor Begins To Check As You Get Older."
    },
    {
      "answers": [
        {
          "ans": "Motor",
          "pnt": 51
        },
        {
          "ans": "Gas Tank",
          "pnt": 33
        },
        {
          "ans": "Headlight",
          "pnt": 22
        }
      ],
      "multiply": 2,
      "question": "Name Something A Motorcycle Has That A Bicycle Doesn’t"
    },
    {
      "answers": [
        {
          "ans": "Bad Vision",
          "pnt": 56
        },
        {
          "ans": "Fear Of Flying",
          "pnt": 17
        },
        {
          "ans": "Fear Of Heights",
          "pnt": 13
        },
        {
          "ans": "Criminal Record",
          "pnt": 6
        },
        {
          "ans": "Drinking Problem",
          "pnt": 6
        }
      ],
      "multiply": 2,
      "question": "Name Something That Would Prevent A Person From Becoming A Pilot."
    },
    {
      "answers": [
        {
          "ans": "Fruit ",
          "pnt": 42
        },
        {
          "ans": "Sweets ",
          "pnt": 27
        },
        {
          "ans": "Perfume ",
          "pnt": 18
        },
        {
          "ans": "Bath Oil ",
          "pnt": 12
        },
        {
          "ans": "Wine ",
          "pnt": 7
        }
      ],
      "multiply": 2,
      "question": "Name Something You Might Receive In A Gift Basket"
    }
  ],
  "final_round": [
    {
      "answers": [
        [
          "A Dog ",
          43
        ],
        [
          "A Cat ",
          28
        ],
        [
          "A Bird ",
          18
        ]
      ],
      "question": "Name An Animal That Can Be Kept As A Pet"
    },
    {
      "answers": [
        [
          "Run Ahead",
          42
        ],
        [
          "Touch Anything",
          24
        ],
        [
          "Steal",
          14
        ],
        [
          "Scream/Cry",
          9
        ],
        [
          "Beg For Junk Food",
          4
        ],
        [
          "Eat Food",
          4
        ]
      ],
      "question": "At The Grocery Store, Name Something A Kid Is Told Not To Do."
    },
    {
      "answers": [
        [
          "Mozzarella",
          28
        ],
        [
          "Limburger",
          20
        ],
        [
          "Roquefort",
          11
        ],
        [
          "Muenster",
          11
        ],
        [
          "Provolone",
          10
        ],
        [
          "Brie",
          8
        ],
        [
          "Gorgonzola",
          3
        ]
      ],
      "question": "Name A Type Of Cheese With A Funny Name."
    },
    {
      "answers": [
        [
          "Eggs",
          35
        ],
        [
          "Coffee",
          30
        ],
        [
          "Pancakes",
          16
        ],
        [
          "Bacon",
          6
        ],
        [
          "Juice",
          4
        ],
        [
          "Toast",
          4
        ]
      ],
      "question": "Name Something You’ll Find On The Breakfast Menu No Matter What Kind Of Restaurant You’re At"
    }
  ],
  "final_round_timers": [
    20,
    25
  ]
}