{
  "rounds": [
    {
      "answers": [
        {
          "ans": "French",
          "pnt": 34
        },
        {
          "ans": "Italian",
          "pnt": 20
        },
        {
          "ans": "Spanish",
          "pnt": 17
        },
        {
          "ans": "British",
          "pnt": 17
        },
        {
          "ans": "Southern",
          "pnt": 4
        },
        {
          "ans": "Australian",
          "pnt": 3
        },
        {
          "ans": "Irish",
          "pnt": 3
        }
      ],
      "multiply": 1,
      "question": "Name An Accent That Many Americans Consider Sexy"
    },
    {
      "answers": [
        {
          "ans": "Las Vegas",
          "pnt": 41
        },
        {
          "ans": "Cancun",
          "pnt": 26
        },
        {
          "ans": "New Oleeans",
          "pnt": 14
        },
        {
          "ans": "New York",
          "pnt": 8
        },
        {
          "ans": "Amsterdam",
          "pnt": 4
        },
        {
          "ans": "Los Angeles",
          "pnt": 3
        }
      ],
      "multiply": 1,
      "question": "Name A Place That Single People Travel To For Its Party Atmosphere"
    },
    {
      "answers": [
        {
          "ans": "Secretary",
          "pnt": 55
        },
        {
          "ans": "Data Entry",
          "pnt": 14
        },
        {
          "ans": "Accountant",
          "pnt": 10
        },
        {
          "ans": "Writer",
          "pnt": 8
        },
        {
          "ans": "Court Reporter",
          "pnt": 6
        },
        {
          "ans": "Programmer",
          "pnt": 4
        }
      ],
      "multiply": 1,
      "question": "Name a job you’d have a hard time doing if you couldn’t type well."
    },
    {
      "answers": [
        {
          "ans": "Be Quiet",
          "pnt": 36
        },
        {
          "ans": "Buckle Up",
          "pnt": 34
        },
        {
          "ans": "Sit Down",
          "pnt": 14
        },
        {
          "ans": "Keep Still",
          "pnt": 13
        }
      ],
      "multiply": 2,
      "question": "What Do Parents Instruct Their Children To Do While Riding In The Car?"
    },
    {
      "answers": [
        {
          "ans": "Dive",
          "pnt": 68
        },
        {
          "ans": "Feet First",
          "pnt": 10
        },
        {
          "ans": "Slowly",
          "pnt": 6
        },
        {
          "ans": "Jump Right In",
          "pnt": 4
        },
        {
          "ans": "Ladder",
          "pnt": 3
        },
        {
          "ans": "Stairs",
          "pnt": 2
        }
      ],
      "multiply": 2,
      "question": "Name A Specific Way People Might Enter A Swimming Pool"
    },
    {
      "answers": [
        {
          "ans": "Argue/Counseling",
          "pnt": 29
        },
        {
          "ans": "Manage Money",
          "pnt": 27
        },
        {
          "ans": "Raise Kids",
          "pnt": 21
        },
        {
          "ans": "Plan A Wedding",
          "pnt": 12
        },
        {
          "ans": "Buy A House",
          "pnt": 8
        }
      ],
      "multiply": 2,
      "question": "Name Something Stressful That Couples Do Together"
    }
  ],
  "final_round": [
    {
      "answers": [
        [
          "Clothing",
          26
        ],
        [
          "Shoe Store",
          16
        ],
        [
          "Bookstore",
          15
        ],
        [
          "Toy Store",
          14
        ],
        [
          "Food",
          13
        ],
        [
          "Department Store",
          11
        ],
        [
          "Videogame",
          5
        ]
      ],
      "question": "Name A Type Of Store You’d Find In Just About All Shopping Malls."
    },
    {
      "answers": [
        [
          "Bird Watching ",
          51
        ],
        [
          "At The Races ",
          33
        ],
        [
          "Spying ",
          22
        ],
        [
          "On A Boat ",
          14
        ],
        [
          "At The Theatre ",
          9
        ]
      ],
      "question": "Name A Reason You May Need Binnoculers"
    },
    {
      "answers": [
        [
          "Meat",
          51
        ],
        [
          "Cheese",
          37
        ],
        [
          "Salsa",
          5
        ],
        [
          "Lettuce",
          5
        ]
      ],
      "question": "Name An Ingredient That Tacos Would Be No Good Without."
    },
    {
      "answers": [
        [
          "Cow",
          49
        ],
        [
          "Pig",
          32
        ],
        [
          "Horse",
          8
        ],
        [
          "Chicken",
          8
        ]
      ],
      "question": "Name The First Animal You Picture When You Think Of A Farm"
    }
  ],
  "final_round_timers": [
    20,
    25
  ]
}