{
  "rounds": [
    {
      "answers": [
        {
          "ans": "Golf",
          "pnt": 47
        },
        {
          "ans": "Gardening",
          "pnt": 17
        },
        {
          "ans": "Traveling",
          "pnt": 16
        },
        {
          "ans": "Fishing",
          "pnt": 10
        },
        {
          "ans": "Playing An Instrument",
          "pnt": 3
        },
        {
          "ans": "Knitting",
          "pnt": 3
        }
      ],
      "multiply": 1,
      "question": "Name An Activity People Commonly Take Up After Retirement."
    },
    {
      "answers": [
        {
          "ans": "Writing",
          "pnt": 57
        },
        {
          "ans": "Playing sports",
          "pnt": 18
        },
        {
          "ans": "Carrying things",
          "pnt": 7
        },
        {
          "ans": "Going to bathroom",
          "pnt": 4
        },
        {
          "ans": "Raising hand",
          "pnt": 3
        }
      ],
      "multiply": 1,
      "question": "Name something a kid with a broken arm would have a hard time doing at school."
    },
    {
      "answers": [
        {
          "ans": "Refill Drinks",
          "pnt": 40
        },
        {
          "ans": "Take Order",
          "pnt": 26
        },
        {
          "ans": "Clear Dishes",
          "pnt": 17
        },
        {
          "ans": "Check On You",
          "pnt": 11
        },
        {
          "ans": "Give The Bill",
          "pnt": 7
        }
      ],
      "multiply": 1,
      "question": "While eating at a restaurant,name something the waitress comes back to the table to do"
    },
    {
      "answers": [
        {
          "ans": "Big Bird",
          "pnt": 41
        },
        {
          "ans": "Elmo",
          "pnt": 19
        },
        {
          "ans": "Oscar",
          "pnt": 15
        },
        {
          "ans": "Cookie Monster",
          "pnt": 14
        },
        {
          "ans": "Ernie",
          "pnt": 4
        },
        {
          "ans": "Grover",
          "pnt": 3
        },
        {
          "ans": "Bert",
          "pnt": 3
        }
      ],
      "multiply": 2,
      "question": "If You Lived On Sesame Street, Which Character Would Get On Your Nerves?"
    },
    {
      "answers": [
        {
          "ans": "Hair ",
          "pnt": 51
        },
        {
          "ans": "Teeth ",
          "pnt": 33
        },
        {
          "ans": "Nose ",
          "pnt": 22
        },
        {
          "ans": "Trousers ",
          "pnt": 14
        },
        {
          "ans": "Bumper ",
          "pnt": 9
        }
      ],
      "multiply": 2,
      "question": "Name Something You Might Want To Have Straightened"
    },
    {
      "answers": [
        {
          "ans": "Walking/Running",
          "pnt": 39
        },
        {
          "ans": "Active Love Life",
          "pnt": 28
        },
        {
          "ans": "Driving",
          "pnt": 20
        },
        {
          "ans": "Traveling",
          "pnt": 9
        }
      ],
      "multiply": 2,
      "question": "Name Something You Hope That You’re Still Doing When You’re 80."
    }
  ],
  "final_round": [
    {
      "answers": [
        [
          "Taxes",
          37
        ],
        [
          "Credit",
          25
        ],
        [
          "Interest",
          12
        ],
        [
          "Budget",
          8
        ],
        [
          "Stocks",
          7
        ],
        [
          "Mortgage",
          6
        ],
        [
          "Loans",
          3
        ]
      ],
      "question": "Name Something Related To Finances That It’s Hard To Explain To A Kid."
    },
    {
      "answers": [
        [
          "Camera ",
          45
        ],
        [
          "Map ",
          29
        ],
        [
          "Friends ",
          19
        ]
      ],
      "question": "Name Something You Might Take Sightseeing"
    },
    {
      "answers": [
        [
          "Teeth",
          35
        ],
        [
          "Toys",
          34
        ],
        [
          "Money",
          13
        ],
        [
          "Homework",
          7
        ],
        [
          "Gloves",
          4
        ],
        [
          "Jacket",
          3
        ],
        [
          "Temper",
          3
        ]
      ],
      "question": "Name Something That A Child Often Loses"
    },
    {
      "answers": [
        [
          "Set Gifts Under Tree",
          41
        ],
        [
          "Wrapping Gifts",
          33
        ],
        [
          "eating Cookies",
          20
        ],
        [
          "Buying/Hiding Gifts",
          3
        ]
      ],
      "question": "What Might Parents Be Caught Doing That Causes Their Kid To Bust Them For Doing Santa’s Job?"
    }
  ],
  "final_round_timers": [
    20,
    25
  ]
}