{
  "rounds": [
    {
      "answers": [
        {
          "ans": "Elephant",
          "pnt": 48
        },
        {
          "ans": "Lion",
          "pnt": 31
        },
        {
          "ans": "Tiger",
          "pnt": 20
        },
        {
          "ans": "Monkey",
          "pnt": 13
        },
        {
          "ans": "Giraffe",
          "pnt": 9
        },
        {
          "ans": "Bear",
          "pnt": 6
        },
        {
          "ans": "Dog",
          "pnt": 3
        }
      ],
      "multiply": 1,
      "question": "Animal Shape In Box Of Animal Crackers"
    },
    {
      "answers": [
        {
          "ans": "Money",
          "pnt": 35
        },
        {
          "ans": "Drugs",
          "pnt": 23
        },
        {
          "ans": "Death",
          "pnt": 14
        },
        {
          "ans": "Safety",
          "pnt": 11
        },
        {
          "ans": "Coming Back",
          "pnt": 10
        },
        {
          "ans": "Lonely",
          "pnt": 5
        }
      ],
      "multiply": 1,
      "question": "name A fear parents Have For Their Child, When She Moves Out Of The House"
    },
    {
      "answers": [
        {
          "ans": "First aid kit",
          "pnt": 41
        },
        {
          "ans": "Flashlight",
          "pnt": 23
        },
        {
          "ans": "Water",
          "pnt": 12
        },
        {
          "ans": "Knife",
          "pnt": 6
        },
        {
          "ans": "Matches",
          "pnt": 3
        },
        {
          "ans": "Cellular Phone",
          "pnt": 3
        },
        {
          "ans": "Blanket",
          "pnt": 3
        }
      ],
      "multiply": 1,
      "question": "Name something campers might take with them for emergencies."
    },
    {
      "answers": [
        {
          "ans": "Trim It ",
          "pnt": 43
        },
        {
          "ans": "Shave It ",
          "pnt": 28
        },
        {
          "ans": "Twirl It ",
          "pnt": 18
        },
        {
          "ans": "Comb It ",
          "pnt": 12
        },
        {
          "ans": "Wax It ",
          "pnt": 8
        }
      ],
      "multiply": 2,
      "question": "Name Something You Might Do To A Moustache"
    },
    {
      "answers": [
        {
          "ans": "Money",
          "pnt": 66
        },
        {
          "ans": "Education",
          "pnt": 12
        },
        {
          "ans": "Votes",
          "pnt": 5
        },
        {
          "ans": "Running Mate",
          "pnt": 3
        },
        {
          "ans": "Gift Of Gab",
          "pnt": 2
        },
        {
          "ans": "Be A Citizen",
          "pnt": 2
        },
        {
          "ans": "Clean Backgroung",
          "pnt": 2
        }
      ],
      "multiply": 2,
      "question": "Name Something You’d Need If You Wanted To Run For President."
    },
    {
      "answers": [
        {
          "ans": "Orange",
          "pnt": 56
        },
        {
          "ans": "Peach",
          "pnt": 14
        },
        {
          "ans": "Steak",
          "pnt": 14
        },
        {
          "ans": "Apple",
          "pnt": 12
        },
        {
          "ans": "Hamburger",
          "pnt": 3
        }
      ],
      "multiply": 2,
      "question": "Name Something You Eat That Can Be Described As Juicy."
    }
  ],
  "final_round": [
    {
      "answers": [
        [
          "Stomach ",
          54
        ],
        [
          "Thunder ",
          35
        ],
        [
          "Earthquake ",
          23
        ],
        [
          "Volcano ",
          15
        ],
        [
          "Train ",
          10
        ]
      ],
      "question": "Name Something That Rumbles"
    },
    {
      "answers": [
        [
          "Sleep",
          36
        ],
        [
          "Be Intimate",
          19
        ],
        [
          "Shower",
          14
        ],
        [
          "Keep House Clean",
          13
        ],
        [
          "Cook",
          5
        ],
        [
          "Use Bathroom",
          4
        ],
        [
          "Read/Study",
          4
        ]
      ],
      "question": "Name Something That It Is Harder To Do When You Have Too Many Roommates."
    },
    {
      "answers": [
        [
          "Swimming",
          34
        ],
        [
          "Showering",
          28
        ],
        [
          "Going To Sleep",
          14
        ],
        [
          "Washing Her Face",
          12
        ],
        [
          "Aerobics",
          7
        ]
      ],
      "question": "Name Something A Woman Would Be Foolish To Apply Makeup Before Doing."
    },
    {
      "answers": [
        [
          "Aftershave ",
          42
        ],
        [
          "Razor ",
          27
        ],
        [
          "Shaving Cream ",
          18
        ],
        [
          "Comb ",
          12
        ],
        [
          "Deodorant ",
          7
        ]
      ],
      "question": "Name Something You Might Find In A Mans Toiletry Bag"
    }
  ],
  "final_round_timers": [
    20,
    25
  ]
}