{
  "rounds": [
    {
      "answers": [
        {
          "ans": "Dept Store",
          "pnt": 47
        },
        {
          "ans": "Grocery Store",
          "pnt": 31
        },
        {
          "ans": "Casino",
          "pnt": 20
        },
        {
          "ans": "Bar",
          "pnt": 13
        },
        {
          "ans": "Movie",
          "pnt": 8
        },
        {
          "ans": "Vacation",
          "pnt": 5
        },
        {
          "ans": "Restaurant",
          "pnt": 3
        }
      ],
      "multiply": 1,
      "question": "Place You End Up Spending More Money Than Planned"
    },
    {
      "answers": [
        {
          "ans": "Drive",
          "pnt": 49
        },
        {
          "ans": "Eat",
          "pnt": 24
        },
        {
          "ans": "Type",
          "pnt": 17
        },
        {
          "ans": "Clap",
          "pnt": 5
        },
        {
          "ans": "Ride A Bike",
          "pnt": 3
        }
      ],
      "multiply": 1,
      "question": "Name Something You’re Supposed To Do With Both Hands, But People Often Use Just One."
    },
    {
      "answers": [
        {
          "ans": "Expenses",
          "pnt": 41
        },
        {
          "ans": "Being Alone",
          "pnt": 25
        },
        {
          "ans": "Leaving Home",
          "pnt": 12
        },
        {
          "ans": "Making New Friends",
          "pnt": 5
        },
        {
          "ans": "Difficult Classes",
          "pnt": 4
        },
        {
          "ans": "New Roommate",
          "pnt": 3
        }
      ],
      "multiply": 1,
      "question": "Name Something Teens May Be Afraid Of When Moving Away To College"
    },
    {
      "answers": [
        {
          "ans": "Homemade",
          "pnt": 53
        },
        {
          "ans": "Sales",
          "pnt": 34
        },
        {
          "ans": "Set A Budget",
          "pnt": 23
        },
        {
          "ans": "Re-Gift",
          "pnt": 15
        },
        {
          "ans": "Discount Stores",
          "pnt": 10
        }
      ],
      "multiply": 2,
      "question": "Name A Way To Avoid Spending A Lot On Christmas Gifts"
    },
    {
      "answers": [
        {
          "ans": "Ice Cream",
          "pnt": 32
        },
        {
          "ans": "Yogurt",
          "pnt": 21
        },
        {
          "ans": "Chips",
          "pnt": 19
        },
        {
          "ans": "Tuna",
          "pnt": 10
        },
        {
          "ans": "Soup",
          "pnt": 8
        },
        {
          "ans": "Peanut Butter",
          "pnt": 7
        }
      ],
      "multiply": 2,
      "question": "Name A Food That Can be Eaten Directly From Its Container."
    },
    {
      "answers": [
        {
          "ans": "Abra Cadabra",
          "pnt": 51
        },
        {
          "ans": "Hocus Pocus",
          "pnt": 24
        },
        {
          "ans": "Alla Kazam",
          "pnt": 12
        },
        {
          "ans": "Presto",
          "pnt": 9
        }
      ],
      "multiply": 2,
      "question": "Which Word Or Phrase Is Often Used As A Magician’s Magic Word(s)?"
    }
  ],
  "final_round": [
    {
      "answers": [
        [
          "Can’t Fly",
          33
        ],
        [
          "Getting Weak",
          26
        ],
        [
          "Slowing Down",
          18
        ],
        [
          "No X Ray Vision",
          7
        ],
        [
          "Gray Hair",
          5
        ],
        [
          "Memory Loss",
          4
        ]
      ],
      "question": "If Superman Got Old Like The Rest Of Us, Name A Sign That It Might Be Time For Him To Retire"
    },
    {
      "answers": [
        [
          "Open Window ",
          51
        ],
        [
          "Coffee ",
          33
        ],
        [
          "Loud Music ",
          22
        ]
      ],
      "question": "Name A Way You Might Try to Stay Awake Whilst Driving"
    },
    {
      "answers": [
        [
          "Golf Club",
          50
        ],
        [
          "Night Club",
          22
        ],
        [
          "Gentleman’s Club",
          8
        ],
        [
          "Club Sandwich",
          5
        ],
        [
          "Billy Club",
          5
        ],
        [
          "Country Club",
          4
        ],
        [
          "Book Club",
          3
        ]
      ],
      "question": "Name A Type Of Club"
    },
    {
      "answers": [
        [
          "Far Away",
          41
        ],
        [
          "Rains Too Much",
          21
        ],
        [
          "Expensive",
          16
        ],
        [
          "Crowded",
          16
        ]
      ],
      "question": "Even Though It’s A Beautiful Place To Visit, Name A Reason Why You Might Not Want To Live In Hawaii"
    }
  ],
  "final_round_timers": [
    20,
    25
  ]
}