{
  "rounds": [
    {
      "answers": [
        {
          "ans": "Baking Soda",
          "pnt": 32
        },
        {
          "ans": "Ketchup",
          "pnt": 32
        },
        {
          "ans": "Jell O",
          "pnt": 8
        },
        {
          "ans": "Water",
          "pnt": 7
        },
        {
          "ans": "Soda",
          "pnt": 5
        },
        {
          "ans": "Tomato Sauce",
          "pnt": 5
        },
        {
          "ans": "Pudding",
          "pnt": 4
        }
      ],
      "multiply": 1,
      "question": "Name A Kitchen Item That Might Be Used To Make Lava On A Volcano Model"
    },
    {
      "answers": [
        {
          "ans": "Coffee",
          "pnt": 50
        },
        {
          "ans": "Tea",
          "pnt": 17
        },
        {
          "ans": "Martini",
          "pnt": 12
        },
        {
          "ans": "Chocolate Milk",
          "pnt": 8
        },
        {
          "ans": "Kool Aid",
          "pnt": 7
        }
      ],
      "multiply": 1,
      "question": "Name A Drink That You Might Stir."
    },
    {
      "answers": [
        {
          "ans": "Use Computer",
          "pnt": 36
        },
        {
          "ans": "Study",
          "pnt": 31
        },
        {
          "ans": "Meet People",
          "pnt": 13
        },
        {
          "ans": "Research",
          "pnt": 10
        },
        {
          "ans": "It’s Quiet",
          "pnt": 5
        }
      ],
      "multiply": 1,
      "question": "Why Might Someone Who Doesn’t Like Reading Go To The Library?"
    },
    {
      "answers": [
        {
          "ans": "Trash",
          "pnt": 45
        },
        {
          "ans": "Penny",
          "pnt": 29
        },
        {
          "ans": "Gum",
          "pnt": 19
        },
        {
          "ans": "Dog Doo",
          "pnt": 12
        }
      ],
      "multiply": 2,
      "question": "Name Something You Find On A Street That The Owner Doesn’t Want Returned"
    },
    {
      "answers": [
        {
          "ans": "Rocky Horror",
          "pnt": 31
        },
        {
          "ans": "Pulp Fiction",
          "pnt": 20
        },
        {
          "ans": "A Clockwork Orange",
          "pnt": 15
        },
        {
          "ans": "Breakfast Club",
          "pnt": 12
        },
        {
          "ans": "Napolean Dynamite",
          "pnt": 11
        },
        {
          "ans": "Blair Witch Project",
          "pnt": 6
        }
      ],
      "multiply": 2,
      "question": "Name A Movie That Has Become A “Cult Classic”."
    },
    {
      "answers": [
        {
          "ans": "Cushion ",
          "pnt": 40
        },
        {
          "ans": "Person ",
          "pnt": 26
        },
        {
          "ans": "Cat ",
          "pnt": 17
        },
        {
          "ans": "Magazine ",
          "pnt": 11
        }
      ],
      "multiply": 2,
      "question": "Name Something You Might Find On A Chair"
    }
  ],
  "final_round": [
    {
      "answers": [
        [
          "Sweater",
          33
        ],
        [
          "Bra",
          26
        ],
        [
          "Coat",
          19
        ],
        [
          "Shoes",
          8
        ]
      ],
      "question": "Name An Article Of Clothing That Usually Can’t Be Put In The Dryer"
    },
    {
      "answers": [
        [
          "Build A Snowman",
          59
        ],
        [
          "Snowball Fight",
          38
        ],
        [
          "Sled",
          25
        ],
        [
          "Ski",
          16
        ]
      ],
      "question": "What Should You Do To Celebrate The First Snowfall?"
    },
    {
      "answers": [
        [
          "Brooklyn Bridge",
          44
        ],
        [
          "Dodgers",
          30
        ],
        [
          "New York",
          8
        ],
        [
          "Accent",
          4
        ],
        [
          "Subway",
          3
        ],
        [
          "Zoo",
          3
        ]
      ],
      "question": "Name Something You Associate With Brooklyn."
    },
    {
      "answers": [
        [
          "Lad",
          42
        ],
        [
          "Sonny",
          27
        ],
        [
          "Youngin",
          18
        ],
        [
          "Kiddo",
          12
        ],
        [
          "Whippersnapper",
          7
        ]
      ],
      "question": "Name A Term For “Little Boy” That Old Person Might Use"
    }
  ],
  "final_round_timers": [
    20,
    25
  ]
}