{
  "rounds": [
    {
      "answers": [
        {
          "ans": "Wish List",
          "pnt": 56
        },
        {
          "ans": "Been Good",
          "pnt": 13
        },
        {
          "ans": "Leave Him Cookies",
          "pnt": 9
        },
        {
          "ans": "Name",
          "pnt": 8
        },
        {
          "ans": "Age",
          "pnt": 4
        },
        {
          "ans": "Address",
          "pnt": 3
        }
      ],
      "multiply": 1,
      "question": "Name Something Kids Might Tell Santa In A Letter To Him"
    },
    {
      "answers": [
        {
          "ans": "Librarian",
          "pnt": 59
        },
        {
          "ans": "Writer/ Editor",
          "pnt": 13
        },
        {
          "ans": "Teacher",
          "pnt": 13
        },
        {
          "ans": "Secretary",
          "pnt": 6
        },
        {
          "ans": "Security Guard",
          "pnt": 5
        }
      ],
      "multiply": 1,
      "question": "Name An Occupation Where You Could Get Away With Reading On The Job"
    },
    {
      "answers": [
        {
          "ans": "Taste",
          "pnt": 42
        },
        {
          "ans": "Type Of Meat",
          "pnt": 27
        },
        {
          "ans": "Color",
          "pnt": 18
        },
        {
          "ans": "Smell",
          "pnt": 12
        }
      ],
      "multiply": 1,
      "question": "If “Meat Loaf Surprise” was listed on a menu,what might be surprising about it"
    },
    {
      "answers": [
        {
          "ans": "Tired",
          "pnt": 40
        },
        {
          "ans": "Sick",
          "pnt": 25
        },
        {
          "ans": "Hung Over",
          "pnt": 12
        },
        {
          "ans": "Stressed",
          "pnt": 6
        },
        {
          "ans": "Computer Trouble",
          "pnt": 3
        }
      ],
      "multiply": 2,
      "question": "Name A reason You Might Be Less Productive Then Usual At Work"
    },
    {
      "answers": [
        {
          "ans": "Hangover",
          "pnt": 39
        },
        {
          "ans": "Headache",
          "pnt": 27
        },
        {
          "ans": "Sore Dancing Legs",
          "pnt": 12
        },
        {
          "ans": "Nausea",
          "pnt": 8
        }
      ],
      "multiply": 2,
      "question": "What Ailment Might You Have The Morning After A Wild Party?"
    },
    {
      "answers": [
        {
          "ans": "Orange",
          "pnt": 47
        },
        {
          "ans": "Apple",
          "pnt": 26
        },
        {
          "ans": "Lemon",
          "pnt": 9
        },
        {
          "ans": "Cranberry",
          "pnt": 5
        },
        {
          "ans": "Tomato",
          "pnt": 3
        },
        {
          "ans": "Grapefruit",
          "pnt": 3
        }
      ],
      "multiply": 2,
      "question": "Name a fruit that people drink juice from in the morning."
    }
  ],
  "final_round": [
    {
      "answers": [
        [
          "Movie Theater",
          27
        ],
        [
          "Place Of Worship",
          27
        ],
        [
          "Restaurant",
          13
        ],
        [
          "Car",
          11
        ],
        [
          "Library",
          9
        ],
        [
          "At Work",
          7
        ],
        [
          "In The Bathroom",
          4
        ]
      ],
      "question": "Name A Place Where Wish People Wouldn’t Answer Their Cell Phones"
    },
    {
      "answers": [
        [
          "Low Pay",
          55
        ],
        [
          "Long Hours",
          36
        ],
        [
          "Mean Boss",
          23
        ],
        [
          "Location",
          15
        ],
        [
          "No Benefits",
          10
        ],
        [
          "Dangerous",
          6
        ],
        [
          "Travel Alot",
          4
        ]
      ],
      "question": "What Might You Find Out About Job Not Accepting It"
    },
    {
      "answers": [
        [
          "Shy",
          40
        ],
        [
          "Been Drinking",
          26
        ],
        [
          "Too Noisy",
          17
        ],
        [
          "Lots Of Competiton",
          11
        ],
        [
          "Crowded Room",
          7
        ]
      ],
      "question": "Name A Reason Why It’s Hard To Talk To An Attractive Person"
    },
    {
      "answers": [
        [
          "Hospital",
          45
        ],
        [
          "Movie Theater",
          29
        ],
        [
          "Church",
          19
        ],
        [
          "Airplane",
          12
        ],
        [
          "School",
          8
        ],
        [
          "Library",
          5
        ],
        [
          "Court",
          3
        ]
      ],
      "question": "Name A Place Where You’re Asked To Turn Off Cell Phone"
    }
  ],
  "final_round_timers": [
    20,
    25
  ]
}