{
  "rounds": [
    {
      "answers": [
        {
          "ans": "Try A Cigarette",
          "pnt": 35
        },
        {
          "ans": "Stay Out Late",
          "pnt": 19
        },
        {
          "ans": "Dye Hair",
          "pnt": 9
        },
        {
          "ans": "Run Away",
          "pnt": 8
        },
        {
          "ans": "Sneak Out",
          "pnt": 7
        },
        {
          "ans": "Talk Back",
          "pnt": 6
        },
        {
          "ans": "Tattoo",
          "pnt": 5
        }
      ],
      "multiply": 1,
      "question": "Name Something Specific A Teen Might Do That Shows They’re Rebelling"
    },
    {
      "answers": [
        {
          "ans": "Lawyer",
          "pnt": 57
        },
        {
          "ans": "Librarian",
          "pnt": 37
        },
        {
          "ans": "Spy",
          "pnt": 24
        },
        {
          "ans": "Mime",
          "pnt": 16
        },
        {
          "ans": "Clergy",
          "pnt": 10
        },
        {
          "ans": "Therapist",
          "pnt": 7
        },
        {
          "ans": "Police",
          "pnt": 4
        }
      ],
      "multiply": 1,
      "question": "Tell Me An Occupation That A Blabbermouth Would Fail At"
    },
    {
      "answers": [
        {
          "ans": "Quiet",
          "pnt": 33
        },
        {
          "ans": "Good Cook",
          "pnt": 20
        },
        {
          "ans": "Not Nosey",
          "pnt": 16
        },
        {
          "ans": "Lives Far Away",
          "pnt": 10
        },
        {
          "ans": "Nie",
          "pnt": 10
        }
      ],
      "multiply": 1,
      "question": "Name Something Every Newlywed Hopes Their Mother-In-Law Will Be Like"
    },
    {
      "answers": [
        {
          "ans": "Tennis Balls",
          "pnt": 62
        },
        {
          "ans": "Racquet",
          "pnt": 32
        },
        {
          "ans": "Towel",
          "pnt": 5
        },
        {
          "ans": "Tennis Shoes",
          "pnt": 3
        },
        {
          "ans": "Socks",
          "pnt": 2
        }
      ],
      "multiply": 2,
      "question": "Name Something You Might Find In A Tennis Bag."
    },
    {
      "answers": [
        {
          "ans": "Curtains",
          "pnt": 39
        },
        {
          "ans": "Wallpaper",
          "pnt": 28
        },
        {
          "ans": "Couch",
          "pnt": 22
        },
        {
          "ans": "Rug",
          "pnt": 5
        },
        {
          "ans": "Artwork",
          "pnt": 4
        }
      ],
      "multiply": 2,
      "question": "Name A Piece Of Home Decor That Sometimes Comes With Wild Patterns"
    },
    {
      "answers": [
        {
          "ans": "Football",
          "pnt": 54
        },
        {
          "ans": "Hockey",
          "pnt": 31
        },
        {
          "ans": "Baseball",
          "pnt": 10
        },
        {
          "ans": "Rugby",
          "pnt": 3
        }
      ],
      "multiply": 2,
      "question": "Name A Sport That You Wouldn’t Play Without Protective Equipment"
    }
  ],
  "final_round": [
    {
      "answers": [
        [
          "Fall To Earth",
          37
        ],
        [
          "Run Out Of Gas",
          18
        ],
        [
          "Hit A Plane",
          11
        ],
        [
          "Blow Up",
          8
        ],
        [
          "Collide With A Bird",
          7
        ],
        [
          "Hit A Tree",
          5
        ],
        [
          "Hit A Building",
          3
        ]
      ],
      "question": "If You Commuted To Work By Jet Pack, Name Something Dangerous That Could Happen. Be Specific."
    },
    {
      "answers": [
        [
          "Barbecue",
          45
        ],
        [
          "Sour Cream/Onion",
          14
        ],
        [
          "Salt and Vinegar",
          12
        ],
        [
          "Plain",
          11
        ],
        [
          "Cheddar",
          11
        ],
        [
          "Ranch",
          6
        ]
      ],
      "question": "Name a common potato chip flavor."
    },
    {
      "answers": [
        [
          "Raining",
          54
        ],
        [
          "Dangerous",
          35
        ],
        [
          "Too Far",
          23
        ],
        [
          "Get Sweaty",
          15
        ],
        [
          "Lazy",
          10
        ]
      ],
      "question": "Name A Reason Why Someone Might Not Ride Their Bike To Work"
    },
    {
      "answers": [
        [
          "Oars ",
          41
        ],
        [
          "Boat ",
          27
        ],
        [
          "Water ",
          17
        ],
        [
          "The Olympics ",
          11
        ],
        [
          "A Canoe ",
          7
        ],
        [
          "Steve Redgrave ",
          5
        ]
      ],
      "question": "Name Something Associated With Rowing"
    }
  ],
  "final_round_timers": [
    20,
    25
  ]
}