{
  "rounds": [
    {
      "answers": [
        {
          "ans": "Salt/Pepper",
          "pnt": 54
        },
        {
          "ans": "Flowers",
          "pnt": 35
        },
        {
          "ans": "Napkins",
          "pnt": 23
        },
        {
          "ans": "Place Settings",
          "pnt": 15
        },
        {
          "ans": "Fruit Bowl",
          "pnt": 10
        },
        {
          "ans": "Table Cloth",
          "pnt": 6
        }
      ],
      "multiply": 1,
      "question": "Name Something That People Keep On Their Kitchen Table Most Of The Time"
    },
    {
      "answers": [
        {
          "ans": "Pin The Tail",
          "pnt": 54
        },
        {
          "ans": "Twister",
          "pnt": 20
        },
        {
          "ans": "Spin The Bottle",
          "pnt": 13
        },
        {
          "ans": "Musical Chairs",
          "pnt": 9
        }
      ],
      "multiply": 1,
      "question": "Name A Party Game That You’d Be Surprised To Find At An Adult’s Birthday."
    },
    {
      "answers": [
        {
          "ans": "Scream",
          "pnt": 42
        },
        {
          "ans": "Swing From Ceiling",
          "pnt": 27
        },
        {
          "ans": "Eat With Fingers",
          "pnt": 8
        },
        {
          "ans": "Wear A Loin Cloth",
          "pnt": 8
        },
        {
          "ans": "Grunt",
          "pnt": 4
        },
        {
          "ans": "Stand On The Table",
          "pnt": 4
        }
      ],
      "multiply": 1,
      "question": "Name Something Tarzan Might Do That Could Get Him Thrown Out Of A Nice Restaurant"
    },
    {
      "answers": [
        {
          "ans": "Snoring",
          "pnt": 32
        },
        {
          "ans": "Ticking Clock",
          "pnt": 28
        },
        {
          "ans": "Furnace/AC",
          "pnt": 14
        },
        {
          "ans": "Crickets/Mice",
          "pnt": 8
        },
        {
          "ans": "Creaks",
          "pnt": 7
        },
        {
          "ans": "Leaky Faucet",
          "pnt": 4
        },
        {
          "ans": "Refrigerator",
          "pnt": 4
        }
      ],
      "multiply": 2,
      "question": "Name Something You Can Only Hear In Your House When Everyone’s Sleeping"
    },
    {
      "answers": [
        {
          "ans": "Nurses",
          "pnt": 47
        },
        {
          "ans": "Teachers",
          "pnt": 31
        },
        {
          "ans": "Police Officers",
          "pnt": 20
        },
        {
          "ans": "Doctors",
          "pnt": 13
        }
      ],
      "multiply": 2,
      "question": "Name An Occupation That There’s A Shortage Of In The United States"
    },
    {
      "answers": [
        {
          "ans": "Groceries",
          "pnt": 46
        },
        {
          "ans": "Toilet Paper",
          "pnt": 30
        },
        {
          "ans": "Shoes",
          "pnt": 20
        },
        {
          "ans": "Car",
          "pnt": 13
        },
        {
          "ans": "Toothpaste",
          "pnt": 8
        },
        {
          "ans": "Soap",
          "pnt": 5
        },
        {
          "ans": "Cigarettes",
          "pnt": 3
        }
      ],
      "multiply": 2,
      "question": "Name A Product That People Might Buy Only One Brand Of"
    }
  ],
  "final_round": [
    {
      "answers": [
        [
          "Whistle",
          33
        ],
        [
          "Life Preserver",
          28
        ],
        [
          "Towel",
          15
        ],
        [
          "Surfboard",
          11
        ],
        [
          "Person",
          3
        ]
      ],
      "question": "Name Something You Might See A Lifeguard Carrying"
    },
    {
      "answers": [
        [
          "Flags",
          61
        ],
        [
          "Bras",
          21
        ],
        [
          "Draft Cards",
          7
        ],
        [
          "Signs",
          6
        ],
        [
          "Books",
          2
        ]
      ],
      "question": "Name Something People Burn In Protest."
    },
    {
      "answers": [
        [
          "Clothes",
          52
        ],
        [
          "Ring",
          34
        ],
        [
          "Music",
          22
        ],
        [
          "Pet",
          14
        ],
        [
          "Money",
          9
        ],
        [
          "House",
          6
        ],
        [
          "Car",
          4
        ]
      ],
      "question": "When A Couple Break Up What Might One Want Back"
    },
    {
      "answers": [
        [
          "Doctor’s Office",
          29
        ],
        [
          "Department Store",
          21
        ],
        [
          "Airport",
          14
        ],
        [
          "Pharmacy",
          13
        ],
        [
          "Dentist’s Office",
          9
        ],
        [
          "Restaurant",
          8
        ],
        [
          "DMV",
          6
        ]
      ],
      "question": "Name A Place Where They Always Keep You Waiting."
    }
  ],
  "final_round_timers": [
    20,
    25
  ]
}