{
  "rounds": [
    {
      "answers": [
        {
          "ans": "Birthday",
          "pnt": 47
        },
        {
          "ans": "Batchelor",
          "pnt": 31
        },
        {
          "ans": "Pool",
          "pnt": 20
        },
        {
          "ans": "Holiday",
          "pnt": 13
        },
        {
          "ans": "Bridal",
          "pnt": 8
        },
        {
          "ans": "Political",
          "pnt": 5
        },
        {
          "ans": "Slumber",
          "pnt": 3
        }
      ],
      "multiply": 1,
      "question": "Name A Type Of Party"
    },
    {
      "answers": [
        {
          "ans": "Green Eggs And Ham",
          "pnt": 25
        },
        {
          "ans": "Rhymes",
          "pnt": 22
        },
        {
          "ans": "Cat In The Hat",
          "pnt": 4
        },
        {
          "ans": "Not A Doctor",
          "pnt": 3
        }
      ],
      "multiply": 1,
      "question": "Name Something Everybody knows About Dr. Seuss"
    },
    {
      "answers": [
        {
          "ans": "Gloves",
          "pnt": 39
        },
        {
          "ans": "Magazine",
          "pnt": 26
        },
        {
          "ans": "Band Aids",
          "pnt": 12
        },
        {
          "ans": "Pen",
          "pnt": 11
        },
        {
          "ans": "medicine",
          "pnt": 7
        }
      ],
      "multiply": 1,
      "question": "Name Something You Are Always Tempted To Steal From The Doctor’s Office."
    },
    {
      "answers": [
        {
          "ans": "Spider ",
          "pnt": 49
        },
        {
          "ans": "A Baby ",
          "pnt": 32
        },
        {
          "ans": "Snake ",
          "pnt": 21
        },
        {
          "ans": "Insects ",
          "pnt": 14
        }
      ],
      "multiply": 2,
      "question": "Name Something That Crawls"
    },
    {
      "answers": [
        {
          "ans": "Deer",
          "pnt": 50
        },
        {
          "ans": "Cow",
          "pnt": 24
        },
        {
          "ans": "Moose",
          "pnt": 10
        },
        {
          "ans": "Rat",
          "pnt": 3
        }
      ],
      "multiply": 2,
      "question": "If You’re Driving In The Middle Of No Where, What Animal Might You See Crossing The Street?"
    },
    {
      "answers": [
        {
          "ans": "Doctors",
          "pnt": 52
        },
        {
          "ans": "Beds",
          "pnt": 34
        },
        {
          "ans": "Nurses",
          "pnt": 22
        },
        {
          "ans": "Patients",
          "pnt": 14
        },
        {
          "ans": "Needles",
          "pnt": 9
        },
        {
          "ans": "Drugs",
          "pnt": 6
        },
        {
          "ans": "Babies",
          "pnt": 4
        }
      ],
      "multiply": 2,
      "question": "Name Something You Might Find In A Hospital"
    }
  ],
  "final_round": [
    {
      "answers": [
        [
          "Money",
          32
        ],
        [
          "Personal Products",
          24
        ],
        [
          "Tissue",
          18
        ],
        [
          "Mace/Weapon",
          12
        ],
        [
          "Medicine",
          6
        ],
        [
          "Gum",
          5
        ]
      ],
      "question": "Name Something You Keep In Your Pocket Or Purse “Just In Case.”"
    },
    {
      "answers": [
        [
          "Pumpkins",
          39
        ],
        [
          "Corn",
          20
        ],
        [
          "Leaves",
          18
        ],
        [
          "Apples",
          12
        ],
        [
          "People",
          5
        ],
        [
          "Hay Rides",
          3
        ]
      ],
      "question": "Name Something Your Likely To Find At A Fall Harvest Fair"
    },
    {
      "answers": [
        [
          "Head",
          47
        ],
        [
          "Arms",
          28
        ],
        [
          "Legs",
          13
        ],
        [
          "Hand",
          7
        ]
      ],
      "question": "Name A Part Of A Doll’s Body That Might Be Movable"
    },
    {
      "answers": [
        [
          "Laugh ",
          55
        ],
        [
          "Smile ",
          36
        ],
        [
          "Sing ",
          23
        ],
        [
          "Dance ",
          15
        ]
      ],
      "question": "Name Something People Do When They Are Happy"
    }
  ],
  "final_round_timers": [
    20,
    25
  ]
}