{
  "rounds": [
    {
      "answers": [
        {
          "ans": "Camping",
          "pnt": 42
        },
        {
          "ans": "Searching For Something",
          "pnt": 27
        },
        {
          "ans": "Reading",
          "pnt": 11
        },
        {
          "ans": "Hiking",
          "pnt": 11
        },
        {
          "ans": "Fixing A Car",
          "pnt": 7
        }
      ],
      "multiply": 1,
      "question": "Name Something You Might Use A Flashlight While Doing"
    },
    {
      "answers": [
        {
          "ans": "Jail",
          "pnt": 43
        },
        {
          "ans": "Desert",
          "pnt": 24
        },
        {
          "ans": "Military",
          "pnt": 13
        },
        {
          "ans": "Frozen Tundra",
          "pnt": 11
        },
        {
          "ans": "Outer Space",
          "pnt": 6
        }
      ],
      "multiply": 1,
      "question": "Name A Place Where The Average Person Wouldn’t Last A Day"
    },
    {
      "answers": [
        {
          "ans": "Pin The Tailâ€¦",
          "pnt": 50
        },
        {
          "ans": "Twister",
          "pnt": 19
        },
        {
          "ans": "Spin The Bottle",
          "pnt": 12
        },
        {
          "ans": "Musical Chairs",
          "pnt": 8
        }
      ],
      "multiply": 1,
      "question": "Name A Party Game That You’D Be Surprised To See At An Adult’S Birthday"
    },
    {
      "answers": [
        {
          "ans": "Gun",
          "pnt": 51
        },
        {
          "ans": "Water",
          "pnt": 33
        },
        {
          "ans": "Bug Spray",
          "pnt": 22
        },
        {
          "ans": "Shorts",
          "pnt": 14
        },
        {
          "ans": "Camera",
          "pnt": 9
        },
        {
          "ans": "Sunglasses",
          "pnt": 6
        },
        {
          "ans": "Binoculars",
          "pnt": 4
        }
      ],
      "multiply": 2,
      "question": "Name Something You Might Take On African Safari"
    },
    {
      "answers": [
        {
          "ans": "Lawyer",
          "pnt": 27
        },
        {
          "ans": "Reporter",
          "pnt": 21
        },
        {
          "ans": "Telemarketer",
          "pnt": 17
        },
        {
          "ans": "Doctor",
          "pnt": 11
        },
        {
          "ans": "Detective",
          "pnt": 10
        },
        {
          "ans": "Teacher",
          "pnt": 6
        },
        {
          "ans": "Therapist",
          "pnt": 4
        }
      ],
      "multiply": 2,
      "question": "Name A Good Job For Someone Who Asks A Lot Of Questions."
    },
    {
      "answers": [
        {
          "ans": "Blanket",
          "pnt": 27
        },
        {
          "ans": "Toy",
          "pnt": 26
        },
        {
          "ans": "Teddy Bear",
          "pnt": 22
        },
        {
          "ans": "Doll",
          "pnt": 15
        },
        {
          "ans": "Bottle",
          "pnt": 5
        },
        {
          "ans": "Pacifier",
          "pnt": 3
        }
      ],
      "multiply": 2,
      "question": "Name Something A Child Might Carry Along Everywhere"
    }
  ],
  "final_round": [
    {
      "answers": [
        [
          "Coat",
          27
        ],
        [
          "Jeans",
          26
        ],
        [
          "Girdle",
          18
        ],
        [
          "Tights",
          9
        ],
        [
          "Snowsuit",
          6
        ]
      ],
      "question": "Name An Article Of Clothing That Makes You Feel You Can’t Move"
    },
    {
      "answers": [
        [
          "Expectations",
          59
        ],
        [
          "Dane",
          38
        ],
        [
          "Wall Of China",
          25
        ],
        [
          "Day",
          16
        ],
        [
          "Grandmother",
          11
        ],
        [
          "Buy",
          7
        ],
        [
          "Scott",
          4
        ]
      ],
      "question": "Name Something Begins With Great"
    },
    {
      "answers": [
        [
          "Florance Joyner",
          38
        ],
        [
          "Road Runner",
          26
        ],
        [
          "Carl Lewis",
          13
        ],
        [
          "Michael Johnson",
          7
        ],
        [
          "Jesse Owens",
          7
        ],
        [
          "Flash",
          6
        ],
        [
          "Speedy Gonzales",
          6
        ]
      ],
      "question": "Real Or Fictional, Name Someone Who’s Known For Being A Fast Runner."
    },
    {
      "answers": [
        [
          "Lights",
          43
        ],
        [
          "Fake Snow",
          26
        ],
        [
          "Pine/Trees",
          13
        ],
        [
          "Tinsel/Garland",
          7
        ],
        [
          "Wreath/Mistletoe",
          5
        ],
        [
          "Candles",
          4
        ]
      ],
      "question": "Name Something People Decorate With In Winter To Get In The Holiday Spirit"
    }
  ],
  "final_round_timers": [
    20,
    25
  ]
}