{
  "rounds": [
    {
      "answers": [
        {
          "ans": "Good Looks",
          "pnt": 35
        },
        {
          "ans": "Money",
          "pnt": 26
        },
        {
          "ans": "Intimacy",
          "pnt": 20
        },
        {
          "ans": "Charm/Confidence",
          "pnt": 9
        },
        {
          "ans": "Car",
          "pnt": 9
        }
      ],
      "multiply": 1,
      "question": "Name Something That Someone Who Gets Dates Has, That Someone Who Doesn’t Get Dates Doesn’t Have."
    },
    {
      "answers": [
        {
          "ans": "Clean up mess",
          "pnt": 34
        },
        {
          "ans": "Take out trash",
          "pnt": 22
        },
        {
          "ans": "Dishes",
          "pnt": 14
        },
        {
          "ans": "Laundry",
          "pnt": 12
        },
        {
          "ans": "Make bed",
          "pnt": 6
        },
        {
          "ans": "Eat better",
          "pnt": 5
        }
      ],
      "multiply": 1,
      "question": "Name something your wife asks you to do that your Mom also asks you to do."
    },
    {
      "answers": [
        {
          "ans": "Robin ",
          "pnt": 40
        },
        {
          "ans": "Batmobile ",
          "pnt": 26
        },
        {
          "ans": "Joker ",
          "pnt": 17
        },
        {
          "ans": "Cat Woman ",
          "pnt": 11
        },
        {
          "ans": "Alfred The Butler ",
          "pnt": 7
        },
        {
          "ans": "The Penguin ",
          "pnt": 5
        }
      ],
      "multiply": 1,
      "question": "Name Something Or Someone Associated With Batman"
    },
    {
      "answers": [
        {
          "ans": "Underware",
          "pnt": 47
        },
        {
          "ans": "Socks",
          "pnt": 29
        },
        {
          "ans": "Jeans",
          "pnt": 14
        },
        {
          "ans": "Tie",
          "pnt": 5
        },
        {
          "ans": "Nightgown",
          "pnt": 3
        }
      ],
      "multiply": 2,
      "question": "Name An Article Of Clothing That Only A Neat-Freak Would Iron."
    },
    {
      "answers": [
        {
          "ans": "Pen/Pencil",
          "pnt": 50
        },
        {
          "ans": "Hair",
          "pnt": 21
        },
        {
          "ans": "Glasses",
          "pnt": 8
        },
        {
          "ans": "Perfume",
          "pnt": 6
        },
        {
          "ans": "Earrings",
          "pnt": 6
        },
        {
          "ans": "Cigarette",
          "pnt": 2
        }
      ],
      "multiply": 2,
      "question": "Name Something That People Put Behind Their Ears."
    },
    {
      "answers": [
        {
          "ans": "Yoga",
          "pnt": 44
        },
        {
          "ans": "Spinning",
          "pnt": 28
        },
        {
          "ans": "Pilates",
          "pnt": 18
        },
        {
          "ans": "Dance Workout",
          "pnt": 6
        },
        {
          "ans": "Tae Bo",
          "pnt": 3
        }
      ],
      "multiply": 2,
      "question": "Name A Class Offered At Gyms Now That Wasn’t Offered 20 Years Ago"
    }
  ],
  "final_round": [
    {
      "answers": [
        [
          "Black",
          47
        ],
        [
          "Red",
          14
        ],
        [
          "Cayenne",
          12
        ],
        [
          "Chili",
          9
        ],
        [
          "Jalapeno",
          7
        ],
        [
          "Green",
          6
        ],
        [
          "Ground",
          5
        ]
      ],
      "question": "Name A Specific Kind Of Pepper People Put In Their Food."
    },
    {
      "answers": [
        [
          "Elephant",
          53
        ],
        [
          "Whale",
          15
        ],
        [
          "Bear",
          14
        ],
        [
          "Hippopotamous",
          7
        ],
        [
          "Lion",
          6
        ],
        [
          "Rhinoceros",
          5
        ]
      ],
      "question": "Name an animal that weighs a lot."
    },
    {
      "answers": [
        [
          "Restaurant",
          41
        ],
        [
          "Bank",
          21
        ],
        [
          "Hair Salon",
          10
        ],
        [
          "Doctor",
          10
        ],
        [
          "Store",
          9
        ],
        [
          "Hotel",
          7
        ]
      ],
      "question": "Name A Place Of Business That You Would Not Return To After Only One Bad Customer Service Experience."
    },
    {
      "answers": [
        [
          "Cars",
          59
        ],
        [
          "Clothes",
          38
        ],
        [
          "Houses",
          25
        ],
        [
          "Space",
          16
        ]
      ],
      "question": "Something Rich Person Might Have More Of Than They Need"
    }
  ],
  "final_round_timers": [
    20,
    25
  ]
}