{
  "rounds": [
    {
      "answers": [
        {
          "ans": "Trucker Hat",
          "pnt": 39
        },
        {
          "ans": "Jeans",
          "pnt": 22
        },
        {
          "ans": "Flannel Shirt",
          "pnt": 18
        },
        {
          "ans": "Boots",
          "pnt": 9
        },
        {
          "ans": "T Shirts",
          "pnt": 7
        },
        {
          "ans": "Overalls",
          "pnt": 3
        }
      ],
      "multiply": 1,
      "question": "What Kinds Of Clothes And Accessories Would You Find In The Closet Of A Truck Driver?"
    },
    {
      "answers": [
        {
          "ans": "Aeroplanes ",
          "pnt": 41
        },
        {
          "ans": "Runway ",
          "pnt": 27
        },
        {
          "ans": "Luggage ",
          "pnt": 17
        },
        {
          "ans": "Check In Desks ",
          "pnt": 11
        },
        {
          "ans": "Shops ",
          "pnt": 7
        },
        {
          "ans": "X-Ray ",
          "pnt": 5
        }
      ],
      "multiply": 1,
      "question": "Besides People Name Something You Might See At An Airport"
    },
    {
      "answers": [
        {
          "ans": "Balloons",
          "pnt": 28
        },
        {
          "ans": "Pie",
          "pnt": 21
        },
        {
          "ans": "Flowers",
          "pnt": 14
        },
        {
          "ans": "Horn",
          "pnt": 12
        },
        {
          "ans": "Ball",
          "pnt": 11
        },
        {
          "ans": "Umbrella",
          "pnt": 9
        },
        {
          "ans": "handkerchief",
          "pnt": 4
        }
      ],
      "multiply": 1,
      "question": "Name Something A Clown Might Be Carrying"
    },
    {
      "answers": [
        {
          "ans": "Television",
          "pnt": 45
        },
        {
          "ans": "Remote Control",
          "pnt": 20
        },
        {
          "ans": "Phone",
          "pnt": 17
        },
        {
          "ans": "Furnace/AC",
          "pnt": 10
        },
        {
          "ans": "The Bed",
          "pnt": 5
        }
      ],
      "multiply": 2,
      "question": "Tell Me The Worst Thing To Have Break If You’re Stuck In Bed On Doctor’s Orders"
    },
    {
      "answers": [
        {
          "ans": "No Car",
          "pnt": 46
        },
        {
          "ans": "Exercise",
          "pnt": 23
        },
        {
          "ans": "Save Gas",
          "pnt": 20
        },
        {
          "ans": "Environment",
          "pnt": 7
        }
      ],
      "multiply": 2,
      "question": "Why Might Someone Ride Their Bike To Work?"
    },
    {
      "answers": [
        {
          "ans": "Happy Ending",
          "pnt": 40
        },
        {
          "ans": "Prince",
          "pnt": 28
        },
        {
          "ans": "Princess",
          "pnt": 26
        },
        {
          "ans": "Villian",
          "pnt": 4
        }
      ],
      "multiply": 2,
      "question": "Name Something Every Fairy Tale Needs"
    }
  ],
  "final_round": [
    {
      "answers": [
        [
          "Chris",
          56
        ],
        [
          "Terry",
          36
        ],
        [
          "Pat",
          24
        ],
        [
          "Sam",
          16
        ],
        [
          "Sean",
          10
        ],
        [
          "Alex",
          7
        ],
        [
          "Billy",
          4
        ]
      ],
      "question": "Tell Me A Persons First Name Could Be Man Or Woman"
    },
    {
      "answers": [
        [
          "House Fire ",
          52
        ],
        [
          "Burst Pipe ",
          34
        ],
        [
          "Leaking Roof ",
          22
        ],
        [
          "Power Cut ",
          14
        ],
        [
          "Accident ",
          9
        ]
      ],
      "question": "Name Something You'd Hate To Happen Whilst House Sitting"
    },
    {
      "answers": [
        [
          "Halloween",
          43
        ],
        [
          "Easter",
          16
        ],
        [
          "Thanksgiving",
          14
        ],
        [
          "Birthday",
          9
        ],
        [
          "Fourth Of July",
          7
        ]
      ],
      "question": "Other Than Christmas, Name An Occasion For Which People Decorate Their Houses."
    },
    {
      "answers": [
        [
          "Place Of Worship",
          39
        ],
        [
          "Funeral",
          27
        ],
        [
          "Their Wedding",
          8
        ],
        [
          "Work",
          4
        ],
        [
          "Gym",
          3
        ],
        [
          "Courtroom",
          3
        ]
      ],
      "question": "Name A Place Where It’d Be In Bad Taste To Hit On Someone"
    }
  ],
  "final_round_timers": [
    20,
    25
  ]
}