{
  "rounds": [
    {
      "answers": [
        {
          "ans": "Food Server",
          "pnt": 58
        },
        {
          "ans": "Cashier",
          "pnt": 38
        },
        {
          "ans": "Nurse",
          "pnt": 25
        },
        {
          "ans": "Doctor",
          "pnt": 16
        },
        {
          "ans": "Teacher",
          "pnt": 11
        },
        {
          "ans": "Construction",
          "pnt": 7
        },
        {
          "ans": "Cook",
          "pnt": 4
        }
      ],
      "multiply": 1,
      "question": "Name A Job On Your Feet All Day"
    },
    {
      "answers": [
        {
          "ans": "Dwarfes",
          "pnt": 28
        },
        {
          "ans": "Deadly Sins",
          "pnt": 23
        },
        {
          "ans": "Wonders Of The World",
          "pnt": 15
        },
        {
          "ans": "Days Per Week",
          "pnt": 14
        },
        {
          "ans": "Seas",
          "pnt": 9
        },
        {
          "ans": "Continents",
          "pnt": 5
        }
      ],
      "multiply": 1,
      "question": "Name Something There Are Seven Of."
    },
    {
      "answers": [
        {
          "ans": "Kiss",
          "pnt": 52
        },
        {
          "ans": "Say Vows",
          "pnt": 34
        },
        {
          "ans": "Cut Cake",
          "pnt": 22
        },
        {
          "ans": "Dance To First Song",
          "pnt": 14
        }
      ],
      "multiply": 1,
      "question": "Something Bride And Groom Do That Others Should Not At Wedding"
    },
    {
      "answers": [
        {
          "ans": "Take Medicine",
          "pnt": 48
        },
        {
          "ans": "Doctor",
          "pnt": 31
        },
        {
          "ans": "Rest",
          "pnt": 20
        },
        {
          "ans": "Vitamin C",
          "pnt": 13
        }
      ],
      "multiply": 2,
      "question": "What Do You Do At The 1st Sign Of Sickness So That It Doesn’t Get Worse"
    },
    {
      "answers": [
        {
          "ans": "Hospital",
          "pnt": 32
        },
        {
          "ans": "Airport",
          "pnt": 28
        },
        {
          "ans": "School",
          "pnt": 20
        },
        {
          "ans": "Store",
          "pnt": 19
        }
      ],
      "multiply": 2,
      "question": "Name A Place Where You Hear People Being Paged Over A Loudspeaker"
    },
    {
      "answers": [
        {
          "ans": "Eat",
          "pnt": 58
        },
        {
          "ans": "Sleep",
          "pnt": 26
        },
        {
          "ans": "Dance",
          "pnt": 9
        },
        {
          "ans": "Yell",
          "pnt": 3
        }
      ],
      "multiply": 2,
      "question": "Other Than Sitting And Watching, Name Something People Do In Front Of The TV."
    }
  ],
  "final_round": [
    {
      "answers": [
        [
          "Food",
          45
        ],
        [
          "Clothes",
          37
        ],
        [
          "Birth Control",
          11
        ],
        [
          "Medicine",
          5
        ]
      ],
      "question": "Name Something You Would Not Want To Buy At A Dollar Store."
    },
    {
      "answers": [
        [
          "Tiger ",
          58
        ],
        [
          "Bat ",
          38
        ],
        [
          "Snake ",
          25
        ]
      ],
      "question": "Name An Animal That Has Fangs"
    },
    {
      "answers": [
        [
          "Danny Devito",
          35
        ],
        [
          "danny Glover",
          32
        ],
        [
          "Danny Thomas",
          20
        ],
        [
          "Danny Bonaduce",
          9
        ]
      ],
      "question": "Name A Famous Danny."
    },
    {
      "answers": [
        [
          "Mascara",
          28
        ],
        [
          "Eyeliner",
          24
        ],
        [
          "Eyelash Curler",
          17
        ],
        [
          "Foundation",
          11
        ],
        [
          "Blush",
          10
        ],
        [
          "Aplicator/Brush",
          4
        ]
      ],
      "question": "We Asked 100 Wives: Name Something In Your Makeup Drawer That Your Husband Wouldn’t Know What To Do With"
    }
  ],
  "final_round_timers": [
    20,
    25
  ]
}