{
  "rounds": [
    {
      "answers": [
        {
          "ans": "Butter",
          "pnt": 30
        },
        {
          "ans": "Bib",
          "pnt": 29
        },
        {
          "ans": "Fork",
          "pnt": 19
        },
        {
          "ans": "Napkin",
          "pnt": 8
        },
        {
          "ans": "Cracking Tool",
          "pnt": 8
        }
      ],
      "multiply": 1,
      "question": "Name Something You Might Need If You’re Eating A Lobster"
    },
    {
      "answers": [
        {
          "ans": "Roommate Wanted",
          "pnt": 27
        },
        {
          "ans": "Jobs",
          "pnt": 26
        },
        {
          "ans": "Books",
          "pnt": 13
        },
        {
          "ans": "Lecture",
          "pnt": 10
        },
        {
          "ans": "Concert",
          "pnt": 8
        },
        {
          "ans": "Classes",
          "pnt": 4
        },
        {
          "ans": "Tutoring",
          "pnt": 4
        }
      ],
      "multiply": 1,
      "question": "Name Something That Might Be Advertised On The Bulletin Board At A College"
    },
    {
      "answers": [
        {
          "ans": "Romeo",
          "pnt": 56
        },
        {
          "ans": "Hamlet",
          "pnt": 20
        },
        {
          "ans": "JulietteJuliet",
          "pnt": 15
        },
        {
          "ans": "MacBeth",
          "pnt": 3
        },
        {
          "ans": "Othello",
          "pnt": 3
        }
      ],
      "multiply": 1,
      "question": "Name A Shakesphere Character Who Most People Have Heard Of."
    },
    {
      "answers": [
        {
          "ans": "China",
          "pnt": 28
        },
        {
          "ans": "Mexico",
          "pnt": 27
        },
        {
          "ans": "India",
          "pnt": 21
        },
        {
          "ans": "Japan",
          "pnt": 14
        },
        {
          "ans": "Vietnam",
          "pnt": 5
        }
      ],
      "multiply": 2,
      "question": "Name A Country To Which American Jobs Are Being Outsourced"
    },
    {
      "answers": [
        {
          "ans": "Dogs",
          "pnt": 54
        },
        {
          "ans": "Water",
          "pnt": 33
        },
        {
          "ans": "Grab Their Tail",
          "pnt": 3
        },
        {
          "ans": "Mouse",
          "pnt": 3
        },
        {
          "ans": "Vacuum Cleaner",
          "pnt": 2
        }
      ],
      "multiply": 2,
      "question": "Name Something Cats Hate"
    },
    {
      "answers": [
        {
          "ans": "Hotel",
          "pnt": 45
        },
        {
          "ans": "Meals",
          "pnt": 37
        },
        {
          "ans": "Rental Car",
          "pnt": 10
        },
        {
          "ans": "Airplane Ticket",
          "pnt": 8
        }
      ],
      "multiply": 2,
      "question": "Name An Expense On A Business Trip That The Company Would Be Expected To Reimburse."
    }
  ],
  "final_round": [
    {
      "answers": [
        [
          "Stretch Pants",
          32
        ],
        [
          "Tight Jeans",
          21
        ],
        [
          "Leg Warmers",
          15
        ],
        [
          "Big Hair",
          12
        ],
        [
          "Bright Colors",
          7
        ]
      ],
      "question": "Name A Clothing Trend From The 1980S That Has Come Back In Style"
    },
    {
      "answers": [
        [
          "Phone Service",
          45
        ],
        [
          "Magazines",
          20
        ],
        [
          "Insurance",
          12
        ],
        [
          "Credit Cards",
          7
        ],
        [
          "Books",
          5
        ],
        [
          "Vacations",
          4
        ]
      ],
      "question": "Name Something A Telemarketer Tries To Sell You"
    },
    {
      "answers": [
        [
          "Religous Scripture",
          58
        ],
        [
          "Dictionary",
          21
        ],
        [
          "Little Black Book",
          6
        ],
        [
          "Daily Planner",
          4
        ],
        [
          "Atlas",
          4
        ],
        [
          "Diary",
          3
        ]
      ],
      "question": "Name A Book You Carry Around To Impress Someone Else."
    },
    {
      "answers": [
        [
          "Sun",
          52
        ],
        [
          "Bright Light",
          30
        ],
        [
          "Camara Flash",
          11
        ],
        [
          "Pepper Spray",
          4
        ],
        [
          "Love",
          3
        ]
      ],
      "question": "Tell Me Something That Can Momentarily Blind You."
    }
  ],
  "final_round_timers": [
    20,
    25
  ]
}