{
  "rounds": [
    {
      "answers": [
        {
          "ans": "Baby",
          "pnt": 12
        },
        {
          "ans": "Vegetables",
          "pnt": 11
        },
        {
          "ans": "Eggs",
          "pnt": 8
        },
        {
          "ans": "Balloon",
          "pnt": 7
        },
        {
          "ans": "Charmin Tissue",
          "pnt": 6
        },
        {
          "ans": "Bread",
          "pnt": 6
        }
      ],
      "multiply": 1,
      "question": "Name Something You shouldn’t Squeeze too Tightly"
    },
    {
      "answers": [
        {
          "ans": "Boxing",
          "pnt": 45
        },
        {
          "ans": "Hockey",
          "pnt": 33
        },
        {
          "ans": "Football",
          "pnt": 6
        },
        {
          "ans": "Drugs",
          "pnt": 5
        },
        {
          "ans": "Baseball",
          "pnt": 3
        },
        {
          "ans": "Wrestling",
          "pnt": 3
        },
        {
          "ans": "Rugby",
          "pnt": 3
        }
      ],
      "multiply": 1,
      "question": "What Hobby Or Activity Could Cause A Man To Have Missing Teeth?"
    },
    {
      "answers": [
        {
          "ans": "Dusting",
          "pnt": 33
        },
        {
          "ans": "Folding Laundry",
          "pnt": 32
        },
        {
          "ans": "Ironing",
          "pnt": 17
        },
        {
          "ans": "Mending Clothes",
          "pnt": 10
        },
        {
          "ans": "Paying Bills",
          "pnt": 5
        }
      ],
      "multiply": 1,
      "question": "Name A Household Chore You Do While Sitting"
    },
    {
      "answers": [
        {
          "ans": "Toaster",
          "pnt": 65
        },
        {
          "ans": "Blender",
          "pnt": 16
        },
        {
          "ans": "Dishes",
          "pnt": 11
        },
        {
          "ans": "Towels",
          "pnt": 6
        }
      ],
      "multiply": 2,
      "question": "Name Something That Couples Often Get More Than One Of As Wedding Presents."
    },
    {
      "answers": [
        {
          "ans": "Catfish",
          "pnt": 24
        },
        {
          "ans": "Salmon",
          "pnt": 22
        },
        {
          "ans": "Trout",
          "pnt": 18
        },
        {
          "ans": "Red Snapper",
          "pnt": 13
        },
        {
          "ans": "Perch",
          "pnt": 6
        },
        {
          "ans": "Halibut",
          "pnt": 5
        },
        {
          "ans": "Swordfish",
          "pnt": 4
        }
      ],
      "multiply": 2,
      "question": "Name A Type Of Fish A Restaurant Might Feature As “Catch Of The Day.”"
    },
    {
      "answers": [
        {
          "ans": "Don’t Like Them",
          "pnt": 39
        },
        {
          "ans": "Late",
          "pnt": 29
        },
        {
          "ans": "Owe Them Money",
          "pnt": 19
        },
        {
          "ans": "It’s Your Ex",
          "pnt": 8
        },
        {
          "ans": "In Trouble",
          "pnt": 4
        }
      ],
      "multiply": 2,
      "question": "Name A Reason Why You Might Want To Hide From Someone At Work"
    }
  ],
  "final_round": [
    {
      "answers": [
        [
          "Santa Claus",
          30
        ],
        [
          "Christmas Tree",
          23
        ],
        [
          "Candy Cane",
          13
        ],
        [
          "Snowflakes",
          12
        ],
        [
          "Snowman",
          11
        ],
        [
          "Stockings",
          5
        ],
        [
          "Silver Bells",
          3
        ]
      ],
      "question": "Name An Image That Might Appear On Christmas Wrapping Paper"
    },
    {
      "answers": [
        [
          "Talk",
          56
        ],
        [
          "Reality",
          36
        ],
        [
          "Dating",
          24
        ],
        [
          "Romantic Drama",
          16
        ],
        [
          "True Crime",
          10
        ]
      ],
      "question": "Name A Type Of Tv Show Wouldn’t Want Grandma On"
    },
    {
      "answers": [
        [
          "Egg",
          31
        ],
        [
          "Cheese Sauce",
          29
        ],
        [
          "Pasta",
          18
        ],
        [
          "Mashed Potatoes",
          12
        ],
        [
          "Oatmeal/Cereal",
          8
        ]
      ],
      "question": "Name A Food That You Rinse Off Of A Dish Immediately Or It Becomes Hard As A Rock"
    },
    {
      "answers": [
        [
          "Limousine",
          40
        ],
        [
          "Taxi",
          37
        ],
        [
          "Bus",
          13
        ],
        [
          "Carriage",
          6
        ]
      ],
      "question": "Name A Type Of Vehicle Where You Usually Sit In The Back."
    }
  ],
  "final_round_timers": [
    20,
    25
  ]
}