{
  "rounds": [
    {
      "answers": [
        {
          "ans": "Milk",
          "pnt": 53
        },
        {
          "ans": "Water",
          "pnt": 27
        },
        {
          "ans": "Hot Chocolate",
          "pnt": 9
        },
        {
          "ans": "Juice",
          "pnt": 6
        },
        {
          "ans": "Tea",
          "pnt": 5
        }
      ],
      "multiply": 1,
      "question": "Name Something People Like To Drink At Bedtime."
    },
    {
      "answers": [
        {
          "ans": "Dragon",
          "pnt": 47
        },
        {
          "ans": "Ogre",
          "pnt": 24
        },
        {
          "ans": "Witch",
          "pnt": 13
        },
        {
          "ans": "Monster",
          "pnt": 8
        },
        {
          "ans": "Beast",
          "pnt": 5
        },
        {
          "ans": "Trol",
          "pnt": 3
        }
      ],
      "multiply": 1,
      "question": "Name Something Men In Fairy Tales Fight Against, That Real Men Don’t"
    },
    {
      "answers": [
        {
          "ans": "Trampoline ",
          "pnt": 52
        },
        {
          "ans": "Bus ",
          "pnt": 34
        },
        {
          "ans": "Bed ",
          "pnt": 22
        },
        {
          "ans": "Train ",
          "pnt": 14
        },
        {
          "ans": "Scales ",
          "pnt": 9
        },
        {
          "ans": "The Wife ",
          "pnt": 6
        }
      ],
      "multiply": 1,
      "question": "Name Something You Jump On"
    },
    {
      "answers": [
        {
          "ans": "Violent Crime",
          "pnt": 38
        },
        {
          "ans": "Explosion/ Fire",
          "pnt": 20
        },
        {
          "ans": "Kidnapping",
          "pnt": 16
        },
        {
          "ans": "Car Crash/ Chase",
          "pnt": 13
        },
        {
          "ans": "Fight",
          "pnt": 8
        }
      ],
      "multiply": 2,
      "question": "Name A Type Of Crisis That Usually Happens At Least Once In An Action Movie."
    },
    {
      "answers": [
        {
          "ans": "Tree Or Bush ",
          "pnt": 44
        },
        {
          "ans": "Under The Bed ",
          "pnt": 29
        },
        {
          "ans": "In The Garden ",
          "pnt": 19
        },
        {
          "ans": "Under House ",
          "pnt": 12
        },
        {
          "ans": "Under Car ",
          "pnt": 8
        }
      ],
      "multiply": 2,
      "question": "Name A Place Where Cats Hide"
    },
    {
      "answers": [
        {
          "ans": "Door ",
          "pnt": 56
        },
        {
          "ans": "Window ",
          "pnt": 36
        },
        {
          "ans": "Book ",
          "pnt": 24
        }
      ],
      "multiply": 2,
      "question": "Name Something You Close"
    }
  ],
  "final_round": [
    {
      "answers": [
        [
          "Alphabet",
          62
        ],
        [
          "Spell Their Name",
          13
        ],
        [
          "Phone Number",
          8
        ],
        [
          "Address",
          4
        ],
        [
          "Nursery Rhymes",
          4
        ],
        [
          "Pledge Of Allegiance",
          3
        ]
      ],
      "question": "Name Something That Young Children Memorize"
    },
    {
      "answers": [
        [
          "Love",
          30
        ],
        [
          "Strength",
          26
        ],
        [
          "Beauty",
          24
        ],
        [
          "Wisdom",
          12
        ],
        [
          "Kindness",
          5
        ]
      ],
      "question": "Instead Of “Courage” Or “A Brain”, What Quality Would You Ask The Wizard Of Oz For?"
    },
    {
      "answers": [
        [
          "Paint",
          64
        ],
        [
          "Mask",
          19
        ],
        [
          "Fake Blood",
          5
        ],
        [
          "Clown Nose",
          4
        ],
        [
          "Glitter",
          3
        ]
      ],
      "question": "Name Something You Use To Decorate Your Face For Halloween"
    },
    {
      "answers": [
        [
          "Politics",
          39
        ],
        [
          "Dating/Marriage",
          24
        ],
        [
          "Parenting",
          16
        ],
        [
          "Finances",
          10
        ],
        [
          "Religion",
          7
        ],
        [
          "Weight/Appearance",
          3
        ]
      ],
      "question": "Name Something About Which People Always Want To Give You Their Opinion"
    }
  ],
  "final_round_timers": [
    20,
    25
  ]
}