{
  "rounds": [
    {
      "answers": [
        {
          "ans": "Talk Loudly",
          "pnt": 80
        },
        {
          "ans": "Use Phone",
          "pnt": 6
        },
        {
          "ans": "Cough",
          "pnt": 3
        },
        {
          "ans": "Laugh",
          "pnt": 3
        },
        {
          "ans": "Snore",
          "pnt": 3
        },
        {
          "ans": "Heckle",
          "pnt": 3
        }
      ],
      "multiply": 1,
      "question": "What Might somebody Do That Would Annoy Fellow Theater-Goers At A Play?"
    },
    {
      "answers": [
        {
          "ans": "Traffic Jam",
          "pnt": 33
        },
        {
          "ans": "Get Gas",
          "pnt": 27
        },
        {
          "ans": "Your Destination",
          "pnt": 17
        },
        {
          "ans": "Accident",
          "pnt": 9
        },
        {
          "ans": "Restroom",
          "pnt": 7
        },
        {
          "ans": "To Eat",
          "pnt": 4
        }
      ],
      "multiply": 1,
      "question": "Tell Me A Reason You Exit The Freeway."
    },
    {
      "answers": [
        {
          "ans": "Ford",
          "pnt": 53
        },
        {
          "ans": "Chevrolet",
          "pnt": 19
        },
        {
          "ans": "Cadilac",
          "pnt": 10
        },
        {
          "ans": "Buick",
          "pnt": 4
        },
        {
          "ans": "Chrysler",
          "pnt": 4
        },
        {
          "ans": "Jeep",
          "pnt": 3
        }
      ],
      "multiply": 1,
      "question": "Name A Brand Of Car That’s Made In America."
    },
    {
      "answers": [
        {
          "ans": "Restroom",
          "pnt": 50
        },
        {
          "ans": "Bar",
          "pnt": 33
        },
        {
          "ans": "Library",
          "pnt": 21
        },
        {
          "ans": "Fast Food",
          "pnt": 14
        },
        {
          "ans": "Mall",
          "pnt": 9
        },
        {
          "ans": "Work",
          "pnt": 6
        },
        {
          "ans": "Sports Gym",
          "pnt": 4
        }
      ],
      "multiply": 2,
      "question": "Name A Public Place Where Least Romantic To Propose"
    },
    {
      "answers": [
        {
          "ans": "Toilet Paper",
          "pnt": 32
        },
        {
          "ans": "Towels",
          "pnt": 29
        },
        {
          "ans": "Soap",
          "pnt": 18
        },
        {
          "ans": "Toothpaste",
          "pnt": 7
        },
        {
          "ans": "Shampoo",
          "pnt": 5
        },
        {
          "ans": "Lotion",
          "pnt": 3
        }
      ],
      "multiply": 2,
      "question": "As A House Guest, Name Something In The Host’s Bathroom That You Assume You Can Use"
    },
    {
      "answers": [
        {
          "ans": "Miss flight",
          "pnt": 40
        },
        {
          "ans": "Lose luggage",
          "pnt": 30
        },
        {
          "ans": "Stopped by security",
          "pnt": 14
        },
        {
          "ans": "Delayed",
          "pnt": 12
        }
      ],
      "multiply": 2,
      "question": "Name the last thing you’d want to happen to you in the airport."
    }
  ],
  "final_round": [
    {
      "answers": [
        [
          "Cake",
          46
        ],
        [
          "Chicken",
          15
        ],
        [
          "Bread",
          14
        ],
        [
          "Cookies",
          11
        ],
        [
          "Pie",
          8
        ],
        [
          "Roast",
          3
        ]
      ],
      "question": "Name A Food That’s Baked In The Oven, But Can’t Be Cooked In The Microwave"
    },
    {
      "answers": [
        [
          "Raking Leaves",
          45
        ],
        [
          "Cold Weather",
          24
        ],
        [
          "Allergies",
          11
        ],
        [
          "Rain",
          7
        ],
        [
          "School Starts",
          6
        ],
        [
          "Gets Drink Earlier",
          4
        ],
        [
          "Gets Dark Erlier",
          4
        ]
      ],
      "question": "Name Something Most People Hate About Fall."
    },
    {
      "answers": [
        [
          "Public Holiday",
          38
        ],
        [
          "Snow Day",
          27
        ],
        [
          "Sick",
          26
        ],
        [
          "Teacher Conference",
          4
        ],
        [
          "On Vacation",
          3
        ]
      ],
      "question": "Name A Reason Why Kids Might Have A Weekday Off Of School."
    },
    {
      "answers": [
        [
          "Bull",
          47
        ],
        [
          "Elephant",
          24
        ],
        [
          "Bear",
          16
        ],
        [
          "Lion",
          6
        ],
        [
          "Giraffe",
          5
        ]
      ],
      "question": "Name A Heavy Animal That A China Shop Owner Wouldn’t Let Into Their Store."
    }
  ],
  "final_round_timers": [
    20,
    25
  ]
}