{
  "rounds": [
    {
      "answers": [
        {
          "ans": "Teachers Lounge",
          "pnt": 50
        },
        {
          "ans": "Bar",
          "pnt": 33
        },
        {
          "ans": "Homework",
          "pnt": 21
        },
        {
          "ans": "Library",
          "pnt": 14
        },
        {
          "ans": "Cafeteria",
          "pnt": 9
        }
      ],
      "multiply": 1,
      "question": "Name A Place Where You Can See Teachers Relaxing"
    },
    {
      "answers": [
        {
          "ans": "Nothing",
          "pnt": 48
        },
        {
          "ans": "Shorts",
          "pnt": 21
        },
        {
          "ans": "Underwear",
          "pnt": 21
        },
        {
          "ans": "Tights",
          "pnt": 5
        },
        {
          "ans": "T Shirt",
          "pnt": 3
        }
      ],
      "multiply": 1,
      "question": "What Do You Think A High School Mascot Wears Under His Costume?"
    },
    {
      "answers": [
        {
          "ans": "Newspapers ",
          "pnt": 52
        },
        {
          "ans": "Eggs ",
          "pnt": 34
        },
        {
          "ans": "Cards ",
          "pnt": 22
        },
        {
          "ans": "Sweets ",
          "pnt": 14
        },
        {
          "ans": "Cigarettes ",
          "pnt": 9
        }
      ],
      "multiply": 1,
      "question": "Name Something You Usually Buy At A Newsagent"
    },
    {
      "answers": [
        {
          "ans": "Singing",
          "pnt": 57
        },
        {
          "ans": "Sports",
          "pnt": 37
        },
        {
          "ans": "Fishing",
          "pnt": 24
        },
        {
          "ans": "Painting",
          "pnt": 16
        },
        {
          "ans": "Needlework",
          "pnt": 10
        },
        {
          "ans": "Writing",
          "pnt": 7
        },
        {
          "ans": "Gambling",
          "pnt": 4
        }
      ],
      "multiply": 2,
      "question": "Name A Hobby That Some People Can Make A Job Out Of."
    },
    {
      "answers": [
        {
          "ans": "Unknown Sender",
          "pnt": 35
        },
        {
          "ans": "No Subject",
          "pnt": 23
        },
        {
          "ans": "Goes To Junk",
          "pnt": 18
        },
        {
          "ans": "Virus Alert",
          "pnt": 14
        }
      ],
      "multiply": 2,
      "question": "How Can You Tell Immediately That An E-Mail Is Spam?"
    },
    {
      "answers": [
        {
          "ans": "Shift",
          "pnt": 50
        },
        {
          "ans": "Backspace",
          "pnt": 33
        },
        {
          "ans": "Delete",
          "pnt": 21
        },
        {
          "ans": "Tab",
          "pnt": 14
        },
        {
          "ans": "Caps Lock",
          "pnt": 9
        }
      ],
      "multiply": 2,
      "question": "Name Key On Computer That Has Word On It"
    }
  ],
  "final_round": [
    {
      "answers": [
        [
          "Trainers ",
          46
        ],
        [
          "Sandals ",
          30
        ],
        [
          "Slippers ",
          20
        ],
        [
          "Boots ",
          13
        ],
        [
          "Socks ",
          8
        ]
      ],
      "question": "Name A Kind Of Footwear Worn By Both Men And Woman"
    },
    {
      "answers": [
        [
          "Affair",
          48
        ],
        [
          "Criminal Record",
          31
        ],
        [
          "Drug use",
          20
        ],
        [
          "Divorce",
          13
        ]
      ],
      "question": "Something Politician Would Hate To Come Out About Past In News"
    },
    {
      "answers": [
        [
          3,
          23
        ],
        [
          5,
          21
        ],
        [
          1,
          18
        ],
        [
          2,
          17
        ],
        [
          10,
          14
        ],
        [
          4,
          5
        ]
      ],
      "question": "We Asked 100 Married people: After How Many Did You Know Your Partner was The one?"
    },
    {
      "answers": [
        [
          "Friend",
          33
        ],
        [
          "Relative",
          24
        ],
        [
          "Partner",
          24
        ],
        [
          "Co Workers",
          17
        ]
      ],
      "question": "Who Might You Pool Money With To Buy Lottery Tickets?"
    }
  ],
  "final_round_timers": [
    20,
    25
  ]
}