{
  "rounds": [
    {
      "answers": [
        {
          "ans": "Mickey Mouse",
          "pnt": 49
        },
        {
          "ans": "Goofy",
          "pnt": 32
        },
        {
          "ans": "Donald Duck",
          "pnt": 21
        }
      ],
      "multiply": 1,
      "question": "Which TV Characters Might You Also See Disneyland"
    },
    {
      "answers": [
        {
          "ans": "Waiste",
          "pnt": 34
        },
        {
          "ans": "Length",
          "pnt": 28
        },
        {
          "ans": "Backside",
          "pnt": 20
        },
        {
          "ans": "Hips",
          "pnt": 7
        },
        {
          "ans": "Thighs",
          "pnt": 6
        }
      ],
      "multiply": 1,
      "question": "When Shopping For A New Pair Of Jeans, Name Something that Never Fits Quite Right"
    },
    {
      "answers": [
        {
          "ans": "Beer",
          "pnt": 36
        },
        {
          "ans": "Soda",
          "pnt": 29
        },
        {
          "ans": "Salad",
          "pnt": 15
        },
        {
          "ans": "Bread Sticks",
          "pnt": 11
        },
        {
          "ans": "Chicken Wings",
          "pnt": 5
        },
        {
          "ans": "Chips",
          "pnt": 4
        }
      ],
      "multiply": 1,
      "question": "Name Something That Goes Well With Pizza."
    },
    {
      "answers": [
        {
          "ans": "New Jersey",
          "pnt": 43
        },
        {
          "ans": "Men",
          "pnt": 22
        },
        {
          "ans": "Her Hair",
          "pnt": 14
        },
        {
          "ans": "Drinking",
          "pnt": 8
        },
        {
          "ans": "Tanning",
          "pnt": 8
        },
        {
          "ans": "Pickles",
          "pnt": 3
        }
      ],
      "multiply": 2,
      "question": "On Thanksgiving, Name Something Snooki Might Say She’s Thankful For."
    },
    {
      "answers": [
        {
          "ans": "Cater",
          "pnt": 35
        },
        {
          "ans": "Play Music",
          "pnt": 19
        },
        {
          "ans": "Take Pictures",
          "pnt": 15
        },
        {
          "ans": "Provide Flowers",
          "pnt": 12
        },
        {
          "ans": "Plan It",
          "pnt": 8
        },
        {
          "ans": "Make The Cake",
          "pnt": 4
        },
        {
          "ans": "Decorate",
          "pnt": 4
        }
      ],
      "multiply": 2,
      "question": "Name Something You Might Be Hired To Do For A Wedding."
    },
    {
      "answers": [
        {
          "ans": "Drama",
          "pnt": 52
        },
        {
          "ans": "Suspicious Deaths",
          "pnt": 34
        },
        {
          "ans": "Love Affairs",
          "pnt": 22
        },
        {
          "ans": "Weddings",
          "pnt": 14
        },
        {
          "ans": "Divorce",
          "pnt": 9
        }
      ],
      "multiply": 2,
      "question": "If You Lived In Soap Opera Land"
    }
  ],
  "final_round": [
    {
      "answers": [
        [
          "Skirt",
          52
        ],
        [
          "Swim Suit",
          34
        ],
        [
          "High Heels",
          22
        ],
        [
          "Shorts",
          14
        ],
        [
          "Jeans",
          9
        ]
      ],
      "question": "Name The Sexiest Piece Of Clothing That A Woman Can Wear In Public"
    },
    {
      "answers": [
        [
          "Straw",
          26
        ],
        [
          "Change",
          20
        ],
        [
          "Napkins",
          19
        ],
        [
          "Ketchup",
          13
        ],
        [
          "Food",
          11
        ],
        [
          "Drink",
          7
        ],
        [
          "Receipt",
          3
        ]
      ],
      "question": "Name Something A Drive-Thru Worker Might Forget To Give You That Would Be Annoying."
    },
    {
      "answers": [
        [
          "Cavity",
          42
        ],
        [
          "Drill",
          33
        ],
        [
          "Root Canal",
          14
        ],
        [
          "Oops",
          7
        ]
      ],
      "question": "Which Word Do You Dread Hearing At The Dentist’s Office?"
    },
    {
      "answers": [
        [
          "Socks ",
          56
        ],
        [
          "Tie ",
          36
        ],
        [
          "Aftershave ",
          24
        ],
        [
          "Handkerchief ",
          16
        ],
        [
          "Slippers ",
          10
        ]
      ],
      "question": "Name A Gift That Fathers Receive On Fathers Day"
    }
  ],
  "final_round_timers": [
    20,
    25
  ]
}