{
  "rounds": [
    {
      "answers": [
        {
          "ans": "Clothes",
          "pnt": 35
        },
        {
          "ans": "Shoes",
          "pnt": 29
        },
        {
          "ans": "Toys",
          "pnt": 22
        },
        {
          "ans": "School Supplies",
          "pnt": 4
        },
        {
          "ans": "Candy",
          "pnt": 2
        },
        {
          "ans": "Food",
          "pnt": 2
        }
      ],
      "multiply": 1,
      "question": "Name Something Parents Always Seem To Be Buying For Their Kids."
    },
    {
      "answers": [
        {
          "ans": "His Age",
          "pnt": 46
        },
        {
          "ans": "His Job",
          "pnt": 21
        },
        {
          "ans": "Old Relationships",
          "pnt": 18
        },
        {
          "ans": "Criminal Record",
          "pnt": 6
        }
      ],
      "multiply": 1,
      "question": "Name A Fact About A New Boyfriend That A Woman Might Wait To Tell Her Parents."
    },
    {
      "answers": [
        {
          "ans": "Popcorn",
          "pnt": 40
        },
        {
          "ans": "Nuts",
          "pnt": 31
        },
        {
          "ans": "M&M",
          "pnt": 12
        },
        {
          "ans": "Potato Chips",
          "pnt": 9
        },
        {
          "ans": "Chocolate",
          "pnt": 2
        },
        {
          "ans": "Jelly Bean",
          "pnt": 2
        }
      ],
      "multiply": 1,
      "question": "Name Something You Eat By The Handful. (Be Specific Candy Is Not An Answer.)"
    },
    {
      "answers": [
        {
          "ans": "Goofy",
          "pnt": 40
        },
        {
          "ans": "Mickey Mouse",
          "pnt": 24
        },
        {
          "ans": "Donald Duck",
          "pnt": 14
        },
        {
          "ans": "Dopey",
          "pnt": 11
        },
        {
          "ans": "Dumbo",
          "pnt": 8
        }
      ],
      "multiply": 2,
      "question": "In The Heat Of A Passionate Moment, Which Disney Character’s Name Would Be Hardest To Say With A Straight Face"
    },
    {
      "answers": [
        {
          "ans": "Mounted Animal Heads",
          "pnt": 55
        },
        {
          "ans": "Guns",
          "pnt": 20
        },
        {
          "ans": "Hunters",
          "pnt": 9
        },
        {
          "ans": "Antlers",
          "pnt": 5
        },
        {
          "ans": "Fireplace",
          "pnt": 5
        }
      ],
      "multiply": 2,
      "question": "Name Something You Might See In A Hunting Lodge"
    },
    {
      "answers": [
        {
          "ans": "Drive",
          "pnt": 33
        },
        {
          "ans": "Fish/Hunt",
          "pnt": 21
        },
        {
          "ans": "Shave",
          "pnt": 19
        },
        {
          "ans": "Ride bike",
          "pnt": 16
        },
        {
          "ans": "Curse",
          "pnt": 3
        },
        {
          "ans": "Fix things",
          "pnt": 3
        }
      ],
      "multiply": 2,
      "question": "Name something many people learned to do from their Dad."
    }
  ],
  "final_round": [
    {
      "answers": [
        [
          "Other People",
          34
        ],
        [
          "Other People",
          29
        ],
        [
          "Eating",
          25
        ],
        [
          "Alcohol",
          5
        ],
        [
          "Smoking",
          5
        ]
      ],
      "question": "Tell Me Something You Avoid When You Are Sick"
    },
    {
      "answers": [
        [
          "Lip Stick",
          43
        ],
        [
          "Tampons",
          36
        ],
        [
          "Compact",
          7
        ],
        [
          "Eyelash Curler",
          4
        ],
        [
          "Perfume",
          4
        ]
      ],
      "question": "Name Something In A Woman’s Purse That A Man Would Never Ask To Borrow."
    },
    {
      "answers": [
        [
          "Trumpet ",
          57
        ],
        [
          "Flute ",
          37
        ],
        [
          "Clarinet ",
          24
        ],
        [
          "Saxophone ",
          16
        ],
        [
          "Horn ",
          10
        ]
      ],
      "question": "Name A Musical Instrument You Blow Into"
    },
    {
      "answers": [
        [
          "Sleep",
          59
        ],
        [
          "Work",
          15
        ],
        [
          "Talk",
          13
        ],
        [
          "Laugh",
          9
        ]
      ],
      "question": "Complete This Sentence. The Key To A Successful Marriage Is ____ing Together."
    }
  ],
  "final_round_timers": [
    20,
    25
  ]
}