{
  "rounds": [
    {
      "answers": [
        {
          "ans": "Pancakes",
          "pnt": 51
        },
        {
          "ans": "Omelet",
          "pnt": 36
        },
        {
          "ans": "Coffee",
          "pnt": 6
        },
        {
          "ans": "Grits",
          "pnt": 4
        }
      ],
      "multiply": 1,
      "question": "Name A Breakfast Item That You Order, But Can Never Finish"
    },
    {
      "answers": [
        {
          "ans": "Phone",
          "pnt": 45
        },
        {
          "ans": "Hands",
          "pnt": 29
        },
        {
          "ans": "Bathroom",
          "pnt": 19
        },
        {
          "ans": "Pen",
          "pnt": 12
        },
        {
          "ans": "Computer",
          "pnt": 8
        }
      ],
      "multiply": 1,
      "question": "Name Something You Use At Least 20 Times A Day"
    },
    {
      "answers": [
        {
          "ans": "Soup ",
          "pnt": 46
        },
        {
          "ans": "Spaghetti ",
          "pnt": 30
        },
        {
          "ans": "Rice Pudding ",
          "pnt": 20
        },
        {
          "ans": "Ice Cream ",
          "pnt": 13
        },
        {
          "ans": "Curry ",
          "pnt": 8
        }
      ],
      "multiply": 1,
      "question": "Name Something You Wouldn't Eat With Your Fingers"
    },
    {
      "answers": [
        {
          "ans": "Almond",
          "pnt": 52
        },
        {
          "ans": "Hazelnut",
          "pnt": 17
        },
        {
          "ans": "Soy",
          "pnt": 10
        },
        {
          "ans": "Cashew",
          "pnt": 9
        },
        {
          "ans": "Walnut",
          "pnt": 9
        }
      ],
      "multiply": 2,
      "question": "What kind of nut butter could you use if you were allergic to peanuts?"
    },
    {
      "answers": [
        {
          "ans": "Detergent ",
          "pnt": 53
        },
        {
          "ans": "Pipes ",
          "pnt": 34
        },
        {
          "ans": "Plug ",
          "pnt": 23
        },
        {
          "ans": "Sponge ",
          "pnt": 15
        },
        {
          "ans": "Soap ",
          "pnt": 10
        }
      ],
      "multiply": 2,
      "question": "Name Something You Might Find Under A Sink"
    },
    {
      "answers": [
        {
          "ans": "Dog Catcher",
          "pnt": 34
        },
        {
          "ans": "Mail Carrier",
          "pnt": 29
        },
        {
          "ans": "Veterinarian",
          "pnt": 13
        },
        {
          "ans": "Dog Walker",
          "pnt": 6
        },
        {
          "ans": "Pet Shop Manager",
          "pnt": 5
        },
        {
          "ans": "Shelter Worker",
          "pnt": 4
        },
        {
          "ans": "Dog Trainer",
          "pnt": 3
        }
      ],
      "multiply": 2,
      "question": "Name A Bad Job For Someone Who’s Afraid of Dogs."
    }
  ],
  "final_round": [
    {
      "answers": [
        [
          "Helmet",
          51
        ],
        [
          "Knee Pads",
          18
        ],
        [
          "Gloves",
          12
        ],
        [
          "Horn",
          8
        ],
        [
          "Brakes",
          5
        ],
        [
          "reflective light/Tape",
          3
        ]
      ],
      "question": "Name A Piece Of Equipment Many Bikers Don’t Use, But Ought To."
    },
    {
      "answers": [
        [
          "Black And White",
          56
        ],
        [
          "Clothes",
          23
        ],
        [
          "Old Cars",
          13
        ],
        [
          "Music",
          7
        ]
      ],
      "question": "How Can You Tell That A TV Show Is Old Time?"
    },
    {
      "answers": [
        [
          "Hair Stylist",
          45
        ],
        [
          "Musician",
          26
        ],
        [
          "Clown",
          15
        ],
        [
          "Scientist",
          5
        ],
        [
          "Model",
          3
        ],
        [
          "Comedian",
          3
        ]
      ],
      "question": "If Which Profession Do You Often Find People With Wacky Hair?"
    },
    {
      "answers": [
        [
          "Fish",
          28
        ],
        [
          "Soup",
          19
        ],
        [
          "Pizza",
          16
        ],
        [
          "Noodles",
          12
        ],
        [
          "Hot Dog",
          8
        ],
        [
          "Ribs",
          7
        ],
        [
          "Chicken",
          6
        ]
      ],
      "question": "Name A Food That Would Be Disgusting To Be Fed ‘Romantically’."
    }
  ],
  "final_round_timers": [
    20,
    25
  ]
}