{
  "rounds": [
    {
      "answers": [
        {
          "ans": "Sick",
          "pnt": 25
        },
        {
          "ans": "Snoring",
          "pnt": 20
        },
        {
          "ans": "Bad Breath",
          "pnt": 22
        },
        {
          "ans": "Gas",
          "pnt": 13
        },
        {
          "ans": "Cold Feet",
          "pnt": 12
        },
        {
          "ans": "Body Odor",
          "pnt": 8
        }
      ],
      "multiply": 1,
      "question": "Name Something That Would Keep You From Snuggling Up To Your Spouse In Bed."
    },
    {
      "answers": [
        {
          "ans": "Bad Breath",
          "pnt": 35
        },
        {
          "ans": "Miss Their Mouth",
          "pnt": 16
        },
        {
          "ans": "Bump Nose/ Head",
          "pnt": 12
        },
        {
          "ans": "Cough",
          "pnt": 8
        },
        {
          "ans": "Sneeze",
          "pnt": 8
        },
        {
          "ans": "Burp",
          "pnt": 8
        },
        {
          "ans": "Bite Up",
          "pnt": 7
        }
      ],
      "multiply": 1,
      "question": "Name Something That Can Go Wrong During A First Kiss With Someone"
    },
    {
      "answers": [
        {
          "ans": "Cell Phone",
          "pnt": 52
        },
        {
          "ans": "Money",
          "pnt": 34
        },
        {
          "ans": "Mace",
          "pnt": 22
        },
        {
          "ans": "Friend",
          "pnt": 14
        },
        {
          "ans": "Own Transportation",
          "pnt": 9
        }
      ],
      "multiply": 1,
      "question": "Name Something Every Woman Should Take With Her On Blind Date"
    },
    {
      "answers": [
        {
          "ans": "Dog",
          "pnt": 49
        },
        {
          "ans": "Pig",
          "pnt": 24
        },
        {
          "ans": "Tiger",
          "pnt": 6
        },
        {
          "ans": "Bear",
          "pnt": 5
        },
        {
          "ans": "Fox",
          "pnt": 4
        },
        {
          "ans": "Cow",
          "pnt": 3
        },
        {
          "ans": "Kitten",
          "pnt": 3
        }
      ],
      "multiply": 2,
      "question": "Name An Animal That A Person Can Be Referred To As"
    },
    {
      "answers": [
        {
          "ans": "Runny Nose",
          "pnt": 43
        },
        {
          "ans": "Cough",
          "pnt": 31
        },
        {
          "ans": "Sneeze",
          "pnt": 12
        },
        {
          "ans": "Sore Throat",
          "pnt": 7
        },
        {
          "ans": "Fever",
          "pnt": 4
        },
        {
          "ans": "Drowsiness",
          "pnt": 3
        }
      ],
      "multiply": 2,
      "question": "What’s The First Symptom You Get When Starting A Cold?"
    },
    {
      "answers": [
        {
          "ans": "Stars ",
          "pnt": 46
        },
        {
          "ans": "Moon ",
          "pnt": 30
        },
        {
          "ans": "Owls ",
          "pnt": 20
        }
      ],
      "multiply": 2,
      "question": "Name Something You Only See A Night Time"
    }
  ],
  "final_round": [
    {
      "answers": [
        [
          "Sword ",
          40
        ],
        [
          "Shield ",
          26
        ],
        [
          "Helmet ",
          17
        ],
        [
          "Chariot ",
          11
        ],
        [
          "Horse ",
          7
        ]
      ],
      "question": "Name Something A Gladiator Might Take With Him Into Battle"
    },
    {
      "answers": [
        [
          "NOSE",
          54
        ],
        [
          "TOES",
          35
        ],
        [
          "BOTTOM",
          23
        ],
        [
          "EARS",
          15
        ],
        [
          "FINGERS",
          10
        ],
        [
          "HIPS",
          6
        ]
      ],
      "question": "Name Something On Your Body That You Wiggle"
    },
    {
      "answers": [
        [
          "Popcorn",
          29
        ],
        [
          "Corn Bread",
          26
        ],
        [
          "Tortillas/Chips",
          20
        ],
        [
          "Gifts",
          9
        ],
        [
          "Cornflakes/Cereal",
          16
        ]
      ],
      "question": "Name A Food That’s Made From Corn."
    },
    {
      "answers": [
        [
          "Obituaries",
          48
        ],
        [
          "Front Page",
          27
        ],
        [
          "Crime Log/Courts",
          15
        ],
        [
          "Classified",
          9
        ]
      ],
      "question": "Tell Me A Place In The Newspaper Where You Wouldn’t Want To See Your Name."
    }
  ],
  "final_round_timers": [
    20,
    25
  ]
}