{
  "rounds": [
    {
      "answers": [
        {
          "ans": "Tour Bus",
          "pnt": 46
        },
        {
          "ans": "Bicycle For 2",
          "pnt": 15
        },
        {
          "ans": "Rental Cars",
          "pnt": 13
        },
        {
          "ans": "Taxi",
          "pnt": 9
        },
        {
          "ans": "Carriage",
          "pnt": 4
        },
        {
          "ans": "Rickshaw",
          "pnt": 3
        }
      ],
      "multiply": 1,
      "question": "What Do Tourists Ride In Or On, That Makes Them Stand Out?"
    },
    {
      "answers": [
        {
          "ans": "Elephant",
          "pnt": 30
        },
        {
          "ans": "Monkey",
          "pnt": 29
        },
        {
          "ans": "Bear",
          "pnt": 17
        },
        {
          "ans": "Lion",
          "pnt": 9
        },
        {
          "ans": "Tiger",
          "pnt": 5
        },
        {
          "ans": "Seal",
          "pnt": 3
        }
      ],
      "multiply": 1,
      "question": "Name A Circus Animal That Looks Better In Costume Than It Does Naturally."
    },
    {
      "answers": [
        {
          "ans": "Eggs",
          "pnt": 32
        },
        {
          "ans": "Hamburger",
          "pnt": 15
        },
        {
          "ans": "Spaghetti",
          "pnt": 14
        },
        {
          "ans": "Macaroni & Cheese",
          "pnt": 9
        },
        {
          "ans": "Peanut Butter & Jelly",
          "pnt": 9
        },
        {
          "ans": "Chicken",
          "pnt": 8
        },
        {
          "ans": "Cereal",
          "pnt": 8
        }
      ],
      "multiply": 1,
      "question": "Name A Food Almost Everyone Knows How To Make"
    },
    {
      "answers": [
        {
          "ans": "Ball",
          "pnt": 44
        },
        {
          "ans": "Frisbee",
          "pnt": 26
        },
        {
          "ans": "Game/Contest",
          "pnt": 8
        },
        {
          "ans": "Darts",
          "pnt": 7
        },
        {
          "ans": "Tantrum",
          "pnt": 6
        },
        {
          "ans": "Party",
          "pnt": 6
        }
      ],
      "multiply": 2,
      "question": "Name something that gets thrown."
    },
    {
      "answers": [
        {
          "ans": "Wedding",
          "pnt": 48
        },
        {
          "ans": "Funeral",
          "pnt": 21
        },
        {
          "ans": "Prom",
          "pnt": 12
        },
        {
          "ans": "Place Of Worship",
          "pnt": 11
        },
        {
          "ans": "Job Interview",
          "pnt": 3
        }
      ],
      "multiply": 2,
      "question": "Name A Place Where It’d Be Rude For A Man To Go Without Wearing A Suit/Tuxedo."
    },
    {
      "answers": [
        {
          "ans": "Clean",
          "pnt": 36
        },
        {
          "ans": "Water Plants",
          "pnt": 33
        },
        {
          "ans": "Feed Animals",
          "pnt": 8
        },
        {
          "ans": "Take Out Trash",
          "pnt": 8
        },
        {
          "ans": "Get Mail",
          "pnt": 7
        }
      ],
      "multiply": 2,
      "question": "Name Something You Might Ask A House Sitter To Do While Staying At Your Place"
    }
  ],
  "final_round": [
    {
      "answers": [
        [
          "Stapler",
          43
        ],
        [
          "Scissors",
          28
        ],
        [
          "Paper",
          18
        ],
        [
          "Writing Utensils",
          12
        ],
        [
          "Paper Cutter",
          8
        ],
        [
          "Paper Shredder",
          5
        ],
        [
          "Letter Opener",
          3
        ]
      ],
      "question": "Which Office Supply Is Most Likely Cause An Injury"
    },
    {
      "answers": [
        [
          "Eat",
          56
        ],
        [
          "Get A Drink",
          17
        ],
        [
          "Talk",
          12
        ],
        [
          "Breath",
          9
        ],
        [
          "See",
          5
        ]
      ],
      "question": "Name Something A Costume Character May Have To Remove Their Head To Do"
    },
    {
      "answers": [
        [
          "A Blind ",
          53
        ],
        [
          "A Newspaper ",
          34
        ],
        [
          "A Cigarette ",
          23
        ],
        [
          "Sleeves ",
          15
        ],
        [
          "A Poster ",
          10
        ],
        [
          "Sleeping Bag ",
          6
        ]
      ],
      "question": "Name Something That You Roll Up"
    },
    {
      "answers": [
        [
          "Wal Mart",
          38
        ],
        [
          "Macy’s",
          37
        ],
        [
          "Sears",
          13
        ],
        [
          "J C Penny",
          5
        ],
        [
          "Target",
          2
        ]
      ],
      "question": "Name A Department Store Where People Shop During The Holidays."
    }
  ],
  "final_round_timers": [
    20,
    25
  ]
}