{
  "rounds": [
    {
      "answers": [
        {
          "ans": "Candy Bar",
          "pnt": 56
        },
        {
          "ans": "Potato Chips",
          "pnt": 36
        },
        {
          "ans": "Potatoes",
          "pnt": 24
        },
        {
          "ans": "Fast Food",
          "pnt": 16
        },
        {
          "ans": "Ice Cream",
          "pnt": 10
        },
        {
          "ans": "Bread",
          "pnt": 7
        }
      ],
      "multiply": 1,
      "question": "Name something you’d need to eat a lot of if you needed to gain a quick 10 pounds"
    },
    {
      "answers": [
        {
          "ans": "Sleigh",
          "pnt": 46
        },
        {
          "ans": "Santa",
          "pnt": 30
        },
        {
          "ans": "Reindeer",
          "pnt": 20
        },
        {
          "ans": "Footsteps",
          "pnt": 13
        }
      ],
      "multiply": 1,
      "question": "What Sounds Do Children Listen For On Christmas Eve"
    },
    {
      "answers": [
        {
          "ans": "Paper",
          "pnt": 60
        },
        {
          "ans": "Gum",
          "pnt": 27
        },
        {
          "ans": "Food Wrappers",
          "pnt": 4
        },
        {
          "ans": "Pencil Shavings",
          "pnt": 3
        }
      ],
      "multiply": 1,
      "question": "Name Something A School Wastebasket Is Probably Full Of."
    },
    {
      "answers": [
        {
          "ans": "Blanket",
          "pnt": 32
        },
        {
          "ans": "Teddy Bear",
          "pnt": 23
        },
        {
          "ans": "Night Light",
          "pnt": 16
        },
        {
          "ans": "Milk",
          "pnt": 11
        },
        {
          "ans": "Bedtime Story",
          "pnt": 8
        },
        {
          "ans": "Pacifier",
          "pnt": 3
        }
      ],
      "multiply": 2,
      "question": "Name Something Some Kids Need To Have In Order To Sleep."
    },
    {
      "answers": [
        {
          "ans": "Directions",
          "pnt": 33
        },
        {
          "ans": "Cooking",
          "pnt": 24
        },
        {
          "ans": "Fixing Cars",
          "pnt": 23
        },
        {
          "ans": "Paying The Bills",
          "pnt": 12
        }
      ],
      "multiply": 2,
      "question": "Name Something Many Men Refuse To Ask For Help With"
    },
    {
      "answers": [
        {
          "ans": "Men",
          "pnt": 28
        },
        {
          "ans": "Hard Hats",
          "pnt": 16
        },
        {
          "ans": "Tractors",
          "pnt": 13
        },
        {
          "ans": "Big Trucks",
          "pnt": 12
        },
        {
          "ans": "Bulldozer",
          "pnt": 9
        },
        {
          "ans": "Hammers",
          "pnt": 9
        },
        {
          "ans": "Wood",
          "pnt": 7
        }
      ],
      "multiply": 2,
      "question": "Name Something You’d Probably See At A Construction Site"
    }
  ],
  "final_round": [
    {
      "answers": [
        [
          "Milk",
          40
        ],
        [
          "Beer",
          18
        ],
        [
          "Soda",
          13
        ],
        [
          "Ice Cream",
          10
        ],
        [
          "Water",
          3
        ],
        [
          "Meat",
          3
        ]
      ],
      "question": "Name A Food Or Beverage You Wouldn’t Consume After It’d Been Sitting Out In Hot Weather"
    },
    {
      "answers": [
        [
          "Keys ",
          57
        ],
        [
          "Watch ",
          37
        ],
        [
          "Knife ",
          24
        ],
        [
          "Coins ",
          16
        ],
        [
          "Gun ",
          10
        ]
      ],
      "question": "Name Something That Might Set A Metal Detector Off At An Airport"
    },
    {
      "answers": [
        [
          "Hair",
          35
        ],
        [
          "Jeans",
          28
        ],
        [
          "Towels",
          14
        ],
        [
          "Blankets",
          11
        ],
        [
          "Car",
          4
        ],
        [
          "Dishes",
          4
        ],
        [
          "Dog",
          3
        ]
      ],
      "question": "Name Something Specific That Takes Longer To Dry, Than To Wash."
    },
    {
      "answers": [
        [
          "Pizza",
          30
        ],
        [
          "Candy",
          24
        ],
        [
          "Ice Cream",
          18
        ],
        [
          "Cake",
          10
        ],
        [
          "Chips",
          6
        ],
        [
          "French Fries",
          5
        ],
        [
          "Cookies",
          4
        ]
      ],
      "question": "Name A Food That You Wish Was Healthy So You Could Eat It Every Day."
    }
  ],
  "final_round_timers": [
    20,
    25
  ]
}