{
  "rounds": [
    {
      "answers": [
        {
          "ans": "Lawyer",
          "pnt": 52
        },
        {
          "ans": "Model",
          "pnt": 15
        },
        {
          "ans": "Sales Person",
          "pnt": 9
        },
        {
          "ans": "Banker",
          "pnt": 9
        },
        {
          "ans": "CEO",
          "pnt": 7
        },
        {
          "ans": "Teacher",
          "pnt": 4
        }
      ],
      "multiply": 1,
      "question": "Name A Job In Which You Need To Dress Well In Order To Succeed."
    },
    {
      "answers": [
        {
          "ans": "Cold",
          "pnt": 33
        },
        {
          "ans": "Dark",
          "pnt": 23
        },
        {
          "ans": "Cement Floors",
          "pnt": 17
        },
        {
          "ans": "Damp",
          "pnt": 14
        },
        {
          "ans": "Creatures Live There",
          "pnt": 8
        }
      ],
      "multiply": 1,
      "question": "Name A Reason Why Basements Are Often Less Cozy Than The Rest Of A House"
    },
    {
      "answers": [
        {
          "ans": "Wax",
          "pnt": 48
        },
        {
          "ans": "Vacuum",
          "pnt": 37
        },
        {
          "ans": "Detailing",
          "pnt": 6
        },
        {
          "ans": "Dry Car",
          "pnt": 3
        },
        {
          "ans": "Polish",
          "pnt": 3
        }
      ],
      "multiply": 1,
      "question": "Name Something You Might Pay Extra For When You Get Your Car Washed."
    },
    {
      "answers": [
        {
          "ans": "Ice Cream",
          "pnt": 44
        },
        {
          "ans": "Jell O",
          "pnt": 23
        },
        {
          "ans": "Cookies",
          "pnt": 15
        },
        {
          "ans": "Brownies",
          "pnt": 6
        },
        {
          "ans": "Pie",
          "pnt": 4
        },
        {
          "ans": "Cupcakes",
          "pnt": 4
        },
        {
          "ans": "Donuts",
          "pnt": 3
        }
      ],
      "multiply": 2,
      "question": "Name A Dessert You Might Not Serve At A Fancy Dinner Party."
    },
    {
      "answers": [
        {
          "ans": "Come Untied",
          "pnt": 42
        },
        {
          "ans": "Length",
          "pnt": 25
        },
        {
          "ans": "Knots",
          "pnt": 15
        },
        {
          "ans": "Too Tight",
          "pnt": 9
        }
      ],
      "multiply": 2,
      "question": "Name A Complaint People Have About Shoes With Laces."
    },
    {
      "answers": [
        {
          "ans": "Less Caffeine",
          "pnt": 52
        },
        {
          "ans": "Taste",
          "pnt": 21
        },
        {
          "ans": "Healthier",
          "pnt": 10
        },
        {
          "ans": "Have A Cold",
          "pnt": 8
        },
        {
          "ans": "They’re English",
          "pnt": 5
        }
      ],
      "multiply": 2,
      "question": "Why Might A Person Drink Tea Instead Of Coffee?"
    }
  ],
  "final_round": [
    {
      "answers": [
        [
          "Under Seat",
          35
        ],
        [
          "Glove box",
          33
        ],
        [
          "Console",
          18
        ],
        [
          "Trunk",
          11
        ]
      ],
      "question": "Name A Place In Your Car That You Are Likely To Find Something That’s Gone Missing"
    },
    {
      "answers": [
        [
          "Tree",
          46
        ],
        [
          "Fireplace",
          33
        ],
        [
          "Santa Claus",
          17
        ],
        [
          "House",
          3
        ]
      ],
      "question": "Name Something People Pose In Front Of For Their Christmas Photos."
    },
    {
      "answers": [
        [
          "Sneak Out",
          42
        ],
        [
          "Finish The date",
          23
        ],
        [
          "Make Up An Excuse",
          18
        ],
        [
          "Be Honest",
          10
        ],
        [
          "Hide",
          3
        ]
      ],
      "question": "If Your blind date walked In And You Didn’t Feel A Spark, What Would YOu Do?"
    },
    {
      "answers": [
        [
          "Cars",
          41
        ],
        [
          "Waistlines",
          20
        ],
        [
          "Countries",
          16
        ],
        [
          "House Size",
          14
        ]
      ],
      "question": "Name Something That Is Smaller In Europe Than In The US."
    }
  ],
  "final_round_timers": [
    20,
    25
  ]
}