{
  "rounds": [
    {
      "answers": [
        {
          "ans": "Drain ",
          "pnt": 43
        },
        {
          "ans": "Toilet ",
          "pnt": 28
        },
        {
          "ans": "Nose ",
          "pnt": 18
        },
        {
          "ans": "Sink ",
          "pnt": 12
        },
        {
          "ans": "Road ",
          "pnt": 8
        }
      ],
      "multiply": 1,
      "question": "Name Something That Is A Real Nuisance When It Becomes Blocked"
    },
    {
      "answers": [
        {
          "ans": "Jockey ",
          "pnt": 41
        },
        {
          "ans": "Dominatrix ",
          "pnt": 27
        },
        {
          "ans": "Lion Tamer ",
          "pnt": 17
        },
        {
          "ans": "Ringmaster ",
          "pnt": 11
        },
        {
          "ans": "Indiana Jones ",
          "pnt": 7
        },
        {
          "ans": "Wife / Partner ",
          "pnt": 5
        }
      ],
      "multiply": 1,
      "question": "Name Somebody That Uses A Whip"
    },
    {
      "answers": [
        {
          "ans": "Scissors",
          "pnt": 48
        },
        {
          "ans": "Mirror",
          "pnt": 24
        },
        {
          "ans": "Clippers",
          "pnt": 10
        },
        {
          "ans": "Comb",
          "pnt": 7
        },
        {
          "ans": "Bowl",
          "pnt": 3
        }
      ],
      "multiply": 1,
      "question": "What Might Someone Use While Cutting Their Own Hair?"
    },
    {
      "answers": [
        {
          "ans": "Cheetah",
          "pnt": 41
        },
        {
          "ans": "Jaguar",
          "pnt": 24
        },
        {
          "ans": "Tiger",
          "pnt": 13
        },
        {
          "ans": "Cougar",
          "pnt": 5
        },
        {
          "ans": "Horse",
          "pnt": 5
        },
        {
          "ans": "Bird",
          "pnt": 4
        }
      ],
      "multiply": 2,
      "question": "Name An Animal That Could Probably Beat Carl Lewis In A Race"
    },
    {
      "answers": [
        {
          "ans": "Cheetah",
          "pnt": 50
        },
        {
          "ans": "Horse",
          "pnt": 20
        },
        {
          "ans": "Rabbit",
          "pnt": 7
        },
        {
          "ans": "Jaguar",
          "pnt": 7
        },
        {
          "ans": "Dog",
          "pnt": 5
        },
        {
          "ans": "Tiger",
          "pnt": 5
        },
        {
          "ans": "Lion",
          "pnt": 5
        }
      ],
      "multiply": 2,
      "question": "If You Were Forming A Relay Race Team, Which Animals Would You Choose For Teammates?"
    },
    {
      "answers": [
        {
          "ans": "Tea ",
          "pnt": 49
        },
        {
          "ans": "Coffee ",
          "pnt": 32
        },
        {
          "ans": "Soup ",
          "pnt": 21
        },
        {
          "ans": "Hot Chocolate ",
          "pnt": 14
        },
        {
          "ans": "Honey & Lemon ",
          "pnt": 9
        }
      ],
      "multiply": 2,
      "question": "Name Something Hot That Can Be Served In A Cup"
    }
  ],
  "final_round": [
    {
      "answers": [
        [
          "Blow It",
          46
        ],
        [
          "Peirce",
          30
        ],
        [
          "Pick It",
          20
        ],
        [
          "Change It",
          13
        ],
        [
          "Clean It",
          8
        ],
        [
          "Wipe It",
          5
        ],
        [
          "Scratch It",
          3
        ]
      ],
      "question": "Name something you can do to your nose"
    },
    {
      "answers": [
        [
          "Get Married",
          49
        ],
        [
          "Smoke",
          32
        ],
        [
          "Drugs",
          21
        ],
        [
          "Not Finish School",
          14
        ],
        [
          "Date Wrong Person",
          9
        ],
        [
          "Get Pregnant",
          6
        ],
        [
          "Cheating",
          4
        ]
      ],
      "question": "A Mistake Determined Never To Make Again"
    },
    {
      "answers": [
        [
          "Hair",
          46
        ],
        [
          "Ring",
          23
        ],
        [
          "Fingernail",
          17
        ],
        [
          "Bandage",
          5
        ],
        [
          "Tooth",
          3
        ]
      ],
      "question": "What Might You Find In Your Food That Belongs To The Cook?"
    },
    {
      "answers": [
        [
          "Honey",
          50
        ],
        [
          "Baby",
          29
        ],
        [
          "Sweetie",
          10
        ],
        [
          "Dear",
          10
        ]
      ],
      "question": "Which Endearment Would Many Women Be Annoyed To Hear A Stranger Call Them By?"
    }
  ],
  "final_round_timers": [
    20,
    25
  ]
}