{
  "rounds": [
    {
      "answers": [
        {
          "ans": "CCTV ",
          "pnt": 47
        },
        {
          "ans": "Security Guards ",
          "pnt": 31
        },
        {
          "ans": "Tags On Items ",
          "pnt": 20
        }
      ],
      "multiply": 1,
      "question": "Name Something A Shop Might Use To Catch Shoplifters"
    },
    {
      "answers": [
        {
          "ans": "High Heels",
          "pnt": 68
        },
        {
          "ans": "Boots",
          "pnt": 14
        },
        {
          "ans": "Sandals",
          "pnt": 13
        },
        {
          "ans": "Slippers",
          "pnt": 3
        }
      ],
      "multiply": 1,
      "question": "Name The Worst Kind Of Footwear To Run A Marathon In."
    },
    {
      "answers": [
        {
          "ans": "Light ",
          "pnt": 50
        },
        {
          "ans": "Oven ",
          "pnt": 33
        },
        {
          "ans": "Ignition ",
          "pnt": 21
        },
        {
          "ans": "Central Heating ",
          "pnt": 14
        },
        {
          "ans": "Air Conditioning ",
          "pnt": 9
        },
        {
          "ans": "Partner ",
          "pnt": 6
        }
      ],
      "multiply": 1,
      "question": "Name Something You Turn On"
    },
    {
      "answers": [
        {
          "ans": "Another Woman",
          "pnt": 33
        },
        {
          "ans": "Cell Phone",
          "pnt": 17
        },
        {
          "ans": "His Parents",
          "pnt": 14
        },
        {
          "ans": "Work/ Laptop",
          "pnt": 12
        },
        {
          "ans": "His Best Friend",
          "pnt": 6
        },
        {
          "ans": "Golf Clubs",
          "pnt": 5
        },
        {
          "ans": "His Pet",
          "pnt": 4
        }
      ],
      "multiply": 2,
      "question": "Name Something That A Man Had Better Not Take Along On His Honeymoon"
    },
    {
      "answers": [
        {
          "ans": "Dating",
          "pnt": 40
        },
        {
          "ans": "Driving",
          "pnt": 26
        },
        {
          "ans": "Playing Sports",
          "pnt": 17
        },
        {
          "ans": "Staying Out Late",
          "pnt": 11
        }
      ],
      "multiply": 2,
      "question": "Name Something That An Overprotective Parent Might Forbid Teen To Do"
    },
    {
      "answers": [
        {
          "ans": "Hospital",
          "pnt": 49
        },
        {
          "ans": "Police",
          "pnt": 32
        },
        {
          "ans": "Dmv",
          "pnt": 21
        },
        {
          "ans": "Law Office",
          "pnt": 14
        },
        {
          "ans": "Post Office",
          "pnt": 9
        },
        {
          "ans": "Fast Food",
          "pnt": 6
        },
        {
          "ans": "Retail",
          "pnt": 4
        }
      ],
      "multiply": 2,
      "question": "Name A Workplace You Would Get Used To Stress"
    }
  ],
  "final_round": [
    {
      "answers": [
        [
          "Age",
          49
        ],
        [
          "Home Address",
          14
        ],
        [
          "Weight",
          18
        ],
        [
          "Home Phone",
          7
        ],
        [
          "Marital Status",
          6
        ],
        [
          "Religon",
          5
        ],
        [
          "Social Security",
          5
        ]
      ],
      "question": "Name A Piece Of Information You’d Be Surprised To Find On Someone’s Business Card."
    },
    {
      "answers": [
        [
          "Cry",
          49
        ],
        [
          "Suck Thumb",
          32
        ],
        [
          "Bathroom Incidents",
          21
        ],
        [
          "Drool",
          14
        ],
        [
          "Blanket",
          9
        ]
      ],
      "question": "What Did You Do As A Baby That You’re Glad You Don’t Do I Public Anymore?"
    },
    {
      "answers": [
        [
          "Glasses ",
          51
        ],
        [
          "Plates ",
          33
        ],
        [
          "Toys ",
          22
        ]
      ],
      "question": "Name Something That Might Get Broken During A Party"
    },
    {
      "answers": [
        [
          "Singing ",
          54
        ],
        [
          "Dancing ",
          35
        ],
        [
          "Speaking ",
          23
        ],
        [
          "Smiling ",
          15
        ],
        [
          "Modelling ",
          10
        ]
      ],
      "question": "Name Something People Practice In The Mirror"
    }
  ],
  "final_round_timers": [
    20,
    25
  ]
}