{
  "rounds": [
    {
      "answers": [
        {
          "ans": "Queue Jump ",
          "pnt": 49
        },
        {
          "ans": "Ignorance & Stupidity ",
          "pnt": 32
        },
        {
          "ans": "Noisy Eaters ",
          "pnt": 21
        },
        {
          "ans": "Liars ",
          "pnt": 14
        },
        {
          "ans": "Loud Music ",
          "pnt": 9
        },
        {
          "ans": "Smoking ",
          "pnt": 6
        }
      ],
      "multiply": 1,
      "question": "Name Something Other People Do You Find Irritating"
    },
    {
      "answers": [
        {
          "ans": "16 ",
          "pnt": 41
        },
        {
          "ans": "13 ",
          "pnt": 27
        },
        {
          "ans": "15 ",
          "pnt": 17
        },
        {
          "ans": "12 ",
          "pnt": 11
        },
        {
          "ans": "14 ",
          "pnt": 7
        }
      ],
      "multiply": 1,
      "question": "Name An Age In Which A Person Falls In Love For The First Time"
    },
    {
      "answers": [
        {
          "ans": "Pumpkin",
          "pnt": 33
        },
        {
          "ans": "Glass",
          "pnt": 28
        },
        {
          "ans": "Bugs",
          "pnt": 13
        },
        {
          "ans": "Cans",
          "pnt": 10
        },
        {
          "ans": "Potatoes",
          "pnt": 5
        },
        {
          "ans": "Eggs",
          "pnt": 4
        }
      ],
      "multiply": 1,
      "question": "Name Something That People Have A Desire To Smash."
    },
    {
      "answers": [
        {
          "ans": "Angelina Jolie",
          "pnt": 59
        },
        {
          "ans": "Jennifer Aniston",
          "pnt": 38
        },
        {
          "ans": "Julia Roberts",
          "pnt": 25
        },
        {
          "ans": "Halle Berry",
          "pnt": 16
        }
      ],
      "multiply": 2,
      "question": "Which Actress Gets Most Love Letters"
    },
    {
      "answers": [
        {
          "ans": 10,
          "pnt": 9
        },
        {
          "ans": 8,
          "pnt": 7
        },
        {
          "ans": 5,
          "pnt": null
        }
      ],
      "multiply": 2,
      "question": "We Asked 100 Moms How Much Are You Like Your Mom. Scale 1-10."
    },
    {
      "answers": [
        {
          "ans": "Pass Gas",
          "pnt": 37
        },
        {
          "ans": "Wet Pants",
          "pnt": 30
        },
        {
          "ans": "Snort",
          "pnt": 13
        },
        {
          "ans": "Choke",
          "pnt": 6
        },
        {
          "ans": "Cry",
          "pnt": 6
        },
        {
          "ans": "Nose Runs",
          "pnt": 3
        },
        {
          "ans": "Spit",
          "pnt": 3
        }
      ],
      "multiply": 2,
      "question": "Name Something Embarrassing That Can Happen If You Laugh Too Hard."
    }
  ],
  "final_round": [
    {
      "answers": [
        [
          "Mail",
          45
        ],
        [
          "Pizza",
          36
        ],
        [
          "Newspaper",
          5
        ],
        [
          "Package",
          5
        ],
        [
          "Baby",
          4
        ],
        [
          "Flowers",
          3
        ]
      ],
      "question": "Name Something That Gets Delivered."
    },
    {
      "answers": [
        [
          "Necklace",
          21
        ],
        [
          "Shoes",
          20
        ],
        [
          "Hat",
          19
        ],
        [
          "Ring",
          15
        ],
        [
          "Clover",
          8
        ],
        [
          "Pot",
          8
        ],
        [
          "Teeth",
          5
        ]
      ],
      "question": "Name Something A Leprechaun Would Have Made For Himself Out Of Gold"
    },
    {
      "answers": [
        [
          "Limo",
          48
        ],
        [
          "Their Own Car",
          42
        ],
        [
          "Taxi",
          6
        ],
        [
          "Helicopter",
          3
        ]
      ],
      "question": "Instead Of A Schoolbus, How Might A Wealthy Kid Get To School?"
    },
    {
      "answers": [
        [
          "Pen/Pencil",
          51
        ],
        [
          "Money",
          26
        ],
        [
          "Stapler",
          10
        ],
        [
          "Paper",
          6
        ]
      ],
      "question": "In The Office, Name Something That People Borrow But Almost Never Return?"
    }
  ],
  "final_round_timers": [
    20,
    25
  ]
}