{
  "rounds": [
    {
      "answers": [
        {
          "ans": "Doctor",
          "pnt": 52
        },
        {
          "ans": "Police",
          "pnt": 34
        },
        {
          "ans": "Mom",
          "pnt": 22
        },
        {
          "ans": "Spouse",
          "pnt": 14
        }
      ],
      "multiply": 1,
      "question": "Who Do You Like To Know Is Available In Case Of Emergency"
    },
    {
      "answers": [
        {
          "ans": "Stay Up",
          "pnt": 85
        },
        {
          "ans": "Eat In Bed",
          "pnt": 7
        },
        {
          "ans": "Play Games",
          "pnt": 2
        },
        {
          "ans": "Watch Scary Movie",
          "pnt": 2
        }
      ],
      "multiply": 1,
      "question": "Name Something A Kid Might Get To Do When Sleeping Over At A Friend’s House That He Doesn’t Do At Home"
    },
    {
      "answers": [
        {
          "ans": "House ",
          "pnt": 55
        },
        {
          "ans": "Wedding Ring ",
          "pnt": 36
        },
        {
          "ans": "Coffin ",
          "pnt": 23
        }
      ],
      "multiply": 1,
      "question": "Name Something You Usually Buy Only Once In Your Life"
    },
    {
      "answers": [
        {
          "ans": "Mail",
          "pnt": 30
        },
        {
          "ans": "Pizza",
          "pnt": 28
        },
        {
          "ans": "Newspaper",
          "pnt": 14
        },
        {
          "ans": "Package",
          "pnt": 11
        },
        {
          "ans": "Flowers",
          "pnt": 9
        },
        {
          "ans": "Milk",
          "pnt": 5
        }
      ],
      "multiply": 2,
      "question": "Name Something That Gets Delivered To Your Door."
    },
    {
      "answers": [
        {
          "ans": "Mom",
          "pnt": 58
        },
        {
          "ans": "Dad",
          "pnt": 38
        },
        {
          "ans": "Ex",
          "pnt": 25
        },
        {
          "ans": "Brother",
          "pnt": 16
        },
        {
          "ans": "Clergy",
          "pnt": 11
        },
        {
          "ans": "Mother-In-Law",
          "pnt": 7
        },
        {
          "ans": "Boss",
          "pnt": 4
        }
      ],
      "multiply": 2,
      "question": "Name The Last Person You Go To For Relationship Advice"
    },
    {
      "answers": [
        {
          "ans": "Bring Water",
          "pnt": 51
        },
        {
          "ans": "Refill glasses",
          "pnt": 27
        },
        {
          "ans": "Serve Food",
          "pnt": 10
        },
        {
          "ans": "Clear Table",
          "pnt": 5
        },
        {
          "ans": "Dishes",
          "pnt": 5
        }
      ],
      "multiply": 2,
      "question": "Name A Specific Task Restaurant Staff Does For You, That You’d Be Surprised To Get Charged Extra For"
    }
  ],
  "final_round": [
    {
      "answers": [
        [
          "Basketball Player",
          55
        ],
        [
          "Coach",
          15
        ],
        [
          "Tennis Player",
          14
        ],
        [
          "Nurse",
          6
        ],
        [
          "Runner",
          4
        ]
      ],
      "question": "Name A Specific Occupation Where They Wear Sneakers."
    },
    {
      "answers": [
        [
          "Eat",
          43
        ],
        [
          "Walk",
          25
        ],
        [
          "Communicate",
          19
        ],
        [
          "Think",
          8
        ],
        [
          "Keep Clean",
          3
        ]
      ],
      "question": "Name Something People Supposedly Do Differently Than Animals"
    },
    {
      "answers": [
        [
          "Park",
          43
        ],
        [
          "Disney/ Theme Park",
          28
        ],
        [
          "Zoo",
          18
        ],
        [
          "Chuck E Cheese",
          12
        ],
        [
          "Circus",
          8
        ]
      ],
      "question": "Name A Place That’s Meant For Kids, But Adults Love It Too"
    },
    {
      "answers": [
        [
          "Father Christmas ",
          58
        ],
        [
          "Grandparents ",
          38
        ],
        [
          "Cousins ",
          25
        ],
        [
          "Sisters ",
          16
        ],
        [
          "Brothers ",
          11
        ]
      ],
      "question": "Name Someone You Only See Once A Year"
    }
  ],
  "final_round_timers": [
    20,
    25
  ]
}