{
  "rounds": [
    {
      "answers": [
        {
          "ans": "Garden Hose",
          "pnt": 56
        },
        {
          "ans": "Rope",
          "pnt": 19
        },
        {
          "ans": "Electrical Cord",
          "pnt": 13
        },
        {
          "ans": "Bike Chain",
          "pnt": 8
        }
      ],
      "multiply": 1,
      "question": "Name Something In Your Garage That Might Be Mistaken For A Snake In The Dark."
    },
    {
      "answers": [
        {
          "ans": "Water ",
          "pnt": 52
        },
        {
          "ans": "Fire Engine ",
          "pnt": 34
        },
        {
          "ans": "Hose ",
          "pnt": 22
        },
        {
          "ans": "Sand ",
          "pnt": 14
        }
      ],
      "multiply": 1,
      "question": "Name Something Fireman Need To Fight A Fire"
    },
    {
      "answers": [
        {
          "ans": "Runny Nose",
          "pnt": 19
        },
        {
          "ans": "Coughing",
          "pnt": 17
        },
        {
          "ans": "Fever",
          "pnt": 14
        },
        {
          "ans": "Sneezing",
          "pnt": 14
        },
        {
          "ans": "Sore Throat",
          "pnt": 10
        },
        {
          "ans": "Stuffy Head",
          "pnt": 9
        },
        {
          "ans": "Chills",
          "pnt": 6
        }
      ],
      "multiply": 1,
      "question": "Name A Sympton That Would Cause You To Say, “I Think I’m Coming Down With Something.”"
    },
    {
      "answers": [
        {
          "ans": "Reading",
          "pnt": 31
        },
        {
          "ans": "Watching TV",
          "pnt": 18
        },
        {
          "ans": "Sleeping",
          "pnt": 15
        },
        {
          "ans": "Golfing",
          "pnt": 9
        },
        {
          "ans": "Swimming",
          "pnt": 9
        },
        {
          "ans": "Shopping",
          "pnt": 8
        },
        {
          "ans": "Using A Computer",
          "pnt": 6
        }
      ],
      "multiply": 2,
      "question": "Name Some Leisure Activity You Often Spend More Time Doing Than You Originally Expected To."
    },
    {
      "answers": [
        {
          "ans": "Plumber",
          "pnt": 35
        },
        {
          "ans": "Lawyer",
          "pnt": 29
        },
        {
          "ans": "Doctor",
          "pnt": 24
        },
        {
          "ans": "Electrician",
          "pnt": 5
        },
        {
          "ans": "Mechanic",
          "pnt": 4
        }
      ],
      "multiply": 2,
      "question": "Name A Professional Who You Hate To Call Because The Bill Is To Expensive?"
    },
    {
      "answers": [
        {
          "ans": "Puzzle",
          "pnt": 57
        },
        {
          "ans": "Earring",
          "pnt": 15
        },
        {
          "ans": "Car",
          "pnt": 10
        },
        {
          "ans": "Board Game",
          "pnt": 6
        },
        {
          "ans": "Pie",
          "pnt": 5
        },
        {
          "ans": "Cake",
          "pnt": 4
        }
      ],
      "multiply": 2,
      "question": "Tell Me Something You Hate To Discover That You’re Missing A Piece From."
    }
  ],
  "final_round": [
    {
      "answers": [
        [
          "Bottle Of Wine",
          45
        ],
        [
          "Candles",
          26
        ],
        [
          "Whipped Cream",
          5
        ],
        [
          "Strawberries",
          5
        ],
        [
          "Champagne",
          5
        ],
        [
          "Oysters",
          3
        ],
        [
          "Flowers",
          3
        ]
      ],
      "question": "Name Something You Might Find In A Person’s Shopping Cart If They’re Planning A Romantic Dinner"
    },
    {
      "answers": [
        [
          "Boss",
          59
        ],
        [
          "Parent",
          25
        ],
        [
          "Ex",
          10
        ],
        [
          "Grandparent",
          4
        ]
      ],
      "question": "Name Someone Who You’d Hate To Accidentally Forward A Personal Email To"
    },
    {
      "answers": [
        [
          "Doctor",
          41
        ],
        [
          "Lawyer",
          28
        ],
        [
          "Scientist",
          13
        ],
        [
          "Engineer",
          6
        ],
        [
          "Accountant",
          6
        ]
      ],
      "question": "Name An Occupation Where You Have To Be Really Smart"
    },
    {
      "answers": [
        [
          "Bad Grade",
          43
        ],
        [
          "Detention",
          25
        ],
        [
          "Homework",
          17
        ],
        [
          "Test",
          6
        ],
        [
          "Letter Sent Home",
          6
        ]
      ],
      "question": "Name Something Kids Are Afraid To Get From Their Teacher"
    }
  ],
  "final_round_timers": [
    20,
    25
  ]
}