{
  "rounds": [
    {
      "answers": [
        {
          "ans": "Red Wine",
          "pnt": 35
        },
        {
          "ans": "Cake/Pie",
          "pnt": 27
        },
        {
          "ans": "Bread",
          "pnt": 25
        },
        {
          "ans": "Fruit",
          "pnt": 9
        }
      ],
      "multiply": 1,
      "question": "Name Something That’s Served At Room Temperature."
    },
    {
      "answers": [
        {
          "ans": "Facemask",
          "pnt": 45
        },
        {
          "ans": "Baseball",
          "pnt": 16
        },
        {
          "ans": "Cap",
          "pnt": 9
        },
        {
          "ans": "Cup",
          "pnt": 9
        },
        {
          "ans": "Chest Protection",
          "pnt": 7
        },
        {
          "ans": "Tobacco",
          "pnt": 5
        }
      ],
      "multiply": 1,
      "question": "Name Something A Baseball Umpire Might Keep In His Locker"
    },
    {
      "answers": [
        {
          "ans": "Lion",
          "pnt": 41
        },
        {
          "ans": "Elephant",
          "pnt": 34
        },
        {
          "ans": "Monkey",
          "pnt": 19
        },
        {
          "ans": "Gorilla",
          "pnt": 6
        }
      ],
      "multiply": 1,
      "question": "Name the loudest animal in the zoo"
    },
    {
      "answers": [
        {
          "ans": "Sounding Stupid",
          "pnt": 32
        },
        {
          "ans": "Not Being Hired",
          "pnt": 18
        },
        {
          "ans": "Tongue Tied",
          "pnt": 13
        },
        {
          "ans": "Sweating",
          "pnt": 12
        },
        {
          "ans": "Appearance",
          "pnt": 12
        },
        {
          "ans": "Being Nervous",
          "pnt": 5
        },
        {
          "ans": "Forgetting Name",
          "pnt": 4
        }
      ],
      "multiply": 2,
      "question": "Name The Thing You Most Fear Doing During An Important Job Interview"
    },
    {
      "answers": [
        {
          "ans": "Grocery Bill",
          "pnt": 40
        },
        {
          "ans": "Gift/ Shopping Budget",
          "pnt": 26
        },
        {
          "ans": "Travel Expenses",
          "pnt": 17
        },
        {
          "ans": "Heating Bill",
          "pnt": 11
        },
        {
          "ans": "Electric Bill",
          "pnt": 7
        }
      ],
      "multiply": 2,
      "question": "Name An Expense That Goes Up In The Month Of December"
    },
    {
      "answers": [
        {
          "ans": "Car",
          "pnt": 34
        },
        {
          "ans": "Tools",
          "pnt": 31
        },
        {
          "ans": "Razor",
          "pnt": 29
        },
        {
          "ans": "Computer",
          "pnt": 4
        }
      ],
      "multiply": 2,
      "question": "Name Something Of Dad’s That Kids Aren’t Allowed To Use"
    }
  ],
  "final_round": [
    {
      "answers": [
        [
          "Wings",
          72
        ],
        [
          "Oxygen Mask",
          5
        ],
        [
          "Pilot",
          5
        ],
        [
          "Jet Engine",
          5
        ],
        [
          "Landing Gear",
          5
        ],
        [
          "Alot More Seats",
          2
        ]
      ],
      "question": "Name Something An Airplane Has That Your Car Doesn’t."
    },
    {
      "answers": [
        [
          "Car",
          51
        ],
        [
          "Rock",
          33
        ],
        [
          "Plant",
          22
        ],
        [
          "Boat",
          14
        ],
        [
          "Teddy Bear",
          9
        ]
      ],
      "question": "Some People Name That Isn’t Alive"
    },
    {
      "answers": [
        [
          "Big Building",
          22
        ],
        [
          "Statue Of Liberty",
          21
        ],
        [
          "Traffic",
          18
        ],
        [
          "Crowded",
          13
        ],
        [
          "Smog",
          9
        ],
        [
          "Cabs",
          7
        ]
      ],
      "question": "Name A Way You Know You’ve Arrived In New York City"
    },
    {
      "answers": [
        [
          "Purse/Wallet",
          36
        ],
        [
          "Cell Phone",
          17
        ],
        [
          "Coat",
          13
        ],
        [
          "Keys",
          9
        ],
        [
          "Briefcase/Suitcase",
          9
        ],
        [
          "Umbrella",
          9
        ],
        [
          "Shopping Bags",
          3
        ]
      ],
      "question": "Name Something A Person Might Accidentally Leave Behind In A Taxicab."
    }
  ],
  "final_round_timers": [
    20,
    25
  ]
}