{
  "rounds": [
    {
      "answers": [
        {
          "ans": "Poke Eyes",
          "pnt": 27
        },
        {
          "ans": "Slap",
          "pnt": 19
        },
        {
          "ans": "Laugh",
          "pnt": 17
        },
        {
          "ans": "Kick",
          "pnt": 9
        },
        {
          "ans": "Bite",
          "pnt": 6
        },
        {
          "ans": "Head Butt",
          "pnt": 5
        },
        {
          "ans": "Funny Noises",
          "pnt": 4
        }
      ],
      "multiply": 1,
      "question": "Name Something The Three Stooges Do While Fighting That You’d Be Surprised To See A Pro Boxer Do"
    },
    {
      "answers": [
        {
          "ans": "Alcohol",
          "pnt": 41
        },
        {
          "ans": "Beans",
          "pnt": 33
        },
        {
          "ans": "Onions",
          "pnt": 12
        },
        {
          "ans": "Garlic",
          "pnt": 11
        },
        {
          "ans": "Leaving Things",
          "pnt": 3
        }
      ],
      "multiply": 1,
      "question": "Name Something You Shouldn’t Have For Lunch Right Before A Driving Test"
    },
    {
      "answers": [
        {
          "ans": "Chicken Nuggets",
          "pnt": 51
        },
        {
          "ans": "Hamburger",
          "pnt": 33
        },
        {
          "ans": "Hot Dog",
          "pnt": 22
        },
        {
          "ans": "French Fries",
          "pnt": 14
        },
        {
          "ans": "Pizza",
          "pnt": 9
        },
        {
          "ans": "Grilled Cheese",
          "pnt": 6
        },
        {
          "ans": "Mac & Cheese",
          "pnt": 4
        }
      ],
      "multiply": 1,
      "question": "Name A Food On Kids Menu"
    },
    {
      "answers": [
        {
          "ans": "Hair/Makeup",
          "pnt": 47
        },
        {
          "ans": "Outfit",
          "pnt": 31
        },
        {
          "ans": "Weight Loss",
          "pnt": 20
        },
        {
          "ans": "Significant Other",
          "pnt": 13
        }
      ],
      "multiply": 2,
      "question": "Name Something Women Often Compliment Their Friends On"
    },
    {
      "answers": [
        {
          "ans": "Doctor",
          "pnt": 41
        },
        {
          "ans": "Parent",
          "pnt": 25
        },
        {
          "ans": "Teacher",
          "pnt": 11
        },
        {
          "ans": "Detective",
          "pnt": 8
        },
        {
          "ans": "IRS Auditor",
          "pnt": 7
        },
        {
          "ans": "Psychiatrist",
          "pnt": 4
        }
      ],
      "multiply": 2,
      "question": "Name Someone Who Knows A Lot About You Because It’s Their Job."
    },
    {
      "answers": [
        {
          "ans": "COUPLES",
          "pnt": 46
        },
        {
          "ans": "AFFECTION",
          "pnt": 30
        },
        {
          "ans": "TEARS",
          "pnt": 14
        },
        {
          "ans": "TISSUE",
          "pnt": 9
        }
      ],
      "multiply": 2,
      "question": "What Would You Expect To See In The Audience Of A Romance Movie?"
    }
  ],
  "final_round": [
    {
      "answers": [
        [
          "Christmas ",
          44
        ],
        [
          "Holidays ",
          29
        ],
        [
          "Summer ",
          19
        ],
        [
          "Spring ",
          12
        ],
        [
          "Birthday ",
          8
        ],
        [
          "Thanksgiving ",
          5
        ]
      ],
      "question": "Name A Time Of The Year That Everybody Loves"
    },
    {
      "answers": [
        [
          "Advertisement",
          50
        ],
        [
          "Stars",
          20
        ],
        [
          "Appears Funny",
          10
        ],
        [
          "Win Money",
          9
        ],
        [
          "Different",
          6
        ]
      ],
      "question": "Name Something That Might Get You To Watch A New TV Show"
    },
    {
      "answers": [
        [
          "Stuff It ",
          50
        ],
        [
          "Eat It ",
          33
        ],
        [
          "Pluck It ",
          21
        ],
        [
          "Cook It ",
          14
        ],
        [
          "Roast It ",
          9
        ]
      ],
      "question": "Name Something You Do With A Turkey"
    },
    {
      "answers": [
        [
          "Sunbathe ",
          41
        ],
        [
          "Build Sandcastles ",
          27
        ],
        [
          "Go Swimming ",
          17
        ],
        [
          "Water Ski ",
          11
        ]
      ],
      "question": "Name Something People Usually Do At The Seaside"
    }
  ],
  "final_round_timers": [
    20,
    25
  ]
}