{
  "rounds": [
    {
      "answers": [
        {
          "ans": "Bathroom",
          "pnt": 30
        },
        {
          "ans": "Bed",
          "pnt": 28
        },
        {
          "ans": "Television",
          "pnt": 12
        },
        {
          "ans": "Bar",
          "pnt": 11
        },
        {
          "ans": "Kitchen",
          "pnt": 7
        },
        {
          "ans": "Stereo",
          "pnt": 4
        }
      ],
      "multiply": 1,
      "question": "Name Something That Might Be Added To A Rockstar’s Tour Bus That You Wouldn’t Find On A City Bus"
    },
    {
      "answers": [
        {
          "ans": "Blanket",
          "pnt": 57
        },
        {
          "ans": "Stuffed Animal",
          "pnt": 17
        },
        {
          "ans": "Pillow",
          "pnt": 15
        },
        {
          "ans": "Baby’s Skin",
          "pnt": 7
        }
      ],
      "multiply": 1,
      "question": "Name The Softest Thing In A Baby’s Room."
    },
    {
      "answers": [
        {
          "ans": "Swing Set",
          "pnt": 54
        },
        {
          "ans": "Bicycle",
          "pnt": 11
        },
        {
          "ans": "Swimming Pool",
          "pnt": 9
        },
        {
          "ans": "Toys",
          "pnt": 8
        },
        {
          "ans": "Sand Box",
          "pnt": 7
        },
        {
          "ans": "Basketball Hoop",
          "pnt": 4
        }
      ],
      "multiply": 1,
      "question": "Name Something You Might See In Someone’s Backyard That Would Tell You They Had Kids."
    },
    {
      "answers": [
        {
          "ans": "Checkout Assistant ",
          "pnt": 57
        },
        {
          "ans": "Security Guard ",
          "pnt": 37
        },
        {
          "ans": "Forklift Driver ",
          "pnt": 24
        },
        {
          "ans": "Supervisor ",
          "pnt": 16
        },
        {
          "ans": "Manager ",
          "pnt": 10
        }
      ],
      "multiply": 2,
      "question": "Name A Job A Person Might Apply For At A Super Market"
    },
    {
      "answers": [
        {
          "ans": "Clothes",
          "pnt": 34
        },
        {
          "ans": "Toothbrush",
          "pnt": 30
        },
        {
          "ans": "Money",
          "pnt": 21
        },
        {
          "ans": "Camera",
          "pnt": 9
        },
        {
          "ans": "Passport",
          "pnt": 4
        }
      ],
      "multiply": 2,
      "question": "What One Thing Would You Most Hate To Forget To Pack On A Trip"
    },
    {
      "answers": [
        {
          "ans": "Wedding",
          "pnt": 27
        },
        {
          "ans": "Dating",
          "pnt": 21
        },
        {
          "ans": "Job Interview",
          "pnt": 16
        },
        {
          "ans": "Doctor Appt",
          "pnt": 13
        },
        {
          "ans": "Public Speaking",
          "pnt": 12
        },
        {
          "ans": "Taking A Test",
          "pnt": 6
        }
      ],
      "multiply": 2,
      "question": "Tell Me A Situation That Makes Just About Everyone Nervous"
    }
  ],
  "final_round": [
    {
      "answers": [
        [
          "2pm ",
          44
        ],
        [
          "Afternoon ",
          29
        ],
        [
          "Noon ",
          19
        ],
        [
          "4pm ",
          12
        ],
        [
          "3pm ",
          8
        ]
      ],
      "question": "The Time Of The Day A Person Is Most Likely To Take A Nap"
    },
    {
      "answers": [
        [
          "Italy",
          48
        ],
        [
          "China",
          31
        ],
        [
          "Mexico",
          20
        ],
        [
          "France",
          13
        ],
        [
          "Japan",
          9
        ]
      ],
      "question": "Name A Country Whose Food You Know Better Than Its Language"
    },
    {
      "answers": [
        [
          "Math",
          35
        ],
        [
          "English/Spelling",
          21
        ],
        [
          "History",
          20
        ],
        [
          "Science",
          12
        ],
        [
          "Geography",
          5
        ],
        [
          "Physical Fitness",
          3
        ],
        [
          "Foreign Language",
          3
        ]
      ],
      "question": "Name A School Subject That People Often Become Bad At In Adulthood."
    },
    {
      "answers": [
        [
          "Eating Less",
          38
        ],
        [
          "Losing Weight",
          32
        ],
        [
          "Eating Healthy",
          20
        ],
        [
          "Cranky",
          6
        ]
      ],
      "question": "Tell Me How You Know That Your Friend Is On A Diet."
    }
  ],
  "final_round_timers": [
    20,
    25
  ]
}