{
  "rounds": [
    {
      "answers": [
        {
          "ans": "Water ",
          "pnt": 58
        },
        {
          "ans": "Big / Fat ",
          "pnt": 38
        },
        {
          "ans": "Mud ",
          "pnt": 25
        },
        {
          "ans": "Big Teeth ",
          "pnt": 16
        },
        {
          "ans": "Africa ",
          "pnt": 11
        }
      ],
      "multiply": 1,
      "question": "Name Somethiong You Associate With A Hippopotamus"
    },
    {
      "answers": [
        {
          "ans": "Clean",
          "pnt": 56
        },
        {
          "ans": "Cook",
          "pnt": 28
        },
        {
          "ans": "Buy Food",
          "pnt": 12
        },
        {
          "ans": "Freshen Up Room",
          "pnt": 3
        }
      ],
      "multiply": 1,
      "question": "Name Something You Do To Prepare For Out-Of-Town Visitors."
    },
    {
      "answers": [
        {
          "ans": "Little Miss Muffet",
          "pnt": 37
        },
        {
          "ans": "Twinkle Little Star",
          "pnt": 26
        },
        {
          "ans": "Little Boy Blue",
          "pnt": 16
        },
        {
          "ans": "Red Riding Hood",
          "pnt": 7
        },
        {
          "ans": "Three Little Pigs",
          "pnt": 7
        },
        {
          "ans": "Little Bo Peep",
          "pnt": 5
        },
        {
          "ans": "Little Tommy Tucker",
          "pnt": 2
        }
      ],
      "multiply": 1,
      "question": "Name A Nursery Rhyme That Has The Word “Little” In The Title."
    },
    {
      "answers": [
        {
          "ans": "Shower ",
          "pnt": 52
        },
        {
          "ans": "Swim ",
          "pnt": 34
        },
        {
          "ans": "Drink ",
          "pnt": 22
        },
        {
          "ans": "Wash ",
          "pnt": 14
        },
        {
          "ans": "Jump In Pool ",
          "pnt": 9
        }
      ],
      "multiply": 2,
      "question": "Name Something You Do To Refresh Yourself"
    },
    {
      "answers": [
        {
          "ans": "Traffic ",
          "pnt": 51
        },
        {
          "ans": "Overslept ",
          "pnt": 33
        },
        {
          "ans": "Car Trouble ",
          "pnt": 22
        },
        {
          "ans": "Someone Died ",
          "pnt": 14
        },
        {
          "ans": "Got Lost ",
          "pnt": 9
        }
      ],
      "multiply": 2,
      "question": "Name An Excuse People Give For Being Late"
    },
    {
      "answers": [
        {
          "ans": "Hat",
          "pnt": 59
        },
        {
          "ans": "Vest",
          "pnt": 38
        },
        {
          "ans": "Name Tag",
          "pnt": 25
        },
        {
          "ans": "Jacket",
          "pnt": 16
        },
        {
          "ans": "Tie",
          "pnt": 11
        }
      ],
      "multiply": 2,
      "question": "Name Something Warn As A Part Of A Movie Theatre Uniform"
    }
  ],
  "final_round": [
    {
      "answers": [
        [
          "Cat",
          54
        ],
        [
          "Witch",
          22
        ],
        [
          "Bats",
          14
        ],
        [
          "Spider",
          7
        ]
      ],
      "question": "Name Something Black That You Associate With Halloween."
    },
    {
      "answers": [
        [
          "Doors/ Locks",
          52
        ],
        [
          "Lights",
          34
        ],
        [
          "Alarm Clock",
          22
        ],
        [
          "Stove",
          14
        ],
        [
          "Kids",
          9
        ]
      ],
      "question": "What Do You Check Before Going To Bed?"
    },
    {
      "answers": [
        [
          "Person Cut In Half",
          52
        ],
        [
          "Sword Swallow",
          19
        ],
        [
          "Disappearing Act",
          14
        ],
        [
          "Knife Throwing",
          11
        ]
      ],
      "question": "Which Magic Trick Would Become Dangerous If The Magician Was A Phony?"
    },
    {
      "answers": [
        [
          "Concert",
          45
        ],
        [
          "Movie",
          43
        ],
        [
          "Amusement Park",
          3
        ],
        [
          "Sports",
          3
        ],
        [
          "Theatre",
          2
        ]
      ],
      "question": "Name A Kind Of Ticket People Wait In Line To Buy"
    }
  ],
  "final_round_timers": [
    20,
    25
  ]
}