{
  "rounds": [
    {
      "answers": [
        {
          "ans": "New York City",
          "pnt": 52
        },
        {
          "ans": "Las Vegas",
          "pnt": 31
        },
        {
          "ans": "Paris",
          "pnt": 8
        },
        {
          "ans": "Los Angeles",
          "pnt": 7
        }
      ],
      "multiply": 1,
      "question": "Name A City Where You Would Expect To Pay A Lot For A Hotel."
    },
    {
      "answers": [
        {
          "ans": "Swimmer",
          "pnt": 34
        },
        {
          "ans": "Divers",
          "pnt": 25
        },
        {
          "ans": "Lifeguard",
          "pnt": 14
        },
        {
          "ans": "Welder",
          "pnt": 8
        },
        {
          "ans": "Skier",
          "pnt": 7
        },
        {
          "ans": "Pilot",
          "pnt": 6
        }
      ],
      "multiply": 1,
      "question": "Name A Type Of Person Who Might Wear Goggles."
    },
    {
      "answers": [
        {
          "ans": "Bunny Ears",
          "pnt": 59
        },
        {
          "ans": "Stick Out Tongue",
          "pnt": 38
        },
        {
          "ans": "Funny Face",
          "pnt": 25
        },
        {
          "ans": "Not Smiling",
          "pnt": 16
        }
      ],
      "multiply": 1,
      "question": "Name Something A Teen Might Get In Trouble Doing In A Photo"
    },
    {
      "answers": [
        {
          "ans": "Doctor",
          "pnt": 47
        },
        {
          "ans": "Lawyer",
          "pnt": 25
        },
        {
          "ans": "C.E.O.",
          "pnt": 13
        },
        {
          "ans": "Banker",
          "pnt": 6
        },
        {
          "ans": "Police Officer",
          "pnt": 3
        }
      ],
      "multiply": 2,
      "question": "Name An Occupation That Thinks Their Time Is More Important Than Yours."
    },
    {
      "answers": [
        {
          "ans": "Jump Rope",
          "pnt": 25
        },
        {
          "ans": "Jumpstart",
          "pnt": 23
        },
        {
          "ans": "Jump Up",
          "pnt": 15
        },
        {
          "ans": "Jumping Jacks",
          "pnt": 14
        },
        {
          "ans": "Jump For Joy",
          "pnt": 9
        },
        {
          "ans": "Jump The Broom",
          "pnt": 6
        },
        {
          "ans": "Jump The Gun",
          "pnt": 4
        }
      ],
      "multiply": 2,
      "question": "Name A Phrase That Begins With The Word “Jump.”"
    },
    {
      "answers": [
        {
          "ans": "Charlotte Church ",
          "pnt": 54
        },
        {
          "ans": "Tom Jones ",
          "pnt": 35
        },
        {
          "ans": "Richard Burton ",
          "pnt": 23
        },
        {
          "ans": "Harry Secombe ",
          "pnt": 15
        },
        {
          "ans": "Shirley Bassey ",
          "pnt": 10
        },
        {
          "ans": "Anthony Hopkins ",
          "pnt": 6
        }
      ],
      "multiply": 2,
      "question": "Name A Famous Person From Wales"
    }
  ],
  "final_round": [
    {
      "answers": [
        [
          "Hair ",
          50
        ],
        [
          "Fishing Line ",
          33
        ],
        [
          "Wool ",
          21
        ],
        [
          "Rope String ",
          14
        ],
        [
          "Tongue ",
          9
        ]
      ],
      "question": "Name Something You Might Get Tangled"
    },
    {
      "answers": [
        [
          "Sleeping",
          41
        ],
        [
          "Sledding",
          28
        ],
        [
          "Skiing",
          16
        ],
        [
          "Watching TV/Movies",
          6
        ],
        [
          "Reading",
          6
        ]
      ],
      "question": "What Is The Best Way To Spend A Snow Day"
    },
    {
      "answers": [
        [
          "Eat/ Drink",
          52
        ],
        [
          "Talk On Phone",
          22
        ],
        [
          "Smoke",
          8
        ],
        [
          "Change Gears",
          5
        ],
        [
          "Stop",
          4
        ],
        [
          "Park",
          3
        ],
        [
          "Steer",
          3
        ]
      ],
      "question": "Name Something More Than Difficult To Do When Driving A Car With Stick Shift"
    },
    {
      "answers": [
        [
          "Suit",
          51
        ],
        [
          "Tie",
          33
        ],
        [
          "Shorts",
          22
        ],
        [
          "Blue Jeans",
          14
        ],
        [
          "Hat",
          9
        ]
      ],
      "question": "Name An Article Of Clothing Women Think Men Look Handsome"
    }
  ],
  "final_round_timers": [
    20,
    25
  ]
}