{
  "rounds": [
    {
      "answers": [
        {
          "ans": "Toast",
          "pnt": 39
        },
        {
          "ans": "Marshmellow",
          "pnt": 18
        },
        {
          "ans": "Popcorn",
          "pnt": 13
        },
        {
          "ans": "Steak",
          "pnt": 11
        },
        {
          "ans": "Bacon",
          "pnt": 10
        },
        {
          "ans": "Hot Dogs",
          "pnt": 6
        }
      ],
      "multiply": 1,
      "question": "Name A Food That Some People Prefer To Eat Burnt"
    },
    {
      "answers": [
        {
          "ans": "Toothbrush",
          "pnt": 49
        },
        {
          "ans": "Candy",
          "pnt": 32
        },
        {
          "ans": "Sticker",
          "pnt": 21
        },
        {
          "ans": "Laughing Gas",
          "pnt": 14
        },
        {
          "ans": "Clean Teeth",
          "pnt": 9
        }
      ],
      "multiply": 1,
      "question": "What do you get at the dentist that makes going worthwhile"
    },
    {
      "answers": [
        {
          "ans": "Bruise",
          "pnt": 48
        },
        {
          "ans": "Scar",
          "pnt": 31
        },
        {
          "ans": "Cut",
          "pnt": 20
        },
        {
          "ans": "Cast",
          "pnt": 13
        },
        {
          "ans": "Bandage",
          "pnt": 9
        },
        {
          "ans": "Expression",
          "pnt": 6
        },
        {
          "ans": "Scab",
          "pnt": 3
        }
      ],
      "multiply": 1,
      "question": "What Is Something On Your Body That Shows You’Ve Been Hurt"
    },
    {
      "answers": [
        {
          "ans": "Police officer",
          "pnt": 27
        },
        {
          "ans": "Teacher",
          "pnt": 22
        },
        {
          "ans": "Judge",
          "pnt": 22
        },
        {
          "ans": "Politician",
          "pnt": 8
        }
      ],
      "multiply": 2,
      "question": "Name An Occupation That You’d be In Trouble If You Disrespected"
    },
    {
      "answers": [
        {
          "ans": "Truncheon ",
          "pnt": 47
        },
        {
          "ans": "Helmet ",
          "pnt": 31
        },
        {
          "ans": "Police Car ",
          "pnt": 20
        },
        {
          "ans": "Horse ",
          "pnt": 13
        },
        {
          "ans": "Radio ",
          "pnt": 8
        }
      ],
      "multiply": 2,
      "question": "Name Something A Policeman Has"
    },
    {
      "answers": [
        {
          "ans": "Golf Balls ",
          "pnt": 55
        },
        {
          "ans": "Windmill ",
          "pnt": 36
        },
        {
          "ans": "Golf Clubs ",
          "pnt": 23
        },
        {
          "ans": "Cup / Hole ",
          "pnt": 15
        },
        {
          "ans": "Putting Green ",
          "pnt": 10
        },
        {
          "ans": "Hills / Humps ",
          "pnt": 6
        }
      ],
      "multiply": 2,
      "question": "Name Something You Might Find On A Miniature Golf Course"
    }
  ],
  "final_round": [
    {
      "answers": [
        [
          "Break Up",
          38
        ],
        [
          "Bad Weather",
          33
        ],
        [
          "Don’t Get Along",
          7
        ],
        [
          "Miss Flight",
          6
        ],
        [
          "Get Sick",
          6
        ],
        [
          "Lose Luggage",
          5
        ]
      ],
      "question": "Name Something That Might Happen If You Had Bad Luck On Your Honeymoon."
    },
    {
      "answers": [
        [
          "Credit Card",
          31
        ],
        [
          "Loan",
          27
        ],
        [
          "School",
          18
        ],
        [
          "Housing Rental",
          14
        ],
        [
          "Insurance",
          5
        ]
      ],
      "question": "Other Than A Job Name Something For Which You Fill Out An Application."
    },
    {
      "answers": [
        [
          "Merry Go Round",
          47
        ],
        [
          "Ferris Wheel",
          31
        ],
        [
          "Spinning Top",
          20
        ],
        [
          "Clock Hands",
          13
        ],
        [
          "Wheels",
          8
        ],
        [
          "Earth",
          5
        ],
        [
          "Washer/ Dryer",
          3
        ]
      ],
      "question": "Name Something That Goes “Round And Round”"
    },
    {
      "answers": [
        [
          "Football",
          54
        ],
        [
          "Baseball",
          21
        ],
        [
          "Horseshoes",
          8
        ],
        [
          "Frisbee",
          7
        ],
        [
          "Basketball",
          6
        ]
      ],
      "question": "Name A Sport That Might Be Played At A Family Reunion."
    }
  ],
  "final_round_timers": [
    20,
    25
  ]
}