{
  "rounds": [
    {
      "answers": [
        {
          "ans": "Socks ",
          "pnt": 53
        },
        {
          "ans": "Underwear ",
          "pnt": 34
        },
        {
          "ans": "Jeans ",
          "pnt": 23
        },
        {
          "ans": "Tee Shirt ",
          "pnt": 15
        },
        {
          "ans": "Shirt ",
          "pnt": 10
        },
        {
          "ans": "Shoes ",
          "pnt": 6
        }
      ],
      "multiply": 1,
      "question": "Name Something A Person Might Wear Even If It Has A Hole"
    },
    {
      "answers": [
        {
          "ans": "Teacher",
          "pnt": 51
        },
        {
          "ans": "Doctor",
          "pnt": 33
        },
        {
          "ans": "Customer Service",
          "pnt": 22
        },
        {
          "ans": "Food Server",
          "pnt": 14
        },
        {
          "ans": "Therapist",
          "pnt": 9
        },
        {
          "ans": "Nurse",
          "pnt": 6
        },
        {
          "ans": "Salesperson",
          "pnt": 4
        }
      ],
      "multiply": 1,
      "question": "Occupation With Positive Attitude"
    },
    {
      "answers": [
        {
          "ans": "Eat",
          "pnt": 33
        },
        {
          "ans": "Write/Type",
          "pnt": 22
        },
        {
          "ans": "Snap/Clap",
          "pnt": 15
        },
        {
          "ans": "Bite Nails",
          "pnt": 9
        },
        {
          "ans": "Count",
          "pnt": 8
        },
        {
          "ans": "Cross Them",
          "pnt": 5
        },
        {
          "ans": "Point",
          "pnt": 4
        }
      ],
      "multiply": 1,
      "question": "Name Something You Might Do With Your Fingers But Not Your Toes"
    },
    {
      "answers": [
        {
          "ans": "Toy",
          "pnt": 24
        },
        {
          "ans": "Blanket",
          "pnt": 20
        },
        {
          "ans": "Pet",
          "pnt": 18
        },
        {
          "ans": "Teddy Bear",
          "pnt": 13
        },
        {
          "ans": "Tooth",
          "pnt": 10
        },
        {
          "ans": "Game",
          "pnt": 9
        }
      ],
      "multiply": 2,
      "question": "Name Something A Child Might Cry Over Losing."
    },
    {
      "answers": [
        {
          "ans": "New York",
          "pnt": 53
        },
        {
          "ans": "Chicago",
          "pnt": 34
        },
        {
          "ans": "Los Angeles",
          "pnt": 7
        },
        {
          "ans": "Las Vegas",
          "pnt": 5
        }
      ],
      "multiply": 2,
      "question": "Name A City Associated With Organized Crime"
    },
    {
      "answers": [
        {
          "ans": "Doctor",
          "pnt": 57
        },
        {
          "ans": "Cook",
          "pnt": 13
        },
        {
          "ans": "Nurse",
          "pnt": 8
        },
        {
          "ans": "Dentist",
          "pnt": 5
        },
        {
          "ans": "Mechanic",
          "pnt": 5
        },
        {
          "ans": "Restaurant Worker",
          "pnt": 5
        }
      ],
      "multiply": 2,
      "question": "Name Someone Who Has To Wash Their Hands Frequently."
    }
  ],
  "final_round": [
    {
      "answers": [
        [
          "Crayon",
          38
        ],
        [
          "Ruler",
          25
        ],
        [
          "Pencil/Eraser",
          18
        ],
        [
          "Paste/Glue",
          11
        ],
        [
          "Compass",
          5
        ]
      ],
      "question": "Name A School Supply That You Haven’t Used Since You Were Young."
    },
    {
      "answers": [
        [
          "Meat",
          44
        ],
        [
          "Mayonnaise",
          29
        ],
        [
          "Dressing",
          19
        ],
        [
          "Cheese",
          12
        ],
        [
          "Fries/ Chips",
          8
        ],
        [
          "Butter",
          5
        ],
        [
          "Dessert",
          3
        ]
      ],
      "question": "Name Something A Health Nut Order Lunch Without"
    },
    {
      "answers": [
        [
          "Use Coupons",
          30
        ],
        [
          "Talk",
          20
        ],
        [
          "Write Check",
          16
        ],
        [
          "Price Check",
          9
        ],
        [
          "Count Change",
          6
        ],
        [
          "Read Magazines",
          4
        ],
        [
          "Buy Too Many Items",
          3
        ]
      ],
      "question": "Name Something A Person Does That Slows Down The Checkout Line At The Supermarket"
    },
    {
      "answers": [
        [
          "Beer",
          35
        ],
        [
          "Milk",
          26
        ],
        [
          "Soda",
          14
        ],
        [
          "Coffee",
          13
        ],
        [
          "Milkshake",
          8
        ],
        [
          "Juice",
          4
        ]
      ],
      "question": "Name A Drink That Tastes Disgusting When It’s Warm."
    }
  ],
  "final_round_timers": [
    20,
    25
  ]
}