{
  "rounds": [
    {
      "answers": [
        {
          "ans": "Spider ",
          "pnt": 50
        },
        {
          "ans": "Snake ",
          "pnt": 33
        },
        {
          "ans": "Rat ",
          "pnt": 21
        },
        {
          "ans": "Scorpion ",
          "pnt": 14
        },
        {
          "ans": "Piranha ",
          "pnt": 9
        }
      ],
      "multiply": 1,
      "question": "Name An Animal That Is Small But Very Dangerous"
    },
    {
      "answers": [
        {
          "ans": "Not White Enough",
          "pnt": 58
        },
        {
          "ans": "Hurt",
          "pnt": 17
        },
        {
          "ans": "Crooked",
          "pnt": 13
        },
        {
          "ans": "Cavity",
          "pnt": 7
        }
      ],
      "multiply": 1,
      "question": "Name A Complaint People Might Have About Their Teeth"
    },
    {
      "answers": [
        {
          "ans": "Cologne/Aftershave",
          "pnt": 42
        },
        {
          "ans": "Car",
          "pnt": 22
        },
        {
          "ans": "Deodorant",
          "pnt": 17
        },
        {
          "ans": "Shampoo",
          "pnt": 7
        },
        {
          "ans": "Hair Growth Cream",
          "pnt": 4
        },
        {
          "ans": "Beer",
          "pnt": 4
        }
      ],
      "multiply": 1,
      "question": "According To Commercials, What Product Should A Man Buy In Order To Have Women Flock To Him?"
    },
    {
      "answers": [
        {
          "ans": 100,
          "pnt": 20
        },
        {
          "ans": 200,
          "pnt": 150
        },
        {
          "ans": 300,
          "pnt": null
        }
      ],
      "multiply": 2,
      "question": "Married People Only: How Many Guests Did You Invite To Your Wedding? Numeric Only Please."
    },
    {
      "answers": [
        {
          "ans": "Lights",
          "pnt": 35
        },
        {
          "ans": "Santa",
          "pnt": 28
        },
        {
          "ans": "Snowman",
          "pnt": 17
        },
        {
          "ans": "Reindeer",
          "pnt": 10
        },
        {
          "ans": "Tree",
          "pnt": 7
        }
      ],
      "multiply": 2,
      "question": "Name Something You See In Someone’s Yard As A Holiday Decoration."
    },
    {
      "answers": [
        {
          "ans": "Money",
          "pnt": 51
        },
        {
          "ans": "School/Work",
          "pnt": 37
        },
        {
          "ans": "Both Have Kids",
          "pnt": 6
        },
        {
          "ans": "Mutual Friiends",
          "pnt": 5
        }
      ],
      "multiply": 2,
      "question": "Name Something That causes Yo To Become Friends With Someone You Otherwise wouldn’t Have"
    }
  ],
  "final_round": [
    {
      "answers": [
        [
          "Donut",
          25
        ],
        [
          "Bagel",
          19
        ],
        [
          "Granola Bar",
          18
        ],
        [
          "Toast",
          10
        ],
        [
          "Pop Tart",
          9
        ],
        [
          "Muffin",
          7
        ],
        [
          "Fruit",
          4
        ]
      ],
      "question": "Name Something You Might Eat For Breakfast In The Car On Your Way To Work."
    },
    {
      "answers": [
        [
          "Art",
          33
        ],
        [
          "English",
          26
        ],
        [
          "Gym",
          24
        ],
        [
          "Music",
          5
        ],
        [
          "Cooking",
          4
        ],
        [
          "Drama",
          3
        ],
        [
          "Psychology",
          3
        ]
      ],
      "question": "Which Class Do Students Take In College Thinking It Would Be An Easy “A”?"
    },
    {
      "answers": [
        [
          "Death",
          49
        ],
        [
          "A Casket",
          20
        ],
        [
          "Black Suit",
          7
        ],
        [
          "A Funeral",
          6
        ],
        [
          "A Hearse",
          6
        ],
        [
          "Dig A Ditch",
          6
        ]
      ],
      "question": "Name Something People Associate With An Undertaker."
    },
    {
      "answers": [
        [
          "Mickey Mouse",
          24
        ],
        [
          "Charlie Brown",
          23
        ],
        [
          "Bart Simpson",
          15
        ],
        [
          "Bugs Bunny",
          15
        ],
        [
          "Dennis The Menace",
          8
        ],
        [
          "Lisa Simpson",
          5
        ],
        [
          "Scooby Doo",
          5
        ]
      ],
      "question": "Name A Cartoon Character Who Never Seems To Get Any Older"
    }
  ],
  "final_round_timers": [
    20,
    25
  ]
}