{
  "rounds": [
    {
      "answers": [
        {
          "ans": "Knives ",
          "pnt": 48
        },
        {
          "ans": "Apron ",
          "pnt": 31
        },
        {
          "ans": "Hat ",
          "pnt": 20
        },
        {
          "ans": "Pots & Pans ",
          "pnt": 13
        },
        {
          "ans": "Cookware Dishes ",
          "pnt": 9
        },
        {
          "ans": "Cookbook ",
          "pnt": 6
        }
      ],
      "multiply": 1,
      "question": "Name A Gift That Would Be Ideal For A Chef"
    },
    {
      "answers": [
        {
          "ans": "Money",
          "pnt": 33
        },
        {
          "ans": "Leading Lady",
          "pnt": 28
        },
        {
          "ans": "Gun",
          "pnt": 20
        },
        {
          "ans": "Bad Guy",
          "pnt": 15
        }
      ],
      "multiply": 1,
      "question": "In Action Movies, Name Something The Hero Is Always Trying To Get His Hands On."
    },
    {
      "answers": [
        {
          "ans": "Computers",
          "pnt": 31
        },
        {
          "ans": "People skills",
          "pnt": 29
        },
        {
          "ans": "Punctuality",
          "pnt": 17
        },
        {
          "ans": "Multitasking",
          "pnt": 15
        },
        {
          "ans": "Organization",
          "pnt": 5
        }
      ],
      "multiply": 1,
      "question": "Name something everyone says they’re good at when at a job interview,even if it’s a lie."
    },
    {
      "answers": [
        {
          "ans": "Stop",
          "pnt": 44
        },
        {
          "ans": "Green Light",
          "pnt": 17
        },
        {
          "ans": "Yield/Slow Down",
          "pnt": 13
        },
        {
          "ans": "Dead End",
          "pnt": 8
        },
        {
          "ans": "Do Not Enter",
          "pnt": 7
        },
        {
          "ans": "Curves Ahead",
          "pnt": 6
        },
        {
          "ans": "Caution",
          "pnt": 3
        }
      ],
      "multiply": 2,
      "question": "What Traffic Signs Describe Your Life Style?"
    },
    {
      "answers": [
        {
          "ans": 13,
          "pnt": 12
        },
        {
          "ans": 10,
          "pnt": 14
        }
      ],
      "multiply": 2,
      "question": "Name An Age That A Boy Becomes Interested In Girls"
    },
    {
      "answers": [
        {
          "ans": "Zebra",
          "pnt": 41
        },
        {
          "ans": "Tiger",
          "pnt": 27
        },
        {
          "ans": "Cheetah",
          "pnt": 17
        },
        {
          "ans": "Leopard",
          "pnt": 11
        },
        {
          "ans": "Skunk",
          "pnt": 7
        }
      ],
      "multiply": 2,
      "question": "Name An Animal That Has A Unique Pattern To Their Fur/ Hide"
    }
  ],
  "final_round": [
    {
      "answers": [
        [
          "Monkey",
          27
        ],
        [
          "Lion",
          25
        ],
        [
          "Tiger",
          22
        ],
        [
          "Elephant",
          11
        ],
        [
          "Giraffe",
          6
        ],
        [
          "Bear",
          5
        ]
      ],
      "question": "Name An Animal That Children Are Excited By At The Zoo."
    },
    {
      "answers": [
        [
          "Weather",
          62
        ],
        [
          "Safer",
          17
        ],
        [
          "Watch TV",
          11
        ],
        [
          "Privacy",
          8
        ]
      ],
      "question": "Name A Reason A Person Might Prefer To Walk On A Treadmill Instead Of Taking A Walk Outside."
    },
    {
      "answers": [
        [
          "Leaves",
          46
        ],
        [
          "Rain",
          20
        ],
        [
          "Campfire",
          9
        ],
        [
          "Pumpkin Pie",
          9
        ],
        [
          "Apples",
          5
        ]
      ],
      "question": "Name A Smell You Associate With Fall"
    },
    {
      "answers": [
        [
          "Jeans",
          66
        ],
        [
          "Flip Flops",
          10
        ],
        [
          "Shorts",
          9
        ],
        [
          "Mini Skirt",
          6
        ],
        [
          "Tennis Shoes",
          4
        ],
        [
          "T Shirt",
          3
        ]
      ],
      "question": "What Do People Wear To Work Now That Would Have Been Considered Too Informal 50 Years Ago?"
    }
  ],
  "final_round_timers": [
    20,
    25
  ]
}