{
  "rounds": [
    {
      "answers": [
        {
          "ans": "Snooker Balls ",
          "pnt": 49
        },
        {
          "ans": "Criminal ",
          "pnt": 32
        },
        {
          "ans": "Picture ",
          "pnt": 21
        }
      ],
      "multiply": 1,
      "question": "Name Something You Put In A Frame"
    },
    {
      "answers": [
        {
          "ans": "Money",
          "pnt": 56
        },
        {
          "ans": "Good Looks",
          "pnt": 36
        },
        {
          "ans": "Car",
          "pnt": 24
        },
        {
          "ans": "Stylish Clothes",
          "pnt": 16
        },
        {
          "ans": "Good Grades",
          "pnt": 10
        },
        {
          "ans": "Personality",
          "pnt": 7
        }
      ],
      "multiply": 1,
      "question": "Name Something You Need In Order To Be Popular In High School"
    },
    {
      "answers": [
        {
          "ans": "Fighting",
          "pnt": 50
        },
        {
          "ans": "Men",
          "pnt": 33
        },
        {
          "ans": "Spandex",
          "pnt": 21
        },
        {
          "ans": "Yelling",
          "pnt": 14
        },
        {
          "ans": "Skin",
          "pnt": 9
        },
        {
          "ans": "Muscles",
          "pnt": 6
        }
      ],
      "multiply": 1,
      "question": "Name Something You’d See More Of At A Wrestling Match Than A Tennis Match"
    },
    {
      "answers": [
        {
          "ans": "A1 Sauce",
          "pnt": 43
        },
        {
          "ans": "Teriyaki",
          "pnt": 18
        },
        {
          "ans": "BBQ Sauce",
          "pnt": 16
        },
        {
          "ans": "Soy Sauce",
          "pnt": 12
        },
        {
          "ans": "Tobasco",
          "pnt": 6
        },
        {
          "ans": "Ketchup",
          "pnt": 5
        }
      ],
      "multiply": 2,
      "question": "Name A Sauce You Put On Meat."
    },
    {
      "answers": [
        {
          "ans": "Bill Collector",
          "pnt": 40
        },
        {
          "ans": "Telemarketer",
          "pnt": 22
        },
        {
          "ans": "Parents",
          "pnt": 13
        },
        {
          "ans": "Boss",
          "pnt": 10
        },
        {
          "ans": "In Laws",
          "pnt": 7
        },
        {
          "ans": "Your Ex",
          "pnt": 5
        }
      ],
      "multiply": 2,
      "question": "Name Someone Whose Phone Calls You Try To Avoid."
    },
    {
      "answers": [
        {
          "ans": "Selling Cookies",
          "pnt": 33
        },
        {
          "ans": "Lost",
          "pnt": 29
        },
        {
          "ans": "Trick Or Treat",
          "pnt": 17
        },
        {
          "ans": "Newspaper",
          "pnt": 8
        }
      ],
      "multiply": 2,
      "question": "Name A Reason Why A Child You Don’t Know Might Come To Your Door."
    }
  ],
  "final_round": [
    {
      "answers": [
        [
          "Ta Ra / Ta Ta ",
          47
        ],
        [
          "See You Later ",
          31
        ],
        [
          "Cherio ",
          20
        ],
        [
          "Ciao ",
          13
        ],
        [
          "Bye Bye ",
          8
        ],
        [
          "Adios ",
          5
        ]
      ],
      "question": "Name Another Way Of Saying Goodbye"
    },
    {
      "answers": [
        [
          "Alma Mater",
          43
        ],
        [
          "Better Academics",
          19
        ],
        [
          "Reputation Of School",
          16
        ],
        [
          "The Cost",
          12
        ],
        [
          "Close To Home",
          9
        ]
      ],
      "question": "Name A Reason Parents Might Want Their Kid To Go To A Particular College."
    },
    {
      "answers": [
        [
          "Cheese",
          66
        ],
        [
          "Pepperoni",
          17
        ],
        [
          "Anchovies",
          4
        ],
        [
          "Mushrooms",
          3
        ],
        [
          "Hamburger",
          2
        ],
        [
          "Onion",
          2
        ],
        [
          "Bell Peppers",
          2
        ]
      ],
      "question": "When ordering pizza,name something extra you might ask for."
    },
    {
      "answers": [
        [
          "Hold Head Back",
          51
        ],
        [
          "Pinch Nose",
          31
        ],
        [
          "With A Tissue",
          6
        ],
        [
          "Cotton In Nose",
          4
        ],
        [
          "Cold Towel",
          4
        ],
        [
          "Ice",
          2
        ]
      ],
      "question": "Name A Way People Try To Stop A Bloody Nose."
    }
  ],
  "final_round_timers": [
    20,
    25
  ]
}