{
  "rounds": [
    {
      "answers": [
        {
          "ans": "Homemade Gift",
          "pnt": 47
        },
        {
          "ans": "Give A Card",
          "pnt": 36
        },
        {
          "ans": "Charge It",
          "pnt": 7
        },
        {
          "ans": "Re Gift",
          "pnt": 5
        }
      ],
      "multiply": 1,
      "question": "What Might You Do For A Gift If You’re Short On Cash?"
    },
    {
      "answers": [
        {
          "ans": "Chris Evans ",
          "pnt": 55
        },
        {
          "ans": "Geri Halliwell ",
          "pnt": 36
        },
        {
          "ans": "Cilla Black ",
          "pnt": 23
        },
        {
          "ans": "Mick Hucknall ",
          "pnt": 15
        },
        {
          "ans": "Anne Robinson ",
          "pnt": 10
        }
      ],
      "multiply": 1,
      "question": "Name A Famous Ginger Celebrity"
    },
    {
      "answers": [
        {
          "ans": "Palm trees",
          "pnt": 29
        },
        {
          "ans": "Beach",
          "pnt": 27
        },
        {
          "ans": "Water",
          "pnt": 17
        },
        {
          "ans": "Hawaiian Woman",
          "pnt": 15
        },
        {
          "ans": "Volcano",
          "pnt": 7
        }
      ],
      "multiply": 1,
      "question": "Name something you might see a picture of on a postcard from Hawaii."
    },
    {
      "answers": [
        {
          "ans": "Off To See The Wizard",
          "pnt": 28
        },
        {
          "ans": "No Place Like Home",
          "pnt": 23
        },
        {
          "ans": "Follow Yellow Brick Road",
          "pnt": 23
        },
        {
          "ans": "I’ll Get You My Pretty",
          "pnt": 13
        },
        {
          "ans": "Lions Tigers & Bears",
          "pnt": 13
        }
      ],
      "multiply": 2,
      "question": "Name A Famous Phrase From The Wizard Of Oz?"
    },
    {
      "answers": [
        {
          "ans": "Robin Hood",
          "pnt": 35
        },
        {
          "ans": "Superman",
          "pnt": 27
        },
        {
          "ans": "Peter Pan",
          "pnt": 13
        },
        {
          "ans": "Batman",
          "pnt": 10
        },
        {
          "ans": "Mikhail Barishnikov",
          "pnt": 9
        }
      ],
      "multiply": 2,
      "question": "Name A Famous Male, Real Or Fictional, Who Wears Tights"
    },
    {
      "answers": [
        {
          "ans": 72,
          "pnt": 40
        },
        {
          "ans": 65,
          "pnt": 27
        },
        {
          "ans": 80,
          "pnt": 20
        },
        {
          "ans": 66,
          "pnt": 9
        }
      ],
      "multiply": 2,
      "question": "Tell Me A Good Score When Playing 18 Holes Of Golf."
    }
  ],
  "final_round": [
    {
      "answers": [
        [
          "Dirty",
          42
        ],
        [
          "Bad Service",
          35
        ],
        [
          "Crowded",
          9
        ],
        [
          "Bugs Bunny",
          8
        ],
        [
          "Long Wait",
          4
        ]
      ],
      "question": "Why Might You Leave A Restaurant Before Even Eating There?"
    },
    {
      "answers": [
        [
          "Buttons ",
          47
        ],
        [
          "Play ",
          31
        ],
        [
          "TV ",
          20
        ],
        [
          "Numbers ",
          13
        ],
        [
          "Volume ",
          8
        ]
      ],
      "question": "Name Something You Will Find On A Remote Control"
    },
    {
      "answers": [
        [
          "In The Doghouse",
          30
        ],
        [
          "On Thin Ice",
          28
        ],
        [
          "In A Pickle",
          15
        ],
        [
          "Burned Your Bridges",
          11
        ],
        [
          "River Without Paddle",
          11
        ]
      ],
      "question": "Being In Hot Water Is One Way Of Saying You’re In Trouble, Name Another."
    },
    {
      "answers": [
        [
          "Calvin Klein",
          32
        ],
        [
          "Ralph Lauren",
          14
        ],
        [
          "Giorgio Armani",
          13
        ],
        [
          "Tommy Hilfiger",
          12
        ],
        [
          "Versace",
          11
        ],
        [
          "Donna Karan",
          10
        ],
        [
          "Gucci",
          8
        ]
      ],
      "question": "Name A Clothing Designer Who’s World Famous."
    }
  ],
  "final_round_timers": [
    20,
    25
  ]
}