{
  "rounds": [
    {
      "answers": [
        {
          "ans": "Homework",
          "pnt": 49
        },
        {
          "ans": "Boring",
          "pnt": 32
        },
        {
          "ans": "Teacher",
          "pnt": 21
        },
        {
          "ans": "Bullies",
          "pnt": 14
        },
        {
          "ans": "Too Hard",
          "pnt": 9
        }
      ],
      "multiply": 1,
      "question": "Name A Reason Kids Give For Not Liking School"
    },
    {
      "answers": [
        {
          "ans": "Lights",
          "pnt": 45
        },
        {
          "ans": "TV",
          "pnt": 36
        },
        {
          "ans": "Oven Radio",
          "pnt": 6
        },
        {
          "ans": "Radio",
          "pnt": 6
        },
        {
          "ans": "Partner",
          "pnt": 5
        }
      ],
      "multiply": 1,
      "question": "Name Something That Can Be Easily Be turned Off"
    },
    {
      "answers": [
        {
          "ans": "History",
          "pnt": 46
        },
        {
          "ans": "Geography",
          "pnt": 24
        },
        {
          "ans": "Movies",
          "pnt": 11
        },
        {
          "ans": "Current Events",
          "pnt": 10
        },
        {
          "ans": "The Bible",
          "pnt": 3
        }
      ],
      "multiply": 1,
      "question": "If You Were Going To Be A Contestant On Jeopardy, Name A Specific Subject Area You’d Want To Memorize Beforehand."
    },
    {
      "answers": [
        {
          "ans": "Speed",
          "pnt": 51
        },
        {
          "ans": "Stop The Car",
          "pnt": 33
        },
        {
          "ans": "Go The Wrong Way",
          "pnt": 22
        },
        {
          "ans": "Crash",
          "pnt": 14
        },
        {
          "ans": "Slow Down",
          "pnt": 9
        }
      ],
      "multiply": 2,
      "question": "What Would You Be Surprised A Car Navigation System Advise You To Do"
    },
    {
      "answers": [
        {
          "ans": "Turtle Doves",
          "pnt": 57
        },
        {
          "ans": "Partridge",
          "pnt": 37
        },
        {
          "ans": "Geese",
          "pnt": 24
        },
        {
          "ans": "Calling Birds",
          "pnt": 16
        },
        {
          "ans": "French Hens",
          "pnt": 10
        },
        {
          "ans": "Swans",
          "pnt": 7
        }
      ],
      "multiply": 2,
      "question": "Name An Animal Mentioned In The Song “12 Days Of Christmas”"
    },
    {
      "answers": [
        {
          "ans": "Lice",
          "pnt": 31
        },
        {
          "ans": "Bad Grades",
          "pnt": 24
        },
        {
          "ans": "Drugs",
          "pnt": 21
        },
        {
          "ans": "Illness",
          "pnt": 7
        },
        {
          "ans": "Germs",
          "pnt": 6
        }
      ],
      "multiply": 2,
      "question": "Name Something You Wouldn’t Want Your Kid Bringing Home From School."
    }
  ],
  "final_round": [
    {
      "answers": [
        [
          "Bat",
          45
        ],
        [
          "Mitt",
          31
        ],
        [
          "Baseball",
          9
        ],
        [
          "Batting Gloves",
          6
        ],
        [
          "Chewing Tobacco",
          4
        ],
        [
          "Water Bottle",
          2
        ]
      ],
      "question": "Name Something A Baseball Player Might Be Holding During A Game."
    },
    {
      "answers": [
        [
          "Guests",
          42
        ],
        [
          "Cake",
          18
        ],
        [
          "Wedding Dress",
          13
        ],
        [
          "Bridal Party",
          9
        ],
        [
          "Flowers",
          7
        ],
        [
          "Clergy",
          4
        ]
      ],
      "question": "If You Elope To Las Vegas, Name Something You Might Not Have At Your Wedding."
    },
    {
      "answers": [
        [
          30,
          37
        ],
        [
          40,
          30
        ],
        [
          25,
          17
        ],
        [
          35,
          6
        ],
        [
          20,
          4
        ]
      ],
      "question": "We asked 100 Women: At what age is a man most handsome?(NUMBERS ONLY)"
    },
    {
      "answers": [
        [
          "Food ",
          57
        ],
        [
          "Service ",
          37
        ],
        [
          "Wine ",
          24
        ],
        [
          "Price ",
          16
        ],
        [
          "Decoration ",
          10
        ],
        [
          "Atmosphere ",
          7
        ]
      ],
      "question": "Name Something That Makes A Restaurant First Class"
    }
  ],
  "final_round_timers": [
    20,
    25
  ]
}