{
  "rounds": [
    {
      "answers": [
        {
          "ans": "Boots",
          "pnt": 26
        },
        {
          "ans": "Saddles",
          "pnt": 25
        },
        {
          "ans": "Cowboy Hat",
          "pnt": 19
        },
        {
          "ans": "Rope",
          "pnt": 7
        },
        {
          "ans": "Horse",
          "pnt": 7
        },
        {
          "ans": "Spurs",
          "pnt": 5
        },
        {
          "ans": "Gun",
          "pnt": 3
        }
      ],
      "multiply": 1,
      "question": "Name Something You Might See At A Cowboy’s Yard Sale."
    },
    {
      "answers": [
        {
          "ans": "Name",
          "pnt": 42
        },
        {
          "ans": "Address",
          "pnt": 22
        },
        {
          "ans": "Phone Number",
          "pnt": 21
        },
        {
          "ans": "Owner’s Name",
          "pnt": 11
        },
        {
          "ans": "Reward",
          "pnt": 2
        }
      ],
      "multiply": 1,
      "question": "Name A Piece Of Information That Might Be On A Dog’s Tag."
    },
    {
      "answers": [
        {
          "ans": "Ant",
          "pnt": 43
        },
        {
          "ans": "Beaver",
          "pnt": 24
        },
        {
          "ans": "Horse",
          "pnt": 19
        },
        {
          "ans": "Bee",
          "pnt": 9
        }
      ],
      "multiply": 1,
      "question": "Name A Creature Who Would Be Rich If They Were Paid For All The Work They Seem To Do."
    },
    {
      "answers": [
        {
          "ans": "Happiness",
          "pnt": 38
        },
        {
          "ans": "Health",
          "pnt": 22
        },
        {
          "ans": "Friendship",
          "pnt": 14
        },
        {
          "ans": "Family",
          "pnt": 8
        },
        {
          "ans": "Time",
          "pnt": 7
        }
      ],
      "multiply": 2,
      "question": "Other Than Love, Name Something That “Money Can’t Buy”."
    },
    {
      "answers": [
        {
          "ans": "Accident",
          "pnt": 45
        },
        {
          "ans": "Break Down",
          "pnt": 25
        },
        {
          "ans": "Flat Tire",
          "pnt": 18
        },
        {
          "ans": "Rain",
          "pnt": 6
        },
        {
          "ans": "Run Out Of Gas",
          "pnt": 4
        }
      ],
      "multiply": 2,
      "question": "What Would You Hate To Have Happen When Driving Home In A Brand New Car?"
    },
    {
      "answers": [
        {
          "ans": "Trees",
          "pnt": 43
        },
        {
          "ans": "Trash Can",
          "pnt": 19
        },
        {
          "ans": "plants",
          "pnt": 16
        },
        {
          "ans": "Swing Set",
          "pnt": 5
        },
        {
          "ans": "Umbrella",
          "pnt": 5
        },
        {
          "ans": "Chairs",
          "pnt": 5
        }
      ],
      "multiply": 2,
      "question": "Name Something That Gets Knocked Over When Its Really Windy."
    }
  ],
  "final_round": [
    {
      "answers": [
        [
          "Turns Skin Green",
          56
        ],
        [
          "Bite It/Bendable",
          30
        ],
        [
          "Scratches Easily",
          8
        ],
        [
          "Have It Appraised",
          3
        ]
      ],
      "question": "How Can You Tell The Jewelry Your Partner Gives You Is Made Of Fake Gold?"
    },
    {
      "answers": [
        [
          "Smoking",
          64
        ],
        [
          "Drinking",
          12
        ],
        [
          "Biting Nails",
          7
        ],
        [
          "Gambling",
          7
        ],
        [
          "Shopping",
          4
        ]
      ],
      "question": "Name A Habit That Would Be Impossible To Hide From Your Spouse"
    },
    {
      "answers": [
        [
          "Exorcist",
          26
        ],
        [
          "Scream",
          19
        ],
        [
          "Psycho",
          15
        ],
        [
          "Halloween",
          13
        ],
        [
          "The Ring",
          12
        ],
        [
          "Friday The 13th",
          9
        ],
        [
          "The Shining",
          6
        ]
      ],
      "question": "What Movie Would You Never Watch Alone?"
    },
    {
      "answers": [
        [
          "Purring",
          47
        ],
        [
          "Meows",
          31
        ],
        [
          "Whiskers",
          20
        ]
      ],
      "question": "Sign That Girlfriend Is Turning Into A Cat"
    }
  ],
  "final_round_timers": [
    20,
    25
  ]
}