{
  "rounds": [
    {
      "answers": [
        {
          "ans": "Partner",
          "pnt": 55
        },
        {
          "ans": "Family",
          "pnt": 26
        },
        {
          "ans": "Boss",
          "pnt": 14
        },
        {
          "ans": "Teacher",
          "pnt": 3
        }
      ],
      "multiply": 1,
      "question": "Name A Person In Your Life That You’d Be Mortified To Call By The Wrong Name."
    },
    {
      "answers": [
        {
          "ans": "Wedding",
          "pnt": 57
        },
        {
          "ans": "Birth",
          "pnt": 37
        },
        {
          "ans": "Vacation",
          "pnt": 24
        },
        {
          "ans": "Graduation",
          "pnt": 16
        }
      ],
      "multiply": 1,
      "question": "Name A Specific Event People Create Photo Album"
    },
    {
      "answers": [
        {
          "ans": "Huggable",
          "pnt": 29
        },
        {
          "ans": "Stuffed",
          "pnt": 19
        },
        {
          "ans": "Smaller",
          "pnt": 16
        },
        {
          "ans": "Softer",
          "pnt": 12
        },
        {
          "ans": "No Teeth",
          "pnt": 10
        },
        {
          "ans": "Safe",
          "pnt": 7
        }
      ],
      "multiply": 1,
      "question": "Name Something About A Teddy Bear That’s Different From A Real Bear"
    },
    {
      "answers": [
        {
          "ans": "Sleep",
          "pnt": 38
        },
        {
          "ans": "Play On Phone",
          "pnt": 24
        },
        {
          "ans": "Visit Snackbar",
          "pnt": 19
        },
        {
          "ans": "Whisper",
          "pnt": 9
        },
        {
          "ans": "Kiss",
          "pnt": 5
        },
        {
          "ans": "Read",
          "pnt": 3
        }
      ],
      "multiply": 2,
      "question": "If A Movie Was Really Terrible, Name Something You Might Do In The Theater To Pass The Time."
    },
    {
      "answers": [
        {
          "ans": "Dumbo",
          "pnt": 48
        },
        {
          "ans": "Tarzan",
          "pnt": 19
        },
        {
          "ans": "Jungle Book",
          "pnt": 17
        },
        {
          "ans": "Jumanji",
          "pnt": 7
        },
        {
          "ans": "Operation:Dumbo Drop",
          "pnt": 4
        }
      ],
      "multiply": 2,
      "question": "Name A Movie Involving An Elephant."
    },
    {
      "answers": [
        {
          "ans": "Car/Tires",
          "pnt": 37
        },
        {
          "ans": "TV/Electronics",
          "pnt": 26
        },
        {
          "ans": "Ring/Jewelry",
          "pnt": 16
        },
        {
          "ans": "Frige/Appliance",
          "pnt": 13
        },
        {
          "ans": "Glass/Window",
          "pnt": 6
        }
      ],
      "multiply": 2,
      "question": "Duct Tape Can Fix A Lot Of Things, But Name An Expensive Item That It Would Probably Be Useless To Fix."
    }
  ],
  "final_round": [
    {
      "answers": [
        [
          "Jars ",
          41
        ],
        [
          "Their Hearts ",
          27
        ],
        [
          "Windows ",
          17
        ]
      ],
      "question": "Name Something That People Have Trouble Opening"
    },
    {
      "answers": [
        [
          "Football",
          61
        ],
        [
          "Basketball",
          14
        ],
        [
          "Baseball",
          11
        ],
        [
          "Soccer",
          10
        ],
        [
          "Hockey",
          2
        ]
      ],
      "question": "Name A Sport Where You Might See A Lot Of Athletes"
    },
    {
      "answers": [
        [
          "Darn",
          38
        ],
        [
          "Shoot",
          29
        ],
        [
          "Dang",
          15
        ],
        [
          "Fudge",
          8
        ],
        [
          "Gosh",
          5
        ]
      ],
      "question": "Name A Word That People Use To Avoid Swearing."
    },
    {
      "answers": [
        [
          "Baseball",
          46
        ],
        [
          "Basketball",
          30
        ],
        [
          "Football",
          20
        ],
        [
          "Frisbee",
          13
        ],
        [
          "Tag",
          8
        ],
        [
          "Chess",
          5
        ],
        [
          "Soccer",
          3
        ]
      ],
      "question": "A Game You See People Playing In The Park"
    }
  ],
  "final_round_timers": [
    20,
    25
  ]
}