{
  "rounds": [
    {
      "answers": [
        {
          "ans": "Bar",
          "pnt": 53
        },
        {
          "ans": "Church",
          "pnt": 22
        },
        {
          "ans": "Grocery Store",
          "pnt": 6
        },
        {
          "ans": "Internet",
          "pnt": 4
        },
        {
          "ans": "Work",
          "pnt": 4
        },
        {
          "ans": "Party",
          "pnt": 4
        }
      ],
      "multiply": 1,
      "question": "Name The Best Place For Single People To Find Each Other."
    },
    {
      "answers": [
        {
          "ans": "Sold",
          "pnt": 43
        },
        {
          "ans": "Going Once … Gone",
          "pnt": 28
        },
        {
          "ans": "Bid",
          "pnt": 10
        },
        {
          "ans": "Do I Hear",
          "pnt": 5
        }
      ],
      "multiply": 1,
      "question": "If An Auctioneer Had A Baby, What Might Be Her First Words?"
    },
    {
      "answers": [
        {
          "ans": "10 Gallon Hat",
          "pnt": 39
        },
        {
          "ans": "Gun",
          "pnt": 25
        },
        {
          "ans": "Horse",
          "pnt": 24
        },
        {
          "ans": "Boots",
          "pnt": 7
        },
        {
          "ans": "Rope",
          "pnt": 3
        }
      ],
      "multiply": 1,
      "question": "Name Something A Cowboy Probably Leaves At Home For A Job Interview"
    },
    {
      "answers": [
        {
          "ans": "Pray",
          "pnt": 35
        },
        {
          "ans": "Sing",
          "pnt": 31
        },
        {
          "ans": "Close Eyes",
          "pnt": 17
        },
        {
          "ans": "Count",
          "pnt": 9
        },
        {
          "ans": "Talk",
          "pnt": 5
        },
        {
          "ans": "Look Outside",
          "pnt": 3
        }
      ],
      "multiply": 2,
      "question": "Name Something A Nervous Skydiver Might Do To Distract Himself Before A Jump."
    },
    {
      "answers": [
        {
          "ans": "Heart",
          "pnt": 34
        },
        {
          "ans": "Baby",
          "pnt": 29
        },
        {
          "ans": "Kiss",
          "pnt": 22
        },
        {
          "ans": "Forever",
          "pnt": 5
        }
      ],
      "multiply": 2,
      "question": "Other Than “Love”, Name A Word That’s in Almost Every Love Song"
    },
    {
      "answers": [
        {
          "ans": "Fries",
          "pnt": 47
        },
        {
          "ans": "Ketchup",
          "pnt": 14
        },
        {
          "ans": "Grease",
          "pnt": 9
        },
        {
          "ans": "Salt",
          "pnt": 8
        },
        {
          "ans": "Fat",
          "pnt": 7
        },
        {
          "ans": "Beverage",
          "pnt": 6
        },
        {
          "ans": "Napkins",
          "pnt": 5
        }
      ],
      "multiply": 2,
      "question": "Name Something That Fast Food Rarely Comes Without"
    }
  ],
  "final_round": [
    {
      "answers": [
        [
          "Grandmother",
          32
        ],
        [
          "Aunt",
          30
        ],
        [
          "Teacher",
          19
        ],
        [
          "Older Sister",
          15
        ],
        [
          "Babysitter",
          4
        ]
      ],
      "question": "Besides Your Mother, Name A Female Who Told You What To Do While You Were Growing Up"
    },
    {
      "answers": [
        [
          "Drink",
          41
        ],
        [
          "Have Sex",
          27
        ],
        [
          "Stay Up Late",
          17
        ],
        [
          "Eat Too Much",
          11
        ],
        [
          "Tough Work Out",
          7
        ]
      ],
      "question": "Name Something An Athlete Wouldn’t Do The Night Before A Big Game"
    },
    {
      "answers": [
        [
          "Perfume",
          53
        ],
        [
          "TV",
          34
        ],
        [
          "Clothes/ Shoes",
          23
        ],
        [
          "Computer",
          15
        ],
        [
          "Cd",
          10
        ]
      ],
      "question": "Name Something You Can Test In Store Before Buying"
    },
    {
      "answers": [
        [
          "Skiing",
          29
        ],
        [
          "Ice Skating/Hockey",
          16
        ],
        [
          "Snowboarding",
          15
        ],
        [
          "Shoveling",
          14
        ],
        [
          "Sledding",
          14
        ],
        [
          "Snowball Fight",
          8
        ]
      ],
      "question": "Name A Winter Activity That Makes You Sweat."
    }
  ],
  "final_round_timers": [
    20,
    25
  ]
}