{
  "rounds": [
    {
      "answers": [
        {
          "ans": "Use Bathroom",
          "pnt": 30
        },
        {
          "ans": "Talk To Audience",
          "pnt": 26
        },
        {
          "ans": "Drink Water/Coffee",
          "pnt": 20
        },
        {
          "ans": "Refresh Makeup/Hair",
          "pnt": 24
        }
      ],
      "multiply": 1,
      "question": "Name Something Talk Show Hosts Do During A Commerical Break."
    },
    {
      "answers": [
        {
          "ans": "Furniture",
          "pnt": 38
        },
        {
          "ans": "Trees",
          "pnt": 23
        },
        {
          "ans": "Countertop",
          "pnt": 17
        },
        {
          "ans": "Ladders",
          "pnt": 8
        },
        {
          "ans": "Their Parents",
          "pnt": 5
        },
        {
          "ans": "Roof",
          "pnt": 5
        }
      ],
      "multiply": 1,
      "question": "Name Something Moms Tell Their Children Not To Climb On."
    },
    {
      "answers": [
        {
          "ans": "Costumes",
          "pnt": 26
        },
        {
          "ans": "Drinks",
          "pnt": 21
        },
        {
          "ans": "Women",
          "pnt": 16
        },
        {
          "ans": "Flowers",
          "pnt": 15
        },
        {
          "ans": "Instruments",
          "pnt": 11
        },
        {
          "ans": "Make Up",
          "pnt": 7
        }
      ],
      "multiply": 1,
      "question": "Name Something A Rockstar’s Dressing Room Is Probably Full Of."
    },
    {
      "answers": [
        {
          "ans": "Cheese",
          "pnt": 48
        },
        {
          "ans": "Meat",
          "pnt": 26
        },
        {
          "ans": "Bread",
          "pnt": 21
        },
        {
          "ans": "Pasta",
          "pnt": 3
        }
      ],
      "multiply": 2,
      "question": "Name A Food That’s Often Served With Wine"
    },
    {
      "answers": [
        {
          "ans": "Homework ",
          "pnt": 43
        },
        {
          "ans": "Packed Lunch ",
          "pnt": 28
        },
        {
          "ans": "Dinner Money ",
          "pnt": 18
        },
        {
          "ans": "School Tie ",
          "pnt": 12
        }
      ],
      "multiply": 2,
      "question": "Name Something Children Forget When Leaving For School"
    },
    {
      "answers": [
        {
          "ans": "Clock",
          "pnt": 61
        },
        {
          "ans": "Car",
          "pnt": 22
        },
        {
          "ans": "Smoke Detector",
          "pnt": 4
        },
        {
          "ans": "Home",
          "pnt": 2
        },
        {
          "ans": "Bank Vault",
          "pnt": 2
        },
        {
          "ans": "Watch",
          "pnt": 2
        }
      ],
      "multiply": 2,
      "question": "Name Something That Has An Alarm"
    }
  ],
  "final_round": [
    {
      "answers": [
        [
          "Wine",
          31
        ],
        [
          "Martini",
          21
        ],
        [
          "Champagne",
          15
        ],
        [
          "Tea",
          15
        ],
        [
          "Margaritas",
          6
        ],
        [
          "Bloody Mary",
          6
        ]
      ],
      "question": "Name A Beverage Served At Fancy Restaurants. (Alcohol Is Not An Answer, Be More Specific)"
    },
    {
      "answers": [
        [
          "Not Your Own Bed",
          52
        ],
        [
          "Noisy House",
          17
        ],
        [
          "Host Has Pets",
          10
        ],
        [
          "House Is Unfamiliar",
          9
        ],
        [
          "Homesick",
          7
        ]
      ],
      "question": "Name A Reason Why You Might Not Get A Good Night’S Sleep While Staying At Someone Else’S House"
    },
    {
      "answers": [
        [
          "Concert",
          53
        ],
        [
          "Bar",
          21
        ],
        [
          "Sports Game",
          10
        ],
        [
          "Mall",
          5
        ],
        [
          "Restaurant",
          5
        ]
      ],
      "question": "Name A Place Where It’s Hard To Talk Because Of All The Background Noise"
    },
    {
      "answers": [
        [
          "Attic",
          49
        ],
        [
          "Basement",
          29
        ],
        [
          "Closet",
          14
        ],
        [
          "Garage",
          6
        ]
      ],
      "question": "Name A Place In Your House That You Hardly Go Into"
    }
  ],
  "final_round_timers": [
    20,
    25
  ]
}