{
  "rounds": [
    {
      "answers": [
        {
          "ans": "Concert",
          "pnt": 21
        },
        {
          "ans": "While Traveling",
          "pnt": 16
        },
        {
          "ans": "Sleeping",
          "pnt": 15
        },
        {
          "ans": "Babysitting",
          "pnt": 14
        },
        {
          "ans": "Swimming",
          "pnt": 13
        },
        {
          "ans": "In Traffic",
          "pnt": 12
        },
        {
          "ans": "Arguement",
          "pnt": 6
        }
      ],
      "multiply": 1,
      "question": "Besides On The Job, Name Another Life Situation Where You’ve Wished You Had Earplugs."
    },
    {
      "answers": [
        {
          "ans": 12,
          "pnt": 27
        },
        {
          "ans": 13,
          "pnt": 26
        },
        {
          "ans": 10,
          "pnt": 12
        },
        {
          "ans": 14,
          "pnt": 11
        },
        {
          "ans": 11,
          "pnt": 7
        },
        {
          "ans": 6,
          "pnt": 5
        },
        {
          "ans": 5,
          "pnt": 5
        }
      ],
      "multiply": 1,
      "question": "Tell me an age when girls start thinking about boys.(Numeric only)"
    },
    {
      "answers": [
        {
          "ans": "Plane",
          "pnt": 29
        },
        {
          "ans": "Falling Star",
          "pnt": 24
        },
        {
          "ans": "Money",
          "pnt": 22
        },
        {
          "ans": "UFO",
          "pnt": 7
        },
        {
          "ans": "Person",
          "pnt": 5
        }
      ],
      "multiply": 1,
      "question": "Name Something You’d Be Shocked To See Falling From The Sky"
    },
    {
      "answers": [
        {
          "ans": "Mole ",
          "pnt": 46
        },
        {
          "ans": "Worm ",
          "pnt": 30
        },
        {
          "ans": "Rabbit ",
          "pnt": 20
        },
        {
          "ans": "Badger ",
          "pnt": 13
        }
      ],
      "multiply": 2,
      "question": "Name Something That Lives Underground"
    },
    {
      "answers": [
        {
          "ans": "Hair",
          "pnt": 49
        },
        {
          "ans": "Home/Rooms",
          "pnt": 26
        },
        {
          "ans": "Car",
          "pnt": 11
        },
        {
          "ans": "Clothes/Shoes",
          "pnt": 4
        },
        {
          "ans": "Drapes",
          "pnt": 3
        },
        {
          "ans": "Eyes",
          "pnt": 2
        }
      ],
      "multiply": 2,
      "question": "Name Something Of Yours That You Might Someday Change Its Color."
    },
    {
      "answers": [
        {
          "ans": "Bed ",
          "pnt": 41
        },
        {
          "ans": "Sofa ",
          "pnt": 27
        },
        {
          "ans": "Hammok ",
          "pnt": 17
        },
        {
          "ans": "The Floor ",
          "pnt": 11
        },
        {
          "ans": "A Tent ",
          "pnt": 7
        }
      ],
      "multiply": 2,
      "question": "Name A Place Where You Can Sleep"
    }
  ],
  "final_round": [
    {
      "answers": [
        [
          "Vacuum",
          36
        ],
        [
          "TV",
          32
        ],
        [
          "Stereo",
          14
        ],
        [
          "Blender",
          6
        ],
        [
          "Phone",
          5
        ],
        [
          "Lights",
          4
        ]
      ],
      "question": "Name Something In The House That You Might Not Use When People Are Trying To Sleep."
    },
    {
      "answers": [
        [
          "Water",
          75
        ],
        [
          "Strength",
          9
        ],
        [
          "Rest",
          4
        ],
        [
          "Ladders",
          4
        ],
        [
          "Air",
          2
        ]
      ],
      "question": "Name Something A Firefighter Needs A Lot Of"
    },
    {
      "answers": [
        [
          "Fullhouse",
          12
        ],
        [
          "Whitehouse",
          12
        ],
        [
          "Brickhouse",
          7
        ],
        [
          "Outhouse",
          6
        ],
        [
          "Open House",
          4
        ],
        [
          "Crack House",
          3
        ]
      ],
      "question": "Name An Expression That Ends With The word “House”"
    },
    {
      "answers": [
        [
          "Jeans/Pants",
          60
        ],
        [
          "Shit/Sweater",
          13
        ],
        [
          "Skirt/Dress",
          11
        ],
        [
          "irdle",
          6
        ],
        [
          "Bra",
          5
        ]
      ],
      "question": "Name An Article Of Clothing Some Women Try To Wear As Tight As Possible"
    }
  ],
  "final_round_timers": [
    20,
    25
  ]
}