{
  "rounds": [
    {
      "answers": [
        {
          "ans": "Frankenstein",
          "pnt": 54
        },
        {
          "ans": "Witch",
          "pnt": 35
        },
        {
          "ans": "Ghost",
          "pnt": 23
        },
        {
          "ans": "Freddy Kruger",
          "pnt": 15
        }
      ],
      "multiply": 1,
      "question": "Name A Scary Halloween Figure"
    },
    {
      "answers": [
        {
          "ans": "Onions",
          "pnt": 47
        },
        {
          "ans": "Crying",
          "pnt": 31
        },
        {
          "ans": "Allergies",
          "pnt": 20
        },
        {
          "ans": "Smoke",
          "pnt": 13
        },
        {
          "ans": "Yawn",
          "pnt": 8
        },
        {
          "ans": "Sick",
          "pnt": 5
        },
        {
          "ans": "Dirt",
          "pnt": 3
        }
      ],
      "multiply": 1,
      "question": "Name A Reason Your Eyes Might Water"
    },
    {
      "answers": [
        {
          "ans": "Excaliber ",
          "pnt": 51
        },
        {
          "ans": "A Court ",
          "pnt": 33
        },
        {
          "ans": "Knights ",
          "pnt": 22
        },
        {
          "ans": "His Wife (Guinevere)",
          "pnt": 14
        },
        {
          "ans": "A Sword ",
          "pnt": 9
        }
      ],
      "multiply": 1,
      "question": "Name Something People Associate With King Arthur"
    },
    {
      "answers": [
        {
          "ans": "A Hat ",
          "pnt": 44
        },
        {
          "ans": "A Wand ",
          "pnt": 29
        },
        {
          "ans": "A Rabbit ",
          "pnt": 19
        },
        {
          "ans": "A Cloak ",
          "pnt": 12
        },
        {
          "ans": "An Assistant ",
          "pnt": 8
        }
      ],
      "multiply": 2,
      "question": "Name Something You'd Need To Look Like A Magician"
    },
    {
      "answers": [
        {
          "ans": "Subway",
          "pnt": 48
        },
        {
          "ans": "Bus",
          "pnt": 31
        },
        {
          "ans": "Taxi",
          "pnt": 20
        },
        {
          "ans": "Train",
          "pnt": 13
        }
      ],
      "multiply": 2,
      "question": "Name A Mode Of Transportation That You See In Big Cities, But Not In Small Towns"
    },
    {
      "answers": [
        {
          "ans": "Strawberry",
          "pnt": 20
        },
        {
          "ans": "Apple",
          "pnt": 18
        },
        {
          "ans": "Pineapple",
          "pnt": 16
        },
        {
          "ans": "Peach",
          "pnt": 16
        },
        {
          "ans": "Banana",
          "pnt": 14
        },
        {
          "ans": "Grape",
          "pnt": 7
        },
        {
          "ans": "Cherry",
          "pnt": 5
        }
      ],
      "multiply": 2,
      "question": "Name A Fruit That People Might Add To Jell-o"
    }
  ],
  "final_round": [
    {
      "answers": [
        [
          "Yearbook",
          55
        ],
        [
          "Class Ring",
          18
        ],
        [
          "Diploma",
          13
        ],
        [
          "Pictures",
          3
        ],
        [
          "Books",
          2
        ],
        [
          "Cap And Tassel",
          2
        ]
      ],
      "question": "Name Something People Usually Keep From High School"
    },
    {
      "answers": [
        [
          "Car",
          34
        ],
        [
          "House",
          26
        ],
        [
          "Clothes",
          15
        ],
        [
          "Jewelry",
          13
        ],
        [
          "TV",
          7
        ],
        [
          "Computer",
          3
        ]
      ],
      "question": "Name Something That Costs Twice As Much As It Is Worth."
    },
    {
      "answers": [
        [
          "Castle",
          40
        ],
        [
          "Queen",
          26
        ],
        [
          "Crown",
          17
        ],
        [
          "Money",
          11
        ],
        [
          "Throne",
          7
        ],
        [
          "Servants",
          5
        ],
        [
          "Command",
          3
        ]
      ],
      "question": "Name Something A King Has That Other Men Don’t"
    },
    {
      "answers": [
        [
          "Car",
          33
        ],
        [
          "Clothes",
          22
        ],
        [
          "Bills",
          15
        ],
        [
          "Vacation",
          12
        ],
        [
          "Food",
          6
        ],
        [
          "Furniture",
          4
        ],
        [
          "TV",
          3
        ]
      ],
      "question": "Name Something People Spend THeir Tax Returns On."
    }
  ],
  "final_round_timers": [
    20,
    25
  ]
}