{
  "rounds": [
    {
      "answers": [
        {
          "ans": "Good Mood",
          "pnt": 45
        },
        {
          "ans": "Recieves flowers",
          "pnt": 29
        },
        {
          "ans": "Showing Up Late",
          "pnt": 19
        },
        {
          "ans": "New Clothes",
          "pnt": 12
        },
        {
          "ans": "Phone Calls",
          "pnt": 8
        },
        {
          "ans": "Hickeys",
          "pnt": 5
        }
      ],
      "multiply": 1,
      "question": "How Can You Tell Your Co-Worker Has Started Dating"
    },
    {
      "answers": [
        {
          "ans": "Bad Weather",
          "pnt": 56
        },
        {
          "ans": "Fire",
          "pnt": 36
        },
        {
          "ans": "Earthquake",
          "pnt": 24
        },
        {
          "ans": "War",
          "pnt": 16
        },
        {
          "ans": "Local Crime",
          "pnt": 10
        },
        {
          "ans": "Traffic Blockage",
          "pnt": 7
        },
        {
          "ans": "Presidential Speech",
          "pnt": 4
        }
      ],
      "multiply": 1,
      "question": "Name An Event That Would Cause News To Interrupt TV Show"
    },
    {
      "answers": [
        {
          "ans": "Job",
          "pnt": 40
        },
        {
          "ans": "Kids",
          "pnt": 19
        },
        {
          "ans": "Bills",
          "pnt": 16
        },
        {
          "ans": "Eating",
          "pnt": 10
        },
        {
          "ans": "Other Men",
          "pnt": 5
        },
        {
          "ans": "Tv",
          "pnt": 5
        },
        {
          "ans": "House",
          "pnt": 3
        }
      ],
      "multiply": 1,
      "question": "We Asked 100 Women: When You Should Be Focusing On Romance, Name Something Your Mind Is Often Distracted By Instead?"
    },
    {
      "answers": [
        {
          "ans": "Television",
          "pnt": 41
        },
        {
          "ans": "Bed",
          "pnt": 37
        },
        {
          "ans": "Table",
          "pnt": 7
        },
        {
          "ans": "Mini Bar",
          "pnt": 6
        },
        {
          "ans": "Couch",
          "pnt": 5
        },
        {
          "ans": "Picture",
          "pnt": 4
        }
      ],
      "multiply": 2,
      "question": "Name Something That Would Be Hard To Steal From A Hotel Room"
    },
    {
      "answers": [
        {
          "ans": "Swimming",
          "pnt": 44
        },
        {
          "ans": "Basketball",
          "pnt": 18
        },
        {
          "ans": "Volleyball",
          "pnt": 17
        },
        {
          "ans": "Surfing",
          "pnt": 11
        },
        {
          "ans": "Boating",
          "pnt": 7
        }
      ],
      "multiply": 2,
      "question": "Name A Recreational Activity Traditionally Done In Hot Weather"
    },
    {
      "answers": [
        {
          "ans": "Elvis Presley",
          "pnt": 40
        },
        {
          "ans": "Marilyn Monroe",
          "pnt": 26
        },
        {
          "ans": "Jesus",
          "pnt": 18
        },
        {
          "ans": "James Dean",
          "pnt": 11
        }
      ],
      "multiply": 2,
      "question": "Name someone who is more popular dead than when they were alive."
    }
  ],
  "final_round": [
    {
      "answers": [
        [
          "Phone Number",
          36
        ],
        [
          "Income",
          26
        ],
        [
          "Social Security",
          14
        ],
        [
          "Past Lovers",
          8
        ],
        [
          "IQ",
          3
        ]
      ],
      "question": "Unlike Age Or Weight, Name A Number That You’d Be Surprised For Someone To Offer Before A Blind Date."
    },
    {
      "answers": [
        [
          "Dishes",
          52
        ],
        [
          "Vacuuming",
          34
        ],
        [
          "Dusting",
          22
        ],
        [
          "Mopping",
          14
        ]
      ],
      "question": "Name A Household Chore That A Kid Would Find Fun, But An Adult Would Put Off"
    },
    {
      "answers": [
        [
          "Freddy Krueger",
          24
        ],
        [
          "Hannibal Lector",
          19
        ],
        [
          "Jason",
          18
        ],
        [
          "Dracula",
          12
        ],
        [
          "Daffy Duck",
          10
        ],
        [
          "Darth Vader",
          8
        ],
        [
          "Pee Wee Herman",
          7
        ]
      ],
      "question": "Name a movie character you would hate to be stuck with in a broken elevator."
    },
    {
      "answers": [
        [
          "Box ",
          53
        ],
        [
          "Window ",
          34
        ],
        [
          "Dice ",
          23
        ],
        [
          "Tv ",
          15
        ],
        [
          "Cube ",
          10
        ]
      ],
      "question": "Name Something That Is Square In Shape"
    }
  ],
  "final_round_timers": [
    20,
    25
  ]
}