{
  "rounds": [
    {
      "answers": [
        {
          "ans": "Read",
          "pnt": 49
        },
        {
          "ans": "Sleep",
          "pnt": 19
        },
        {
          "ans": "Study",
          "pnt": 17
        },
        {
          "ans": "Thinik",
          "pnt": 4
        },
        {
          "ans": "Meditate/Pray",
          "pnt": 4
        },
        {
          "ans": "Take A Test",
          "pnt": 3
        }
      ],
      "multiply": 1,
      "question": "Name Something That You Need Silence In Order To Do."
    },
    {
      "answers": [
        {
          "ans": "Plastic Surgery",
          "pnt": 33
        },
        {
          "ans": "Exercise",
          "pnt": 26
        },
        {
          "ans": "Wear Makeup",
          "pnt": 14
        },
        {
          "ans": "Diet",
          "pnt": 8
        },
        {
          "ans": "Use Botox",
          "pnt": 6
        },
        {
          "ans": "Dye Hair",
          "pnt": 4
        }
      ],
      "multiply": 1,
      "question": "Name Something A Person Might Do In Order To Stay Attractive"
    },
    {
      "answers": [
        {
          "ans": "Shower",
          "pnt": 31
        },
        {
          "ans": "Drink",
          "pnt": 18
        },
        {
          "ans": "Water Lawn",
          "pnt": 17
        },
        {
          "ans": "Laundry/Wash",
          "pnt": 14
        },
        {
          "ans": "Swim",
          "pnt": 11
        },
        {
          "ans": "Flush",
          "pnt": 5
        }
      ],
      "multiply": 1,
      "question": "If Water Became As Expensive As Gas, Name Something You’d Do A Lot Less Of"
    },
    {
      "answers": [
        {
          "ans": "Smile",
          "pnt": 39
        },
        {
          "ans": "Wink",
          "pnt": 23
        },
        {
          "ans": "Chat Them Up",
          "pnt": 11
        },
        {
          "ans": "Play With Hair",
          "pnt": 10
        },
        {
          "ans": "Giggle",
          "pnt": 7
        }
      ],
      "multiply": 2,
      "question": "When Sitting Next To Someone She Likes, Name Something A Woman Does To Flirt."
    },
    {
      "answers": [
        {
          "ans": "Roller Coasters",
          "pnt": 51
        },
        {
          "ans": "Bungee Jumping",
          "pnt": 12
        },
        {
          "ans": "Horror Movies",
          "pnt": 11
        },
        {
          "ans": "Sky Diving",
          "pnt": 9
        },
        {
          "ans": "Fun Houses",
          "pnt": 8
        },
        {
          "ans": "Driving Fast",
          "pnt": 5
        },
        {
          "ans": "Rock Climbing",
          "pnt": 4
        }
      ],
      "multiply": 2,
      "question": "Name Something People Do For Fun Even Though It Scares Them"
    },
    {
      "answers": [
        {
          "ans": "Blemish",
          "pnt": 65
        },
        {
          "ans": "Scar",
          "pnt": 9
        },
        {
          "ans": "Bruise",
          "pnt": 6
        },
        {
          "ans": "Wrinkles",
          "pnt": 6
        },
        {
          "ans": "Mole",
          "pnt": 5
        },
        {
          "ans": "Freckles",
          "pnt": 3
        },
        {
          "ans": "Hickey",
          "pnt": 3
        }
      ],
      "multiply": 2,
      "question": "Name Something A Woman Might Want To Cover Up With Makeup"
    }
  ],
  "final_round": [
    {
      "answers": [
        [
          "Better Food",
          54
        ],
        [
          "Clean Litter Box",
          35
        ],
        [
          "Catnip",
          23
        ],
        [
          "More Toys",
          15
        ],
        [
          "Raise",
          10
        ],
        [
          "Cat House",
          6
        ],
        [
          "More Milk",
          4
        ]
      ],
      "question": "If Your Cat Went On Strike,Name Something He Might Demand Before Returning To Work As Your Pet"
    },
    {
      "answers": [
        [
          "Football",
          52
        ],
        [
          "Baseball",
          13
        ],
        [
          "Hockey",
          12
        ],
        [
          "Basketball",
          11
        ],
        [
          "Soccer",
          8
        ],
        [
          "Boxing",
          4
        ]
      ],
      "question": "Name A Sport In Which The Announcers Get As Excited As The Fans."
    },
    {
      "answers": [
        [
          "Stamps ",
          55
        ],
        [
          "Pension ",
          36
        ],
        [
          "Tv Licence ",
          23
        ],
        [
          "Envelopes ",
          15
        ],
        [
          "Lottery Ticket ",
          10
        ],
        [
          "Car Tax ",
          6
        ]
      ],
      "question": "Name Something You Get From A Post Office"
    },
    {
      "answers": [
        [
          "Report Card/Grades",
          50
        ],
        [
          "Note From Teacher",
          21
        ],
        [
          "Homework",
          17
        ],
        [
          "Detention/Discipline",
          9
        ]
      ],
      "question": "Name Something From School That A Kid Might Try To Hide From Their Parents."
    }
  ],
  "final_round_timers": [
    20,
    25
  ]
}