{
  "rounds": [
    {
      "answers": [
        {
          "ans": "Ginger ",
          "pnt": 56
        },
        {
          "ans": "Carrot Top ",
          "pnt": 36
        },
        {
          "ans": "Red ",
          "pnt": 24
        },
        {
          "ans": "Copper Top ",
          "pnt": 16
        },
        {
          "ans": "Rusty ",
          "pnt": 10
        }
      ],
      "multiply": 1,
      "question": "Name A Nickname For People With Red Hair"
    },
    {
      "answers": [
        {
          "ans": "Rap ",
          "pnt": 48
        },
        {
          "ans": "Heavy Metal ",
          "pnt": 31
        },
        {
          "ans": "Classical ",
          "pnt": 20
        },
        {
          "ans": "Rock & Roll ",
          "pnt": 13
        },
        {
          "ans": "Opera ",
          "pnt": 9
        }
      ],
      "multiply": 1,
      "question": "Name A Type Of Music Thats Hard To Dance To"
    },
    {
      "answers": [
        {
          "ans": "Open Gifts ",
          "pnt": 52
        },
        {
          "ans": "Go To Church ",
          "pnt": 34
        },
        {
          "ans": "Christmas Carols ",
          "pnt": 22
        },
        {
          "ans": "Eat ",
          "pnt": 14
        },
        {
          "ans": "Family Get Together",
          "pnt": 9
        },
        {
          "ans": "Drink ",
          "pnt": 6
        }
      ],
      "multiply": 1,
      "question": "Name Something People Do On Christmas Day"
    },
    {
      "answers": [
        {
          "ans": "Mud/Dirt",
          "pnt": 43
        },
        {
          "ans": "Sandbox",
          "pnt": 21
        },
        {
          "ans": "Kiddie Pool",
          "pnt": 13
        },
        {
          "ans": "Ball pit",
          "pnt": 8
        },
        {
          "ans": "Tree/Playhouse",
          "pnt": 5
        },
        {
          "ans": "Bath Tub",
          "pnt": 3
        }
      ],
      "multiply": 2,
      "question": "Name Something That Kids Play In But An Adult Would Not."
    },
    {
      "answers": [
        {
          "ans": "Prom",
          "pnt": 41
        },
        {
          "ans": "Coronation",
          "pnt": 29
        },
        {
          "ans": "Beauty Pageant",
          "pnt": 16
        },
        {
          "ans": "Homecoming",
          "pnt": 12
        }
      ],
      "multiply": 2,
      "question": "Name A Situation In Which Someone Might Get Crowned."
    },
    {
      "answers": [
        {
          "ans": "Finish School",
          "pnt": 38
        },
        {
          "ans": "Fall In Love",
          "pnt": 26
        },
        {
          "ans": "Get A Job",
          "pnt": 14
        },
        {
          "ans": "Date Others",
          "pnt": 8
        },
        {
          "ans": "Have Fun",
          "pnt": 5
        },
        {
          "ans": "Live Together",
          "pnt": 3
        }
      ],
      "multiply": 2,
      "question": "We Asked 100 Parents: Name Something You’d Tell Your Children To Do First Before Getting Married"
    }
  ],
  "final_round": [
    {
      "answers": [
        [
          "Hot",
          34
        ],
        [
          "Stormy/Violent",
          23
        ],
        [
          "Cold/Frigid",
          16
        ],
        [
          "Sunny",
          10
        ],
        [
          "Gloomy",
          9
        ],
        [
          "Icy",
          5
        ]
      ],
      "question": "Name A Weather Term That Can Also Describe Your Wife."
    },
    {
      "answers": [
        [
          "Flashlight",
          46
        ],
        [
          "Flares",
          11
        ],
        [
          "Blanket",
          10
        ],
        [
          "Jumper Cable",
          9
        ],
        [
          "Spare Tire",
          7
        ],
        [
          "Cell Phone",
          5
        ],
        [
          "Jack",
          4
        ]
      ],
      "question": "Name Something People Keep In Their Car For Emergencies."
    },
    {
      "answers": [
        [
          "Star",
          59
        ],
        [
          "National Enquirer",
          38
        ],
        [
          "People",
          25
        ],
        [
          "Globe",
          16
        ],
        [
          "Us Weekly",
          11
        ]
      ],
      "question": "Name A Magazine Or Tabloid Headlines You Don’t Always Believe"
    },
    {
      "answers": [
        [
          "Shoes",
          34
        ],
        [
          "Toilet",
          29
        ],
        [
          "Floor",
          14
        ],
        [
          "Jewelry",
          9
        ]
      ],
      "question": "Other Than Teeth, Name Something People Use A Toothbrush To Clean"
    }
  ],
  "final_round_timers": [
    20,
    25
  ]
}