{
  "rounds": [
    {
      "answers": [
        {
          "ans": "News",
          "pnt": 53
        },
        {
          "ans": "Talking",
          "pnt": 16
        },
        {
          "ans": "Weather",
          "pnt": 13
        },
        {
          "ans": "Jokes",
          "pnt": 5
        },
        {
          "ans": "Commercials",
          "pnt": 4
        },
        {
          "ans": "Traffic",
          "pnt": 4
        },
        {
          "ans": "Sports",
          "pnt": 3
        }
      ],
      "multiply": 1,
      "question": "Besides Music, Name Something You Might Hear On A Morning Radio Show."
    },
    {
      "answers": [
        {
          "ans": "Swim",
          "pnt": 32
        },
        {
          "ans": "Play",
          "pnt": 24
        },
        {
          "ans": "Go To Camp",
          "pnt": 17
        },
        {
          "ans": "Sleep In",
          "pnt": 12
        },
        {
          "ans": "Travel",
          "pnt": 5
        },
        {
          "ans": "Watch TV",
          "pnt": 3
        },
        {
          "ans": "Read",
          "pnt": 3
        }
      ],
      "multiply": 1,
      "question": "Name Something Kids Do Over Their Summer Vacation"
    },
    {
      "answers": [
        {
          "ans": "Theatre ",
          "pnt": 53
        },
        {
          "ans": "Cinema ",
          "pnt": 34
        },
        {
          "ans": "Tv Studio ",
          "pnt": 23
        },
        {
          "ans": "Hospital ",
          "pnt": 15
        },
        {
          "ans": "Church ",
          "pnt": 10
        }
      ],
      "multiply": 1,
      "question": "Name A Place That Has Lots Of Exits"
    },
    {
      "answers": [
        {
          "ans": "Bugs Bunny",
          "pnt": 34
        },
        {
          "ans": "Mickey Mouse",
          "pnt": 28
        },
        {
          "ans": "Donald Duck",
          "pnt": 21
        },
        {
          "ans": "Snoopy",
          "pnt": 13
        }
      ],
      "multiply": 2,
      "question": "Name A Cartoon Character Whose Head You Might Find At The Top Of A Pez Dispenser."
    },
    {
      "answers": [
        {
          "ans": "Sauce",
          "pnt": 45
        },
        {
          "ans": "Bread",
          "pnt": 29
        },
        {
          "ans": "Salad",
          "pnt": 19
        },
        {
          "ans": "Grated Cheese",
          "pnt": 12
        },
        {
          "ans": "Meatballs",
          "pnt": 8
        }
      ],
      "multiply": 2,
      "question": "If You Order Pasta At A Restaurant, What You Assume Come With"
    },
    {
      "answers": [
        {
          "ans": "Cake",
          "pnt": 26
        },
        {
          "ans": "Cookies",
          "pnt": 23
        },
        {
          "ans": "Bread",
          "pnt": 14
        },
        {
          "ans": "Chicken",
          "pnt": 11
        },
        {
          "ans": "Pie",
          "pnt": 9
        },
        {
          "ans": "Beef",
          "pnt": 5
        },
        {
          "ans": "Ribs",
          "pnt": 4
        }
      ],
      "multiply": 2,
      "question": "Name A Food That Smells Good When It’s Cooking"
    }
  ],
  "final_round": [
    {
      "answers": [
        [
          "Emergency ",
          55
        ],
        [
          "Death In The Family",
          36
        ],
        [
          "Wrong Number ",
          23
        ]
      ],
      "question": "Name A Reason You Might Get A Late Night Call From Someone"
    },
    {
      "answers": [
        [
          "Twins",
          54
        ],
        [
          "Dice",
          35
        ],
        [
          "Eyes",
          23
        ],
        [
          "Tires",
          15
        ],
        [
          "Scissors",
          10
        ],
        [
          "Tweezers",
          6
        ]
      ],
      "question": "Name A Pair Of Something That You Can Not Wear"
    },
    {
      "answers": [
        [
          "30 Mins ",
          53
        ],
        [
          "20 Mins ",
          34
        ],
        [
          "15 Mins ",
          23
        ],
        [
          "45 Mins ",
          15
        ],
        [
          "40 Mins ",
          10
        ]
      ],
      "question": "How Long The Average Person Would Wait For A Table At A Restaurant"
    },
    {
      "answers": [
        [
          "Gun",
          31
        ],
        [
          "Pictures",
          24
        ],
        [
          "Covered Wagon",
          16
        ],
        [
          "Stagecoach",
          14
        ],
        [
          "Buffalo",
          12
        ]
      ],
      "question": "Name Something You Might See In A Museum About The Old West."
    }
  ],
  "final_round_timers": [
    20,
    25
  ]
}