{
  "rounds": [
    {
      "answers": [
        {
          "ans": "Friends",
          "pnt": 40
        },
        {
          "ans": "Boss",
          "pnt": 28
        },
        {
          "ans": "Teacher",
          "pnt": 17
        },
        {
          "ans": "Doctor",
          "pnt": 4
        },
        {
          "ans": "Partner",
          "pnt": 4
        },
        {
          "ans": "Clergy",
          "pnt": 3
        }
      ],
      "multiply": 1,
      "question": "Other than your family members,from whom would you accept criticism?"
    },
    {
      "answers": [
        {
          "ans": "Reading",
          "pnt": 43
        },
        {
          "ans": "Bumps",
          "pnt": 28
        },
        {
          "ans": "Speed",
          "pnt": 18
        },
        {
          "ans": "Curves",
          "pnt": 12
        },
        {
          "ans": "Eating Too Much",
          "pnt": 8
        }
      ],
      "multiply": 1,
      "question": "Name Something That Can Make You Sick On A Long Car Ride"
    },
    {
      "answers": [
        {
          "ans": "Clothes",
          "pnt": 32
        },
        {
          "ans": "Napkin",
          "pnt": 16
        },
        {
          "ans": "Origami/Paper",
          "pnt": 14
        },
        {
          "ans": "Towels",
          "pnt": 13
        },
        {
          "ans": "Sheet",
          "pnt": 9
        },
        {
          "ans": "Newspaper",
          "pnt": 8
        },
        {
          "ans": "Blanket",
          "pnt": 2
        }
      ],
      "multiply": 1,
      "question": "Name Something That Is Folded."
    },
    {
      "answers": [
        {
          "ans": "Sleep",
          "pnt": 58
        },
        {
          "ans": "Eat",
          "pnt": 38
        },
        {
          "ans": "Relax",
          "pnt": 25
        },
        {
          "ans": "Shower",
          "pnt": 16
        },
        {
          "ans": "Watch TV",
          "pnt": 11
        }
      ],
      "multiply": 2,
      "question": "When Your Husband Gets Home After A Long Day Work, Ready To Do?"
    },
    {
      "answers": [
        {
          "ans": "Sir Elton John",
          "pnt": 35
        },
        {
          "ans": "Stevie Wonder",
          "pnt": 19
        },
        {
          "ans": "Liberace",
          "pnt": 13
        },
        {
          "ans": "Ray Charles",
          "pnt": 12
        },
        {
          "ans": "Beethoven",
          "pnt": 9
        },
        {
          "ans": "Billy Joel",
          "pnt": 5
        }
      ],
      "multiply": 2,
      "question": "Name Someone Famous Who Plays The Piano."
    },
    {
      "answers": [
        {
          "ans": "Keys ",
          "pnt": 53
        },
        {
          "ans": "Leg ",
          "pnt": 34
        },
        {
          "ans": "Stool ",
          "pnt": 23
        },
        {
          "ans": "Pedals ",
          "pnt": 15
        },
        {
          "ans": "Strings ",
          "pnt": 10
        }
      ],
      "multiply": 2,
      "question": "Name A Part Of A Piano"
    }
  ],
  "final_round": [
    {
      "answers": [
        [
          "Smoke",
          43
        ],
        [
          "Cheat",
          28
        ],
        [
          "Talk Too Much",
          18
        ],
        [
          "Tap Fingers",
          12
        ],
        [
          "Too Loud",
          8
        ],
        [
          "Annoying Laugh",
          5
        ]
      ],
      "question": "Name Something A Person Might Do While Playing Cards That Would Annoy Everyone Else At The Table"
    },
    {
      "answers": [
        [
          "Luggage",
          54
        ],
        [
          "Bikes",
          35
        ],
        [
          "Boat",
          23
        ],
        [
          "Tent",
          15
        ]
      ],
      "question": "Soemthing Strapped To Family’s Car On Vacation"
    },
    {
      "answers": [
        [
          "Main",
          75
        ],
        [
          "Elm",
          9
        ],
        [
          "Martin L King",
          7
        ],
        [
          "Maple",
          4
        ]
      ],
      "question": "Name A Street That You’ll Find In Almost Every City In America"
    },
    {
      "answers": [
        [
          "Shirt / Blouse ",
          44
        ],
        [
          "Suit ",
          29
        ],
        [
          "Trousers ",
          19
        ]
      ],
      "question": "Name Something That Has Buttons"
    }
  ],
  "final_round_timers": [
    20,
    25
  ]
}