{
  "rounds": [
    {
      "answers": [
        {
          "ans": "Faint",
          "pnt": 46
        },
        {
          "ans": "Sweat",
          "pnt": 32
        },
        {
          "ans": "Run",
          "pnt": 14
        },
        {
          "ans": "Cry",
          "pnt": 4
        }
      ],
      "multiply": 1,
      "question": "If A Groom Was Extremely Nervous About Getting Married, What Might He Do At The Alter?"
    },
    {
      "answers": [
        {
          "ans": "Objects disappear",
          "pnt": 37
        },
        {
          "ans": "Rabbit out of hat",
          "pnt": 25
        },
        {
          "ans": "Card tricks",
          "pnt": 19
        },
        {
          "ans": "Saw in half",
          "pnt": 19
        }
      ],
      "multiply": 1,
      "question": "If there were a college for magicians,name a trick that you’re sure would be taught on day one."
    },
    {
      "answers": [
        {
          "ans": "Sand ",
          "pnt": 54
        },
        {
          "ans": "Bucket ",
          "pnt": 35
        },
        {
          "ans": "Toys ",
          "pnt": 23
        },
        {
          "ans": "Spade ",
          "pnt": 15
        },
        {
          "ans": "Children ",
          "pnt": 10
        }
      ],
      "multiply": 1,
      "question": "Name Something You Find In A Sand Pit"
    },
    {
      "answers": [
        {
          "ans": "Drink",
          "pnt": 40
        },
        {
          "ans": "Fireworks",
          "pnt": 36
        },
        {
          "ans": "Eat",
          "pnt": 19
        },
        {
          "ans": "Sleep",
          "pnt": 4
        }
      ],
      "multiply": 2,
      "question": "What Do People Do More On The 4th Of July Than On The 5th Of July?"
    },
    {
      "answers": [
        {
          "ans": "Tony",
          "pnt": 65
        },
        {
          "ans": "Don",
          "pnt": 9
        },
        {
          "ans": "Joey",
          "pnt": 7
        },
        {
          "ans": "Frank",
          "pnt": 5
        },
        {
          "ans": "Scarface",
          "pnt": 4
        },
        {
          "ans": "Al",
          "pnt": 4
        },
        {
          "ans": "Vinny",
          "pnt": 3
        }
      ],
      "multiply": 2,
      "question": "Which Man’s Name Are You Likely To Hear In Mafia Movie?"
    },
    {
      "answers": [
        {
          "ans": "Age",
          "pnt": 50
        },
        {
          "ans": "Appearance",
          "pnt": 33
        },
        {
          "ans": "Weight",
          "pnt": 21
        },
        {
          "ans": "Money",
          "pnt": 14
        }
      ],
      "multiply": 2,
      "question": "Something People Lie About In Personals"
    }
  ],
  "final_round": [
    {
      "answers": [
        [
          "Shave ",
          49
        ],
        [
          "Go To The Pub ",
          32
        ],
        [
          "Swear ",
          21
        ],
        [
          "Watch Sport ",
          14
        ],
        [
          "Work ",
          9
        ],
        [
          "Masturbate ",
          6
        ]
      ],
      "question": "Name Something A Man Does More Than A Woman"
    },
    {
      "answers": [
        [
          "Pram ",
          53
        ],
        [
          "Trolley ",
          34
        ],
        [
          "Wheelbarrow ",
          23
        ],
        [
          "Go Cart ",
          15
        ],
        [
          "Bicycle ",
          10
        ]
      ],
      "question": "Name Something With Wheels That People Push"
    },
    {
      "answers": [
        [
          "Eggs",
          44
        ],
        [
          "Cereal",
          18
        ],
        [
          "Muffins",
          10
        ],
        [
          "Coffee",
          9
        ],
        [
          "Bagels",
          9
        ],
        [
          "Toast",
          8
        ]
      ],
      "question": "Tell Me Something You’re Likely To Find At A Hotel Continental Breakfast."
    },
    {
      "answers": [
        [
          "Shop",
          33
        ],
        [
          "Sleep",
          23
        ],
        [
          "Play Golf",
          21
        ],
        [
          "Lay Around",
          15
        ],
        [
          "Travel",
          5
        ],
        [
          "Have Parties",
          3
        ]
      ],
      "question": "Name Something People Think Rich Folks Do All Day Instead Of Working."
    }
  ],
  "final_round_timers": [
    20,
    25
  ]
}