{
  "rounds": [
    {
      "answers": [
        {
          "ans": "Closet",
          "pnt": 33
        },
        {
          "ans": "Under Bed",
          "pnt": 21
        },
        {
          "ans": "Attic",
          "pnt": 18
        },
        {
          "ans": "Garage",
          "pnt": 15
        },
        {
          "ans": "Kitchen Drawer",
          "pnt": 4
        },
        {
          "ans": "Basement",
          "pnt": 4
        }
      ],
      "multiply": 1,
      "question": "Even In A Tidy House, Name One Place Where There’s Usually Junk Hidden Away."
    },
    {
      "answers": [
        {
          "ans": "Stock Market",
          "pnt": 60
        },
        {
          "ans": "Money",
          "pnt": 21
        },
        {
          "ans": "Wall Street Journal",
          "pnt": 10
        },
        {
          "ans": "Suites And Ties",
          "pnt": 4
        }
      ],
      "multiply": 1,
      "question": "Name Something You Associate With Wall Street"
    },
    {
      "answers": [
        {
          "ans": "Christmas",
          "pnt": 48
        },
        {
          "ans": "Wedding",
          "pnt": 20
        },
        {
          "ans": "Birthday",
          "pnt": 11
        },
        {
          "ans": "Vacation",
          "pnt": 8
        },
        {
          "ans": "Shopping Trip",
          "pnt": 6
        },
        {
          "ans": "Night Out",
          "pnt": 4
        }
      ],
      "multiply": 1,
      "question": "Name An Occasion For Which People Often End Up Overspending"
    },
    {
      "answers": [
        {
          "ans": "Steak",
          "pnt": 48
        },
        {
          "ans": "Chicken",
          "pnt": 14
        },
        {
          "ans": "Bread",
          "pnt": 13
        },
        {
          "ans": "Hamburger",
          "pnt": 13
        },
        {
          "ans": "Cheese",
          "pnt": 8
        }
      ],
      "multiply": 2,
      "question": "Name A Food That Dogs Love Just As Much As Humans Do.(Meat Is Not An Answer, Be More Specific)"
    },
    {
      "answers": [
        {
          "ans": "Sumo Wrestling",
          "pnt": 42
        },
        {
          "ans": "Football",
          "pnt": 30
        },
        {
          "ans": "WWF Wrestling",
          "pnt": 22
        },
        {
          "ans": "Weight Lifting",
          "pnt": 4
        }
      ],
      "multiply": 2,
      "question": "name A Sport Or Athletic League Whose Large Athletes You’d Hate To Ride A See-Saw With."
    },
    {
      "answers": [
        {
          "ans": "Cleaning",
          "pnt": 21
        },
        {
          "ans": "Execising",
          "pnt": 18
        },
        {
          "ans": "Studying",
          "pnt": 18
        },
        {
          "ans": "Gardening",
          "pnt": 12
        },
        {
          "ans": "Eating",
          "pnt": 10
        },
        {
          "ans": "Dancing",
          "pnt": 8
        },
        {
          "ans": "Driving",
          "pnt": 8
        }
      ],
      "multiply": 2,
      "question": "Name Something People Like To Listen To Music While Doing"
    }
  ],
  "final_round": [
    {
      "answers": [
        [
          "Basketball",
          45
        ],
        [
          "Swimming",
          29
        ],
        [
          "Running",
          19
        ],
        [
          "Soccer",
          12
        ],
        [
          "Baseball",
          8
        ],
        [
          "Tennis",
          5
        ],
        [
          "Martial Arts",
          3
        ]
      ],
      "question": "Name A Sport That Doesn’t Require A Lot Of Equipment"
    },
    {
      "answers": [
        [
          "Decorate",
          43
        ],
        [
          "Holiday Music",
          32
        ],
        [
          "Holiday Sales",
          9
        ],
        [
          "Bring In Santa",
          8
        ]
      ],
      "question": "Name Something Malls Do To Get Shoppers In The Christmas Spirit."
    },
    {
      "answers": [
        [
          "Rollercoaster ",
          58
        ],
        [
          "A Car ",
          38
        ],
        [
          "Ferris Wheel ",
          25
        ],
        [
          "Motor Bike ",
          16
        ],
        [
          "Merry Go Round ",
          11
        ]
      ],
      "question": "Name Something People Ride For A Thrill"
    },
    {
      "answers": [
        [
          "Big Bird",
          40
        ],
        [
          "Oscar",
          26
        ],
        [
          "Cookie Monster",
          17
        ],
        [
          "Snuffy",
          11
        ]
      ],
      "question": "Which Sesame Street Character Uncomfortable In Their Costume"
    }
  ],
  "final_round_timers": [
    20,
    25
  ]
}