{
  "rounds": [
    {
      "answers": [
        {
          "ans": "Good Looking",
          "pnt": 29
        },
        {
          "ans": "Good Athlete",
          "pnt": 28
        },
        {
          "ans": "Rich",
          "pnt": 18
        },
        {
          "ans": "nicely Dressed",
          "pnt": 16
        },
        {
          "ans": "Friendly",
          "pnt": 3
        }
      ],
      "multiply": 1,
      "question": "Name A Reason Why A Particular Kid Might Be Popular In School"
    },
    {
      "answers": [
        {
          "ans": "Turkey",
          "pnt": 44
        },
        {
          "ans": "Family Dinner",
          "pnt": 24
        },
        {
          "ans": "Pilgrims",
          "pnt": 17
        },
        {
          "ans": "Native Americans",
          "pnt": 10
        },
        {
          "ans": "Cornucopia",
          "pnt": 5
        }
      ],
      "multiply": 1,
      "question": "Name An Image That’s Often Used In Ads At Thanksgiving."
    },
    {
      "answers": [
        {
          "ans": "The Sullivans ",
          "pnt": 49
        },
        {
          "ans": "Bluey ",
          "pnt": 32
        },
        {
          "ans": "Home & Away ",
          "pnt": 21
        },
        {
          "ans": "Prisoner ",
          "pnt": 14
        },
        {
          "ans": "Neighbours ",
          "pnt": 9
        },
        {
          "ans": "Sons & Daughters ",
          "pnt": 6
        }
      ],
      "multiply": 1,
      "question": "Name A Popular Australian Soap"
    },
    {
      "answers": [
        {
          "ans": "TV",
          "pnt": 44
        },
        {
          "ans": "Computer",
          "pnt": 23
        },
        {
          "ans": "Telephone",
          "pnt": 12
        },
        {
          "ans": "Car",
          "pnt": 10
        }
      ],
      "multiply": 2,
      "question": "Tell Me An Invention That Probably Led To People Having Much Less Spare Time."
    },
    {
      "answers": [
        {
          "ans": "Bar",
          "pnt": 29
        },
        {
          "ans": "Concert",
          "pnt": 26
        },
        {
          "ans": "Mall",
          "pnt": 19
        },
        {
          "ans": "Restaurant",
          "pnt": 13
        },
        {
          "ans": "Movie Theatre",
          "pnt": 11
        }
      ],
      "multiply": 2,
      "question": "Name A Place Where Thereâ€™S Often A Line For The Womenâ€™S Restroom"
    },
    {
      "answers": [
        {
          "ans": "Hair",
          "pnt": 39
        },
        {
          "ans": "Teeth",
          "pnt": 22
        },
        {
          "ans": "Nails",
          "pnt": 17
        },
        {
          "ans": "Lips",
          "pnt": 8
        },
        {
          "ans": "Eyes",
          "pnt": 6
        }
      ],
      "multiply": 2,
      "question": "Name Something On Your Body That You Want To Be Shiny."
    }
  ],
  "final_round": [
    {
      "answers": [
        [
          "Keys",
          42
        ],
        [
          "Passport",
          25
        ],
        [
          "Wallet/Money",
          18
        ],
        [
          "Jewelery",
          8
        ],
        [
          "Phone",
          5
        ]
      ],
      "question": "Name Something Important That You’re Careful Not To Misplace When You Move."
    },
    {
      "answers": [
        [
          "Skydive",
          57
        ],
        [
          "Bungee Jump",
          37
        ],
        [
          "Roller Coaster",
          24
        ],
        [
          "Rock Climbing",
          16
        ]
      ],
      "question": "What Might A Daring Thrill Seeker Suggest Do On 1st Date"
    },
    {
      "answers": [
        [
          "Car ",
          54
        ],
        [
          "Wine ",
          35
        ],
        [
          "Building ",
          23
        ]
      ],
      "question": "Name Something Vintage"
    },
    {
      "answers": [
        [
          "Pop",
          75
        ],
        [
          "Cucumbers",
          14
        ],
        [
          "Broccili",
          3
        ],
        [
          "Beans",
          2
        ],
        [
          "Beer",
          2
        ],
        [
          "Radishes",
          2
        ]
      ],
      "question": "Name Something That Makes You Burp."
    }
  ],
  "final_round_timers": [
    20,
    25
  ]
}