{
  "rounds": [
    {
      "answers": [
        {
          "ans": "Leave Store",
          "pnt": 32
        },
        {
          "ans": "Carry No Money",
          "pnt": 26
        },
        {
          "ans": "Cash Not Credit",
          "pnt": 26
        },
        {
          "ans": "Set A Budget",
          "pnt": 6
        },
        {
          "ans": "Use Coupons",
          "pnt": 6
        }
      ],
      "multiply": 1,
      "question": "What Might A Shopaholic Do At The Store To Prevent Overspending"
    },
    {
      "answers": [
        {
          "ans": "Patient Name",
          "pnt": 33
        },
        {
          "ans": "Directions",
          "pnt": 30
        },
        {
          "ans": "Date/Expiration",
          "pnt": 16
        },
        {
          "ans": "Drug/Ingredients",
          "pnt": 11
        },
        {
          "ans": "Doctor/Contact",
          "pnt": 8
        }
      ],
      "multiply": 1,
      "question": "Name A Piece Of Information That Can Be Found On A Prescription Bottle."
    },
    {
      "answers": [
        {
          "ans": "Weather",
          "pnt": 47
        },
        {
          "ans": "Distance",
          "pnt": 29
        },
        {
          "ans": "Work",
          "pnt": 17
        },
        {
          "ans": "Fighting",
          "pnt": 5
        }
      ],
      "multiply": 1,
      "question": "Name Something That Could Keep A Family Apart On Christmas"
    },
    {
      "answers": [
        {
          "ans": 6,
          "pnt": 47
        },
        {
          "ans": 7,
          "pnt": 23
        },
        {
          "ans": 8,
          "pnt": 17
        },
        {
          "ans": 5,
          "pnt": 5
        },
        {
          "ans": 10,
          "pnt": 3
        },
        {
          "ans": 9,
          "pnt": 2
        },
        {
          "ans": 2,
          "pnt": 2
        }
      ],
      "multiply": 2,
      "question": "Tell Me The Number Of People Who Can Ride Comfortably In A Van. (Numeric Only)"
    },
    {
      "answers": [
        {
          "ans": "Dating The Boss",
          "pnt": 24
        },
        {
          "ans": "On Time/ Attendance",
          "pnt": 16
        },
        {
          "ans": "Blackmail",
          "pnt": 12
        },
        {
          "ans": "Sucking Up",
          "pnt": 5
        }
      ],
      "multiply": 2,
      "question": "Name A Reason, Other Than Hard Work, That Your Boss Would Give You A Raise"
    },
    {
      "answers": [
        {
          "ans": "Angelina Jolie",
          "pnt": 45
        },
        {
          "ans": "Jennifer Aniston",
          "pnt": 23
        },
        {
          "ans": "Kim Kardashian",
          "pnt": 12
        },
        {
          "ans": "Oprah",
          "pnt": 6
        }
      ],
      "multiply": 2,
      "question": "Name A Celebrity Who You’d Like To Be BFFs With Just So You Could Get The Scoop On Her Personal Life."
    }
  ],
  "final_round": [
    {
      "answers": [
        [
          "Ball",
          43
        ],
        [
          "Washboard",
          28
        ],
        [
          "6 Pack",
          18
        ],
        [
          "Rock",
          12
        ]
      ],
      "question": "Name an object that some stomachs are compared to"
    },
    {
      "answers": [
        [
          "Angels In Outfield",
          29
        ],
        [
          "League Of Their Own",
          18
        ],
        [
          "Field Of Dreams",
          17
        ],
        [
          "The Natural",
          16
        ],
        [
          "Bull Durham",
          14
        ]
      ],
      "question": "Name A Movie About Baseball Players"
    },
    {
      "answers": [
        [
          "Got Sick",
          56
        ],
        [
          "Drink",
          26
        ],
        [
          "Smoke",
          3
        ],
        [
          "Not Wash Hands",
          3
        ]
      ],
      "question": "Name Something You Hope A Restaurant Chef Didn’t Do Before Cooking Your Meal."
    },
    {
      "answers": [
        [
          "No Cake",
          22
        ],
        [
          "No food",
          17
        ],
        [
          "No Decorations",
          7
        ],
        [
          "No favors",
          6
        ],
        [
          "No Presents",
          5
        ],
        [
          "No cards",
          3
        ]
      ],
      "question": "Name A Sign You’re At A Really Cheap Birthday party"
    }
  ],
  "final_round_timers": [
    20,
    25
  ]
}