{
  "rounds": [
    {
      "answers": [
        {
          "ans": "Cell Phone",
          "pnt": 45
        },
        {
          "ans": "Computer",
          "pnt": 29
        },
        {
          "ans": "TV",
          "pnt": 19
        },
        {
          "ans": "Mp3 Player",
          "pnt": 12
        }
      ],
      "multiply": 1,
      "question": "Which Piece Of Technology Would People Have The Hardest Time Giving Up?"
    },
    {
      "answers": [
        {
          "ans": "Adam & Eve ",
          "pnt": 47
        },
        {
          "ans": "Cain & Abel ",
          "pnt": 31
        },
        {
          "ans": "Samson & Delilah ",
          "pnt": 20
        },
        {
          "ans": "David & Golliath ",
          "pnt": 13
        },
        {
          "ans": "Mary & Joseph ",
          "pnt": 8
        }
      ],
      "multiply": 1,
      "question": "Name A Famous Biblical Duo"
    },
    {
      "answers": [
        {
          "ans": "Accident ",
          "pnt": 49
        },
        {
          "ans": "Sirens ",
          "pnt": 32
        },
        {
          "ans": "Flashing Lights ",
          "pnt": 21
        },
        {
          "ans": "Driver ",
          "pnt": 14
        },
        {
          "ans": "Hospital ",
          "pnt": 9
        }
      ],
      "multiply": 1,
      "question": "Name Something You Associate With An Ambulance"
    },
    {
      "answers": [
        {
          "ans": "Water",
          "pnt": 58
        },
        {
          "ans": "Food",
          "pnt": 17
        },
        {
          "ans": "A Cell Phone",
          "pnt": 16
        },
        {
          "ans": "A Camel",
          "pnt": 3
        },
        {
          "ans": "A Friend",
          "pnt": 3
        }
      ],
      "multiply": 2,
      "question": "If You Got Stuck In The Desert, What Would You Want To Have With You?"
    },
    {
      "answers": [
        {
          "ans": "Drink",
          "pnt": 58
        },
        {
          "ans": "Ketchup",
          "pnt": 13
        },
        {
          "ans": "Bread Basket",
          "pnt": 11
        },
        {
          "ans": "Salp/Pepper",
          "pnt": 11
        },
        {
          "ans": "Salad Bowl",
          "pnt": 3
        }
      ],
      "multiply": 2,
      "question": "Name Something At A Restaurant That Might Keep Getting Refilled"
    },
    {
      "answers": [
        {
          "ans": "Toys",
          "pnt": 54
        },
        {
          "ans": "Electronics",
          "pnt": 17
        },
        {
          "ans": "Video Games",
          "pnt": 12
        },
        {
          "ans": "Food",
          "pnt": 8
        },
        {
          "ans": "Food",
          "pnt": 8
        },
        {
          "ans": "Clothes",
          "pnt": 5
        }
      ],
      "multiply": 2,
      "question": "For Which Items Do People Wait In Long Lines To Purchase At The Holidays?"
    }
  ],
  "final_round": [
    {
      "answers": [
        [
          "Money",
          53
        ],
        [
          "People",
          34
        ],
        [
          "Food",
          23
        ],
        [
          "Data",
          15
        ],
        [
          "Pictures",
          10
        ],
        [
          "Soul",
          6
        ],
        [
          "Video Game",
          4
        ]
      ],
      "question": "Name Something That Gets Saved"
    },
    {
      "answers": [
        [
          "Price",
          48
        ],
        [
          "Mileage",
          27
        ],
        [
          "Year Made",
          15
        ],
        [
          "Serial Number",
          6
        ]
      ],
      "question": "Name A Number Associated With A Used Car That You’d Want To Know Before Buying It"
    },
    {
      "answers": [
        [
          "Cutting",
          46
        ],
        [
          "Own A Shop",
          30
        ],
        [
          "Often Male",
          13
        ],
        [
          "White Coat",
          9
        ]
      ],
      "question": "What Do A Barber And Butcher Have In Common?"
    },
    {
      "answers": [
        [
          "Skirt",
          35
        ],
        [
          "Shirt",
          31
        ],
        [
          "Pants",
          8
        ],
        [
          "Shorts",
          8
        ],
        [
          "Jacket",
          6
        ],
        [
          "Pajamas",
          6
        ]
      ],
      "question": "Name Something You Wear That Might Be Plaid"
    }
  ],
  "final_round_timers": [
    20,
    25
  ]
}