{
  "rounds": [
    {
      "answers": [
        {
          "ans": "Soap",
          "pnt": 48
        },
        {
          "ans": "Towels",
          "pnt": 31
        },
        {
          "ans": "Ashtray",
          "pnt": 20
        },
        {
          "ans": "Shampoo",
          "pnt": 13
        },
        {
          "ans": "Robe",
          "pnt": 9
        },
        {
          "ans": "Pen",
          "pnt": 6
        },
        {
          "ans": "Pillow",
          "pnt": 3
        }
      ],
      "multiply": 1,
      "question": "Name Something You Take Back Home From Your Hotel Room"
    },
    {
      "answers": [
        {
          "ans": "Warning",
          "pnt": 57
        },
        {
          "ans": "Nice",
          "pnt": 37
        },
        {
          "ans": "Flirts",
          "pnt": 24
        },
        {
          "ans": "Driver Cute",
          "pnt": 16
        },
        {
          "ans": "Driver Cries",
          "pnt": 10
        },
        {
          "ans": "Friend",
          "pnt": 7
        },
        {
          "ans": "Light Out",
          "pnt": 4
        }
      ],
      "multiply": 1,
      "question": "Why Might A Cop Who Pulls Someone Over Not Give A Ticket"
    },
    {
      "answers": [
        {
          "ans": "Attacked By A Dog",
          "pnt": 52
        },
        {
          "ans": "Bad Weather",
          "pnt": 39
        },
        {
          "ans": "Traffic",
          "pnt": 5
        },
        {
          "ans": "Too Much Mail",
          "pnt": 4
        }
      ],
      "multiply": 1,
      "question": "Name A Reason A Mailman Might Have A Bad Day On His Route"
    },
    {
      "answers": [
        {
          "ans": "Wedding",
          "pnt": 41
        },
        {
          "ans": "Worship Service",
          "pnt": 26
        },
        {
          "ans": "Party",
          "pnt": 15
        },
        {
          "ans": "Work/Interview",
          "pnt": 6
        },
        {
          "ans": "Going For Dinner",
          "pnt": 5
        }
      ],
      "multiply": 2,
      "question": "Name A Time When A Wife Often Chooses Her Husband’s Clothes For Him."
    },
    {
      "answers": [
        {
          "ans": "Chips",
          "pnt": 42
        },
        {
          "ans": "Popcorn",
          "pnt": 27
        },
        {
          "ans": "Peanuts",
          "pnt": 18
        },
        {
          "ans": "Crackers",
          "pnt": 12
        },
        {
          "ans": "Pretzels",
          "pnt": 7
        },
        {
          "ans": "Fruit",
          "pnt": 5
        },
        {
          "ans": "Cookies",
          "pnt": 3
        }
      ],
      "multiply": 2,
      "question": "Name Something People Consider A Snack Food"
    },
    {
      "answers": [
        {
          "ans": "Read",
          "pnt": 22
        },
        {
          "ans": "Sing",
          "pnt": 21
        },
        {
          "ans": "Coloring Books",
          "pnt": 17
        },
        {
          "ans": "Sleep",
          "pnt": 11
        },
        {
          "ans": "Watch TV",
          "pnt": 9
        },
        {
          "ans": "Eat",
          "pnt": 6
        },
        {
          "ans": "Play Games",
          "pnt": 5
        }
      ],
      "multiply": 2,
      "question": "Name An Activity Kids Do In The Car That They Can Also Do At Home."
    }
  ],
  "final_round": [
    {
      "answers": [
        [
          "Restaurant",
          42
        ],
        [
          "Bar",
          31
        ],
        [
          "Movie Theater",
          11
        ],
        [
          "Basement",
          5
        ],
        [
          "Alley",
          4
        ]
      ],
      "question": "Name A Place That Might Be Dimly Lit."
    },
    {
      "answers": [
        [
          "Mother / Father ",
          59
        ],
        [
          "Best Friend ",
          38
        ],
        [
          "Husband / Wife ",
          25
        ],
        [
          "No One ",
          16
        ],
        [
          "Teacher ",
          11
        ]
      ],
      "question": "Name Someone Whose Advice You Usually Accept"
    },
    {
      "answers": [
        [
          "News",
          53
        ],
        [
          "Email/Spam",
          18
        ],
        [
          "Gossip",
          11
        ],
        [
          "Bills/Accounts",
          8
        ],
        [
          "Blog/Comments",
          4
        ]
      ],
      "question": "Name The Last Thing You Read On The Internet That You Wish You Hadn’t."
    },
    {
      "answers": [
        [
          "Store Clerks",
          24
        ],
        [
          "Waitress",
          22
        ],
        [
          "Doctor",
          16
        ],
        [
          "Police Officer",
          16
        ],
        [
          "Nurse",
          11
        ],
        [
          "Teacher",
          3
        ]
      ],
      "question": "Name A Type Of Person That Wears A Name Tag"
    }
  ],
  "final_round_timers": [
    20,
    25
  ]
}