{
  "rounds": [
    {
      "answers": [
        {
          "ans": "Seat",
          "pnt": 61
        },
        {
          "ans": "Mirrors",
          "pnt": 29
        },
        {
          "ans": "Seat Belt",
          "pnt": 6
        },
        {
          "ans": "Steering Wheel",
          "pnt": 4
        }
      ],
      "multiply": 1,
      "question": "Name Something You Might Adjust When You Get Into A Rental Car."
    },
    {
      "answers": [
        {
          "ans": "Watch ",
          "pnt": 40
        },
        {
          "ans": "A Bracelet ",
          "pnt": 26
        },
        {
          "ans": "Handcuffs ",
          "pnt": 17
        }
      ],
      "multiply": 1,
      "question": "Name Something You Can Wear Around Your Wrists"
    },
    {
      "answers": [
        {
          "ans": "Costume Character",
          "pnt": 35
        },
        {
          "ans": "Ride Operator",
          "pnt": 26
        },
        {
          "ans": "Stage Performer",
          "pnt": 14
        },
        {
          "ans": "Ticket Seller/Taker",
          "pnt": 10
        },
        {
          "ans": "Food Vendor",
          "pnt": 8
        }
      ],
      "multiply": 1,
      "question": "Name A Job You Might Have If You Worked At Disneyworld."
    },
    {
      "answers": [
        {
          "ans": "Send Back/New Dish",
          "pnt": 40
        },
        {
          "ans": "Complain",
          "pnt": 24
        },
        {
          "ans": "Just Eat It",
          "pnt": 16
        },
        {
          "ans": "Refuse To Pay/Refund",
          "pnt": 8
        }
      ],
      "multiply": 2,
      "question": "At A Restaurant, What Do You Do If Your Meal Doesn’t Taste Very Good."
    },
    {
      "answers": [
        {
          "ans": "Head",
          "pnt": 28
        },
        {
          "ans": "Car",
          "pnt": 17
        },
        {
          "ans": "Outdoor Furniture",
          "pnt": 7
        },
        {
          "ans": "Pool",
          "pnt": 3
        }
      ],
      "multiply": 2,
      "question": "Name Something People Cover When It Rains"
    },
    {
      "answers": [
        {
          "ans": "Wedding Planner",
          "pnt": 19
        },
        {
          "ans": "Match Maker",
          "pnt": 18
        },
        {
          "ans": "Actor",
          "pnt": 16
        },
        {
          "ans": "Dancer",
          "pnt": 16
        },
        {
          "ans": "Writer",
          "pnt": 15
        }
      ],
      "multiply": 2,
      "question": "What occupation Might Someone Have That Makes You Think They’d Have A Flair For Romance"
    }
  ],
  "final_round": [
    {
      "answers": [
        [
          "Radio",
          26
        ],
        [
          "Phone",
          20
        ],
        [
          "DVD Player",
          10
        ],
        [
          "CD Player",
          10
        ],
        [
          "Windows",
          9
        ],
        [
          "Air Conditioner",
          9
        ],
        [
          "Doors",
          8
        ]
      ],
      "question": "Name Something You have In Your House That You Also Have In Your Car"
    },
    {
      "answers": [
        [
          "Passport ",
          50
        ],
        [
          "Money ",
          33
        ],
        [
          "Visa ",
          21
        ],
        [
          "Ticket ",
          14
        ],
        [
          "Suitcase ",
          9
        ]
      ],
      "question": "Name Something You Need Before You Go Overseas"
    },
    {
      "answers": [
        [
          "Basketball",
          59
        ],
        [
          "Hoop",
          25
        ],
        [
          "Court",
          5
        ],
        [
          "Players",
          4
        ]
      ],
      "question": "Name Something You’d Need In Order To Play A Game Of Basketball"
    },
    {
      "answers": [
        [
          "Restaurant",
          59
        ],
        [
          "Bakery",
          38
        ],
        [
          "Candy Shop",
          25
        ],
        [
          "Scale",
          16
        ],
        [
          "Ice Cream Shop",
          11
        ]
      ],
      "question": "Place You Don’t Like To Set Foot If On A Diet"
    }
  ],
  "final_round_timers": [
    20,
    25
  ]
}