{
  "rounds": [
    {
      "answers": [
        {
          "ans": "Chicken ",
          "pnt": 42
        },
        {
          "ans": "Eggs ",
          "pnt": 27
        },
        {
          "ans": "Fish ",
          "pnt": 18
        },
        {
          "ans": "Rice ",
          "pnt": 12
        },
        {
          "ans": "Chips ",
          "pnt": 7
        }
      ],
      "multiply": 1,
      "question": "Name A Word That Follows Fried"
    },
    {
      "answers": [
        {
          "ans": "Smoking",
          "pnt": 42
        },
        {
          "ans": "Weapons",
          "pnt": 27
        },
        {
          "ans": "Cells Phones",
          "pnt": 18
        },
        {
          "ans": "Pets",
          "pnt": 12
        }
      ],
      "multiply": 1,
      "question": "Something You Are Glad Is Prohibited On Most Airlines"
    },
    {
      "answers": [
        {
          "ans": "Get Driver’s License",
          "pnt": 52
        },
        {
          "ans": "Marry",
          "pnt": 27
        },
        {
          "ans": "Get A Tattoo",
          "pnt": 13
        },
        {
          "ans": "Get A Piercing",
          "pnt": 4
        }
      ],
      "multiply": 1,
      "question": "Name Something A Teen Might Need Their Parent’s Permission To Do Before They’re 18."
    },
    {
      "answers": [
        {
          "ans": "Call Police",
          "pnt": 62
        },
        {
          "ans": "Get An Alarm",
          "pnt": 16
        },
        {
          "ans": "Move",
          "pnt": 11
        },
        {
          "ans": "Cry",
          "pnt": 6
        },
        {
          "ans": "Yell",
          "pnt": 5
        }
      ],
      "multiply": 2,
      "question": "Name Something You Might Do After Your House Has Been Robbed."
    },
    {
      "answers": [
        {
          "ans": "Little Richard",
          "pnt": 30
        },
        {
          "ans": "Little John",
          "pnt": 25
        },
        {
          "ans": "Little Red Riding Hood",
          "pnt": 24
        },
        {
          "ans": "Little Bo Peep",
          "pnt": 19
        }
      ],
      "multiply": 2,
      "question": "Name Someone, Real Or Fictional, Whose Name Starts With Little"
    },
    {
      "answers": [
        {
          "ans": "White Dress",
          "pnt": 28
        },
        {
          "ans": "All black",
          "pnt": 24
        },
        {
          "ans": "Shorts",
          "pnt": 15
        },
        {
          "ans": "Jeans",
          "pnt": 12
        },
        {
          "ans": "Cap",
          "pnt": 5
        },
        {
          "ans": "T Shirt",
          "pnt": 3
        }
      ],
      "multiply": 2,
      "question": "Name Something You Should Never Wear As The Guest At Someone’s Wedding"
    }
  ],
  "final_round": [
    {
      "answers": [
        [
          "TV",
          44
        ],
        [
          "Computer",
          26
        ],
        [
          "Video Games",
          12
        ],
        [
          "Phone",
          10
        ]
      ],
      "question": "Name Something A Parent Might Limit Their Child’s Time Using"
    },
    {
      "answers": [
        [
          "Clerks ",
          58
        ],
        [
          "Money ",
          38
        ],
        [
          "Vault ",
          25
        ],
        [
          "Guard ",
          16
        ],
        [
          "Safe ",
          11
        ]
      ],
      "question": "Name Something You Might See Inside A Bank"
    },
    {
      "answers": [
        [
          "Map",
          58
        ],
        [
          "Gps",
          38
        ],
        [
          "Gas Station",
          25
        ],
        [
          "Police",
          16
        ],
        [
          "Compass",
          11
        ]
      ],
      "question": "What Can You Consult When Lost"
    },
    {
      "answers": [
        [
          "Read",
          30
        ],
        [
          "Have A Conversation",
          27
        ],
        [
          "Watch TV",
          18
        ],
        [
          "Study",
          11
        ],
        [
          "Fall Asleep",
          7
        ],
        [
          "Concentrate",
          3
        ]
      ],
      "question": "Name Something That it’s Hard To Do While Listening To Music"
    }
  ],
  "final_round_timers": [
    20,
    25
  ]
}