{
  "rounds": [
    {
      "answers": [
        {
          "ans": "Tire",
          "pnt": 40
        },
        {
          "ans": "Hair",
          "pnt": 33
        },
        {
          "ans": "Soda",
          "pnt": 20
        },
        {
          "ans": "Beer",
          "pnt": 5
        }
      ],
      "multiply": 1,
      "question": "Name Something You Try To Prevent From Getting Flat"
    },
    {
      "answers": [
        {
          "ans": "Cheese",
          "pnt": 66
        },
        {
          "ans": "Pepperoni",
          "pnt": 17
        },
        {
          "ans": "Anchovies",
          "pnt": 4
        },
        {
          "ans": "Mushrooms",
          "pnt": 3
        },
        {
          "ans": "Hamburger",
          "pnt": 2
        },
        {
          "ans": "Onion",
          "pnt": 2
        },
        {
          "ans": "Bell Peppers",
          "pnt": 2
        }
      ],
      "multiply": 1,
      "question": "When ordering pizza,name something extra you might ask for."
    },
    {
      "answers": [
        {
          "ans": "Rudolph",
          "pnt": 25
        },
        {
          "ans": "Christmas Story",
          "pnt": 15
        },
        {
          "ans": "Frosty",
          "pnt": 12
        },
        {
          "ans": "Grinch",
          "pnt": 11
        },
        {
          "ans": "A Wonderful Life",
          "pnt": 10
        },
        {
          "ans": "Home Alone",
          "pnt": 3
        }
      ],
      "multiply": 1,
      "question": "Name A Christmas Show That Is On TV Every Year."
    },
    {
      "answers": [
        {
          "ans": "Cleaning",
          "pnt": 52
        },
        {
          "ans": "Exercise",
          "pnt": 15
        },
        {
          "ans": "Shower",
          "pnt": 13
        },
        {
          "ans": "Laundry",
          "pnt": 10
        },
        {
          "ans": "Pay Bills",
          "pnt": 4
        }
      ],
      "multiply": 2,
      "question": "Name Something You Avoid Doing Though You Feel Better After It’s Done."
    },
    {
      "answers": [
        {
          "ans": "Broccoli",
          "pnt": 46
        },
        {
          "ans": "Peas",
          "pnt": 30
        },
        {
          "ans": "Tomato",
          "pnt": 20
        },
        {
          "ans": "Corn",
          "pnt": 13
        }
      ],
      "multiply": 2,
      "question": "Name A Vegetable You Usually Don’t Find In Chicken Soup"
    },
    {
      "answers": [
        {
          "ans": "Mall",
          "pnt": 41
        },
        {
          "ans": "School",
          "pnt": 28
        },
        {
          "ans": "Movie Theatre",
          "pnt": 11
        },
        {
          "ans": "Party",
          "pnt": 7
        }
      ],
      "multiply": 2,
      "question": "Name A Place Where A Teenager Wouldn’t Want To Be Seen With Their Parent."
    }
  ],
  "final_round": [
    {
      "answers": [
        [
          "Weather Conditions",
          24
        ],
        [
          "Heavy Traffic",
          20
        ],
        [
          "New Driver",
          19
        ],
        [
          "Spot A Police Car",
          17
        ],
        [
          "Tailgating",
          11
        ],
        [
          "Lost",
          8
        ]
      ],
      "question": "ame A Reason Why You Might Be Nervous While Driving."
    },
    {
      "answers": [
        [
          "Wash Hands",
          44
        ],
        [
          "Dress Warm",
          29
        ],
        [
          "Eat Vegies/Fruit",
          19
        ],
        [
          "Get Vaccine",
          12
        ],
        [
          "Take Vitamins",
          8
        ]
      ],
      "question": "Name Something Parents Tell Their Kids To Do So They Don’t Get Sick During Flu Season"
    },
    {
      "answers": [
        [
          6,
          45
        ],
        [
          4,
          19
        ],
        [
          8,
          13
        ],
        [
          5,
          7
        ],
        [
          10,
          6
        ],
        [
          7,
          4
        ],
        [
          3,
          4
        ]
      ],
      "question": "Name How Many People Can Ride Comfortably In The Back Of A Limo. (Numeric Only)"
    },
    {
      "answers": [
        [
          "Golf",
          44
        ],
        [
          "Tennis",
          19
        ],
        [
          "Piano",
          10
        ],
        [
          "Football",
          8
        ],
        [
          "Playing Guitar",
          6
        ],
        [
          "Dancing",
          6
        ],
        [
          "Singing",
          4
        ]
      ],
      "question": "Name A Hobby Or Activity In Which You’d Love To Get Lessons From A Pro."
    }
  ],
  "final_round_timers": [
    20,
    25
  ]
}