{
  "rounds": [
    {
      "answers": [
        {
          "ans": "Ticket",
          "pnt": 31
        },
        {
          "ans": "Bugs",
          "pnt": 24
        },
        {
          "ans": "Bird Droppings",
          "pnt": 21
        },
        {
          "ans": "Snow",
          "pnt": 8
        },
        {
          "ans": "A Crack",
          "pnt": 7
        },
        {
          "ans": "Fliers",
          "pnt": 6
        }
      ],
      "multiply": 1,
      "question": "Name Something People Hate To Find On Their Windshield."
    },
    {
      "answers": [
        {
          "ans": "Boats ",
          "pnt": 50
        },
        {
          "ans": "People ",
          "pnt": 33
        },
        {
          "ans": "Models ",
          "pnt": 21
        }
      ],
      "multiply": 1,
      "question": "Name Something You Might See At A Boat Show"
    },
    {
      "answers": [
        {
          "ans": "No Diving",
          "pnt": 33
        },
        {
          "ans": "No Running",
          "pnt": 29
        },
        {
          "ans": "Lifejacket/Floaties",
          "pnt": 14
        },
        {
          "ans": "Hor After Eating",
          "pnt": 8
        },
        {
          "ans": "No Deep Water",
          "pnt": 8
        },
        {
          "ans": "Stay Supervised",
          "pnt": 7
        }
      ],
      "multiply": 1,
      "question": "Name A Rule A Parent Might Have For When Their Child Goes Swimming"
    },
    {
      "answers": [
        {
          "ans": "Ice Cream Truck",
          "pnt": 59
        },
        {
          "ans": "Music",
          "pnt": 19
        },
        {
          "ans": "Cones",
          "pnt": 9
        },
        {
          "ans": "Freezer",
          "pnt": 8
        },
        {
          "ans": "Friendly Personality",
          "pnt": 5
        }
      ],
      "multiply": 2,
      "question": "Besides Ice Cream And Popsicles, Name Something You Need To Be A Neighborhood Ice Cream Man"
    },
    {
      "answers": [
        {
          "ans": "Cream ",
          "pnt": 46
        },
        {
          "ans": "Gloves ",
          "pnt": 30
        },
        {
          "ans": "Ring ",
          "pnt": 20
        }
      ],
      "multiply": 2,
      "question": "Name Something That Can Be Put On Your Hands"
    },
    {
      "answers": [
        {
          "ans": 25,
          "pnt": 33
        },
        {
          "ans": 20,
          "pnt": 17
        },
        {
          "ans": 21,
          "pnt": 15
        },
        {
          "ans": 30,
          "pnt": 11
        },
        {
          "ans": 18,
          "pnt": 7
        },
        {
          "ans": 22,
          "pnt": 5
        },
        {
          "ans": 24,
          "pnt": 4
        }
      ],
      "multiply": 2,
      "question": " At What Age Does It Become Embarrassing To Still Live With Your Parents (Numeric Only)?"
    }
  ],
  "final_round": [
    {
      "answers": [
        [
          "Buy Crib",
          55
        ],
        [
          "Buy Clothes",
          36
        ],
        [
          "Buy Diapers",
          23
        ],
        [
          "Baby Shower",
          15
        ],
        [
          "Parenting Classes",
          10
        ]
      ],
      "question": "Name Something First Time Parent Has To Do Before Baby Is Born"
    },
    {
      "answers": [
        [
          "Bad Kids",
          29
        ],
        [
          "Too Many Kids",
          13
        ],
        [
          "Low Pay",
          13
        ],
        [
          "Smells Bad",
          10
        ],
        [
          "No One Laughs",
          10
        ],
        [
          "Costumes Are Hot",
          10
        ],
        [
          "Gets Tired",
          7
        ]
      ],
      "question": "Name A Complaint A Circus Clown Might Have About His Job."
    },
    {
      "answers": [
        [
          "Teeth",
          59
        ],
        [
          "Clothes",
          29
        ],
        [
          "Carpet",
          9
        ],
        [
          "Drapes",
          2
        ]
      ],
      "question": "Name Something People Go To A Professional To Have Cleaned."
    },
    {
      "answers": [
        [
          "Band",
          26
        ],
        [
          "Stage",
          19
        ],
        [
          "Amplifiers",
          15
        ],
        [
          "Speakers",
          14
        ],
        [
          "Guitar",
          10
        ],
        [
          "Fans",
          7
        ],
        [
          "Ear Plugs",
          5
        ]
      ],
      "question": "Name Something You Would Need If You Were Putting On A Rock Concert."
    }
  ],
  "final_round_timers": [
    20,
    25
  ]
}