{
  "rounds": [
    {
      "answers": [
        {
          "ans": "Bathroom",
          "pnt": 43
        },
        {
          "ans": "Hello",
          "pnt": 19
        },
        {
          "ans": "Food",
          "pnt": 9
        },
        {
          "ans": "Thank You",
          "pnt": 8
        },
        {
          "ans": "Help",
          "pnt": 7
        },
        {
          "ans": "Please",
          "pnt": 6
        },
        {
          "ans": "Money",
          "pnt": 5
        }
      ],
      "multiply": 1,
      "question": "When Traveling In A Foreign Country, Name Something You’d Hate To Forget The Word For."
    },
    {
      "answers": [
        {
          "ans": "Doctor",
          "pnt": 40
        },
        {
          "ans": "Mickey Mouse",
          "pnt": 16
        },
        {
          "ans": "Nurse",
          "pnt": 14
        },
        {
          "ans": "Dentist",
          "pnt": 9
        },
        {
          "ans": "Band Instructor",
          "pnt": 7
        },
        {
          "ans": "Police Officer",
          "pnt": 6
        }
      ],
      "multiply": 1,
      "question": "Name Someone Who Wears White Gloves."
    },
    {
      "answers": [
        {
          "ans": "Circus",
          "pnt": 51
        },
        {
          "ans": "Party",
          "pnt": 17
        },
        {
          "ans": "Wedding",
          "pnt": 14
        },
        {
          "ans": "Church",
          "pnt": 11
        },
        {
          "ans": "Camping",
          "pnt": 7
        }
      ],
      "multiply": 1,
      "question": "Name Something That Might Take Place In A Large Tent."
    },
    {
      "answers": [
        {
          "ans": "Registration",
          "pnt": 35
        },
        {
          "ans": "Map",
          "pnt": 23
        },
        {
          "ans": "Insurance Card",
          "pnt": 13
        },
        {
          "ans": "Flashlight",
          "pnt": 12
        },
        {
          "ans": "Gloves",
          "pnt": 8
        },
        {
          "ans": "Tissues",
          "pnt": 4
        },
        {
          "ans": "Car Manual",
          "pnt": 3
        }
      ],
      "multiply": 2,
      "question": "Name Something You Keep In Your Car’s Glove Compartment."
    },
    {
      "answers": [
        {
          "ans": "Low Pay",
          "pnt": 37
        },
        {
          "ans": "Hours Are Bad",
          "pnt": 27
        },
        {
          "ans": "Mean Boss",
          "pnt": 11
        },
        {
          "ans": "Location",
          "pnt": 10
        },
        {
          "ans": "No Benefits",
          "pnt": 5
        },
        {
          "ans": "Dangerous",
          "pnt": 4
        },
        {
          "ans": "Travel A Lot",
          "pnt": 3
        }
      ],
      "multiply": 2,
      "question": "What Might You Find Out About A Job That Would Keep You From Accepting It?"
    },
    {
      "answers": [
        {
          "ans": "Gun",
          "pnt": 46
        },
        {
          "ans": "Parasol",
          "pnt": 17
        },
        {
          "ans": "Pitchfork",
          "pnt": 12
        },
        {
          "ans": "Cane",
          "pnt": 8
        },
        {
          "ans": "Fan",
          "pnt": 7
        },
        {
          "ans": "Hat",
          "pnt": 4
        }
      ],
      "multiply": 2,
      "question": "Name a prop you may hold in an “Olde Time” photograph at the fair."
    }
  ],
  "final_round": [
    {
      "answers": [
        [
          "Fibbing",
          53
        ],
        [
          "White Lie",
          29
        ],
        [
          "Telling A Story",
          5
        ],
        [
          "Kidding",
          4
        ],
        [
          "Tall Tale",
          3
        ],
        [
          "Stretching The Truth",
          3
        ]
      ],
      "question": "Name Another Word For Lying That Makes It Sound More Innocent"
    },
    {
      "answers": [
        [
          "Computer",
          50
        ],
        [
          "Phone",
          27
        ],
        [
          "Ax",
          6
        ],
        [
          "Calculator",
          3
        ],
        [
          "Tools",
          3
        ]
      ],
      "question": "Tell Me Something You Use At Work Everyday, But Would Hate To Have To Use On Vacation"
    },
    {
      "answers": [
        [
          "Mall",
          49
        ],
        [
          "Movie",
          32
        ],
        [
          "Skating Rink",
          21
        ],
        [
          "Bowling Alley",
          14
        ],
        [
          "Friends House",
          9
        ]
      ],
      "question": "Before 21, A Place A Young Person Could Hang On Friday Night"
    },
    {
      "answers": [
        [
          20,
          43
        ],
        [
          18,
          20
        ],
        [
          25,
          14
        ],
        [
          30,
          9
        ]
      ],
      "question": "Tell Me The Age Of A Woman That Is Too Young To Be Dating A 50 Year Old Man"
    }
  ],
  "final_round_timers": [
    20,
    25
  ]
}