{
  "rounds": [
    {
      "answers": [
        {
          "ans": "Cheese",
          "pnt": 56
        },
        {
          "ans": "Alps",
          "pnt": 17
        },
        {
          "ans": "Chocolate",
          "pnt": 10
        },
        {
          "ans": "Watches",
          "pnt": 6
        },
        {
          "ans": "Bank Accounts",
          "pnt": 5
        }
      ],
      "multiply": 1,
      "question": "Name Something People Associate With The Swiss"
    },
    {
      "answers": [
        {
          "ans": "Chimp ",
          "pnt": 51
        },
        {
          "ans": "Ape ",
          "pnt": 33
        },
        {
          "ans": "Gorilla ",
          "pnt": 22
        },
        {
          "ans": "Baboon ",
          "pnt": 14
        },
        {
          "ans": "Orangutan ",
          "pnt": 9
        }
      ],
      "multiply": 1,
      "question": "Name A Type Of Ape"
    },
    {
      "answers": [
        {
          "ans": "Church",
          "pnt": 40
        },
        {
          "ans": "Movie Theater",
          "pnt": 26
        },
        {
          "ans": "Restaurant",
          "pnt": 17
        }
      ],
      "multiply": 1,
      "question": "Name A Place Where People 50 Years Ago Dressed To Go, But People Today Dress Casually For"
    },
    {
      "answers": [
        {
          "ans": "Nurse",
          "pnt": 46
        },
        {
          "ans": "Doctor",
          "pnt": 24
        },
        {
          "ans": "Teacher",
          "pnt": 14
        },
        {
          "ans": "Childcare Provider",
          "pnt": 13
        }
      ],
      "multiply": 2,
      "question": "Name An Occupation That People Consider Caring."
    },
    {
      "answers": [
        {
          "ans": "Purse",
          "pnt": 51
        },
        {
          "ans": "Clothes",
          "pnt": 25
        },
        {
          "ans": "Hat",
          "pnt": 9
        },
        {
          "ans": "Keys",
          "pnt": 6
        },
        {
          "ans": "Hangers",
          "pnt": 5
        },
        {
          "ans": "Shopping Bags",
          "pnt": 3
        }
      ],
      "multiply": 2,
      "question": "Name Something You Might Accidentally Leave In A Department Store Fitting Room."
    },
    {
      "answers": [
        {
          "ans": "Top/Bottoms",
          "pnt": 33
        },
        {
          "ans": "Jewelry",
          "pnt": 26
        },
        {
          "ans": "Shoes",
          "pnt": 15
        },
        {
          "ans": "Money",
          "pnt": 7
        },
        {
          "ans": "Cell Phone",
          "pnt": 7
        },
        {
          "ans": "Keys",
          "pnt": 4
        },
        {
          "ans": "Balance",
          "pnt": 3
        }
      ],
      "multiply": 2,
      "question": "Name Something You Wouldn’t Want To Lose On The Dance Floor."
    }
  ],
  "final_round": [
    {
      "answers": [
        [
          "Steal",
          49
        ],
        [
          "Cry/Scream",
          27
        ],
        [
          "Run Off",
          14
        ],
        [
          "Hide",
          8
        ]
      ],
      "question": "Name Something Naughty That Children Do While At The Store"
    },
    {
      "answers": [
        [
          "Smell",
          54
        ],
        [
          "Squeeze",
          35
        ],
        [
          "Taste Test",
          23
        ],
        [
          "Weigh Them",
          15
        ]
      ],
      "question": "Name Something You Do To The Products At The Grocery Store, But Not At A Clothing Store"
    },
    {
      "answers": [
        [
          "He’d Be Dead",
          70
        ],
        [
          "Gotten Old",
          15
        ],
        [
          "Gotten Injured",
          6
        ],
        [
          "Out Of Work",
          5
        ]
      ],
      "question": "If James Bond Were A Real Man, Name Something That Probably Would Have Happened To Him By Now."
    },
    {
      "answers": [
        [
          "Chaps",
          42
        ],
        [
          "Boots",
          27
        ],
        [
          "Gloves",
          13
        ],
        [
          "Belt",
          8
        ],
        [
          "Vest",
          5
        ],
        [
          "Jacket",
          3
        ]
      ],
      "question": "Name Something A Cowboy Wears That’s Made Of Leather."
    }
  ],
  "final_round_timers": [
    20,
    25
  ]
}