{
  "rounds": [
    {
      "answers": [
        {
          "ans": "Macy",
          "pnt": 52
        },
        {
          "ans": "Saks",
          "pnt": 34
        },
        {
          "ans": "Bloomingdales",
          "pnt": 22
        },
        {
          "ans": "Barneys",
          "pnt": 14
        }
      ],
      "multiply": 1,
      "question": "Name Famous Department Store In New York City"
    },
    {
      "answers": [
        {
          "ans": "Laundry",
          "pnt": 31
        },
        {
          "ans": "Clean",
          "pnt": 22
        },
        {
          "ans": "Eat",
          "pnt": 14
        },
        {
          "ans": "Go To Work",
          "pnt": 10
        },
        {
          "ans": "Go To Sleep",
          "pnt": 8
        },
        {
          "ans": "Use The Bathroom",
          "pnt": 7
        },
        {
          "ans": "Shop",
          "pnt": 5
        }
      ],
      "multiply": 1,
      "question": "Name Something You Do Each Day, But You Never See Soap Opera Characters Doing."
    },
    {
      "answers": [
        {
          "ans": "Cell Phone",
          "pnt": 38
        },
        {
          "ans": "Radio",
          "pnt": 22
        },
        {
          "ans": "Rooster",
          "pnt": 21
        },
        {
          "ans": "Sun",
          "pnt": 11
        },
        {
          "ans": "Cat/Dog",
          "pnt": 6
        }
      ],
      "multiply": 1,
      "question": "Other Than An Alarm, What Do People Use To Wake Them Up?"
    },
    {
      "answers": [
        {
          "ans": "Arm",
          "pnt": 47
        },
        {
          "ans": "Leg",
          "pnt": 28
        },
        {
          "ans": "Finger",
          "pnt": 17
        },
        {
          "ans": "Foot",
          "pnt": 4
        }
      ],
      "multiply": 2,
      "question": "Name A Body Part That Often Gets Broken"
    },
    {
      "answers": [
        {
          "ans": "Airplanes",
          "pnt": 41
        },
        {
          "ans": "Snowflakes",
          "pnt": 23
        },
        {
          "ans": "Footballs",
          "pnt": 10
        },
        {
          "ans": "Cards/Valentines",
          "pnt": 9
        },
        {
          "ans": "Paper Dolls",
          "pnt": 8
        },
        {
          "ans": "Crane/Bird",
          "pnt": 4
        }
      ],
      "multiply": 2,
      "question": "Name Something That Kids Make Out Of Paper"
    },
    {
      "answers": [
        {
          "ans": "Eye",
          "pnt": 58
        },
        {
          "ans": "Leg",
          "pnt": 28
        },
        {
          "ans": "Hand/Warm",
          "pnt": 7
        },
        {
          "ans": "Teeth",
          "pnt": 4
        }
      ],
      "multiply": 2,
      "question": "Which Body Part Might A Pirate Need To Have A Doctor Inspect?"
    }
  ],
  "final_round": [
    {
      "answers": [
        [
          "Vitamins",
          45
        ],
        [
          "Flavor",
          29
        ],
        [
          "Firmness",
          15
        ],
        [
          "Color",
          6
        ]
      ],
      "question": "If You Boil You Veggies Too Long, Name Something They Lose."
    },
    {
      "answers": [
        [
          "A Merrygoround ",
          44
        ],
        [
          "A Wheel ",
          29
        ],
        [
          "A Clock ",
          19
        ],
        [
          "Ferris Wheel ",
          12
        ],
        [
          "Moon ",
          8
        ]
      ],
      "question": "Name Something That Goes Around & Around"
    },
    {
      "answers": [
        [
          "Needles ",
          48
        ],
        [
          "Stethoscope ",
          31
        ],
        [
          "Thermometer ",
          20
        ],
        [
          "Scalpel ",
          13
        ],
        [
          "Rubber Gloves ",
          9
        ]
      ],
      "question": "Name Something A Doctor Might Use"
    },
    {
      "answers": [
        [
          "Models ",
          56
        ],
        [
          "Clothes ",
          36
        ],
        [
          "Woman ",
          24
        ]
      ],
      "question": "Name Something You Might See At A Fashion Parade"
    }
  ],
  "final_round_timers": [
    20,
    25
  ]
}