{
  "rounds": [
    {
      "answers": [
        {
          "ans": "Steep Drop",
          "pnt": 46
        },
        {
          "ans": "Loop",
          "pnt": 18
        },
        {
          "ans": "Incline",
          "pnt": 17
        },
        {
          "ans": "Water",
          "pnt": 15
        }
      ],
      "multiply": 1,
      "question": "Name Something You Hate To See Ahead Of You While Riding A Roller Coaster?"
    },
    {
      "answers": [
        {
          "ans": "Clothes",
          "pnt": 36
        },
        {
          "ans": "Food",
          "pnt": 25
        },
        {
          "ans": "Money",
          "pnt": 15
        },
        {
          "ans": "Bedding",
          "pnt": 7
        },
        {
          "ans": "Toys",
          "pnt": 6
        },
        {
          "ans": "backpack",
          "pnt": 5
        },
        {
          "ans": "Bike",
          "pnt": 3
        }
      ],
      "multiply": 1,
      "question": "What Might A Kid Take Along If He’s Planning To Run Away Fro Home?"
    },
    {
      "answers": [
        {
          "ans": "Mud / Dirt ",
          "pnt": 50
        },
        {
          "ans": "Chocolate ",
          "pnt": 33
        },
        {
          "ans": "Food ",
          "pnt": 21
        },
        {
          "ans": "Ice Cream ",
          "pnt": 14
        }
      ],
      "multiply": 1,
      "question": "Name Something Kids Might Get All Over Their Hands"
    },
    {
      "answers": [
        {
          "ans": "Stay Awake",
          "pnt": 45
        },
        {
          "ans": "Like The Taste",
          "pnt": 24
        },
        {
          "ans": "Energy",
          "pnt": 12
        },
        {
          "ans": "Addicted",
          "pnt": 9
        }
      ],
      "multiply": 2,
      "question": "What Reason Would Most People Give For Why They Drink Coffee?"
    },
    {
      "answers": [
        {
          "ans": "Night Before Christmas",
          "pnt": 64
        },
        {
          "ans": "Rudolph The Red Nose",
          "pnt": 9
        },
        {
          "ans": "Grinch Stole Xmas",
          "pnt": 7
        },
        {
          "ans": "A Christmas Carol",
          "pnt": 6
        },
        {
          "ans": "Bible",
          "pnt": 4
        },
        {
          "ans": "Frosty The Snow Man",
          "pnt": 3
        },
        {
          "ans": "A Christmas Carol",
          "pnt": 2
        }
      ],
      "multiply": 2,
      "question": "Name A Christmas Story That A Parent Might Read To Their Child."
    },
    {
      "answers": [
        {
          "ans": "Train ",
          "pnt": 44
        },
        {
          "ans": "Bus ",
          "pnt": 29
        },
        {
          "ans": "Theatre ",
          "pnt": 19
        },
        {
          "ans": "Parking ",
          "pnt": 12
        },
        {
          "ans": "Lottery ",
          "pnt": 8
        },
        {
          "ans": "Football Match ",
          "pnt": 5
        }
      ],
      "multiply": 2,
      "question": "Name Something You Buy A Ticket For"
    }
  ],
  "final_round": [
    {
      "answers": [
        [
          "Cats",
          61
        ],
        [
          "Getting A Bath",
          18
        ],
        [
          "Vacuum Cleaner",
          5
        ],
        [
          "Mail Carrier",
          5
        ]
      ],
      "question": "Tell Me Something A Dog Can’t Stand."
    },
    {
      "answers": [
        [
          "Wile E Coyote ",
          49
        ],
        [
          "Daffy Duck ",
          32
        ],
        [
          "Tom ",
          21
        ],
        [
          "Road Runner ",
          14
        ],
        [
          "Kenny ",
          9
        ]
      ],
      "question": "Name A Cartton Character Who Is Always Getting Hurt"
    },
    {
      "answers": [
        [
          "Night ",
          49
        ],
        [
          "White ",
          32
        ],
        [
          "Witch ",
          21
        ],
        [
          "Dark ",
          14
        ],
        [
          "Dress ",
          9
        ],
        [
          "Funeral ",
          6
        ]
      ],
      "question": "Name Something You Might Associate With The Colour Black"
    },
    {
      "answers": [
        [
          "Ice Hockey",
          34
        ],
        [
          "Skiing",
          30
        ],
        [
          "Ice Skating",
          15
        ],
        [
          "Snowboarding",
          13
        ],
        [
          "Bobsledding",
          6
        ]
      ],
      "question": "Name A Sport That Can Only Be Played Outdoors In The Winter?"
    }
  ],
  "final_round_timers": [
    20,
    25
  ]
}