{
  "rounds": [
    {
      "answers": [
        {
          "ans": "Hat",
          "pnt": 35
        },
        {
          "ans": "Jewelry",
          "pnt": 28
        },
        {
          "ans": "Flower",
          "pnt": 24
        },
        {
          "ans": "Nametag",
          "pnt": 10
        }
      ],
      "multiply": 1,
      "question": "When Meeting A Blind Date, Name An Accessory You Might Wear So They Know It’s You."
    },
    {
      "answers": [
        {
          "ans": "Weapon",
          "pnt": 42
        },
        {
          "ans": "Door Knob",
          "pnt": 22
        },
        {
          "ans": "Body",
          "pnt": 18
        },
        {
          "ans": "Window",
          "pnt": 16
        }
      ],
      "multiply": 1,
      "question": "What In A Crime Scene Would An Investigator Check For Fingerprints?"
    },
    {
      "answers": [
        {
          "ans": "Movie",
          "pnt": 31
        },
        {
          "ans": "Book",
          "pnt": 27
        },
        {
          "ans": "Family",
          "pnt": 12
        },
        {
          "ans": "Drugs/Addiction",
          "pnt": 11
        },
        {
          "ans": "Romance",
          "pnt": 8
        },
        {
          "ans": "losing weight",
          "pnt": 5
        }
      ],
      "multiply": 1,
      "question": "Name Something A Celebrity Might Discuss On A Talk Show"
    },
    {
      "answers": [
        {
          "ans": "Sandwich",
          "pnt": 45
        },
        {
          "ans": "Fruit",
          "pnt": 29
        },
        {
          "ans": "Cookies",
          "pnt": 19
        },
        {
          "ans": "Juice Box",
          "pnt": 12
        },
        {
          "ans": "Milk",
          "pnt": 8
        },
        {
          "ans": "Candy Bar",
          "pnt": 5
        },
        {
          "ans": "Thermos",
          "pnt": 3
        }
      ],
      "multiply": 2,
      "question": "Name Something You Might Find In A Kids Lunch Box (Food Is Not An Answer, Be More Specific)"
    },
    {
      "answers": [
        {
          "ans": "Wreck It",
          "pnt": 84
        },
        {
          "ans": "Make A Mess",
          "pnt": 6
        },
        {
          "ans": "Smoke In It",
          "pnt": 3
        },
        {
          "ans": "Use Up The Gas",
          "pnt": 3
        }
      ],
      "multiply": 2,
      "question": "If You Loan A Car To A Friend Name Something You Hope They Don’t Do."
    },
    {
      "answers": [
        {
          "ans": "National Enquirer",
          "pnt": 30
        },
        {
          "ans": "People",
          "pnt": 22
        },
        {
          "ans": "Star",
          "pnt": 12
        },
        {
          "ans": "Time",
          "pnt": 9
        },
        {
          "ans": "Cosmopolitan",
          "pnt": 8
        },
        {
          "ans": "Seventeen",
          "pnt": 8
        },
        {
          "ans": "TV Guide",
          "pnt": 6
        }
      ],
      "multiply": 2,
      "question": "Name A Magazine You See At Supermarket Checkout Stands"
    }
  ],
  "final_round": [
    {
      "answers": [
        [
          "TEACHERS LOUNGE",
          58
        ],
        [
          "BARTENDER",
          12
        ],
        [
          "HOME",
          9
        ],
        [
          "LIBRARY",
          8
        ],
        [
          "CAFETERIA",
          6
        ]
      ],
      "question": "Name A Place Where You Can See Teachers Relaxing"
    },
    {
      "answers": [
        [
          "Finger ",
          54
        ],
        [
          "Mine ",
          35
        ],
        [
          "Shop ",
          23
        ]
      ],
      "question": "Name A Place You Might Find A Diamond"
    },
    {
      "answers": [
        [
          "Tap Fingers",
          57
        ],
        [
          "Smoke",
          37
        ],
        [
          "Cheat",
          24
        ],
        [
          "Talk",
          16
        ],
        [
          "Too Loud",
          10
        ],
        [
          "Annoying Laugh",
          7
        ]
      ],
      "question": "What Might Some People Do While Playing Cards That Would Annoy Everyone Else At The Table"
    },
    {
      "answers": [
        [
          "Live & Let Die ",
          56
        ],
        [
          "A View To A Kill ",
          36
        ],
        [
          "Goldeneye ",
          24
        ],
        [
          "Goldfinger ",
          16
        ],
        [
          "Nobody Does It Better ",
          10
        ],
        [
          "Living Daylights ",
          7
        ]
      ],
      "question": "Name A Famous James Bond Theme"
    }
  ],
  "final_round_timers": [
    20,
    25
  ]
}