{
  "rounds": [
    {
      "answers": [
        {
          "ans": "Furniture",
          "pnt": 23
        },
        {
          "ans": "Jewelry",
          "pnt": 19
        },
        {
          "ans": "Clock",
          "pnt": 17
        },
        {
          "ans": "China",
          "pnt": 16
        },
        {
          "ans": "Photo",
          "pnt": 15
        },
        {
          "ans": "Clothes",
          "pnt": 8
        }
      ],
      "multiply": 1,
      "question": "Name Something In Your House That’s Been Passed Down For Generations"
    },
    {
      "answers": [
        {
          "ans": "Looks",
          "pnt": 38
        },
        {
          "ans": "Clothes",
          "pnt": 23
        },
        {
          "ans": "Dating",
          "pnt": 13
        },
        {
          "ans": "Money",
          "pnt": 12
        },
        {
          "ans": "Driving",
          "pnt": 5
        }
      ],
      "multiply": 1,
      "question": "Name Something Kids Start To Care More About Once They’re Teenagers"
    },
    {
      "answers": [
        {
          "ans": "Strawberries",
          "pnt": 53
        },
        {
          "ans": "Grapes",
          "pnt": 34
        },
        {
          "ans": "Peaches",
          "pnt": 23
        },
        {
          "ans": "Cherries",
          "pnt": 15
        },
        {
          "ans": "Watermelon",
          "pnt": 10
        },
        {
          "ans": "Grapefruit",
          "pnt": 6
        },
        {
          "ans": "Pineapple",
          "pnt": 4
        }
      ],
      "multiply": 1,
      "question": "Fruit Often Served In A Bowl"
    },
    {
      "answers": [
        {
          "ans": "Ants",
          "pnt": 50
        },
        {
          "ans": "Rodents",
          "pnt": 27
        },
        {
          "ans": "Roaches",
          "pnt": 12
        },
        {
          "ans": "Flies",
          "pnt": 10
        }
      ],
      "multiply": 2,
      "question": "Name Something That Gets Into Your House If You Leave Food Out."
    },
    {
      "answers": [
        {
          "ans": "baseball Cards",
          "pnt": 44
        },
        {
          "ans": "baseballs",
          "pnt": 26
        },
        {
          "ans": "Autographs",
          "pnt": 22
        },
        {
          "ans": "baseball Gloves",
          "pnt": 4
        }
      ],
      "multiply": 2,
      "question": "Name Something Valuable That A Baseball Fan Might Collect"
    },
    {
      "answers": [
        {
          "ans": "The Trash",
          "pnt": 54
        },
        {
          "ans": "The Dog",
          "pnt": 28
        },
        {
          "ans": "Your Mate",
          "pnt": 6
        },
        {
          "ans": "Teeth/Dentures",
          "pnt": 4
        }
      ],
      "multiply": 2,
      "question": "Name Something That Has To Be Taken Out Every Once In A While"
    }
  ],
  "final_round": [
    {
      "answers": [
        [
          "Traffic",
          35
        ],
        [
          "Car Trouble",
          31
        ],
        [
          "Lost Keys",
          11
        ],
        [
          "Child Is Sick",
          7
        ],
        [
          "No Gas",
          6
        ],
        [
          "Bad Hair",
          5
        ]
      ],
      "question": "Name A Last Minute Problem That Could Make You Late For Work"
    },
    {
      "answers": [
        [
          "TORNADO",
          54
        ],
        [
          "HURRICANE",
          35
        ],
        [
          "SEVERE THUNDERSTORM",
          23
        ],
        [
          "SNOW",
          15
        ]
      ],
      "question": "Name A Type Of Weather Warning That Might Interupt Your TV Show"
    },
    {
      "answers": [
        [
          "Trees / Branches ",
          54
        ],
        [
          "Rain ",
          35
        ],
        [
          "Snakes ",
          23
        ]
      ],
      "question": "Name Something You Might See In The Amazon Forest"
    },
    {
      "answers": [
        [
          "Table Linens",
          33
        ],
        [
          "Fancy Food",
          28
        ],
        [
          "Candles",
          20
        ],
        [
          "Wine List",
          9
        ],
        [
          "Chandelier",
          8
        ]
      ],
      "question": "name Something restaurants Have In Them To Appear Fancier"
    }
  ],
  "final_round_timers": [
    20,
    25
  ]
}