{
  "rounds": [
    {
      "answers": [
        {
          "ans": "Radio",
          "pnt": 28
        },
        {
          "ans": "Engine",
          "pnt": 26
        },
        {
          "ans": "Lights",
          "pnt": 23
        },
        {
          "ans": "Heater/AC",
          "pnt": 13
        },
        {
          "ans": "Wipers",
          "pnt": 5
        }
      ],
      "multiply": 1,
      "question": "Name Something In Your Car That Can Be Turned On And Off."
    },
    {
      "answers": [
        {
          "ans": "Go Up & Down ",
          "pnt": 51
        },
        {
          "ans": "Push Buttons ",
          "pnt": 33
        },
        {
          "ans": "Snog ",
          "pnt": 22
        },
        {
          "ans": "Fart ",
          "pnt": 14
        }
      ],
      "multiply": 1,
      "question": "Name Something You Do In A Lift"
    },
    {
      "answers": [
        {
          "ans": "Bad Food",
          "pnt": 40
        },
        {
          "ans": "Lonely",
          "pnt": 18
        },
        {
          "ans": "No Gravity",
          "pnt": 15
        },
        {
          "ans": "No Bathroom",
          "pnt": 11
        },
        {
          "ans": "No Fresh Air",
          "pnt": 5
        },
        {
          "ans": "Cramped",
          "pnt": 5
        },
        {
          "ans": "It’s Cold",
          "pnt": 4
        }
      ],
      "multiply": 1,
      "question": "Name A Complaint An Astronaut Might Have About Living On The Space Station"
    },
    {
      "answers": [
        {
          "ans": 4,
          "pnt": 5
        },
        {
          "ans": 6,
          "pnt": 7
        },
        {
          "ans": 8,
          "pnt": 10
        },
        {
          "ans": 12,
          "pnt": null
        }
      ],
      "multiply": 2,
      "question": "How Many Times A Mother Changes Newborns Diaper"
    },
    {
      "answers": [
        {
          "ans": "Dress ",
          "pnt": 55
        },
        {
          "ans": "Suit ",
          "pnt": 36
        },
        {
          "ans": "Wedding Dress ",
          "pnt": 23
        },
        {
          "ans": "Hat ",
          "pnt": 15
        },
        {
          "ans": "Veil ",
          "pnt": 10
        }
      ],
      "multiply": 2,
      "question": "Name Something You Wear At A Wedding"
    },
    {
      "answers": [
        {
          "ans": "Hot Chocolate",
          "pnt": 49
        },
        {
          "ans": "Hot Bath",
          "pnt": 15
        },
        {
          "ans": "Sit By Fire",
          "pnt": 13
        },
        {
          "ans": "Change Clothes",
          "pnt": 9
        },
        {
          "ans": "Blanket",
          "pnt": 8
        },
        {
          "ans": "Soup",
          "pnt": 3
        }
      ],
      "multiply": 2,
      "question": "Name Something You Might Do To Make Yourself Feel Cozy After Playing In The Snow All Day."
    }
  ],
  "final_round": [
    {
      "answers": [
        [
          "Love/Marriage",
          58
        ],
        [
          "Life",
          22
        ],
        [
          "Finances",
          15
        ],
        [
          "Youth",
          4
        ]
      ],
      "question": "Name Something That People Hope Will Last Forever"
    },
    {
      "answers": [
        [
          "Perfume",
          38
        ],
        [
          "TV",
          26
        ],
        [
          "Clothes/Shoes",
          12
        ],
        [
          "Computer",
          11
        ],
        [
          "CD",
          8
        ]
      ],
      "question": "Name Something You Can Test In The Store Before Buying It"
    },
    {
      "answers": [
        [
          "Sign",
          45
        ],
        [
          "Foam Finger",
          23
        ],
        [
          "Attractive Woman",
          12
        ],
        [
          "Silly Hat",
          9
        ]
      ],
      "question": "What Might You Bring To The Stadium If You Wanted To Be Featured On The Jumbo Tron Screen."
    },
    {
      "answers": [
        [
          "Shower",
          42
        ],
        [
          "Kiss me",
          26
        ],
        [
          "Brush teeth",
          12
        ],
        [
          "Ignore alarm",
          9
        ],
        [
          "Turn on light",
          6
        ]
      ],
      "question": "Name something your partner might do first thing in the morning that wakes you up."
    }
  ],
  "final_round_timers": [
    20,
    25
  ]
}