{
  "rounds": [
    {
      "answers": [
        {
          "ans": "Womans Clothes ",
          "pnt": 59
        },
        {
          "ans": "Adams Apple ",
          "pnt": 38
        },
        {
          "ans": "Makeup ",
          "pnt": 25
        },
        {
          "ans": "Big Hands ",
          "pnt": 16
        },
        {
          "ans": "Stuble ",
          "pnt": 11
        },
        {
          "ans": "Hairy Legs ",
          "pnt": 7
        }
      ],
      "multiply": 1,
      "question": "Name A Way Of Telling A Person Is A Transvestite"
    },
    {
      "answers": [
        {
          "ans": "Sophia Loren",
          "pnt": 23
        },
        {
          "ans": "Queen Elizabeth",
          "pnt": 21
        },
        {
          "ans": "Nicole Kidman",
          "pnt": 16
        },
        {
          "ans": "Madonna",
          "pnt": 13
        },
        {
          "ans": "Zsa Zsa Gabor",
          "pnt": 12
        },
        {
          "ans": "Penelope Cruz",
          "pnt": 7
        },
        {
          "ans": "Dolly Parton",
          "pnt": 4
        }
      ],
      "multiply": 1,
      "question": "Name A Famous Woman Who Speaks With An Accent To Americans."
    },
    {
      "answers": [
        {
          "ans": "Magazines ",
          "pnt": 55
        },
        {
          "ans": "Cassettes ",
          "pnt": 36
        },
        {
          "ans": "Computers ",
          "pnt": 23
        },
        {
          "ans": "Newspapers ",
          "pnt": 15
        },
        {
          "ans": "Films / Dvd's ",
          "pnt": 10
        }
      ],
      "multiply": 1,
      "question": "Name Something Apart From Books You Might Find In A Library"
    },
    {
      "answers": [
        {
          "ans": "Jelly ",
          "pnt": 48
        },
        {
          "ans": "Apple Pie ",
          "pnt": 31
        },
        {
          "ans": "Banana ",
          "pnt": 20
        },
        {
          "ans": "Cream ",
          "pnt": 13
        },
        {
          "ans": "Pudding ",
          "pnt": 9
        }
      ],
      "multiply": 2,
      "question": "Name Something That Goes Well With Custard"
    },
    {
      "answers": [
        {
          "ans": "Travel",
          "pnt": 43
        },
        {
          "ans": "Skydive",
          "pnt": 16
        },
        {
          "ans": "Sleep",
          "pnt": 12
        },
        {
          "ans": "Swim",
          "pnt": 10
        },
        {
          "ans": "Walk At Night",
          "pnt": 6
        },
        {
          "ans": "Watch Scary Movie",
          "pnt": 6
        },
        {
          "ans": "Camp",
          "pnt": 4
        }
      ],
      "multiply": 2,
      "question": "Name Something You’d Be Afraid To Do By Yourself"
    },
    {
      "answers": [
        {
          "ans": "Cowboy Hat",
          "pnt": 62
        },
        {
          "ans": "Coyboy Boots",
          "pnt": 28
        },
        {
          "ans": "Toy Gun",
          "pnt": 4
        },
        {
          "ans": "Chaps",
          "pnt": 4
        },
        {
          "ans": "Spurs",
          "pnt": 2
        }
      ],
      "multiply": 2,
      "question": "Name Something You’d Need If You Wanted To Dress Up Like A Cowboy."
    }
  ],
  "final_round": [
    {
      "answers": [
        [
          "Movie Stars",
          26
        ],
        [
          "Designer Clothes",
          18
        ],
        [
          "Acceptance Speeches",
          15
        ],
        [
          "Red Carpet",
          12
        ],
        [
          "Fans",
          10
        ],
        [
          "Bad dance Numbers",
          6
        ],
        [
          "Musicians",
          5
        ]
      ],
      "question": "Name Something You Expect To See When You Watch The Academy Awards."
    },
    {
      "answers": [
        [
          "Polar Bear",
          62
        ],
        [
          "Penguin",
          22
        ],
        [
          "Seal",
          5
        ],
        [
          "Wolf",
          4
        ],
        [
          "Walrus",
          2
        ]
      ],
      "question": "Name an animal that can live in the cold."
    },
    {
      "answers": [
        [
          "Dye It",
          64
        ],
        [
          "Mohawk",
          14
        ],
        [
          "Get A Bad Haircut",
          6
        ],
        [
          "Curling",
          5
        ],
        [
          "Bleach",
          5
        ]
      ],
      "question": "Name Something People Do To Their Hair That Makes Them Look Silly."
    },
    {
      "answers": [
        [
          "Bathroom",
          30
        ],
        [
          "Living Room",
          27
        ],
        [
          "Kitchen",
          25
        ],
        [
          "Bed Room",
          14
        ],
        [
          "Family Room",
          3
        ]
      ],
      "question": "What Is The Most Used Room In Most Homes?"
    }
  ],
  "final_round_timers": [
    20,
    25
  ]
}