{
  "rounds": [
    {
      "answers": [
        {
          "ans": "Make conversation",
          "pnt": 37
        },
        {
          "ans": "Ask Questions",
          "pnt": 29
        },
        {
          "ans": "Smile",
          "pnt": 23
        },
        {
          "ans": "Introduce Teams",
          "pnt": 4
        },
        {
          "ans": "Sense of Humor",
          "pnt": 3
        }
      ],
      "multiply": 1,
      "question": "On a game show, name something a Host must do."
    },
    {
      "answers": [
        {
          "ans": "Crowded",
          "pnt": 30
        },
        {
          "ans": "Stinky",
          "pnt": 18
        },
        {
          "ans": "Bumpy",
          "pnt": 12
        },
        {
          "ans": "Noise",
          "pnt": 12
        },
        {
          "ans": "Takes Longer",
          "pnt": 7
        },
        {
          "ans": "Hot",
          "pnt": 6
        },
        {
          "ans": "Bus Fare",
          "pnt": 6
        }
      ],
      "multiply": 1,
      "question": "Name The Worst Part About Riding The Bus."
    },
    {
      "answers": [
        {
          "ans": "Stethoscope",
          "pnt": 32
        },
        {
          "ans": "Clipboard",
          "pnt": 23
        },
        {
          "ans": "Thermometer",
          "pnt": 15
        },
        {
          "ans": "Gloves",
          "pnt": 12
        },
        {
          "ans": "Pen/Pencil",
          "pnt": 1
        },
        {
          "ans": "Beeper",
          "pnt": 5
        }
      ],
      "multiply": 1,
      "question": "Name Something Most Doctors Carry With Them On Their Rounds."
    },
    {
      "answers": [
        {
          "ans": "Jingle Bells",
          "pnt": 40
        },
        {
          "ans": "Silent Night",
          "pnt": 31
        },
        {
          "ans": "Silver Bells",
          "pnt": 15
        },
        {
          "ans": "I’ll Be Home For Xmas",
          "pnt": 5
        },
        {
          "ans": "Santa Coming To Town",
          "pnt": 2
        },
        {
          "ans": "Beginning To Look A",
          "pnt": 2
        },
        {
          "ans": "Adeste Fideles",
          "pnt": 2
        }
      ],
      "multiply": 2,
      "question": "Besides White Christmas, Name A Song On Big Crosby’s White Christmas Album."
    },
    {
      "answers": [
        {
          "ans": "Lower Taxes",
          "pnt": 48
        },
        {
          "ans": "World Peace",
          "pnt": 31
        },
        {
          "ans": "Create Jobs",
          "pnt": 20
        },
        {
          "ans": "Healthcare",
          "pnt": 13
        }
      ],
      "multiply": 2,
      "question": "What Might Someone Promise To Do If They Wanted Elect President"
    },
    {
      "answers": [
        {
          "ans": "Paperwork",
          "pnt": 40
        },
        {
          "ans": "People",
          "pnt": 30
        },
        {
          "ans": "Standing/Sitting",
          "pnt": 10
        },
        {
          "ans": "Boss",
          "pnt": 8
        },
        {
          "ans": "Talking",
          "pnt": 4
        },
        {
          "ans": "Computer",
          "pnt": 4
        }
      ],
      "multiply": 2,
      "question": "At The End Of A Work Day, Name Something You’re Usually Tired Of"
    }
  ],
  "final_round": [
    {
      "answers": [
        [
          "Lamp",
          32
        ],
        [
          "TV",
          29
        ],
        [
          "Hair Dryer",
          13
        ],
        [
          "Phone",
          9
        ],
        [
          "Clock",
          8
        ],
        [
          "Coffee Pot",
          4
        ],
        [
          "Microwave",
          3
        ]
      ],
      "question": "Tell Me Something That Is Plugged Into An Outlet In A Hotel Room."
    },
    {
      "answers": [
        [
          "Lights ",
          41
        ],
        [
          "Electric Blanket ",
          27
        ],
        [
          "TV ",
          17
        ]
      ],
      "question": "Name Something You Should Switch Off Before Going To Bed"
    },
    {
      "answers": [
        [
          "Tennis Court",
          23
        ],
        [
          "Basketball Court",
          20
        ],
        [
          "Supreme Court",
          16
        ],
        [
          "Divorce Court",
          15
        ],
        [
          "Traffic Court",
          12
        ],
        [
          "Civil Court",
          9
        ],
        [
          "Appeals Court",
          5
        ]
      ],
      "question": "Name A Kind Of Court."
    },
    {
      "answers": [
        [
          "Benches",
          37
        ],
        [
          "Joggers",
          21
        ],
        [
          "Muggers",
          15
        ],
        [
          "Pigeons",
          8
        ],
        [
          "People",
          7
        ],
        [
          "Trees",
          6
        ],
        [
          "Homeless people",
          6
        ]
      ],
      "question": "Name something you probably would see in New York’s Central Park."
    }
  ],
  "final_round_timers": [
    20,
    25
  ]
}