{
  "rounds": [
    {
      "answers": [
        {
          "ans": "Cash",
          "pnt": 52
        },
        {
          "ans": "Dough",
          "pnt": 34
        },
        {
          "ans": "Loot",
          "pnt": 22
        },
        {
          "ans": "Green",
          "pnt": 14
        },
        {
          "ans": "Bucks",
          "pnt": 9
        }
      ],
      "multiply": 1,
      "question": "Name A Street Name For Money"
    },
    {
      "answers": [
        {
          "ans": "Oprah",
          "pnt": 36
        },
        {
          "ans": "Jerry Springer",
          "pnt": 36
        },
        {
          "ans": "Maury",
          "pnt": 17
        },
        {
          "ans": "Tyra Banks",
          "pnt": 4
        },
        {
          "ans": "Dr Phil",
          "pnt": 4
        }
      ],
      "multiply": 1,
      "question": "Name A Talk Show You Might Go On To Tell About Your Disaster Wedding."
    },
    {
      "answers": [
        {
          "ans": "Running",
          "pnt": 33
        },
        {
          "ans": "Swimming",
          "pnt": 19
        },
        {
          "ans": "Skiing",
          "pnt": 15
        },
        {
          "ans": "Lomg Jump",
          "pnt": 10
        },
        {
          "ans": "Gymnastics",
          "pnt": 9
        },
        {
          "ans": "Figure Skating",
          "pnt": 8
        }
      ],
      "multiply": 1,
      "question": "Which Olympic Sport Would A Cow Look Most Funny Participating In?"
    },
    {
      "answers": [
        {
          "ans": "Hunt",
          "pnt": 36
        },
        {
          "ans": "Relieve Themselves",
          "pnt": 33
        },
        {
          "ans": "Camp",
          "pnt": 16
        },
        {
          "ans": "Cut Down Trees",
          "pnt": 7
        },
        {
          "ans": "Litter",
          "pnt": 4
        }
      ],
      "multiply": 2,
      "question": "Name Something People Do In The Woods That Probably Annoys The Animals Living There"
    },
    {
      "answers": [
        {
          "ans": "Push Up",
          "pnt": 49
        },
        {
          "ans": "Pull Ups/Chin Ups",
          "pnt": 32
        },
        {
          "ans": "Sit Ups",
          "pnt": 21
        },
        {
          "ans": "Jumping Jacks",
          "pnt": 14
        }
      ],
      "multiply": 2,
      "question": "Name An Exercise You’d Have A Hard Time Doing 10 Of."
    },
    {
      "answers": [
        {
          "ans": "Stale Food",
          "pnt": 52
        },
        {
          "ans": "Hair In Food",
          "pnt": 17
        },
        {
          "ans": "Bugs In Food",
          "pnt": 13
        },
        {
          "ans": "Food Poisoning",
          "pnt": 10
        },
        {
          "ans": "Broken Seal",
          "pnt": 5
        }
      ],
      "multiply": 2,
      "question": "What Would Compel A Consumer Of A Food Product To Call Costumer Service?"
    }
  ],
  "final_round": [
    {
      "answers": [
        [
          "Muscular ",
          47
        ],
        [
          "Strong ",
          31
        ],
        [
          "Beefy ",
          20
        ],
        [
          "Muscle Man ",
          13
        ],
        [
          "Hunk ",
          8
        ]
      ],
      "question": "Name Another Name For A Body Builder"
    },
    {
      "answers": [
        [
          "Nappies ",
          44
        ],
        [
          "Razors ",
          29
        ],
        [
          "Paper Towels ",
          19
        ],
        [
          "Paper Cups ",
          12
        ],
        [
          "Rubbish Bags ",
          8
        ],
        [
          "Condoms ",
          5
        ]
      ],
      "question": "Name A Product That Might Be Disposable"
    },
    {
      "answers": [
        [
          "Hiking",
          39
        ],
        [
          "Ski/Snowboarding",
          17
        ],
        [
          "Hunting",
          15
        ],
        [
          "Fishing",
          9
        ],
        [
          "Sledding",
          8
        ],
        [
          "Shoveling",
          8
        ],
        [
          "Horseback Riding",
          3
        ]
      ],
      "question": "Name An Activity For Which People Wear Boots."
    },
    {
      "answers": [
        [
          "Labels",
          54
        ],
        [
          "Price Tag",
          35
        ],
        [
          "Cardboard Collar",
          23
        ],
        [
          "Straight Pins",
          15
        ]
      ],
      "question": "Name Something A Guy Might Have To remove From A New Dress Shirt Before Wearing It"
    }
  ],
  "final_round_timers": [
    20,
    25
  ]
}