{
  "rounds": [
    {
      "answers": [
        {
          "ans": "Illegal Substance",
          "pnt": 47
        },
        {
          "ans": "Criminals",
          "pnt": 18
        },
        {
          "ans": "Bones",
          "pnt": 15
        },
        {
          "ans": "Missing People",
          "pnt": 11
        },
        {
          "ans": "Birds",
          "pnt": 3
        }
      ],
      "multiply": 1,
      "question": "Name Something Dogs Are Trained To Find"
    },
    {
      "answers": [
        {
          "ans": "Snow",
          "pnt": 42
        },
        {
          "ans": "Polar Bears",
          "pnt": 27
        },
        {
          "ans": "Santa Claus",
          "pnt": 18
        },
        {
          "ans": "Icebergs",
          "pnt": 12
        },
        {
          "ans": "Penguin",
          "pnt": 7
        },
        {
          "ans": "Research Station",
          "pnt": 5
        },
        {
          "ans": "Seals",
          "pnt": 3
        }
      ],
      "multiply": 1,
      "question": "Name something you might see at the North Pole"
    },
    {
      "answers": [
        {
          "ans": "Triangle",
          "pnt": 33
        },
        {
          "ans": "Circle",
          "pnt": 22
        },
        {
          "ans": "Square",
          "pnt": 14
        },
        {
          "ans": "Oval",
          "pnt": 9
        },
        {
          "ans": "Rectangle",
          "pnt": 9
        },
        {
          "ans": "Diamond",
          "pnt": 4
        },
        {
          "ans": "Star",
          "pnt": 3
        }
      ],
      "multiply": 1,
      "question": "If You Could Describe Yourself As A Shape, Name The Shape You Would Be?"
    },
    {
      "answers": [
        {
          "ans": "His Dad/Homer",
          "pnt": 33
        },
        {
          "ans": "His Sister/Lisa",
          "pnt": 30
        },
        {
          "ans": "His Mom/Marge",
          "pnt": 15
        },
        {
          "ans": "The Bully/Nelson",
          "pnt": 6
        },
        {
          "ans": "Principal Skinner",
          "pnt": 3
        }
      ],
      "multiply": 2,
      "question": "Name Someone Bart Simpson Would Block From Becoming His Friend On Facebook."
    },
    {
      "answers": [
        {
          "ans": "Sing Carols",
          "pnt": 36
        },
        {
          "ans": "Show Affection",
          "pnt": 25
        },
        {
          "ans": "Dance",
          "pnt": 18
        },
        {
          "ans": "Play Family Games",
          "pnt": 17
        },
        {
          "ans": "Pose For Pictures",
          "pnt": 3
        }
      ],
      "multiply": 2,
      "question": "What Do Teenagers Do With Their Families At The Christmas Holiday That They Probably Would Be Embarassed To Have Known?"
    },
    {
      "answers": [
        {
          "ans": "Shirt",
          "pnt": 40
        },
        {
          "ans": "Hat",
          "pnt": 38
        },
        {
          "ans": "Jacket",
          "pnt": 10
        },
        {
          "ans": "Uniform",
          "pnt": 7
        },
        {
          "ans": "Badge",
          "pnt": 3
        }
      ],
      "multiply": 2,
      "question": "Name Something People Wear That Has Their Company Logo On"
    }
  ],
  "final_round": [
    {
      "answers": [
        [
          "Famous",
          34
        ],
        [
          "Business Reasons",
          28
        ],
        [
          "Family Connection",
          13
        ],
        [
          "Believes In Keeping",
          8
        ],
        [
          "Dislikes Husband’s",
          4
        ],
        [
          "Too Much Paperwork",
          4
        ],
        [
          "Shares It With Child",
          3
        ]
      ],
      "question": "Name A Reason Why A Woman Wouldn’t Change Her Last Name After Marrying."
    },
    {
      "answers": [
        [
          "Family Ties",
          44
        ],
        [
          "Family Matters",
          24
        ],
        [
          "All In The Family",
          16
        ],
        [
          "Family Guy",
          11
        ],
        [
          "Addam’s Family",
          3
        ]
      ],
      "question": "Besides “Family Feud”, Name A Tv Show With “Family” In Its Title"
    },
    {
      "answers": [
        [
          "Brady Bunch",
          42
        ],
        [
          "The Jacksons",
          27
        ],
        [
          "The Kennedys",
          18
        ],
        [
          "The Partridge Family",
          12
        ],
        [
          "The Duggars",
          7
        ],
        [
          "Cosby Family",
          5
        ],
        [
          "The Waltons",
          3
        ]
      ],
      "question": "Real Or Fictional Name A Famous Family That Has A Lot Of Kids"
    },
    {
      "answers": [
        [
          "GLEE CLUB",
          23
        ],
        [
          "CHESS CLUB",
          16
        ],
        [
          "DEBATE CLUB",
          14
        ],
        [
          "DRAMA",
          13
        ],
        [
          "ART",
          6
        ],
        [
          "FOREIGN LANGUAGE",
          5
        ]
      ],
      "question": "Name A Club A High School Student Might Belong To"
    }
  ],
  "final_round_timers": [
    20,
    25
  ]
}