{
  "rounds": [
    {
      "answers": [
        {
          "ans": "Calculator",
          "pnt": 35
        },
        {
          "ans": "Pencil",
          "pnt": 28
        },
        {
          "ans": "Computer",
          "pnt": 12
        },
        {
          "ans": "Ruler",
          "pnt": 9
        },
        {
          "ans": "Compass",
          "pnt": 6
        },
        {
          "ans": "paper",
          "pnt": 5
        },
        {
          "ans": "Books",
          "pnt": 4
        }
      ],
      "multiply": 1,
      "question": "Name Something Students Use In Math Class"
    },
    {
      "answers": [
        {
          "ans": "Shower",
          "pnt": 34
        },
        {
          "ans": "Fragrance",
          "pnt": 26
        },
        {
          "ans": "Comb",
          "pnt": 15
        },
        {
          "ans": "Toothpaste/Brush",
          "pnt": 9
        },
        {
          "ans": "Deodorant",
          "pnt": 5
        },
        {
          "ans": "Mirror",
          "pnt": 4
        },
        {
          "ans": "Razor",
          "pnt": 4
        }
      ],
      "multiply": 1,
      "question": "Name Something That Both Men And Women Use To Get Ready For A Date"
    },
    {
      "answers": [
        {
          "ans": "Somebody At Door ",
          "pnt": 41
        },
        {
          "ans": "Need The Loo ",
          "pnt": 27
        },
        {
          "ans": "Dinner Ready ",
          "pnt": 17
        },
        {
          "ans": "Call Waiting ",
          "pnt": 11
        },
        {
          "ans": "Going Out ",
          "pnt": 7
        }
      ],
      "multiply": 1,
      "question": "Name An Excuse You Give To Get Off The Phone"
    },
    {
      "answers": [
        {
          "ans": "Coke ",
          "pnt": 56
        },
        {
          "ans": "Soft Drink ",
          "pnt": 36
        },
        {
          "ans": "Beer ",
          "pnt": 24
        },
        {
          "ans": "Water ",
          "pnt": 16
        },
        {
          "ans": "Milk ",
          "pnt": 10
        }
      ],
      "multiply": 2,
      "question": "Name Something You Drink Out Of The Bottle"
    },
    {
      "answers": [
        {
          "ans": "Pool",
          "pnt": 41
        },
        {
          "ans": "Poker",
          "pnt": 27
        },
        {
          "ans": "Ping Pong",
          "pnt": 10
        },
        {
          "ans": "Chess",
          "pnt": 7
        },
        {
          "ans": "Foosball",
          "pnt": 5
        },
        {
          "ans": "Monopoly",
          "pnt": 4
        },
        {
          "ans": "Roulette",
          "pnt": 3
        }
      ],
      "multiply": 2,
      "question": "Name A Game That Has A Specific Type Of Table"
    },
    {
      "answers": [
        {
          "ans": "Sore Throat/Sick",
          "pnt": 49
        },
        {
          "ans": "Can’t Sing",
          "pnt": 24
        },
        {
          "ans": "Lost Voice",
          "pnt": 13
        },
        {
          "ans": "Too Much Too Drink",
          "pnt": 7
        },
        {
          "ans": "Stage Fright",
          "pnt": 5
        }
      ],
      "multiply": 2,
      "question": "Tell Me An Excuse You’d Use To Avoid Singing At A Karaoke Club."
    }
  ],
  "final_round": [
    {
      "answers": [
        [
          "Clowns",
          50
        ],
        [
          "Sirens",
          33
        ],
        [
          "Masks",
          21
        ],
        [
          "Gunshots",
          14
        ],
        [
          "Fireworks",
          9
        ]
      ],
      "question": "Name A Feature Of Most Parade That Scare Children"
    },
    {
      "answers": [
        [
          "5 ",
          55
        ],
        [
          "4 ",
          36
        ],
        [
          "7 ",
          23
        ],
        [
          "10 ",
          15
        ],
        [
          "3 ",
          10
        ]
      ],
      "question": "How Many Sick Days Does The Average Person Have A Year"
    },
    {
      "answers": [
        [
          "Too Much Smoke",
          27
        ],
        [
          "Noise",
          23
        ],
        [
          "Bad Service",
          18
        ],
        [
          "Watery Drinks",
          8
        ],
        [
          "Expensive Drinks",
          7
        ],
        [
          "Too Rowdy",
          6
        ]
      ],
      "question": "Name A Complaint A Customer Might Have About A Bar They’re At."
    },
    {
      "answers": [
        [
          "Cake",
          52
        ],
        [
          "Lasagna",
          34
        ],
        [
          "Onion",
          22
        ],
        [
          "Pizza",
          14
        ],
        [
          "Sandwich",
          9
        ]
      ],
      "question": "Name A Food That Has Layers"
    }
  ],
  "final_round_timers": [
    20,
    25
  ]
}