{
  "rounds": [
    {
      "answers": [
        {
          "ans": "Talk",
          "pnt": 33
        },
        {
          "ans": "Read",
          "pnt": 21
        },
        {
          "ans": "Eat",
          "pnt": 20
        },
        {
          "ans": "Use Computer",
          "pnt": 18
        },
        {
          "ans": "Smoke",
          "pnt": 5
        }
      ],
      "multiply": 1,
      "question": "Other Than Drink Coffee, What Do People Do While At A Cafe"
    },
    {
      "answers": [
        {
          "ans": "Mary",
          "pnt": 71
        },
        {
          "ans": "Jesus",
          "pnt": 8
        },
        {
          "ans": "Little Bo Peep",
          "pnt": 6
        },
        {
          "ans": "Shepherd",
          "pnt": 5
        },
        {
          "ans": "Lambchop (puppet)",
          "pnt": 4
        }
      ],
      "multiply": 1,
      "question": "Real Or Fictional, Name Someone Who’s Associated With A Lamb"
    },
    {
      "answers": [
        {
          "ans": "Pizza",
          "pnt": 53
        },
        {
          "ans": "Mac And Cheese",
          "pnt": 25
        },
        {
          "ans": "Grilled Cheese",
          "pnt": 13
        },
        {
          "ans": "Lasagna",
          "pnt": 7
        }
      ],
      "multiply": 1,
      "question": "Name A Meal That Someone Who Loves Cheese Would Eat Often"
    },
    {
      "answers": [
        {
          "ans": "Hat ",
          "pnt": 58
        },
        {
          "ans": "Haystack ",
          "pnt": 38
        },
        {
          "ans": "Chair ",
          "pnt": 25
        },
        {
          "ans": "Basket ",
          "pnt": 16
        }
      ],
      "multiply": 2,
      "question": "Name Something That Is Made From Straw"
    },
    {
      "answers": [
        {
          "ans": "Do Dishes ",
          "pnt": 52
        },
        {
          "ans": "Wash The Car ",
          "pnt": 34
        },
        {
          "ans": "Mow The Lawn ",
          "pnt": 22
        },
        {
          "ans": "Trim Hedges ",
          "pnt": 14
        },
        {
          "ans": "Tidy Their Room ",
          "pnt": 9
        },
        {
          "ans": "Polish ",
          "pnt": 6
        }
      ],
      "multiply": 2,
      "question": "Name A Job Children Do To Earn Pocket Money"
    },
    {
      "answers": [
        {
          "ans": "Getting In A Fight",
          "pnt": 45
        },
        {
          "ans": "Drinking Too Much",
          "pnt": 29
        },
        {
          "ans": "Not Paying",
          "pnt": 6
        },
        {
          "ans": "Stripping",
          "pnt": 5
        },
        {
          "ans": "Being Underage",
          "pnt": 3
        }
      ],
      "multiply": 2,
      "question": "Tell Me Something That Would Get You Thrown Out Of Most Bars"
    }
  ],
  "final_round": [
    {
      "answers": [
        [
          "Horse",
          44
        ],
        [
          "Carriage",
          25
        ],
        [
          "Motorcycle",
          10
        ],
        [
          "Boat",
          7
        ],
        [
          "Ferris Wheel",
          3
        ],
        [
          "Bicycle",
          4
        ]
      ],
      "question": "Name Something That Can Be Romantic To Ride On With A Partner"
    },
    {
      "answers": [
        [
          "Cow",
          47
        ],
        [
          "Pig",
          34
        ],
        [
          "Goat",
          6
        ],
        [
          "Chicken",
          5
        ],
        [
          "Horse",
          3
        ],
        [
          "Sheep",
          3
        ]
      ],
      "question": "What Animal Would You See At A Farm, But Never Consider Keeping For A Pet?"
    },
    {
      "answers": [
        [
          "TV",
          49
        ],
        [
          "Lights",
          32
        ],
        [
          "Clothing",
          21
        ],
        [
          "Fan",
          14
        ]
      ],
      "question": "Name Something You Might Leave On All Night"
    },
    {
      "answers": [
        [
          "Cell Phone",
          60
        ],
        [
          "Computer",
          22
        ],
        [
          "Lights",
          9
        ],
        [
          "Headphones",
          5
        ]
      ],
      "question": "Name Something You’re Told To Turn Off Before An Airplane Takes Flight"
    }
  ],
  "final_round_timers": [
    20,
    25
  ]
}