{
  "rounds": [
    {
      "answers": [
        {
          "ans": "Flying",
          "pnt": 53
        },
        {
          "ans": "Costume",
          "pnt": 25
        },
        {
          "ans": "Super Strength",
          "pnt": 6
        },
        {
          "ans": "Sidekick",
          "pnt": 5
        },
        {
          "ans": "X Ray Vision",
          "pnt": 4
        }
      ],
      "multiply": 1,
      "question": "Name Something Specific That A Superhero Would Be Useless Without."
    },
    {
      "answers": [
        {
          "ans": "Pickles",
          "pnt": 59
        },
        {
          "ans": "Ice Cream",
          "pnt": 38
        },
        {
          "ans": "Chocolate",
          "pnt": 25
        },
        {
          "ans": "Pizza",
          "pnt": 16
        }
      ],
      "multiply": 1,
      "question": "Name A Food That Pregnant Women Crave."
    },
    {
      "answers": [
        {
          "ans": "Car",
          "pnt": 57
        },
        {
          "ans": "Gun",
          "pnt": 37
        },
        {
          "ans": "Watch",
          "pnt": 24
        },
        {
          "ans": "Camera",
          "pnt": 16
        },
        {
          "ans": "Sunglasses",
          "pnt": 10
        },
        {
          "ans": "Phone",
          "pnt": 7
        },
        {
          "ans": "Suits",
          "pnt": 4
        }
      ],
      "multiply": 1,
      "question": "Name Something Flashy Movie Spies Have"
    },
    {
      "answers": [
        {
          "ans": "Kiss",
          "pnt": 33
        },
        {
          "ans": "Drink",
          "pnt": 24
        },
        {
          "ans": "Food",
          "pnt": 20
        },
        {
          "ans": "Bill",
          "pnt": 9
        },
        {
          "ans": "Conversation",
          "pnt": 5
        },
        {
          "ans": "Car",
          "pnt": 3
        },
        {
          "ans": "Interests",
          "pnt": 3
        }
      ],
      "multiply": 2,
      "question": "Name Something Two People On A Date Might Share"
    },
    {
      "answers": [
        {
          "ans": "Very Shy",
          "pnt": 36
        },
        {
          "ans": "Too  Handsome",
          "pnt": 22
        },
        {
          "ans": "Drinks Too Much",
          "pnt": 15
        },
        {
          "ans": "Bad Hygeine",
          "pnt": 12
        },
        {
          "ans": "Smokes",
          "pnt": 5
        }
      ],
      "multiply": 2,
      "question": "Name A Specific Quality That Would Make Your Buddy A Bad Wing Man"
    },
    {
      "answers": [
        {
          "ans": "School ",
          "pnt": 50
        },
        {
          "ans": "Pupils ",
          "pnt": 33
        },
        {
          "ans": "The Cane ",
          "pnt": 21
        },
        {
          "ans": "Detention ",
          "pnt": 14
        }
      ],
      "multiply": 2,
      "question": "Name Something You Associate With A Headmaster"
    }
  ],
  "final_round": [
    {
      "answers": [
        [
          "A Hat ",
          49
        ],
        [
          "Boots ",
          32
        ],
        [
          "Spurs ",
          21
        ],
        [
          "Chaps ",
          14
        ],
        [
          "Jeans ",
          9
        ]
      ],
      "question": "Name Something A Rodeo Rider Might Wear"
    },
    {
      "answers": [
        [
          "Pink",
          65
        ],
        [
          "Purple",
          18
        ],
        [
          "Yellow",
          9
        ],
        [
          "Red",
          5
        ]
      ],
      "question": "Name A Color Some Men Never Wear"
    },
    {
      "answers": [
        [
          "Lazy",
          37
        ],
        [
          "Slacker",
          22
        ],
        [
          "Free Loader",
          13
        ],
        [
          "Bum",
          11
        ],
        [
          "Deadbeat",
          9
        ],
        [
          "Leech",
          6
        ]
      ],
      "question": "Name A Word That Describes Someone Who Doesn’t Pull Their Own Weight"
    },
    {
      "answers": [
        [
          "Oil",
          44
        ],
        [
          "Gas",
          20
        ],
        [
          "Engine",
          15
        ],
        [
          "Brakes",
          6
        ],
        [
          "Tires",
          6
        ],
        [
          "Battery",
          4
        ]
      ],
      "question": "What Do You Need To Check To Ensure That Your Car Runs Properly?"
    }
  ],
  "final_round_timers": [
    20,
    25
  ]
}