{
  "rounds": [
    {
      "answers": [
        {
          "ans": "Flashlight",
          "pnt": 51
        },
        {
          "ans": "Phone",
          "pnt": 33
        },
        {
          "ans": "First Aid KIt",
          "pnt": 22
        },
        {
          "ans": "Spare Tire",
          "pnt": 14
        },
        {
          "ans": "Blanket",
          "pnt": 9
        },
        {
          "ans": "Jumper Cables",
          "pnt": 6
        },
        {
          "ans": "Flares",
          "pnt": 4
        }
      ],
      "multiply": 1,
      "question": "Name Something You Should Always Have Handy In Your Car In Case Of An Emergency"
    },
    {
      "answers": [
        {
          "ans": "No Kids",
          "pnt": 39
        },
        {
          "ans": "Job’s Not Suitable",
          "pnt": 18
        },
        {
          "ans": "No Job",
          "pnt": 18
        },
        {
          "ans": "Naughty Kid",
          "pnt": 11
        },
        {
          "ans": "Too Busy At Work",
          "pnt": 7
        },
        {
          "ans": "Boring Job",
          "pnt": 5
        }
      ],
      "multiply": 1,
      "question": "Name A Reason Why You Might Not Participate In Take-Your-Child-To-Work Day."
    },
    {
      "answers": [
        {
          "ans": "Copper ",
          "pnt": 55
        },
        {
          "ans": "Bill ",
          "pnt": 36
        },
        {
          "ans": "Pigs ",
          "pnt": 23
        },
        {
          "ans": "Mr Plod ",
          "pnt": 15
        },
        {
          "ans": "Sweeney ",
          "pnt": 10
        },
        {
          "ans": "The Fuzz ",
          "pnt": 6
        }
      ],
      "multiply": 1,
      "question": "Name Another Word For A Policeman Or Woman"
    },
    {
      "answers": [
        {
          "ans": "Gas Station",
          "pnt": 43
        },
        {
          "ans": "Park",
          "pnt": 28
        },
        {
          "ans": "Mall",
          "pnt": 18
        },
        {
          "ans": "Bar",
          "pnt": 12
        },
        {
          "ans": "Beach",
          "pnt": 8
        },
        {
          "ans": "Restaurant",
          "pnt": 5
        },
        {
          "ans": "Train Station",
          "pnt": 3
        }
      ],
      "multiply": 2,
      "question": "Name A Public Place Where Bathrooms Are Disgusting"
    },
    {
      "answers": [
        {
          "ans": "Trees ",
          "pnt": 40
        },
        {
          "ans": "Furniture ",
          "pnt": 26
        },
        {
          "ans": "Cones ",
          "pnt": 17
        },
        {
          "ans": "Table ",
          "pnt": 11
        },
        {
          "ans": "Forest ",
          "pnt": 7
        }
      ],
      "multiply": 2,
      "question": "Name Something You Associate With Pine"
    },
    {
      "answers": [
        {
          "ans": "Money",
          "pnt": 60
        },
        {
          "ans": "Intimacy",
          "pnt": 16
        },
        {
          "ans": "Time",
          "pnt": 13
        },
        {
          "ans": "Privacy",
          "pnt": 5
        },
        {
          "ans": "Partners Love",
          "pnt": 5
        }
      ],
      "multiply": 2,
      "question": "Name Something A Couple Might Worry About Having Less Of Once They Have Children"
    }
  ],
  "final_round": [
    {
      "answers": [
        [
          "Eat ",
          53
        ],
        [
          "Drink ",
          34
        ],
        [
          "Talk ",
          23
        ],
        [
          "Read ",
          15
        ],
        [
          "Dance ",
          10
        ]
      ],
      "question": "Name Something People Do In A Restaurant"
    },
    {
      "answers": [
        [
          "Jumping Jacks",
          39
        ],
        [
          "Run",
          27
        ],
        [
          "Push Ups",
          23
        ],
        [
          "Sit Ups",
          6
        ],
        [
          "Pull Ups",
          3
        ]
      ],
      "question": "Name An Exercise High School Gym Teachers Make You Do."
    },
    {
      "answers": [
        [
          "Mail",
          72
        ],
        [
          "Tell Parents",
          8
        ],
        [
          "Email",
          6
        ],
        [
          "Tell Santa",
          4
        ],
        [
          "Prayers",
          2
        ],
        [
          "Leave Under The Tree",
          2
        ]
      ],
      "question": "Name A Way Children Submit Their Wishlists To Santa."
    },
    {
      "answers": [
        [
          "Television",
          49
        ],
        [
          "Lights",
          34
        ],
        [
          "Water",
          5
        ],
        [
          "Stove",
          5
        ],
        [
          "Microwave",
          3
        ],
        [
          "Radio",
          2
        ],
        [
          "Dishwasher",
          2
        ]
      ],
      "question": "Name Something In Your Home You Probably Turn On Every Day."
    }
  ],
  "final_round_timers": [
    20,
    25
  ]
}