{
  "rounds": [
    {
      "answers": [
        {
          "ans": "Break Window",
          "pnt": 42
        },
        {
          "ans": "Locksmith",
          "pnt": 27
        },
        {
          "ans": "Coat Hangar",
          "pnt": 18
        },
        {
          "ans": "Spare Key",
          "pnt": 12
        }
      ],
      "multiply": 1,
      "question": "Name Way To Get Into Car If You Leave Keys Inside"
    },
    {
      "answers": [
        {
          "ans": "Credit Card",
          "pnt": 31
        },
        {
          "ans": "Electric/Lights",
          "pnt": 23
        },
        {
          "ans": "Food",
          "pnt": 19
        },
        {
          "ans": "Phone",
          "pnt": 11
        },
        {
          "ans": "Transportation/Gas",
          "pnt": 8
        },
        {
          "ans": "Heat",
          "pnt": 5
        }
      ],
      "multiply": 1,
      "question": "Which Of Your Usual Bills Increase Over The Holidays?"
    },
    {
      "answers": [
        {
          "ans": "Water ",
          "pnt": 46
        },
        {
          "ans": "Tobacco ",
          "pnt": 30
        },
        {
          "ans": "Bag ",
          "pnt": 20
        },
        {
          "ans": "Wind ",
          "pnt": 13
        },
        {
          "ans": "Hose ",
          "pnt": 8
        }
      ],
      "multiply": 1,
      "question": "Name A Type Of Pipe"
    },
    {
      "answers": [
        {
          "ans": "Salad",
          "pnt": 58
        },
        {
          "ans": "Celery",
          "pnt": 7
        },
        {
          "ans": "Oranges",
          "pnt": 7
        },
        {
          "ans": "Carrots",
          "pnt": 7
        },
        {
          "ans": "Apple",
          "pnt": 6
        },
        {
          "ans": "Broccoli",
          "pnt": 6
        }
      ],
      "multiply": 2,
      "question": "Name A Specific Food That You Eat A Lot Of When You’re On A Diet."
    },
    {
      "answers": [
        {
          "ans": "Oak",
          "pnt": 33
        },
        {
          "ans": "Maple",
          "pnt": 22
        },
        {
          "ans": "Pine",
          "pnt": 15
        },
        {
          "ans": "Apple",
          "pnt": 14
        },
        {
          "ans": "Evergreen",
          "pnt": 6
        },
        {
          "ans": "Spruce",
          "pnt": 5
        },
        {
          "ans": "Elm",
          "pnt": 4
        }
      ],
      "multiply": 2,
      "question": "Name A Type Of Tree That Looks Pretty In The Fall."
    },
    {
      "answers": [
        {
          "ans": "Boxers",
          "pnt": 41
        },
        {
          "ans": "Jock Strap",
          "pnt": 27
        },
        {
          "ans": "Tie",
          "pnt": 18
        },
        {
          "ans": "Jacket",
          "pnt": 10
        }
      ],
      "multiply": 2,
      "question": "Name An Article Of Clothing That Is Usually Only Worn By Men"
    }
  ],
  "final_round": [
    {
      "answers": [
        [
          "Belt ",
          43
        ],
        [
          "Fat Tummy ",
          28
        ],
        [
          "String ",
          18
        ],
        [
          "Braces ",
          12
        ],
        [
          "Rope ",
          8
        ]
      ],
      "question": "Name A Way Of Holding Up Your Trousers"
    },
    {
      "answers": [
        [
          "Captain",
          52
        ],
        [
          "Food Server",
          18
        ],
        [
          "Cook",
          12
        ],
        [
          "Housekeeper",
          7
        ],
        [
          "Bartender",
          4
        ],
        [
          "Lifeguard",
          3
        ],
        [
          "Entertainer",
          3
        ]
      ],
      "question": "Name The Most Stressful Job To Have On A Cruise Ship"
    },
    {
      "answers": [
        [
          "Alarm/Clock",
          55
        ],
        [
          "Table",
          23
        ],
        [
          "TV/Tivo",
          12
        ],
        [
          "VCR/DVD Player",
          5
        ]
      ],
      "question": "Name Something In Your House That Can Be Set."
    },
    {
      "answers": [
        [
          "Flour",
          28
        ],
        [
          "Eggs",
          17
        ],
        [
          "Butter",
          13
        ],
        [
          "Milk",
          11
        ],
        [
          "Syrup",
          10
        ],
        [
          "Batter",
          9
        ],
        [
          "Pancake Mix",
          8
        ]
      ],
      "question": "Name Something You’d Need If You Were Making Pancakes"
    }
  ],
  "final_round_timers": [
    20,
    25
  ]
}