{
  "rounds": [
    {
      "answers": [
        {
          "ans": "Sing Carols",
          "pnt": 29
        },
        {
          "ans": "Go To Church",
          "pnt": 21
        },
        {
          "ans": "Party",
          "pnt": 15
        },
        {
          "ans": "Eat",
          "pnt": 9
        },
        {
          "ans": "Trim The Tree",
          "pnt": 7
        },
        {
          "ans": "Visit Family",
          "pnt": 6
        },
        {
          "ans": "Wrap Presents",
          "pnt": 6
        }
      ],
      "multiply": 1,
      "question": "Name An Activity People Do On Christmas Eve"
    },
    {
      "answers": [
        {
          "ans": "Dog",
          "pnt": 54
        },
        {
          "ans": "Bird",
          "pnt": 17
        },
        {
          "ans": "Children",
          "pnt": 8
        },
        {
          "ans": "People",
          "pnt": 7
        },
        {
          "ans": "Fish",
          "pnt": 4
        },
        {
          "ans": "Horse",
          "pnt": 3
        }
      ],
      "multiply": 1,
      "question": "Name Something That Needs To Be Fed."
    },
    {
      "answers": [
        {
          "ans": "Teacher",
          "pnt": 31
        },
        {
          "ans": "Doctor",
          "pnt": 24
        },
        {
          "ans": "Customer Service",
          "pnt": 14
        },
        {
          "ans": "Food Server",
          "pnt": 8
        },
        {
          "ans": "Therapist",
          "pnt": 7
        },
        {
          "ans": "Nurse",
          "pnt": 5
        },
        {
          "ans": "Salesperson",
          "pnt": 5
        }
      ],
      "multiply": 1,
      "question": "Name An Occupation You Associate With Having A Positive Attitude"
    },
    {
      "answers": [
        {
          "ans": "Affection",
          "pnt": 33
        },
        {
          "ans": "Dating",
          "pnt": 18
        },
        {
          "ans": "Romance",
          "pnt": 14
        },
        {
          "ans": "Talking",
          "pnt": 12
        },
        {
          "ans": "Fun",
          "pnt": 9
        },
        {
          "ans": "Flirting",
          "pnt": 5
        }
      ],
      "multiply": 2,
      "question": "Name Something That Usually Stops After A Couple Gets Married"
    },
    {
      "answers": [
        {
          "ans": "Feet",
          "pnt": 35
        },
        {
          "ans": "Belly",
          "pnt": 33
        },
        {
          "ans": "Ankles",
          "pnt": 18
        },
        {
          "ans": "Face",
          "pnt": 3
        },
        {
          "ans": "Hands",
          "pnt": 3
        }
      ],
      "multiply": 2,
      "question": "Name A Body Part That Swells On A Pregnant Woman"
    },
    {
      "answers": [
        {
          "ans": "Bottle ",
          "pnt": 55
        },
        {
          "ans": "Fuel Tank ",
          "pnt": 36
        },
        {
          "ans": "Prescription ",
          "pnt": 23
        },
        {
          "ans": "Coffee Cup ",
          "pnt": 15
        },
        {
          "ans": "Glass ",
          "pnt": 10
        },
        {
          "ans": "A Pen ",
          "pnt": 6
        }
      ],
      "multiply": 2,
      "question": "Name Something you Refill"
    }
  ],
  "final_round": [
    {
      "answers": [
        [
          "Howard Stern",
          61
        ],
        [
          "Howard Hughs",
          14
        ],
        [
          "Howard Cosell",
          8
        ],
        [
          "Howard johnson",
          6
        ],
        [
          "Howard The Duck",
          5
        ]
      ],
      "question": "Name A Famous Howard."
    },
    {
      "answers": [
        [
          "Vacuum",
          38
        ],
        [
          "Broom",
          21
        ],
        [
          "Mop",
          21
        ],
        [
          "Dust Cloth",
          9
        ],
        [
          "Cleaner",
          5
        ]
      ],
      "question": "Name Something A Housekeeper Uses As Part Of Her Job"
    },
    {
      "answers": [
        [
          "Nap",
          54
        ],
        [
          "Clean",
          27
        ],
        [
          "Spend Time Togeather",
          8
        ],
        [
          "Shower",
          6
        ]
      ],
      "question": "Name Something A New Parent Tries To Do While The Baby Is Napping."
    },
    {
      "answers": [
        [
          "Spot",
          31
        ],
        [
          "Fido",
          29
        ],
        [
          "Rover",
          17
        ],
        [
          "Fluffy",
          8
        ],
        [
          "Spike",
          5
        ],
        [
          "Buster",
          3
        ]
      ],
      "question": "Tell Me A Name You Might Give Your Pet That You’d Hate To Have As Your Name"
    }
  ],
  "final_round_timers": [
    20,
    25
  ]
}