{
  "rounds": [
    {
      "answers": [
        {
          "ans": "Work",
          "pnt": 40
        },
        {
          "ans": "Church",
          "pnt": 21
        },
        {
          "ans": "School",
          "pnt": 10
        },
        {
          "ans": "Car",
          "pnt": 9
        },
        {
          "ans": "Movies",
          "pnt": 9
        },
        {
          "ans": "Airplane",
          "pnt": 5
        },
        {
          "ans": "Pool",
          "pnt": 4
        }
      ],
      "multiply": 1,
      "question": "Tell Me A Place You Would Dread Being When Your Laxative Kicks In"
    },
    {
      "answers": [
        {
          "ans": "Toaster",
          "pnt": 27
        },
        {
          "ans": "Stove",
          "pnt": 24
        },
        {
          "ans": "Microwave",
          "pnt": 23
        },
        {
          "ans": "Refrigerator",
          "pnt": 16
        },
        {
          "ans": "Dishwasher",
          "pnt": 8
        }
      ],
      "multiply": 1,
      "question": "Name An Appliance You Have Only One Of."
    },
    {
      "answers": [
        {
          "ans": "Post Signs",
          "pnt": 33
        },
        {
          "ans": "Look For Him",
          "pnt": 28
        },
        {
          "ans": "Be Sad/Cry",
          "pnt": 27
        },
        {
          "ans": "Call Humane Society",
          "pnt": 5
        },
        {
          "ans": "Call Police",
          "pnt": 4
        },
        {
          "ans": "Place An Ad",
          "pnt": 3
        }
      ],
      "multiply": 1,
      "question": "Name Something People Do When They’ve Lost A Pet."
    },
    {
      "answers": [
        {
          "ans": "Monster",
          "pnt": 43
        },
        {
          "ans": "Snake",
          "pnt": 16
        },
        {
          "ans": "Rotting Food",
          "pnt": 12
        },
        {
          "ans": "Spider",
          "pnt": 10
        },
        {
          "ans": "Rodent",
          "pnt": 8
        },
        {
          "ans": "Dust",
          "pnt": 4
        },
        {
          "ans": "Person",
          "pnt": 3
        }
      ],
      "multiply": 2,
      "question": "Name something you would hate to find under your bed."
    },
    {
      "answers": [
        {
          "ans": "Lifeguard",
          "pnt": 31
        },
        {
          "ans": "Swim Coach",
          "pnt": 18
        },
        {
          "ans": "Swimmer",
          "pnt": 17
        },
        {
          "ans": "Fisherman",
          "pnt": 10
        },
        {
          "ans": "Pool Cleaner",
          "pnt": 6
        },
        {
          "ans": "Plumber",
          "pnt": 5
        },
        {
          "ans": "Marine Biologist",
          "pnt": 4
        }
      ],
      "multiply": 2,
      "question": "Name A Job Aquaman Could Do If He Couldnâ€™T Be A Superhero Anymore"
    },
    {
      "answers": [
        {
          "ans": "Newspaper ",
          "pnt": 56
        },
        {
          "ans": "On TV ",
          "pnt": 36
        },
        {
          "ans": "On A Billboard ",
          "pnt": 24
        }
      ],
      "multiply": 2,
      "question": "Name A Place Where You Might See An Advertisement"
    }
  ],
  "final_round": [
    {
      "answers": [
        [
          "TV",
          53
        ],
        [
          "Computer",
          34
        ],
        [
          "Microwave",
          23
        ],
        [
          "Dishwasher",
          15
        ]
      ],
      "question": "Name Something You Expect To Find In A Modern Home"
    },
    {
      "answers": [
        [
          "A Whale ",
          41
        ],
        [
          "Boat ",
          27
        ],
        [
          "Shells ",
          17
        ],
        [
          "Seaweed ",
          11
        ],
        [
          "Jelly Fish ",
          7
        ]
      ],
      "question": "Name Something That Is Found Beached On The Shore"
    },
    {
      "answers": [
        [
          "Euros",
          24
        ],
        [
          "Pound",
          22
        ],
        [
          "Yen",
          21
        ],
        [
          "Pesos",
          15
        ],
        [
          "Francs",
          13
        ],
        [
          "Rupees",
          5
        ]
      ],
      "question": "Name A Unit Of Currency That’s Used In A Foreign Country"
    },
    {
      "answers": [
        [
          "Bear",
          54
        ],
        [
          "Lion",
          35
        ],
        [
          "Tiger",
          23
        ],
        [
          "Shark",
          15
        ]
      ],
      "question": "Name A Large Animal That Many People Are Afraid Of"
    }
  ],
  "final_round_timers": [
    20,
    25
  ]
}