{
  "rounds": [
    {
      "answers": [
        {
          "ans": "How They Look",
          "pnt": 56
        },
        {
          "ans": "Being Faithful",
          "pnt": 21
        },
        {
          "ans": "Satisfaction In Bed",
          "pnt": 11
        },
        {
          "ans": "Ex",
          "pnt": 7
        }
      ],
      "multiply": 1,
      "question": "Name Something It Might Be Ok to Lie To A Partner About In Order To Spare Their Feelings."
    },
    {
      "answers": [
        {
          "ans": "Rudolph",
          "pnt": 52
        },
        {
          "ans": "Donder",
          "pnt": 10
        },
        {
          "ans": "Blitzen",
          "pnt": 9
        },
        {
          "ans": "Dancer",
          "pnt": 8
        },
        {
          "ans": "Vixen",
          "pnt": 7
        },
        {
          "ans": "Cupid",
          "pnt": 6
        },
        {
          "ans": "Prancer",
          "pnt": 5
        }
      ],
      "multiply": 1,
      "question": "Name One Of Santa’s Reindeer"
    },
    {
      "answers": [
        {
          "ans": "Pasta",
          "pnt": 38
        },
        {
          "ans": "Soup",
          "pnt": 35
        },
        {
          "ans": "Chili",
          "pnt": 17
        },
        {
          "ans": "Eggs",
          "pnt": 8
        }
      ],
      "multiply": 1,
      "question": "Name Something That Would Be Very Messy If You Put It In The Microwave Uncovered"
    },
    {
      "answers": [
        {
          "ans": "Lay Down",
          "pnt": 50
        },
        {
          "ans": "Drink",
          "pnt": 33
        },
        {
          "ans": "Smile",
          "pnt": 21
        },
        {
          "ans": "Eat",
          "pnt": 14
        },
        {
          "ans": "Cry",
          "pnt": 9
        },
        {
          "ans": "Talk About It",
          "pnt": 6
        }
      ],
      "multiply": 2,
      "question": "You’ve Had A Bad Day, Name Something You’re Told To Do To Make You Feel Better"
    },
    {
      "answers": [
        {
          "ans": "Ball And Chain",
          "pnt": 57
        },
        {
          "ans": "Tie The Knot",
          "pnt": 23
        },
        {
          "ans": "Hitched",
          "pnt": 12
        },
        {
          "ans": "Tied Down",
          "pnt": 3
        }
      ],
      "multiply": 2,
      "question": "Name A Synonym For Marriage That Doesn’t Make It Sound Fun."
    },
    {
      "answers": [
        {
          "ans": "Model",
          "pnt": 27
        },
        {
          "ans": "Director",
          "pnt": 21
        },
        {
          "ans": "Singer",
          "pnt": 14
        },
        {
          "ans": "Hollywood Manager",
          "pnt": 10
        },
        {
          "ans": "Athlete",
          "pnt": 6
        },
        {
          "ans": "Producer",
          "pnt": 5
        },
        {
          "ans": "Writer",
          "pnt": 4
        }
      ],
      "multiply": 2,
      "question": "Aside From Other Movie Stars, Name A Common Profession For Movie Star Spouses."
    }
  ],
  "final_round": [
    {
      "answers": [
        [
          "Eyes",
          40
        ],
        [
          "Green Skin",
          26
        ],
        [
          "Head",
          17
        ],
        [
          "Ears",
          11
        ],
        [
          "Antenna",
          7
        ]
      ],
      "question": "Which Physical Characteristics Would Tell You Someone Is An Alien?"
    },
    {
      "answers": [
        [
          "Plant",
          27
        ],
        [
          "Vase With Flowers",
          19
        ],
        [
          "Fruit Basket",
          15
        ],
        [
          "Linens",
          13
        ],
        [
          "Bottle Of Wine",
          11
        ],
        [
          "Toaster",
          10
        ],
        [
          "Dishes",
          5
        ]
      ],
      "question": "Name Something People Give As A Housewarming Gift."
    },
    {
      "answers": [
        [
          "Balloon ",
          49
        ],
        [
          "Bucket ",
          32
        ],
        [
          "Roof ",
          21
        ]
      ],
      "question": "Name Something That Doesn't Work If It Has A Hole In It"
    },
    {
      "answers": [
        [
          "Money",
          42
        ],
        [
          "Life",
          27
        ],
        [
          "Relationships",
          18
        ],
        [
          "Driving",
          12
        ],
        [
          "Drinking",
          7
        ]
      ],
      "question": "Name Something You Are Smarter About Now Than When You Were A Teenager"
    }
  ],
  "final_round_timers": [
    20,
    25
  ]
}