{
  "rounds": [
    {
      "answers": [
        {
          "ans": "Diet",
          "pnt": 53
        },
        {
          "ans": "Exercise",
          "pnt": 15
        },
        {
          "ans": "Plastic Surgery",
          "pnt": 12
        },
        {
          "ans": "Get Head Shots",
          "pnt": 6
        },
        {
          "ans": "Wear Stylish Clothes",
          "pnt": 4
        }
      ],
      "multiply": 1,
      "question": "What Might A Woman Have To Do In Order To Become A Supermodel?"
    },
    {
      "answers": [
        {
          "ans": "Darth Vaders Son",
          "pnt": 30
        },
        {
          "ans": "Star Wars",
          "pnt": 29
        },
        {
          "ans": "Becomes A Jedi",
          "pnt": 17
        },
        {
          "ans": "Uses The Force",
          "pnt": 6
        },
        {
          "ans": "Droid is R2 D2",
          "pnt": 5
        },
        {
          "ans": "Pilot",
          "pnt": 4
        },
        {
          "ans": "Destroys Death Star",
          "pnt": 2
        }
      ],
      "multiply": 1,
      "question": "Name Something People Know About Luke Skywalker"
    },
    {
      "answers": [
        {
          "ans": "Socks",
          "pnt": 42
        },
        {
          "ans": "Underwear",
          "pnt": 27
        },
        {
          "ans": "Jewelry",
          "pnt": 18
        },
        {
          "ans": "Shoes",
          "pnt": 12
        },
        {
          "ans": "Athletic Supporter",
          "pnt": 7
        }
      ],
      "multiply": 1,
      "question": "Name Something A Pro Athlete Might Wear That’s Lucky"
    },
    {
      "answers": [
        {
          "ans": 40,
          "pnt": 35
        },
        {
          "ans": 45,
          "pnt": 21
        },
        {
          "ans": 50,
          "pnt": 20
        },
        {
          "ans": 30,
          "pnt": 7
        },
        {
          "ans": 35,
          "pnt": 5
        }
      ],
      "multiply": 2,
      "question": "At What Age Might A Man Have Midlifecrisis?"
    },
    {
      "answers": [
        {
          "ans": "Clothes",
          "pnt": 44
        },
        {
          "ans": "Name",
          "pnt": 29
        },
        {
          "ans": "Decorate Room",
          "pnt": 19
        },
        {
          "ans": "Curious",
          "pnt": 12
        }
      ],
      "multiply": 2,
      "question": "Name A Reason Why Parents Want Know Sex Of Baby"
    },
    {
      "answers": [
        {
          "ans": "Baby Food",
          "pnt": 59
        },
        {
          "ans": "Clothes",
          "pnt": 38
        },
        {
          "ans": "Blanket",
          "pnt": 25
        },
        {
          "ans": "Diapers",
          "pnt": 16
        }
      ],
      "multiply": 2,
      "question": "Something People Make For Babies Instead Of Buying"
    }
  ],
  "final_round": [
    {
      "answers": [
        [
          "Partridge",
          40
        ],
        [
          "Golden Rings",
          36
        ],
        [
          "Turtle Doves",
          10
        ],
        [
          "Geese A Laying",
          5
        ],
        [
          "Swans A Swimming",
          4
        ],
        [
          "Maids A Milking",
          3
        ]
      ],
      "question": "Name One Of The Gifts From The Song “The Twelve Days Of Christmas”"
    },
    {
      "answers": [
        [
          "Bone",
          48
        ],
        [
          "Shoes",
          39
        ],
        [
          "Furniture",
          4
        ],
        [
          "Toys",
          4
        ],
        [
          "Food",
          2
        ],
        [
          "Ball",
          2
        ]
      ],
      "question": "Name Something A Puppy Likes To Chew On"
    },
    {
      "answers": [
        [
          "Lemon ",
          47
        ],
        [
          "Orange ",
          31
        ],
        [
          "Lime ",
          20
        ]
      ],
      "question": "Name Something That Has A Bitter Taste"
    },
    {
      "answers": [
        [
          "Milk",
          64
        ],
        [
          "Eggs",
          16
        ],
        [
          "Cigarettes",
          7
        ],
        [
          "Juice",
          4
        ]
      ],
      "question": "Name Something That Comes In A Carton"
    }
  ],
  "final_round_timers": [
    20,
    25
  ]
}