{
  "rounds": [
    {
      "answers": [
        {
          "ans": "Work",
          "pnt": 28
        },
        {
          "ans": "Family Members",
          "pnt": 26
        },
        {
          "ans": "School",
          "pnt": 22
        },
        {
          "ans": "Old Times",
          "pnt": 11
        },
        {
          "ans": "Food",
          "pnt": 10
        }
      ],
      "multiply": 1,
      "question": "Name Something Most Families Talk About When They Get Together."
    },
    {
      "answers": [
        {
          "ans": "Donald Duck ",
          "pnt": 55
        },
        {
          "ans": "Daffy Duck ",
          "pnt": 36
        },
        {
          "ans": "Golden Duck ",
          "pnt": 23
        },
        {
          "ans": "Ed The Duck ",
          "pnt": 15
        },
        {
          "ans": "Jemima Puddleduck",
          "pnt": 10
        },
        {
          "ans": "Toilet Duck ",
          "pnt": 6
        }
      ],
      "multiply": 1,
      "question": "Name A Famous Duck"
    },
    {
      "answers": [
        {
          "ans": "Gel",
          "pnt": 42
        },
        {
          "ans": "Mousse",
          "pnt": 24
        },
        {
          "ans": "Grease",
          "pnt": 10
        },
        {
          "ans": "Shampoo",
          "pnt": 7
        },
        {
          "ans": "Hair Spray",
          "pnt": 7
        },
        {
          "ans": "Dye",
          "pnt": 5
        },
        {
          "ans": "Oil",
          "pnt": 3
        }
      ],
      "multiply": 1,
      "question": "Name Something A Man Might Put In His Hair."
    },
    {
      "answers": [
        {
          "ans": "Romeo & Juliet",
          "pnt": 34
        },
        {
          "ans": "Hamlet",
          "pnt": 24
        },
        {
          "ans": "Othello",
          "pnt": 14
        },
        {
          "ans": "Macbeth",
          "pnt": 9
        },
        {
          "ans": "Taming Of The Shrew",
          "pnt": 7
        },
        {
          "ans": "Midsummer Nights Dream",
          "pnt": 5
        },
        {
          "ans": "Much Ado About Nothing",
          "pnt": 4
        }
      ],
      "multiply": 2,
      "question": "Name A Shakespeare Play Which Was Made Into A Movie"
    },
    {
      "answers": [
        {
          "ans": "Money",
          "pnt": 33
        },
        {
          "ans": "Social Graces",
          "pnt": 22
        },
        {
          "ans": "Good Job",
          "pnt": 19
        },
        {
          "ans": "Appearance",
          "pnt": 13
        },
        {
          "ans": "Maturity",
          "pnt": 6
        },
        {
          "ans": "Well Dressed",
          "pnt": 3
        },
        {
          "ans": "Education",
          "pnt": 3
        }
      ],
      "multiply": 2,
      "question": "Name Something Your Parents Look For In Your Date, Although You May Not"
    },
    {
      "answers": [
        {
          "ans": "Clock Radio ",
          "pnt": 44
        },
        {
          "ans": "Car ",
          "pnt": 29
        },
        {
          "ans": "Smoke Detector ",
          "pnt": 19
        },
        {
          "ans": "Watch ",
          "pnt": 12
        },
        {
          "ans": "Bank Vault ",
          "pnt": 8
        },
        {
          "ans": "House ",
          "pnt": 5
        }
      ],
      "multiply": 2,
      "question": "Name Something That Has An Alarm"
    }
  ],
  "final_round": [
    {
      "answers": [
        [
          "Plumber",
          43
        ],
        [
          "Carpenter",
          28
        ],
        [
          "Doctor",
          18
        ],
        [
          "Housekeeper",
          12
        ],
        [
          "Chef",
          8
        ],
        [
          "Mechanic",
          5
        ],
        [
          "Electrician",
          3
        ]
      ],
      "question": "What Profession Would You Want Mate To Have Useful House"
    },
    {
      "answers": [
        [
          "Santa’s House",
          41
        ],
        [
          "Elves/workshop",
          28
        ],
        [
          "Polar Bears",
          26
        ],
        [
          "Reindeer",
          3
        ]
      ],
      "question": "If the North Pole gave guided tours,what specifically would be on the tour?"
    },
    {
      "answers": [
        [
          "Bills",
          58
        ],
        [
          "Fat",
          38
        ],
        [
          "Stress",
          25
        ],
        [
          "Work",
          16
        ],
        [
          "Problems",
          11
        ]
      ],
      "question": "What Would You Prefer To Have Less Of"
    },
    {
      "answers": [
        [
          "Doctor",
          61
        ],
        [
          "Pilot",
          21
        ],
        [
          "Lawyer",
          7
        ],
        [
          "Police Officer",
          7
        ]
      ],
      "question": "Name An Occupation That You Hope Is Great At Their Job 100% Of The Time."
    }
  ],
  "final_round_timers": [
    20,
    25
  ]
}