{
  "rounds": [
    {
      "answers": [
        {
          "ans": "Sushi ",
          "pnt": 50
        },
        {
          "ans": "Kimono ",
          "pnt": 33
        },
        {
          "ans": "Sake ",
          "pnt": 21
        },
        {
          "ans": "Cars ",
          "pnt": 14
        },
        {
          "ans": "Bonsai ",
          "pnt": 9
        },
        {
          "ans": "Karate ",
          "pnt": 6
        }
      ],
      "multiply": 1,
      "question": "Name Something Typically Japanese"
    },
    {
      "answers": [
        {
          "ans": "Drugs",
          "pnt": 65
        },
        {
          "ans": "Evidence",
          "pnt": 17
        },
        {
          "ans": "Weapon",
          "pnt": 13
        },
        {
          "ans": "Suspect",
          "pnt": 3
        }
      ],
      "multiply": 1,
      "question": "Name Something The Police Might Look For When They Search A Suspect’s House."
    },
    {
      "answers": [
        {
          "ans": "Home",
          "pnt": 37
        },
        {
          "ans": "Movie Theatre",
          "pnt": 28
        },
        {
          "ans": "Mall",
          "pnt": 17
        },
        {
          "ans": "Library",
          "pnt": 11
        },
        {
          "ans": "Museum",
          "pnt": 3
        },
        {
          "ans": "Gym",
          "pnt": 3
        }
      ],
      "multiply": 1,
      "question": "Name A Good Place To Spend The Day When It’s Raining Outside."
    },
    {
      "answers": [
        {
          "ans": "VCR",
          "pnt": 29
        },
        {
          "ans": "Typewriter",
          "pnt": 25
        },
        {
          "ans": "Record Player",
          "pnt": 13
        },
        {
          "ans": "Radio",
          "pnt": 13
        },
        {
          "ans": "Pader",
          "pnt": 11
        },
        {
          "ans": "Home Telephone",
          "pnt": 6
        }
      ],
      "multiply": 2,
      "question": "Name A Piece Of Equipment That Was Once Considered Modern Technology, But Few People Even Own Anymore"
    },
    {
      "answers": [
        {
          "ans": "Light Bulbs",
          "pnt": 56
        },
        {
          "ans": "Batteries",
          "pnt": 36
        },
        {
          "ans": "Toilet Paper",
          "pnt": 24
        },
        {
          "ans": "Groceries",
          "pnt": 16
        }
      ],
      "multiply": 2,
      "question": "Something In House That Needs To Be Replaced Regularly"
    },
    {
      "answers": [
        {
          "ans": "School",
          "pnt": 60
        },
        {
          "ans": "Church",
          "pnt": 25
        },
        {
          "ans": "Library",
          "pnt": 4
        },
        {
          "ans": "Singapore",
          "pnt": 3
        },
        {
          "ans": "Court",
          "pnt": 3
        }
      ],
      "multiply": 2,
      "question": "Name A Place Where You Would Not Be Allowed To Chew Gum."
    }
  ],
  "final_round": [
    {
      "answers": [
        [
          "Clothes / Shirts ",
          49
        ],
        [
          "Napkin ",
          32
        ],
        [
          "Paper ",
          21
        ],
        [
          "Towels ",
          14
        ],
        [
          "Sheet ",
          9
        ]
      ],
      "question": "Name Something That Can Be Folded"
    },
    {
      "answers": [
        [
          "Watermelon",
          24
        ],
        [
          "Milk",
          17
        ],
        [
          "Potatoes",
          15
        ],
        [
          "Turkey",
          14
        ],
        [
          "Pet Food",
          13
        ],
        [
          "Water",
          10
        ]
      ],
      "question": "Name The Heaviest Item You Buy At The Supermarket."
    },
    {
      "answers": [
        [
          "Heart",
          51
        ],
        [
          "Back/Spine",
          24
        ],
        [
          "Feet",
          6
        ],
        [
          "Eyes",
          4
        ],
        [
          "Kidneys",
          4
        ]
      ],
      "question": "Name A Specific Part Of Your Body That The Doctor Might Say To Take Better Care Of"
    },
    {
      "answers": [
        [
          "Zoo ",
          46
        ],
        [
          "Farm ",
          30
        ],
        [
          "Jungle ",
          20
        ],
        [
          "Pet Shop ",
          13
        ],
        [
          "Safari ",
          8
        ],
        [
          "Circus ",
          5
        ]
      ],
      "question": "Name A Place You'd Expect To See Animals"
    }
  ],
  "final_round_timers": [
    20,
    25
  ]
}