{
  "rounds": [
    {
      "answers": [
        {
          "ans": "Cinderella",
          "pnt": 37
        },
        {
          "ans": "Snow White",
          "pnt": 24
        },
        {
          "ans": "Little Red Riding Hood",
          "pnt": 19
        },
        {
          "ans": "Rapunzel",
          "pnt": 5
        },
        {
          "ans": "Goldy Locks",
          "pnt": 4
        },
        {
          "ans": "Sleeping Beauty",
          "pnt": 3
        }
      ],
      "multiply": 1,
      "question": "Name A Fairy Tale Character Whose Name Would Cause Her To Stand Out In The Real World."
    },
    {
      "answers": [
        {
          "ans": "Money ",
          "pnt": 55
        },
        {
          "ans": "Purse / Wallet ",
          "pnt": 36
        },
        {
          "ans": "List ",
          "pnt": 23
        },
        {
          "ans": "Bag ",
          "pnt": 15
        },
        {
          "ans": "The Kids ",
          "pnt": 10
        }
      ],
      "multiply": 1,
      "question": "Name Something You Take With You When You Go Shopping"
    },
    {
      "answers": [
        {
          "ans": "Drew Barrymore",
          "pnt": 56
        },
        {
          "ans": "Jodie Foster",
          "pnt": 14
        },
        {
          "ans": "Raven Symone",
          "pnt": 9
        },
        {
          "ans": "Ron Howard",
          "pnt": 8
        },
        {
          "ans": "Laurence Fishburne",
          "pnt": 6
        },
        {
          "ans": "Olsen Twins",
          "pnt": 4
        }
      ],
      "multiply": 1,
      "question": "Name A Child Actor Who Is Still Acting Or Working In Hollywood As An Adult"
    },
    {
      "answers": [
        {
          "ans": "Sea Shells ",
          "pnt": 57
        },
        {
          "ans": "A Body ",
          "pnt": 37
        },
        {
          "ans": "Whale ",
          "pnt": 24
        },
        {
          "ans": "A Bottle ",
          "pnt": 16
        },
        {
          "ans": "Litter ",
          "pnt": 10
        }
      ],
      "multiply": 2,
      "question": "Name Something That May Be Found Washed Up On the Beach"
    },
    {
      "answers": [
        {
          "ans": "Married?",
          "pnt": 31
        },
        {
          "ans": "How Are You?",
          "pnt": 29
        },
        {
          "ans": "Your Name Again…?",
          "pnt": 16
        },
        {
          "ans": "Have Kids?",
          "pnt": 12
        },
        {
          "ans": "What Do You Do?",
          "pnt": 9
        }
      ],
      "multiply": 2,
      "question": "Name Something You Want To Know When You Run Into A Friend You Haven’t Seen In Years?"
    },
    {
      "answers": [
        {
          "ans": "Beaches",
          "pnt": 28
        },
        {
          "ans": "Palm Trees",
          "pnt": 24
        },
        {
          "ans": "Sun",
          "pnt": 11
        },
        {
          "ans": "Movie Stars",
          "pnt": 11
        },
        {
          "ans": "Artists",
          "pnt": 9
        },
        {
          "ans": "Cars",
          "pnt": 6
        },
        {
          "ans": "Blondes",
          "pnt": 6
        }
      ],
      "multiply": 2,
      "question": "Name Something You’d See A Lot Of In California"
    }
  ],
  "final_round": [
    {
      "answers": [
        [
          "Paper Towels",
          32
        ],
        [
          "Napkins",
          24
        ],
        [
          "Paper Plates",
          17
        ],
        [
          "Toilet Paper",
          10
        ],
        [
          "Tissue",
          7
        ],
        [
          "Paper",
          5
        ],
        [
          "Notebook",
          4
        ]
      ],
      "question": "Name Something You Can Buy In The Paper Products Aisle At The Supermarket"
    },
    {
      "answers": [
        [
          "Garden",
          44
        ],
        [
          "Pool",
          39
        ],
        [
          "Lots Of Rooms",
          8
        ],
        [
          "Tennis Courts",
          7
        ]
      ],
      "question": "Name Something A Mansion Has That Requires Hired Help To Maintain."
    },
    {
      "answers": [
        [
          "Exercise",
          40
        ],
        [
          "Going Out",
          30
        ],
        [
          "Vacation",
          14
        ],
        [
          "Shopping",
          12
        ]
      ],
      "question": "When You’re Stuck In A Rut, Name An Activity That Can Pull You Out"
    },
    {
      "answers": [
        [
          "Dad",
          51
        ],
        [
          "Daddy",
          28
        ],
        [
          "Papa",
          10
        ],
        [
          "Pop",
          8
        ]
      ],
      "question": "Give Me Another Name That Kids Use For “Father”"
    }
  ],
  "final_round_timers": [
    20,
    25
  ]
}