{
  "rounds": [
    {
      "answers": [
        {
          "ans": "Great Wall",
          "pnt": 54
        },
        {
          "ans": "Panda",
          "pnt": 19
        },
        {
          "ans": "Dragon",
          "pnt": 13
        },
        {
          "ans": "Temple",
          "pnt": 4
        }
      ],
      "multiply": 1,
      "question": "If You Sent A Postcard From China, What Would Be Pictured On The Front?"
    },
    {
      "answers": [
        {
          "ans": "Vegetables/ Salad",
          "pnt": 45
        },
        {
          "ans": "Salt",
          "pnt": 36
        },
        {
          "ans": "Silverware/ Plates",
          "pnt": 11
        },
        {
          "ans": "Napkin/ Tablecloth",
          "pnt": 6
        }
      ],
      "multiply": 1,
      "question": "Name Something That’s On Your Dinner Table Every Night That The Dog Won’t Beg For."
    },
    {
      "answers": [
        {
          "ans": "Dinosaur Bones",
          "pnt": 41
        },
        {
          "ans": "Mummy",
          "pnt": 25
        },
        {
          "ans": "Paintings",
          "pnt": 20
        },
        {
          "ans": "Statues",
          "pnt": 6
        },
        {
          "ans": "Fossils",
          "pnt": 6
        }
      ],
      "multiply": 1,
      "question": "Name Something Very Old That You Find At Many Museums."
    },
    {
      "answers": [
        {
          "ans": "Name",
          "pnt": 30
        },
        {
          "ans": "Address",
          "pnt": 26
        },
        {
          "ans": "With Love",
          "pnt": 16
        },
        {
          "ans": "Miss You",
          "pnt": 14
        },
        {
          "ans": "Hi/Hello",
          "pnt": 11
        }
      ],
      "multiply": 2,
      "question": "Name Something That People Often Write On The Back Of Postcards"
    },
    {
      "answers": [
        {
          "ans": "Towels",
          "pnt": 32
        },
        {
          "ans": "Toilet Paper",
          "pnt": 24
        },
        {
          "ans": "Medicine",
          "pnt": 21
        },
        {
          "ans": "Toothpaste",
          "pnt": 9
        },
        {
          "ans": "Soap/Shampoo",
          "pnt": 6
        },
        {
          "ans": "Makeup",
          "pnt": 4
        }
      ],
      "multiply": 2,
      "question": "Name An Item You’d Expect To Find In A Bathroom Cabinet."
    },
    {
      "answers": [
        {
          "ans": "Photographer",
          "pnt": 41
        },
        {
          "ans": "Director",
          "pnt": 14
        },
        {
          "ans": "Artist",
          "pnt": 13
        },
        {
          "ans": "Actor",
          "pnt": 13
        },
        {
          "ans": "Musician",
          "pnt": 10
        },
        {
          "ans": "Screenwriter",
          "pnt": 4
        }
      ],
      "multiply": 2,
      "question": "Name An Occupation Where You Work In A Studio."
    }
  ],
  "final_round": [
    {
      "answers": [
        [
          "Gain A Lot Of Weight",
          59
        ],
        [
          "Train",
          19
        ],
        [
          "Work Out",
          14
        ],
        [
          "Visit Japan",
          8
        ]
      ],
      "question": "Name Something The Average Person Might Have To Do If They Wanted To Be A Sumo Wrestler."
    },
    {
      "answers": [
        [
          "Which Floor?",
          43
        ],
        [
          "Going Up?",
          36
        ],
        [
          "Hello",
          14
        ],
        [
          "Have A Nice Day",
          3
        ]
      ],
      "question": "Name Something An Elevator Operator Probably Gets Tired Of Saying"
    },
    {
      "answers": [
        [
          "Mashed Potatoes",
          29
        ],
        [
          "Yogurt",
          25
        ],
        [
          "Cataloupe",
          11
        ],
        [
          "Cottage Cheese",
          9
        ],
        [
          "Jello",
          8
        ],
        [
          "Rice",
          8
        ],
        [
          "Cereal",
          6
        ]
      ],
      "question": "Besides Ice Cream, Name A Food That Can Be Scooped."
    },
    {
      "answers": [
        [
          "Pacifier",
          38
        ],
        [
          "Ear Plugs",
          36
        ],
        [
          "Toys",
          19
        ],
        [
          "Headphones",
          6
        ]
      ],
      "question": "What Might You Want To Bring With You, When Babysitting An Infant Who Cries A Lot?"
    }
  ],
  "final_round_timers": [
    20,
    25
  ]
}