{
  "rounds": [
    {
      "answers": [
        {
          "ans": "Twigs",
          "pnt": 49
        },
        {
          "ans": "Mud",
          "pnt": 32
        },
        {
          "ans": "Leaves",
          "pnt": 21
        },
        {
          "ans": "Grass",
          "pnt": 14
        },
        {
          "ans": "Straw",
          "pnt": 9
        }
      ],
      "multiply": 1,
      "question": "Name A Substance Of Which Animals Make Home Of"
    },
    {
      "answers": [
        {
          "ans": "Flour ",
          "pnt": 47
        },
        {
          "ans": "Oven ",
          "pnt": 31
        },
        {
          "ans": "Eggs ",
          "pnt": 20
        },
        {
          "ans": "Tin ",
          "pnt": 13
        },
        {
          "ans": "Ingredients ",
          "pnt": 8
        }
      ],
      "multiply": 1,
      "question": "Name Something You Need To Bake A Cake"
    },
    {
      "answers": [
        {
          "ans": "Too Loud",
          "pnt": 52
        },
        {
          "ans": "Not Romantic",
          "pnt": 34
        },
        {
          "ans": "Too Expensive",
          "pnt": 5
        },
        {
          "ans": "Parents Disapprove",
          "pnt": 5
        }
      ],
      "multiply": 1,
      "question": "Name A Reason Why You Wouldn’t Want Metallica As Your Wedding Band"
    },
    {
      "answers": [
        {
          "ans": "Bear ",
          "pnt": 44
        },
        {
          "ans": "Goldfish ",
          "pnt": 29
        },
        {
          "ans": "Elephant ",
          "pnt": 19
        }
      ],
      "multiply": 2,
      "question": "Name Something You Might Win At A Fairground"
    },
    {
      "answers": [
        {
          "ans": "Principal",
          "pnt": 43
        },
        {
          "ans": "Detention",
          "pnt": 28
        },
        {
          "ans": "Time Out",
          "pnt": 18
        },
        {
          "ans": "Home",
          "pnt": 12
        },
        {
          "ans": "Reform School",
          "pnt": 8
        }
      ],
      "multiply": 2,
      "question": "Where Might A Child Be Sent If Misbehaving In School"
    },
    {
      "answers": [
        {
          "ans": "Broom",
          "pnt": 62
        },
        {
          "ans": "Mop",
          "pnt": 18
        },
        {
          "ans": "Plunger",
          "pnt": 12
        },
        {
          "ans": "Toilet Brush",
          "pnt": 4
        }
      ],
      "multiply": 2,
      "question": "If you heard a thump in the night,which cleaning tool might you grab for protection?"
    }
  ],
  "final_round": [
    {
      "answers": [
        [
          "Tight Rope",
          43
        ],
        [
          "Trapeze",
          28
        ],
        [
          "Taming Lion",
          12
        ],
        [
          "Sword Swallowing",
          9
        ],
        [
          "Eating Fire",
          7
        ]
      ],
      "question": "Name Something That A Circus Performer’s Parents Would Cringe At Seeing Him Perform."
    },
    {
      "answers": [
        [
          "BASEMENT",
          48
        ],
        [
          "CORNER",
          31
        ],
        [
          "ATTIC",
          20
        ],
        [
          "SPIDER WEB",
          13
        ],
        [
          "CLOSET",
          9
        ],
        [
          "CEILING",
          6
        ],
        [
          "GARAGE",
          3
        ]
      ],
      "question": "Name Somewhere You Would Look If You Wanted To Find A Spider"
    },
    {
      "answers": [
        [
          "Bob ",
          40
        ],
        [
          "Ben ",
          26
        ],
        [
          "Dan ",
          17
        ],
        [
          "Jim ",
          11
        ],
        [
          "Tim ",
          7
        ]
      ],
      "question": "Give Me A Mans Name That Is Only 3 Letters Long"
    },
    {
      "answers": [
        [
          "Babbermouth",
          39
        ],
        [
          "Big Mouth",
          31
        ],
        [
          "Motormouth",
          23
        ],
        [
          "Chatterbox",
          4
        ],
        [
          "Gossip",
          3
        ]
      ],
      "question": "Tell Me A Name People Use To Describe Someone Who Talks To Much"
    }
  ],
  "final_round_timers": [
    20,
    25
  ]
}