{
  "rounds": [
    {
      "answers": [
        {
          "ans": "Anniversary ",
          "pnt": 40
        },
        {
          "ans": "Apology ",
          "pnt": 26
        },
        {
          "ans": "Birthday ",
          "pnt": 17
        },
        {
          "ans": "Valentine's Day ",
          "pnt": 11
        },
        {
          "ans": "Say He Loves Her ",
          "pnt": 7
        }
      ],
      "multiply": 1,
      "question": "Name A Reason A Husband Might Send His Wife Flowers"
    },
    {
      "answers": [
        {
          "ans": "Chewing Gum ",
          "pnt": 43
        },
        {
          "ans": "Mouthwash ",
          "pnt": 28
        },
        {
          "ans": "Toothpaste / Toothbrush ",
          "pnt": 18
        },
        {
          "ans": "Pen ",
          "pnt": 12
        },
        {
          "ans": "Cutlery ",
          "pnt": 8
        },
        {
          "ans": "False Teeth ",
          "pnt": 5
        }
      ],
      "multiply": 1,
      "question": "Name Something You Put In Your Mouth But Dont Swallow"
    },
    {
      "answers": [
        {
          "ans": "License",
          "pnt": 45
        },
        {
          "ans": "Registration",
          "pnt": 29
        },
        {
          "ans": "Insurance",
          "pnt": 19
        },
        {
          "ans": "Cell Phone",
          "pnt": 12
        },
        {
          "ans": "Seat Belt",
          "pnt": 8
        }
      ],
      "multiply": 1,
      "question": "Name Something You Would Have To Be Without When Cops Pull Over"
    },
    {
      "answers": [
        {
          "ans": "Burglar",
          "pnt": 35
        },
        {
          "ans": "Pet",
          "pnt": 29
        },
        {
          "ans": "Santa Claus",
          "pnt": 18
        },
        {
          "ans": "Kid/ Teen",
          "pnt": 10
        },
        {
          "ans": "Police Officer",
          "pnt": 5
        }
      ],
      "multiply": 2,
      "question": "Who Or What Might Enter A House Without Using The Front Door?"
    },
    {
      "answers": [
        {
          "ans": "Leave Seat Up",
          "pnt": 34
        },
        {
          "ans": "Pee On Seat",
          "pnt": 26
        },
        {
          "ans": "Don’t Clean Sink",
          "pnt": 21
        },
        {
          "ans": "Cut Their Hair",
          "pnt": 5
        },
        {
          "ans": "Leave Underware",
          "pnt": 4
        },
        {
          "ans": "Read",
          "pnt": 3
        }
      ],
      "multiply": 2,
      "question": "Name Something Men Do In The Bathroom That Really Ticks Women Off."
    },
    {
      "answers": [
        {
          "ans": 10,
          "pnt": 11
        },
        {
          "ans": 12,
          "pnt": 13
        },
        {
          "ans": 14,
          "pnt": 15
        },
        {
          "ans": 16,
          "pnt": null
        }
      ],
      "multiply": 2,
      "question": "How Old Were You When You Had Your First Crush"
    }
  ],
  "final_round": [
    {
      "answers": [
        [
          "Chicken",
          39
        ],
        [
          "Chow Mein",
          19
        ],
        [
          "Chop Suey",
          11
        ],
        [
          "Fish",
          10
        ],
        [
          "Mu Shu Pork",
          9
        ],
        [
          "Beans",
          5
        ]
      ],
      "question": "Name A Food People Serve On A Bed Of Rice."
    },
    {
      "answers": [
        [
          "Piano ",
          59
        ],
        [
          "Singing ",
          38
        ],
        [
          "Driving ",
          25
        ],
        [
          "Guitar ",
          16
        ],
        [
          "Tennis ",
          11
        ],
        [
          "Golf ",
          7
        ]
      ],
      "question": "Name Something You Might Practice"
    },
    {
      "answers": [
        [
          "Road",
          41
        ],
        [
          "World",
          27
        ],
        [
          "Treasure",
          17
        ],
        [
          "Political",
          11
        ]
      ],
      "question": "Name A Type Of Map"
    },
    {
      "answers": [
        [
          "8.00am ",
          46
        ],
        [
          "7.30am ",
          30
        ],
        [
          "9.00am ",
          20
        ]
      ],
      "question": "Tell Me The Time Of Day When Most People Eat Breakfast"
    }
  ],
  "final_round_timers": [
    20,
    25
  ]
}