{
  "rounds": [
    {
      "answers": [
        {
          "ans": "Jello",
          "pnt": 39
        },
        {
          "ans": "Pudding",
          "pnt": 18
        },
        {
          "ans": "Cake",
          "pnt": 17
        },
        {
          "ans": "Pie",
          "pnt": 14
        },
        {
          "ans": "Ice cream",
          "pnt": 7
        },
        {
          "ans": "Brownies",
          "pnt": 5
        }
      ],
      "multiply": 1,
      "question": "Name a dessert you’d find in every cafeteria."
    },
    {
      "answers": [
        {
          "ans": "Singing/Songs",
          "pnt": 28
        },
        {
          "ans": "Julie Andrews",
          "pnt": 21
        },
        {
          "ans": "Mountains",
          "pnt": 20
        },
        {
          "ans": "My Favorite Things",
          "pnt": 18
        },
        {
          "ans": "Children",
          "pnt": 8
        },
        {
          "ans": "Nuns",
          "pnt": 4
        }
      ],
      "multiply": 1,
      "question": "Name Something Associated With The Movie “The Sound Of Music.”"
    },
    {
      "answers": [
        {
          "ans": "Chihuahua ",
          "pnt": 52
        },
        {
          "ans": "Poodle ",
          "pnt": 34
        },
        {
          "ans": "Dachshund ",
          "pnt": 22
        },
        {
          "ans": "Cocker Spaniel ",
          "pnt": 14
        },
        {
          "ans": "Labrador ",
          "pnt": 9
        }
      ],
      "multiply": 1,
      "question": "Name A Breed Of Dog That Would Never Scare Away A Burglar"
    },
    {
      "answers": [
        {
          "ans": "Hand Me Down Clothes",
          "pnt": 61
        },
        {
          "ans": "Treated Like A Baby",
          "pnt": 18
        },
        {
          "ans": "Picked On",
          "pnt": 7
        },
        {
          "ans": "No Respect",
          "pnt": 5
        },
        {
          "ans": "Lack Of Attention",
          "pnt": 4
        }
      ],
      "multiply": 2,
      "question": "Name A Downside To Being The Youngest Child In The Big Family."
    },
    {
      "answers": [
        {
          "ans": "Fight/Arguement",
          "pnt": 29
        },
        {
          "ans": "Housework/Cleaning",
          "pnt": 20
        },
        {
          "ans": "Diet",
          "pnt": 18
        },
        {
          "ans": "Books",
          "pnt": 7
        },
        {
          "ans": "Homework",
          "pnt": 6
        },
        {
          "ans": "Job/Work",
          "pnt": 6
        },
        {
          "ans": "Xmas Shopping",
          "pnt": 5
        }
      ],
      "multiply": 2,
      "question": "Name Something People Don’t Like To Start"
    },
    {
      "answers": [
        {
          "ans": "Radio",
          "pnt": 51
        },
        {
          "ans": "Traffic",
          "pnt": 24
        },
        {
          "ans": "Engine",
          "pnt": 15
        },
        {
          "ans": "Friend Snoring",
          "pnt": 8
        }
      ],
      "multiply": 2,
      "question": "On A Road Trip, Name Something That Might Keep You Awake"
    }
  ],
  "final_round": [
    {
      "answers": [
        [
          "Private Investigator",
          28
        ],
        [
          "Police Officer",
          25
        ],
        [
          "Lawyer",
          17
        ],
        [
          "Politician",
          12
        ],
        [
          "Soldier",
          8
        ],
        [
          "IRS",
          3
        ],
        [
          "Doctor",
          3
        ]
      ],
      "question": "What Occupation Might Someone Have If They Carry A Folder Marked “Top Secret”?"
    },
    {
      "answers": [
        [
          "Top Gun ",
          45
        ],
        [
          "Mission Impossible ",
          29
        ],
        [
          "Cocktail ",
          19
        ],
        [
          "Vanilla Sky ",
          12
        ],
        [
          "War Of The Worlds ",
          8
        ]
      ],
      "question": "Name A Film Starring Tom Cruise"
    },
    {
      "answers": [
        [
          "Feet Or Toes ",
          57
        ],
        [
          "Back Side ",
          37
        ],
        [
          "Ears ",
          24
        ]
      ],
      "question": "Name The Hardest Part Of A Persons Body To Keep Clean"
    },
    {
      "answers": [
        [
          "Eggs",
          32
        ],
        [
          "Spaghetti",
          25
        ],
        [
          "Mac And Cheese",
          17
        ],
        [
          "Pizza",
          12
        ]
      ],
      "question": "Name A Meal That Most People Can Make Without A Recipe"
    }
  ],
  "final_round_timers": [
    20,
    25
  ]
}