{
  "rounds": [
    {
      "answers": [
        {
          "ans": "Grape",
          "pnt": 22
        },
        {
          "ans": "Banana",
          "pnt": 21
        },
        {
          "ans": "Apricot",
          "pnt": 21
        },
        {
          "ans": "Prune",
          "pnt": 17
        },
        {
          "ans": "Apple",
          "pnt": 15
        }
      ],
      "multiply": 1,
      "question": "Name A Fruit That You Can Buy Dried"
    },
    {
      "answers": [
        {
          "ans": "Wrestling ",
          "pnt": 48
        },
        {
          "ans": "Volleyball ",
          "pnt": 31
        },
        {
          "ans": "Tennis ",
          "pnt": 20
        },
        {
          "ans": "Gymnastics ",
          "pnt": 13
        }
      ],
      "multiply": 1,
      "question": "Name A Sport That Men Like To Watch Woman Do"
    },
    {
      "answers": [
        {
          "ans": "Fillings",
          "pnt": 58
        },
        {
          "ans": "Tonsils",
          "pnt": 38
        },
        {
          "ans": "Tongue",
          "pnt": 25
        },
        {
          "ans": "Teeth",
          "pnt": 16
        },
        {
          "ans": "Throat",
          "pnt": 11
        },
        {
          "ans": "Food",
          "pnt": 7
        },
        {
          "ans": "Uvula",
          "pnt": 4
        }
      ],
      "multiply": 1,
      "question": "What Do You See In Someones Mouth Laughing Don’t Always See"
    },
    {
      "answers": [
        {
          "ans": "Party",
          "pnt": 44
        },
        {
          "ans": "Work Nights",
          "pnt": 29
        },
        {
          "ans": "Studying",
          "pnt": 19
        },
        {
          "ans": "Insomnia",
          "pnt": 12
        },
        {
          "ans": "Sick",
          "pnt": 8
        },
        {
          "ans": "Watching TV",
          "pnt": 5
        },
        {
          "ans": "New Year’s Eve",
          "pnt": 3
        }
      ],
      "multiply": 2,
      "question": "Name A Reason Why Someone Might Stay Up All Night"
    },
    {
      "answers": [
        {
          "ans": "Decorate",
          "pnt": 59
        },
        {
          "ans": "Shop For Gifts",
          "pnt": 22
        },
        {
          "ans": "Put Up Tree",
          "pnt": 10
        },
        {
          "ans": "Wrap Gifts",
          "pnt": 7
        }
      ],
      "multiply": 2,
      "question": "Name Something That Only A Person Who Really Loves Christmas Would Do As Early As October."
    },
    {
      "answers": [
        {
          "ans": "Football",
          "pnt": 55
        },
        {
          "ans": "Horse Racing",
          "pnt": 32
        },
        {
          "ans": "Boxing",
          "pnt": 6
        },
        {
          "ans": "Basketball",
          "pnt": 5
        }
      ],
      "multiply": 2,
      "question": "Name A Sport That People Bet On"
    }
  ],
  "final_round": [
    {
      "answers": [
        [
          "TV",
          51
        ],
        [
          "Car",
          25
        ],
        [
          "Pets",
          10
        ],
        [
          "Phone",
          4
        ],
        [
          "Bathroom",
          4
        ],
        [
          "Property/House",
          4
        ]
      ],
      "question": "Name Something You Really Only Need One Of, But Most Households Have More"
    },
    {
      "answers": [
        [
          "T Shirts",
          55
        ],
        [
          "Towels",
          36
        ],
        [
          "Paper Airplane",
          23
        ]
      ],
      "question": "Something You Fold"
    },
    {
      "answers": [
        [
          "Valentine’s Day",
          48
        ],
        [
          "Birthday",
          31
        ],
        [
          "Christmas",
          16
        ],
        [
          "Anniversary",
          4
        ]
      ],
      "question": "Name A Date When You Shouldn’t Break Up With Someone."
    },
    {
      "answers": [
        [
          "A Wonderful Life",
          24
        ],
        [
          "White Christmas",
          22
        ],
        [
          "Miracle On 34th St",
          22
        ],
        [
          "Home Alone",
          12
        ],
        [
          "Nightmare Before",
          6
        ],
        [
          "Christmas Story",
          6
        ]
      ],
      "question": "Name A Christmas Movie People Are Tired Of."
    }
  ],
  "final_round_timers": [
    20,
    25
  ]
}