{
  "rounds": [
    {
      "answers": [
        {
          "ans": "Fight",
          "pnt": 55
        },
        {
          "ans": "In Trouble",
          "pnt": 36
        },
        {
          "ans": "Bad Grade",
          "pnt": 23
        },
        {
          "ans": "Being Bullied",
          "pnt": 15
        }
      ],
      "multiply": 1,
      "question": "Something Kid Wouldn’t Want To Tell Mom About School Day"
    },
    {
      "answers": [
        {
          "ans": "Tall",
          "pnt": 38
        },
        {
          "ans": "Basketball Player",
          "pnt": 32
        },
        {
          "ans": "Raps",
          "pnt": 13
        },
        {
          "ans": "Officer",
          "pnt": 7
        },
        {
          "ans": "Bad Actor",
          "pnt": 6
        }
      ],
      "multiply": 1,
      "question": "Name Something You Know About Shaquille O’Neal."
    },
    {
      "answers": [
        {
          "ans": "Sleep",
          "pnt": 41
        },
        {
          "ans": "Read",
          "pnt": 27
        },
        {
          "ans": "Concentrate",
          "pnt": 17
        },
        {
          "ans": "Talk",
          "pnt": 11
        },
        {
          "ans": "Study",
          "pnt": 7
        }
      ],
      "multiply": 1,
      "question": "People Find Hard To Do When There Is Loud Noise"
    },
    {
      "answers": [
        {
          "ans": "Peanuts",
          "pnt": 40
        },
        {
          "ans": "Doonsbury",
          "pnt": 13
        },
        {
          "ans": "Garfield",
          "pnt": 13
        },
        {
          "ans": "Blondie",
          "pnt": 12
        },
        {
          "ans": "Boondocks",
          "pnt": 9
        },
        {
          "ans": "Beetle Bailey",
          "pnt": 7
        }
      ],
      "multiply": 2,
      "question": "Name A Comic Strip You See In Almost Every Newspaper."
    },
    {
      "answers": [
        {
          "ans": "Cheeta/Cat",
          "pnt": 44
        },
        {
          "ans": "Road Runner",
          "pnt": 25
        },
        {
          "ans": "Rabbit",
          "pnt": 15
        },
        {
          "ans": "Gizelle",
          "pnt": 6
        },
        {
          "ans": "Greyhound",
          "pnt": 5
        },
        {
          "ans": "Horse",
          "pnt": 3
        }
      ],
      "multiply": 2,
      "question": "Name An Animal That Would Be An Appropriate Mascot For A Team Of Marathon Runners"
    },
    {
      "answers": [
        {
          "ans": "Head",
          "pnt": 40
        },
        {
          "ans": "Neck",
          "pnt": 23
        },
        {
          "ans": "Back",
          "pnt": 18
        },
        {
          "ans": "Shoulders",
          "pnt": 10
        },
        {
          "ans": "Feet",
          "pnt": 2
        },
        {
          "ans": "Chest",
          "pnt": 2
        }
      ],
      "multiply": 2,
      "question": "When You’re Stressed Out, Name The Part Of Your Body Where You Feel It Most."
    }
  ],
  "final_round": [
    {
      "answers": [
        [
          "Map",
          52
        ],
        [
          "Ask Someone",
          34
        ],
        [
          "Gps",
          22
        ],
        [
          "Compass",
          14
        ]
      ],
      "question": "How Do You Find Proper Directions If Lost"
    },
    {
      "answers": [
        [
          "Blanket",
          30
        ],
        [
          "Put On Jacket",
          19
        ],
        [
          "Rub Hands Together",
          10
        ],
        [
          "Extra Clothes",
          9
        ],
        [
          "Cuddle",
          9
        ],
        [
          "Fireplace",
          8
        ],
        [
          "Drink Hot Chocolate",
          6
        ]
      ],
      "question": "Name A Way People Warm Themselves Up When They’re Cold."
    },
    {
      "answers": [
        [
          "Pizza ",
          42
        ],
        [
          "Chicken ",
          27
        ],
        [
          "Sandwich ",
          18
        ],
        [
          "Soup ",
          12
        ],
        [
          "Spaghetti ",
          7
        ]
      ],
      "question": "Name A Food That Tastes Good Hot Or Cold"
    },
    {
      "answers": [
        [
          "Talk To Customers",
          48
        ],
        [
          "Serve Food",
          31
        ],
        [
          "Dance",
          20
        ],
        [
          "Clean Up",
          13
        ]
      ],
      "question": "Besides Make Drinks, Name Something Else A Bartender Might Do."
    }
  ],
  "final_round_timers": [
    20,
    25
  ]
}