{
  "rounds": [
    {
      "answers": [
        {
          "ans": "Sand",
          "pnt": 36
        },
        {
          "ans": "Sun",
          "pnt": 23
        },
        {
          "ans": "Seashore",
          "pnt": 14
        },
        {
          "ans": "Sunscreen",
          "pnt": 8
        },
        {
          "ans": "Surfers",
          "pnt": 6
        },
        {
          "ans": "Shells",
          "pnt": 4
        },
        {
          "ans": "Sandals",
          "pnt": 3
        }
      ],
      "multiply": 1,
      "question": "Tell Me Something At A Beach That Begins With “S.”"
    },
    {
      "answers": [
        {
          "ans": "Bank",
          "pnt": 47
        },
        {
          "ans": "Post Office",
          "pnt": 33
        },
        {
          "ans": "Market",
          "pnt": 11
        },
        {
          "ans": "Dry Cleaners",
          "pnt": 7
        }
      ],
      "multiply": 1,
      "question": "Name A Place That Closes Early For A Person To Run Errands After Work."
    },
    {
      "answers": [
        {
          "ans": "Tomato",
          "pnt": 37
        },
        {
          "ans": "Onion",
          "pnt": 12
        },
        {
          "ans": "Croutons",
          "pnt": 11
        },
        {
          "ans": "Cheese",
          "pnt": 10
        },
        {
          "ans": "Carrots",
          "pnt": 9
        },
        {
          "ans": "Dressing",
          "pnt": 9
        },
        {
          "ans": "Cucumbers",
          "pnt": 6
        }
      ],
      "multiply": 1,
      "question": "Besides Lettuce, Name Something A Restaurant Might Put In A Dinner Salad."
    },
    {
      "answers": [
        {
          "ans": "Black",
          "pnt": 42
        },
        {
          "ans": "Girdle",
          "pnt": 27
        },
        {
          "ans": "Vertical Stripes",
          "pnt": 18
        }
      ],
      "multiply": 2,
      "question": "Name Something You’re Advised To Wear In Order To Look Slim"
    },
    {
      "answers": [
        {
          "ans": "Ring ",
          "pnt": 40
        },
        {
          "ans": "Jewellery ",
          "pnt": 26
        },
        {
          "ans": "Necklace ",
          "pnt": 17
        },
        {
          "ans": "Earrings ",
          "pnt": 11
        },
        {
          "ans": "Crucifix ",
          "pnt": 7
        }
      ],
      "multiply": 2,
      "question": "Name Something You Might Find In A Jewellery Box"
    },
    {
      "answers": [
        {
          "ans": "Open Doors",
          "pnt": 78
        },
        {
          "ans": "Bring Flowers",
          "pnt": 10
        },
        {
          "ans": "Pay Bills/Dinner",
          "pnt": 4
        },
        {
          "ans": "Pulling Out Chair",
          "pnt": 3
        }
      ],
      "multiply": 2,
      "question": "Name Something Gentlemen Used To Do For Ladies That They No Longer Bother With."
    }
  ],
  "final_round": [
    {
      "answers": [
        [
          "Queue ",
          56
        ],
        [
          "Elevator ",
          36
        ],
        [
          "Bus / Bus Stop ",
          24
        ],
        [
          "Church ",
          16
        ],
        [
          "Crossing ",
          10
        ]
      ],
      "question": "Name A Place Where You Might Have To Stand"
    },
    {
      "answers": [
        [
          "Toys ",
          42
        ],
        [
          "Bed ",
          27
        ],
        [
          "Teddy ",
          18
        ],
        [
          "Mess ",
          12
        ],
        [
          "Doll ",
          7
        ]
      ],
      "question": "Name Something You Might Find In A Childrens Room"
    },
    {
      "answers": [
        [
          "Looks",
          49
        ],
        [
          "Charm",
          20
        ],
        [
          "Wealth",
          10
        ],
        [
          "Sophistication",
          9
        ],
        [
          "British Accent",
          4
        ],
        [
          "Fashion Sense",
          3
        ],
        [
          "Intelligence",
          3
        ]
      ],
      "question": "If Your Husband Could Get One Quality From James Bond, What Would You Want It To Be?"
    },
    {
      "answers": [
        [
          "Pet",
          45
        ],
        [
          "Kids",
          29
        ],
        [
          "Car",
          19
        ],
        [
          "Hair",
          12
        ],
        [
          "Shoes",
          8
        ]
      ],
      "question": "Name Something A Woman Treats Better Than Her Husband"
    }
  ],
  "final_round_timers": [
    20,
    25
  ]
}