{
  "rounds": [
    {
      "answers": [
        {
          "ans": "Drama/Fighting",
          "pnt": 53
        },
        {
          "ans": "Contestants/Celebs",
          "pnt": 24
        },
        {
          "ans": "Romance",
          "pnt": 12
        },
        {
          "ans": "Camaras",
          "pnt": 6
        },
        {
          "ans": "Alcohol",
          "pnt": 4
        }
      ],
      "multiply": 1,
      "question": "Name Something A Reality Show Is Incomplete Without."
    },
    {
      "answers": [
        {
          "ans": "Pay",
          "pnt": 51
        },
        {
          "ans": "How Many Kids",
          "pnt": 33
        },
        {
          "ans": "Hours",
          "pnt": 22
        },
        {
          "ans": "Ages Of Kids",
          "pnt": 14
        }
      ],
      "multiply": 1,
      "question": "What Might A Babysitter Want To Know"
    },
    {
      "answers": [
        {
          "ans": "Read",
          "pnt": 59
        },
        {
          "ans": "Manners",
          "pnt": 38
        },
        {
          "ans": "Talk",
          "pnt": 25
        },
        {
          "ans": "Walk",
          "pnt": 16
        },
        {
          "ans": "Alphabet",
          "pnt": 11
        },
        {
          "ans": "Name",
          "pnt": 7
        },
        {
          "ans": "Toilet Training",
          "pnt": 4
        }
      ],
      "multiply": 1,
      "question": "Name Something Many Parents Want Children Learn Young Age"
    },
    {
      "answers": [
        {
          "ans": "Broccoli",
          "pnt": 52
        },
        {
          "ans": "Carrots",
          "pnt": 24
        },
        {
          "ans": "Corn",
          "pnt": 7
        },
        {
          "ans": "Cabbage",
          "pnt": 5
        },
        {
          "ans": "Cauliflower",
          "pnt": 4
        },
        {
          "ans": "Asparagus",
          "pnt": 4
        },
        {
          "ans": "Green Beans",
          "pnt": 3
        }
      ],
      "multiply": 2,
      "question": "Name A Vegetable That People Like To Steam."
    },
    {
      "answers": [
        {
          "ans": "Baker",
          "pnt": 41
        },
        {
          "ans": "Perfume Seller",
          "pnt": 32
        },
        {
          "ans": "Florist",
          "pnt": 14
        },
        {
          "ans": "Chef",
          "pnt": 9
        },
        {
          "ans": "Spa Employee",
          "pnt": 3
        }
      ],
      "multiply": 2,
      "question": "Name A Job From Which You Would Come Home Smelling Really Good."
    },
    {
      "answers": [
        {
          "ans": "Talk",
          "pnt": 33
        },
        {
          "ans": "Sing",
          "pnt": 26
        },
        {
          "ans": "Kiss",
          "pnt": 24
        },
        {
          "ans": "Drink",
          "pnt": 14
        }
      ],
      "multiply": 2,
      "question": "Besides Dancing, Name Something People Do On The Dance Floor"
    }
  ],
  "final_round": [
    {
      "answers": [
        [
          "Fast Food",
          48
        ],
        [
          "Movie",
          31
        ],
        [
          "Beach",
          20
        ],
        [
          "Park",
          13
        ],
        [
          "Zoo",
          9
        ],
        [
          "Bowling",
          6
        ],
        [
          "Bar",
          3
        ]
      ],
      "question": "After Getting All Dressed Up, Date Is Taking You"
    },
    {
      "answers": [
        [
          "Driver’s License",
          55
        ],
        [
          "Social Security",
          25
        ],
        [
          "School ID",
          9
        ],
        [
          "Credit Card",
          6
        ],
        [
          "Business Card",
          3
        ]
      ],
      "question": "Name Something In Your Wallet That Might Be Used For An ID"
    },
    {
      "answers": [
        [
          "Dancer",
          33
        ],
        [
          "Coach/Teacher",
          28
        ],
        [
          "Model",
          16
        ],
        [
          "Motivational Speaker",
          12
        ],
        [
          "Fitness Instructor",
          9
        ]
      ],
      "question": "Name A Good Occupation For A Woman Who Was Head Cheerleader."
    },
    {
      "answers": [
        [
          "Wedding ",
          58
        ],
        [
          "Party ",
          38
        ],
        [
          "Disco ",
          25
        ],
        [
          "Dance Contest ",
          16
        ]
      ],
      "question": "Name An Occasion Where People Might Dance"
    }
  ],
  "final_round_timers": [
    20,
    25
  ]
}