{
  "rounds": [
    {
      "answers": [
        {
          "ans": "Tightrope Walker",
          "pnt": 29
        },
        {
          "ans": "Acrobat",
          "pnt": 25
        },
        {
          "ans": "Gymnast",
          "pnt": 17
        },
        {
          "ans": "Trapeze Artist",
          "pnt": 13
        },
        {
          "ans": "Ballerina",
          "pnt": 11
        }
      ],
      "multiply": 1,
      "question": "Name A Profession That Requires Really Good Balance"
    },
    {
      "answers": [
        {
          "ans": "Matches / Fire ",
          "pnt": 49
        },
        {
          "ans": "Knives ",
          "pnt": 32
        },
        {
          "ans": "Glass ",
          "pnt": 21
        },
        {
          "ans": "Boiling Water ",
          "pnt": 14
        },
        {
          "ans": "Money ",
          "pnt": 9
        }
      ],
      "multiply": 1,
      "question": "Name Something You Teach Children To Be Careful With"
    },
    {
      "answers": [
        {
          "ans": "Waves ",
          "pnt": 53
        },
        {
          "ans": "Water ",
          "pnt": 34
        },
        {
          "ans": "Fish ",
          "pnt": 23
        },
        {
          "ans": "Boat / Ships ",
          "pnt": 15
        },
        {
          "ans": "Shark ",
          "pnt": 10
        }
      ],
      "multiply": 1,
      "question": "Name Something You Associate With The Ocean"
    },
    {
      "answers": [
        {
          "ans": "Phonebook ",
          "pnt": 45
        },
        {
          "ans": "Phonebox ",
          "pnt": 29
        },
        {
          "ans": "Phone ",
          "pnt": 19
        },
        {
          "ans": "TV ",
          "pnt": 12
        },
        {
          "ans": "Toilets ",
          "pnt": 8
        }
      ],
      "multiply": 2,
      "question": "Name Somewhere You Can Find A Telephone Number"
    },
    {
      "answers": [
        {
          "ans": "Eat",
          "pnt": 30
        },
        {
          "ans": "Sleeping",
          "pnt": 28
        },
        {
          "ans": "Watch TV",
          "pnt": 23
        },
        {
          "ans": "Talk",
          "pnt": 13
        }
      ],
      "multiply": 2,
      "question": "Name Something In Your Daily Routine You Could Still Do Even If You’re Wearing a Strait Jacket."
    },
    {
      "answers": [
        {
          "ans": "Cheese ",
          "pnt": 58
        },
        {
          "ans": "Ham ",
          "pnt": 38
        },
        {
          "ans": "Tuna ",
          "pnt": 25
        }
      ],
      "multiply": 2,
      "question": "Name A Popular Sandwich Filling"
    }
  ],
  "final_round": [
    {
      "answers": [
        [
          "Tree Skirt",
          31
        ],
        [
          "Fallen Ornaments",
          21
        ],
        [
          "Train",
          20
        ],
        [
          "Needles",
          14
        ],
        [
          "Pet",
          11
        ]
      ],
      "question": "Other Than Presents, What Might You Find Under A Christmas Tree?"
    },
    {
      "answers": [
        [
          "Rod ",
          50
        ],
        [
          "Fish ",
          33
        ],
        [
          "Bait ",
          21
        ],
        [
          "Line ",
          14
        ],
        [
          "Boat ",
          9
        ]
      ],
      "question": "Name Something You Associate With Fishing"
    },
    {
      "answers": [
        [
          "Home",
          39
        ],
        [
          "Park",
          19
        ],
        [
          "Childcare",
          13
        ],
        [
          "Mall",
          11
        ],
        [
          "Friend’s House",
          6
        ],
        [
          "Library",
          6
        ]
      ],
      "question": "Name A Place Where Kids Go After School"
    },
    {
      "answers": [
        [
          "Chocolate/sweets",
          35
        ],
        [
          "Love/company",
          23
        ],
        [
          "A drink",
          15
        ],
        [
          "Tissue",
          12
        ],
        [
          "Flowers",
          6
        ]
      ],
      "question": "If you were to open “Heartbreak Hotel,” name something you’d offer your brokenhearted guests."
    }
  ],
  "final_round_timers": [
    20,
    25
  ]
}