{
  "rounds": [
    {
      "answers": [
        {
          "ans": "Governer",
          "pnt": 32
        },
        {
          "ans": "Senator",
          "pnt": 16
        },
        {
          "ans": "Congress",
          "pnt": 15
        },
        {
          "ans": "Mayor",
          "pnt": 14
        },
        {
          "ans": "Vice President",
          "pnt": 12
        },
        {
          "ans": "Attorney General",
          "pnt": 6
        },
        {
          "ans": "Secretary Of State",
          "pnt": 5
        }
      ],
      "multiply": 1,
      "question": "Besides President, Name A Political Office People Run For."
    },
    {
      "answers": [
        {
          "ans": "Give Them treats",
          "pnt": 31
        },
        {
          "ans": "Feed Too Much",
          "pnt": 20
        },
        {
          "ans": "Sleep With Them",
          "pnt": 15
        },
        {
          "ans": "Buy Them Clothes",
          "pnt": 12
        },
        {
          "ans": "Buy Them Toys",
          "pnt": 9
        }
      ],
      "multiply": 1,
      "question": "Name A Way That People Spoil Their Pets."
    },
    {
      "answers": [
        {
          "ans": "Pot Plant ",
          "pnt": 52
        },
        {
          "ans": "Under Mat ",
          "pnt": 34
        },
        {
          "ans": "Under Rock ",
          "pnt": 22
        },
        {
          "ans": "Glove Box ",
          "pnt": 14
        },
        {
          "ans": "Neighbour's ",
          "pnt": 9
        },
        {
          "ans": "Wallet ",
          "pnt": 6
        }
      ],
      "multiply": 1,
      "question": "Name A Place You Might Keep A Spare Key"
    },
    {
      "answers": [
        {
          "ans": "Doll ",
          "pnt": 42
        },
        {
          "ans": "Furniture ",
          "pnt": 27
        },
        {
          "ans": "Lights ",
          "pnt": 18
        }
      ],
      "multiply": 2,
      "question": "Name Something You Find In a Dolls House"
    },
    {
      "answers": [
        {
          "ans": "Computer",
          "pnt": 35
        },
        {
          "ans": "Stapler",
          "pnt": 27
        },
        {
          "ans": "Copier/Fax",
          "pnt": 18
        },
        {
          "ans": "Envelopes",
          "pnt": 5
        },
        {
          "ans": "Paper Clips",
          "pnt": 5
        }
      ],
      "multiply": 2,
      "question": "Name An Office Supply That You’d Be Surprised To See On Your Kid’s List Of School Supplies."
    },
    {
      "answers": [
        {
          "ans": "Flour",
          "pnt": 43
        },
        {
          "ans": "Salt",
          "pnt": 20
        },
        {
          "ans": "Butter",
          "pnt": 11
        },
        {
          "ans": "Sugar",
          "pnt": 9
        },
        {
          "ans": "Baking Soda",
          "pnt": 7
        },
        {
          "ans": "Vanilla",
          "pnt": 4
        },
        {
          "ans": "Oil",
          "pnt": 3
        }
      ],
      "multiply": 2,
      "question": "Name An Ingredient That You Use In Baking, But Would Not Eat On Its Own."
    }
  ],
  "final_round": [
    {
      "answers": [
        [
          "Coffee",
          41
        ],
        [
          "Hot Chocolate",
          36
        ],
        [
          "Tea",
          16
        ],
        [
          "Alcohol",
          5
        ]
      ],
      "question": "What’s Something You Drink To Make You Warmer?"
    },
    {
      "answers": [
        [
          "Chicago",
          39
        ],
        [
          "New York",
          21
        ],
        [
          "Minniapolis",
          20
        ],
        [
          "Denver",
          9
        ],
        [
          "Buffalo",
          3
        ],
        [
          "Boston",
          3
        ],
        [
          "Detroit",
          2
        ]
      ],
      "question": "Name A U.S. City Where It Snows A Lot During The Holidays"
    },
    {
      "answers": [
        [
          "Corn",
          46
        ],
        [
          "Wheat",
          17
        ],
        [
          "Cotton",
          13
        ],
        [
          "Carrots",
          6
        ],
        [
          "Tomatoes",
          5
        ]
      ],
      "question": "Name Something Specific Farmers Grow In Their Fields"
    },
    {
      "answers": [
        [
          "Elizabeth",
          56
        ],
        [
          "Victoria",
          14
        ],
        [
          "Mary",
          12
        ],
        [
          "Cleopatra",
          5
        ],
        [
          "Anne",
          4
        ]
      ],
      "question": "What Name Would You Give Your Daughter If You Wanted To Name Her After A Queen?"
    }
  ],
  "final_round_timers": [
    20,
    25
  ]
}