{
  "rounds": [
    {
      "answers": [
        {
          "ans": "Nervous",
          "pnt": 57
        },
        {
          "ans": "Name On Board",
          "pnt": 17
        },
        {
          "ans": "Doesn’t Know Names",
          "pnt": 14
        },
        {
          "ans": "No Control",
          "pnt": 9
        }
      ],
      "multiply": 1,
      "question": "In A Classroom, How Can YOU Tell A Teacher Is A Substitute"
    },
    {
      "answers": [
        {
          "ans": "Music",
          "pnt": 34
        },
        {
          "ans": "Turntable",
          "pnt": 23
        },
        {
          "ans": "Microphone",
          "pnt": 16
        },
        {
          "ans": "Laptop/Ipod",
          "pnt": 12
        },
        {
          "ans": "Sound System",
          "pnt": 9
        }
      ],
      "multiply": 1,
      "question": "Name Something A Deejay Needs To Play A Gig."
    },
    {
      "answers": [
        {
          "ans": "Bite/Sting",
          "pnt": 42
        },
        {
          "ans": "Buzzing",
          "pnt": 36
        },
        {
          "ans": "Ability To Fly",
          "pnt": 12
        },
        {
          "ans": "Traveling In Swarms",
          "pnt": 7
        }
      ],
      "multiply": 1,
      "question": "Tell Me Something That Makes Some Bugs More Annoying Than Others"
    },
    {
      "answers": [
        {
          "ans": "Stop Speeding",
          "pnt": 57
        },
        {
          "ans": "Cursing",
          "pnt": 37
        },
        {
          "ans": "Smoking",
          "pnt": 24
        },
        {
          "ans": "Chatting",
          "pnt": 16
        },
        {
          "ans": "Charging Fare",
          "pnt": 10
        },
        {
          "ans": "Honking",
          "pnt": 7
        },
        {
          "ans": "Picking People Up",
          "pnt": 4
        }
      ],
      "multiply": 2,
      "question": "Name Something A Taxi Driver Would Have To Stop Doing In Order To Be A Respectable Hearse Driver."
    },
    {
      "answers": [
        {
          "ans": "Cry",
          "pnt": 66
        },
        {
          "ans": "Wear A Hat",
          "pnt": 22
        },
        {
          "ans": "Complain",
          "pnt": 8
        },
        {
          "ans": "Hide",
          "pnt": 3
        }
      ],
      "multiply": 2,
      "question": "Name Something You Do After Getting A Bad Haircut"
    },
    {
      "answers": [
        {
          "ans": "Shopping Cart",
          "pnt": 38
        },
        {
          "ans": "Manicure",
          "pnt": 24
        },
        {
          "ans": "Hair Salon",
          "pnt": 20
        },
        {
          "ans": "Massage",
          "pnt": 11
        },
        {
          "ans": "Bubble Bath",
          "pnt": 6
        }
      ],
      "multiply": 2,
      "question": "Tell Me Something A Woman Might Do To Spoil Herself (More Specific Than “Spa”"
    }
  ],
  "final_round": [
    {
      "answers": [
        [
          "Having A Photo Taken",
          34
        ],
        [
          "Hear A Bad Joke",
          18
        ],
        [
          "Job Interview",
          13
        ],
        [
          "Upset",
          12
        ],
        [
          "Meeting New People",
          12
        ],
        [
          "Nervous",
          4
        ]
      ],
      "question": "Name An Instance When You Fake A Smile"
    },
    {
      "answers": [
        [
          "Garfield",
          51
        ],
        [
          "Snoopy",
          39
        ],
        [
          "Dino",
          5
        ],
        [
          "Scooby Doo",
          3
        ]
      ],
      "question": "Name A Cartoon Pet That’s Smarter Than Its Owner."
    },
    {
      "answers": [
        [
          "Death",
          44
        ],
        [
          "Wedding",
          36
        ],
        [
          "New Baby",
          10
        ],
        [
          "Fall In Love",
          6
        ]
      ],
      "question": "Name A Big Event That Happens To TV Characters In Order To Up Ratings."
    },
    {
      "answers": [
        [
          "Clothes ",
          47
        ],
        [
          "Washing Powder ",
          31
        ],
        [
          "A Book ",
          20
        ],
        [
          "A Baby ",
          13
        ],
        [
          "Newspaper ",
          8
        ]
      ],
      "question": "Name Something You Take To The Laundrette"
    }
  ],
  "final_round_timers": [
    20,
    25
  ]
}