{
  "rounds": [
    {
      "answers": [
        {
          "ans": "Lounge Chair",
          "pnt": 36
        },
        {
          "ans": "Puddles",
          "pnt": 15
        },
        {
          "ans": "Towels",
          "pnt": 14
        },
        {
          "ans": "Swimmers",
          "pnt": 12
        },
        {
          "ans": "Fence",
          "pnt": 8
        },
        {
          "ans": "Lifeguard",
          "pnt": 8
        },
        {
          "ans": "Diving Board",
          "pnt": 3
        }
      ],
      "multiply": 1,
      "question": "Name Something That You Might Find Around A Pool"
    },
    {
      "answers": [
        {
          "ans": "Eggs ",
          "pnt": 43
        },
        {
          "ans": "Peppers ",
          "pnt": 28
        },
        {
          "ans": "Ham ",
          "pnt": 18
        },
        {
          "ans": "Onions ",
          "pnt": 12
        },
        {
          "ans": "Cheese ",
          "pnt": 8
        }
      ],
      "multiply": 1,
      "question": "Name Something You Might Find In A Spanish Omelette"
    },
    {
      "answers": [
        {
          "ans": "James Dean",
          "pnt": 36
        },
        {
          "ans": "James Bond",
          "pnt": 34
        },
        {
          "ans": "James Stewart",
          "pnt": 10
        },
        {
          "ans": "James Brown",
          "pnt": 7
        }
      ],
      "multiply": 1,
      "question": "Name A Famous James Who Many Women Consider Handsome"
    },
    {
      "answers": [
        {
          "ans": "Monkey bars",
          "pnt": 35
        },
        {
          "ans": "Slide",
          "pnt": 28
        },
        {
          "ans": "Swing",
          "pnt": 27
        },
        {
          "ans": "Merry go round",
          "pnt": 5
        },
        {
          "ans": "Seesaw",
          "pnt": 3
        }
      ],
      "multiply": 2,
      "question": "Name a piece of kids’s play equipment that adults would probably hurt themselves using."
    },
    {
      "answers": [
        {
          "ans": "Orange ",
          "pnt": 41
        },
        {
          "ans": "Potato ",
          "pnt": 27
        },
        {
          "ans": "Apple ",
          "pnt": 17
        },
        {
          "ans": "Carrot ",
          "pnt": 11
        },
        {
          "ans": "Banana ",
          "pnt": 7
        }
      ],
      "multiply": 2,
      "question": "Name Something You Can Feel"
    },
    {
      "answers": [
        {
          "ans": "Monopoly",
          "pnt": 42
        },
        {
          "ans": "Chess",
          "pnt": 19
        },
        {
          "ans": "Scrabble",
          "pnt": 15
        },
        {
          "ans": "Risk",
          "pnt": 10
        },
        {
          "ans": "Life",
          "pnt": 9
        }
      ],
      "multiply": 2,
      "question": "Name A Board Game That Takes A Long Time To Play."
    }
  ],
  "final_round": [
    {
      "answers": [
        [
          "The Cowardly Lion",
          25
        ],
        [
          "The Tin man",
          24
        ],
        [
          "The Scarecrow",
          21
        ],
        [
          "Munchkins",
          10
        ],
        [
          "The Wizard",
          8
        ],
        [
          "The Wicked Witch",
          5
        ]
      ],
      "question": "Name someone Dorothy met in the Land of Oz."
    },
    {
      "answers": [
        [
          "Food Discounts",
          49
        ],
        [
          "Happy Hour",
          19
        ],
        [
          "Kids Eat Free",
          11
        ],
        [
          "Buffet",
          4
        ],
        [
          "Life Music",
          3
        ]
      ],
      "question": "Name something special a restaurant might do on certain nights in order to draw in customers?"
    },
    {
      "answers": [
        [
          "Cut Grass",
          48
        ],
        [
          "Watering",
          31
        ],
        [
          "Painting",
          20
        ],
        [
          "Pulling Weeds",
          13
        ],
        [
          "Digging",
          9
        ]
      ],
      "question": "Name Something A Gardener Does A Lot Of On The Job"
    },
    {
      "answers": [
        [
          "Breath",
          40
        ],
        [
          "Horses",
          30
        ],
        [
          "Tongue",
          9
        ],
        [
          "Hand",
          8
        ],
        [
          "Nose",
          3
        ],
        [
          "Own",
          3
        ]
      ],
      "question": "Finish The Sentence: Hold Your _____."
    }
  ],
  "final_round_timers": [
    20,
    25
  ]
}