{
  "rounds": [
    {
      "answers": [
        {
          "ans": "Rice Krispies",
          "pnt": 71
        },
        {
          "ans": "Chex",
          "pnt": 7
        },
        {
          "ans": "Cheerios",
          "pnt": 6
        },
        {
          "ans": "Froot Loops",
          "pnt": 5
        },
        {
          "ans": "Corn Flakes",
          "pnt": 2
        },
        {
          "ans": "Quaker Oats",
          "pnt": 2
        }
      ],
      "multiply": 1,
      "question": "Name A Cereal That Is Often Use In The Making Of Holiday Treats"
    },
    {
      "answers": [
        {
          "ans": "Onions",
          "pnt": 46
        },
        {
          "ans": "Mushrooms",
          "pnt": 30
        },
        {
          "ans": "Chicken",
          "pnt": 20
        },
        {
          "ans": "Shrimp",
          "pnt": 13
        }
      ],
      "multiply": 1,
      "question": "Name Something Specific That’s Sauteed"
    },
    {
      "answers": [
        {
          "ans": "Drive",
          "pnt": 49
        },
        {
          "ans": "Play Sports",
          "pnt": 15
        },
        {
          "ans": "Be Like Daddy",
          "pnt": 12
        },
        {
          "ans": "Shave",
          "pnt": 11
        },
        {
          "ans": "Date",
          "pnt": 8
        },
        {
          "ans": "Be A Firefighter",
          "pnt": 5
        }
      ],
      "multiply": 1,
      "question": "Name Something Little Boys Can’t Wait To Grow Up And Do."
    },
    {
      "answers": [
        {
          "ans": "People Hanging Up",
          "pnt": 51
        },
        {
          "ans": "Rude People",
          "pnt": 22
        },
        {
          "ans": "Getting Rejected",
          "pnt": 12
        },
        {
          "ans": "Making Phone Calls",
          "pnt": 4
        },
        {
          "ans": "Asking Questions",
          "pnt": 2
        },
        {
          "ans": "Boring",
          "pnt": 2
        }
      ],
      "multiply": 2,
      "question": "Name Something A Telemarketer Probably Hates About Their Job."
    },
    {
      "answers": [
        {
          "ans": 40,
          "pnt": 42
        },
        {
          "ans": 30,
          "pnt": 21
        },
        {
          "ans": 35,
          "pnt": 16
        },
        {
          "ans": 45,
          "pnt": 9
        },
        {
          "ans": 50,
          "pnt": 8
        }
      ],
      "multiply": 2,
      "question": "Name The Age At Which A Man May Get Thick Around The Middle."
    },
    {
      "answers": [
        {
          "ans": "Price",
          "pnt": 39
        },
        {
          "ans": "Pool",
          "pnt": 22
        },
        {
          "ans": "Location",
          "pnt": 20
        },
        {
          "ans": "Star Rating",
          "pnt": 7
        },
        {
          "ans": "Includes Breakfast",
          "pnt": 5
        },
        {
          "ans": "Clean",
          "pnt": 3
        },
        {
          "ans": "Vacancy",
          "pnt": 3
        }
      ],
      "multiply": 2,
      "question": "What Do You Find Out About A Hotel Ahead Of Time, When Deciding Whether To Stay There?"
    }
  ],
  "final_round": [
    {
      "answers": [
        [
          "Drive",
          56
        ],
        [
          "Ski",
          29
        ],
        [
          "Sleep",
          7
        ],
        [
          "Breathe",
          6
        ]
      ],
      "question": "Name Something That Would Be Harder To Do If You Lived In Los Angeles"
    },
    {
      "answers": [
        [
          "Magnifying Glass ",
          53
        ],
        [
          "Glasses / Spectacles ",
          34
        ],
        [
          "Microscope ",
          23
        ],
        [
          "Binnoculars ",
          15
        ],
        [
          "Books ",
          10
        ]
      ],
      "question": "Name Something People Look Through To See Things More Closely"
    },
    {
      "answers": [
        [
          "Newspaper ",
          55
        ],
        [
          "Signs ",
          36
        ],
        [
          "Magazine ",
          23
        ]
      ],
      "question": "Name Something People Read Everyday"
    },
    {
      "answers": [
        [
          "Eat",
          33
        ],
        [
          "Dance",
          33
        ],
        [
          "Drink",
          14
        ],
        [
          "Throw Rice",
          5
        ],
        [
          "Talk",
          4
        ],
        [
          "Cry",
          3
        ],
        [
          "Congratulate",
          3
        ]
      ],
      "question": "Name Something Guests Do At A Wedding Reception."
    }
  ],
  "final_round_timers": [
    20,
    25
  ]
}