{
  "rounds": [
    {
      "answers": [
        {
          "ans": "Talking",
          "pnt": 35
        },
        {
          "ans": "Making Promises",
          "pnt": 19
        },
        {
          "ans": "Shaking Hands",
          "pnt": 18
        },
        {
          "ans": "Smiling",
          "pnt": 14
        },
        {
          "ans": "Kissing Babies",
          "pnt": 6
        },
        {
          "ans": "Insulting Opponent",
          "pnt": 3
        },
        {
          "ans": "Waving",
          "pnt": 3
        }
      ],
      "multiply": 1,
      "question": "Name Something You See A Candidate Doing In TV Campaign Commercials"
    },
    {
      "answers": [
        {
          "ans": "Christmas",
          "pnt": 53
        },
        {
          "ans": "Birthday",
          "pnt": 34
        },
        {
          "ans": "Anniversary",
          "pnt": 23
        }
      ],
      "multiply": 1,
      "question": "Time When You Exchange Gifts"
    },
    {
      "answers": [
        {
          "ans": "Edward Scissorhand",
          "pnt": 46
        },
        {
          "ans": "Pirates Of The Caribbean",
          "pnt": 30
        },
        {
          "ans": "Sleepy Hollow",
          "pnt": 20
        },
        {
          "ans": "Blow",
          "pnt": 13
        },
        {
          "ans": "Charlie & The Chocolate Factory",
          "pnt": 8
        }
      ],
      "multiply": 1,
      "question": "Name A Johnny Depp Movie Everyone Has Seen"
    },
    {
      "answers": [
        {
          "ans": "Mustard",
          "pnt": 32
        },
        {
          "ans": "Reslish",
          "pnt": 18
        },
        {
          "ans": "Onion",
          "pnt": 16
        },
        {
          "ans": "Tomato",
          "pnt": 14
        },
        {
          "ans": "Sauerkraut",
          "pnt": 8
        },
        {
          "ans": "Cheese",
          "pnt": 6
        }
      ],
      "multiply": 2,
      "question": "Name Something You Put On A Chicago Style Hotdog"
    },
    {
      "answers": [
        {
          "ans": 30,
          "pnt": 29
        },
        {
          "ans": 15,
          "pnt": 19
        },
        {
          "ans": 20,
          "pnt": 17
        },
        {
          "ans": 10,
          "pnt": 13
        },
        {
          "ans": 60,
          "pnt": 7
        },
        {
          "ans": 5,
          "pnt": 6
        },
        {
          "ans": 45,
          "pnt": 5
        }
      ],
      "multiply": 2,
      "question": "In Minutes, How Long Is Your Commute To Work?"
    },
    {
      "answers": [
        {
          "ans": "Soldier ",
          "pnt": 47
        },
        {
          "ans": "Athlete ",
          "pnt": 31
        },
        {
          "ans": "Winner ",
          "pnt": 20
        },
        {
          "ans": "Hero ",
          "pnt": 13
        },
        {
          "ans": "Olympian ",
          "pnt": 8
        }
      ],
      "multiply": 2,
      "question": "Name Someone Who Might Wear A Medal"
    }
  ],
  "final_round": [
    {
      "answers": [
        [
          "Sleep",
          50
        ],
        [
          "Yawn",
          25
        ],
        [
          "Eat",
          9
        ],
        [
          "Lose Temper",
          5
        ]
      ],
      "question": "Name Something People Do More Of When They’re Tired"
    },
    {
      "answers": [
        [
          "Walking/ Running",
          37
        ],
        [
          "Active Love Life",
          27
        ],
        [
          "Driving",
          19
        ],
        [
          "Traveling",
          9
        ]
      ],
      "question": "Name Something You Hope That You’re Still Doing When You’re 80"
    },
    {
      "answers": [
        [
          "For Prizes ",
          48
        ],
        [
          "To Complain ",
          31
        ],
        [
          "A Phone In ",
          20
        ],
        [
          "Agony Aunt ",
          13
        ]
      ],
      "question": "Name A Reason A Person Might Phone Up A Radio Show"
    },
    {
      "answers": [
        [
          "Sleep ",
          45
        ],
        [
          "Nightmare ",
          29
        ],
        [
          "Falling ",
          19
        ],
        [
          "Bed ",
          12
        ],
        [
          "Clouds ",
          8
        ]
      ],
      "question": "Name Something You Associate With A Dream"
    }
  ],
  "final_round_timers": [
    20,
    25
  ]
}