{
  "rounds": [
    {
      "answers": [
        {
          "ans": "Ice ",
          "pnt": 51
        },
        {
          "ans": "Ice Cream ",
          "pnt": 33
        },
        {
          "ans": "Cocolate ",
          "pnt": 22
        },
        {
          "ans": "Snow ",
          "pnt": 14
        },
        {
          "ans": "Butter ",
          "pnt": 9
        }
      ],
      "multiply": 1,
      "question": "Name Something That Melts In The Sun"
    },
    {
      "answers": [
        {
          "ans": "CD/Record",
          "pnt": 44
        },
        {
          "ans": "Furniture",
          "pnt": 16
        },
        {
          "ans": "Glasses/Eyeglasses",
          "pnt": 11
        },
        {
          "ans": "Car",
          "pnt": 11
        },
        {
          "ans": "Mirror",
          "pnt": 6
        },
        {
          "ans": "Camera Lense",
          "pnt": 5
        }
      ],
      "multiply": 1,
      "question": "Name Something That Might Be Ruined If It Had A Scratch On It."
    },
    {
      "answers": [
        {
          "ans": "Dancing",
          "pnt": 43
        },
        {
          "ans": "Saturday Night Live",
          "pnt": 28
        },
        {
          "ans": "Pulp Fiction",
          "pnt": 18
        },
        {
          "ans": "Grease",
          "pnt": 12
        },
        {
          "ans": "Pilot",
          "pnt": 8
        },
        {
          "ans": "Scientology",
          "pnt": 5
        }
      ],
      "multiply": 1,
      "question": "Name Something Associated With John Travolta"
    },
    {
      "answers": [
        {
          "ans": "Steak",
          "pnt": 53
        },
        {
          "ans": "Ribs",
          "pnt": 22
        },
        {
          "ans": "Ham/Pork",
          "pnt": 14
        },
        {
          "ans": "Chicken",
          "pnt": 8
        }
      ],
      "multiply": 2,
      "question": "Name A Specific Meat That Would Be Hardest To Eat If You Didn’t Have A Knife."
    },
    {
      "answers": [
        {
          "ans": "Steak",
          "pnt": 41
        },
        {
          "ans": "Eggs",
          "pnt": 27
        },
        {
          "ans": "Toast",
          "pnt": 17
        },
        {
          "ans": "Chicken",
          "pnt": 11
        },
        {
          "ans": "Cookies",
          "pnt": 7
        }
      ],
      "multiply": 2,
      "question": "Name Something That’s Hard To Cook Well Without Burning"
    },
    {
      "answers": [
        {
          "ans": 13,
          "pnt": 30
        },
        {
          "ans": 16,
          "pnt": 23
        },
        {
          "ans": 12,
          "pnt": 18
        },
        {
          "ans": 15,
          "pnt": 11
        },
        {
          "ans": 14,
          "pnt": 10
        },
        {
          "ans": 18,
          "pnt": 5
        }
      ],
      "multiply": 2,
      "question": "Tell Me The Age That A Girl Stops Telling Her Parents Everything (Numeric Only)."
    }
  ],
  "final_round": [
    {
      "answers": [
        [
          "Curly Hair",
          42
        ],
        [
          "Dolls",
          17
        ],
        [
          "Dimples",
          14
        ],
        [
          "Good Ship Lollypop",
          9
        ],
        [
          "Child Star",
          4
        ],
        [
          "Singing/Dancing",
          4
        ],
        [
          "Movies",
          3
        ]
      ],
      "question": "Name Something People Associate With Shirley Temple"
    },
    {
      "answers": [
        [
          "Doctor",
          30
        ],
        [
          "Police Officer",
          26
        ],
        [
          "Actor",
          16
        ],
        [
          "Lawyer",
          12
        ],
        [
          "Detective",
          7
        ],
        [
          "Model",
          5
        ]
      ],
      "question": "Name A Job, Often Depicted On TV, That You’ve Dreamt Of Having Yourself."
    },
    {
      "answers": [
        [
          "What Do You Do",
          53
        ],
        [
          "How Are You",
          16
        ],
        [
          "kids",
          10
        ],
        [
          "Married Yet",
          10
        ],
        [
          "WhoAre You",
          2
        ],
        [
          "Where Do You Live",
          2
        ]
      ],
      "question": "Which Question Do You Think Is Asked The Most At A High School Reunion?"
    },
    {
      "answers": [
        [
          "Singing",
          46
        ],
        [
          "Dancing",
          30
        ],
        [
          "Drawing",
          20
        ],
        [
          "Sports",
          13
        ]
      ],
      "question": "Name A Talent Can’t Be Learned, Born With"
    }
  ],
  "final_round_timers": [
    20,
    25
  ]
}