{
  "rounds": [
    {
      "answers": [
        {
          "ans": "Privacy",
          "pnt": 35
        },
        {
          "ans": "Famous",
          "pnt": 17
        },
        {
          "ans": "Avoid Telemarketers",
          "pnt": 12
        },
        {
          "ans": "Occupation",
          "pnt": 11
        },
        {
          "ans": "Getting Prank Calls",
          "pnt": 10
        },
        {
          "ans": "Just Moved",
          "pnt": 5
        },
        {
          "ans": "Bill Collectors",
          "pnt": 5
        }
      ],
      "multiply": 1,
      "question": "Why Might Someone’s Phone Number Be Unlisted?"
    },
    {
      "answers": [
        {
          "ans": "Dress",
          "pnt": 47
        },
        {
          "ans": "Mini Skirt",
          "pnt": 31
        },
        {
          "ans": "Bathing Suit",
          "pnt": 20
        },
        {
          "ans": "Underwear",
          "pnt": 13
        },
        {
          "ans": "Lingerie",
          "pnt": 8
        },
        {
          "ans": "High Heels",
          "pnt": 5
        },
        {
          "ans": "Shorts",
          "pnt": 3
        }
      ],
      "multiply": 1,
      "question": "Name An Article Of Clothing That Many Men Think Women Look Attractive In."
    },
    {
      "answers": [
        {
          "ans": "Check",
          "pnt": 26
        },
        {
          "ans": "Greeting Card",
          "pnt": 20
        },
        {
          "ans": "Post It Note",
          "pnt": 16
        },
        {
          "ans": "Hand",
          "pnt": 10
        },
        {
          "ans": "Envelope",
          "pnt": 10
        },
        {
          "ans": "Notebook Page",
          "pnt": 10
        },
        {
          "ans": "Application",
          "pnt": 4
        }
      ],
      "multiply": 1,
      "question": "Name Something Specific You Often Run Out Of Space To Write On"
    },
    {
      "answers": [
        {
          "ans": "Tiara",
          "pnt": 35
        },
        {
          "ans": "Prince",
          "pnt": 22
        },
        {
          "ans": "Gown",
          "pnt": 13
        },
        {
          "ans": "Castle",
          "pnt": 10
        },
        {
          "ans": "Long Hair",
          "pnt": 7
        },
        {
          "ans": "Knight",
          "pnt": 6
        },
        {
          "ans": "Frog",
          "pnt": 5
        }
      ],
      "multiply": 2,
      "question": "Name Something Associated With A Princess In A Renaissance Movie."
    },
    {
      "answers": [
        {
          "ans": "Magazines",
          "pnt": 54
        },
        {
          "ans": "Detergent",
          "pnt": 35
        },
        {
          "ans": "Toilet Paper",
          "pnt": 23
        },
        {
          "ans": "Newspaper",
          "pnt": 15
        },
        {
          "ans": "??",
          "pnt": 10
        }
      ],
      "multiply": 2,
      "question": "Besides Food, What Else Do You Buy At A Supermarket"
    },
    {
      "answers": [
        {
          "ans": "Dark Clouds/Sky",
          "pnt": 61
        },
        {
          "ans": "Lightning",
          "pnt": 18
        },
        {
          "ans": "Wind Changes",
          "pnt": 5
        },
        {
          "ans": "Smell",
          "pnt": 4
        },
        {
          "ans": "Drizzling",
          "pnt": 3
        }
      ],
      "multiply": 2,
      "question": "Name A Way You Can Tell A Storm Is Coming"
    }
  ],
  "final_round": [
    {
      "answers": [
        [
          "Oak Tree",
          48
        ],
        [
          "Palm Tree",
          32
        ],
        [
          "Maple Tree",
          13
        ],
        [
          "Fruit Tree",
          5
        ]
      ],
      "question": "Name A Kind Of Tree That Would Look Silly To Have As A Christmas Tree."
    },
    {
      "answers": [
        [
          "Flat Tyre ",
          59
        ],
        [
          "Flat Battery ",
          38
        ],
        [
          "No Petrol ",
          25
        ],
        [
          "Breakdown ",
          16
        ],
        [
          "Motor ",
          11
        ]
      ],
      "question": "Name Something That Might Go Wrong With Your Car"
    },
    {
      "answers": [
        [
          "Bedsheet",
          53
        ],
        [
          "Blinds",
          34
        ],
        [
          "Blanket",
          23
        ],
        [
          "Towels",
          15
        ],
        [
          "Newspaper",
          10
        ],
        [
          "Clothes",
          6
        ],
        [
          "Posters",
          4
        ]
      ],
      "question": "Besides Curtains, Name Something College Student Cover Window"
    },
    {
      "answers": [
        [
          7,
          13
        ],
        [
          11,
          6
        ]
      ],
      "question": "Name A Number That People Consider Lucky"
    }
  ],
  "final_round_timers": [
    20,
    25
  ]
}