{
  "rounds": [
    {
      "answers": [
        {
          "ans": "Bank",
          "pnt": 47
        },
        {
          "ans": "Fan",
          "pnt": 31
        },
        {
          "ans": "Cashier",
          "pnt": 20
        },
        {
          "ans": "Lawyer",
          "pnt": 13
        },
        {
          "ans": "Mail Carrier",
          "pnt": 8
        }
      ],
      "multiply": 1,
      "question": "Name Someone Who Might Ask For Your Signature"
    },
    {
      "answers": [
        {
          "ans": "Antenna",
          "pnt": 23
        },
        {
          "ans": "Satellite Dish",
          "pnt": 19
        },
        {
          "ans": "Flag",
          "pnt": 19
        },
        {
          "ans": "Helipad",
          "pnt": 13
        },
        {
          "ans": "Lightning Rod",
          "pnt": 8
        },
        {
          "ans": "Roof",
          "pnt": 8
        },
        {
          "ans": "Bird",
          "pnt": 5
        }
      ],
      "multiply": 1,
      "question": "Name Something You Might Find On Top Of A Tall Office Building"
    },
    {
      "answers": [
        {
          "ans": "Beaver",
          "pnt": 34
        },
        {
          "ans": "Horse",
          "pnt": 22
        },
        {
          "ans": "Rabbit",
          "pnt": 18
        },
        {
          "ans": "Tiger/Lion",
          "pnt": 14
        },
        {
          "ans": "Donkey",
          "pnt": 10
        }
      ],
      "multiply": 1,
      "question": "Name An Animal That A Person With Large Teeth Resemble."
    },
    {
      "answers": [
        {
          "ans": "Home ",
          "pnt": 57
        },
        {
          "ans": "Park ",
          "pnt": 37
        },
        {
          "ans": "Playground ",
          "pnt": 24
        },
        {
          "ans": "Friends ",
          "pnt": 16
        },
        {
          "ans": "Shops ",
          "pnt": 10
        }
      ],
      "multiply": 2,
      "question": "Name Somewhere Children Like To Go After School"
    },
    {
      "answers": [
        {
          "ans": 10,
          "pnt": 52
        },
        {
          "ans": 15,
          "pnt": 23
        },
        {
          "ans": 12,
          "pnt": 9
        },
        {
          "ans": 8,
          "pnt": 8
        },
        {
          "ans": 9,
          "pnt": 5
        },
        {
          "ans": 7,
          "pnt": 3
        }
      ],
      "multiply": 2,
      "question": "Tell Me How Many Items They Allow In Most Supermarket Express Lines. (Numeric Only)"
    },
    {
      "answers": [
        {
          "ans": "Toaster",
          "pnt": 40
        },
        {
          "ans": "Blender",
          "pnt": 32
        },
        {
          "ans": "Mixer",
          "pnt": 15
        },
        {
          "ans": "Can Opener",
          "pnt": 11
        }
      ],
      "multiply": 2,
      "question": "Name A Small Kitchen Appliance That A Bachelor May Not Have"
    }
  ],
  "final_round": [
    {
      "answers": [
        [
          "Person",
          43
        ],
        [
          "Clock",
          28
        ],
        [
          "Animal",
          18
        ],
        [
          "Doll",
          12
        ],
        [
          "Mask",
          8
        ],
        [
          "Coin",
          5
        ]
      ],
      "question": "Name Something With A Face"
    },
    {
      "answers": [
        [
          "Exercise",
          49
        ],
        [
          "Weight Loss",
          32
        ],
        [
          "Curly Hair",
          21
        ],
        [
          "Short Shorts",
          14
        ],
        [
          "Kissing People",
          9
        ]
      ],
      "question": "Name something you associate with Richard Simmons"
    },
    {
      "answers": [
        [
          "Tyra Banks",
          46
        ],
        [
          "Charlize Theron",
          16
        ],
        [
          "Megan Fox",
          12
        ],
        [
          "Pamela Anderson",
          8
        ],
        [
          "Halle Barry",
          7
        ],
        [
          "Brook Shields",
          5
        ]
      ],
      "question": "Name An Actress Who is Or Was A Model"
    },
    {
      "answers": [
        [
          "Hot",
          28
        ],
        [
          "Beautiful",
          24
        ],
        [
          "Sexy",
          17
        ],
        [
          "Pretty",
          6
        ],
        [
          "Gorgeous",
          5
        ],
        [
          "Handsome",
          4
        ],
        [
          "Cute",
          4
        ]
      ],
      "question": "What Word Would You Use To Describe A Very Attractive Person"
    }
  ],
  "final_round_timers": [
    20,
    25
  ]
}