{
  "rounds": [
    {
      "answers": [
        {
          "ans": "Shuffle",
          "pnt": 43
        },
        {
          "ans": "Play Poker",
          "pnt": 24
        },
        {
          "ans": "Play Solitaire",
          "pnt": 10
        },
        {
          "ans": "Deal",
          "pnt": 7
        },
        {
          "ans": "Do Tricks",
          "pnt": 6
        },
        {
          "ans": "Gamble",
          "pnt": 3
        }
      ],
      "multiply": 1,
      "question": "Name Something People Do With A Deck Of Cards"
    },
    {
      "answers": [
        {
          "ans": "Motor",
          "pnt": 75
        },
        {
          "ans": "Baby",
          "pnt": 8
        },
        {
          "ans": "Caster",
          "pnt": 8
        },
        {
          "ans": "Suntan",
          "pnt": 4
        }
      ],
      "multiply": 1,
      "question": "Name A Type Of Oil People Never Put On Food."
    },
    {
      "answers": [
        {
          "ans": "Ice Cream",
          "pnt": 30
        },
        {
          "ans": "Candy",
          "pnt": 18
        },
        {
          "ans": "Pizza",
          "pnt": 16
        },
        {
          "ans": "Cookies",
          "pnt": 9
        },
        {
          "ans": "Hot Dog",
          "pnt": 8
        },
        {
          "ans": "French Fries",
          "pnt": 7
        },
        {
          "ans": "Popsicle",
          "pnt": 7
        }
      ],
      "multiply": 1,
      "question": "Name Something Kids Love To Eat That Adults Like Too."
    },
    {
      "answers": [
        {
          "ans": "Jello",
          "pnt": 47
        },
        {
          "ans": "Dough",
          "pnt": 28
        },
        {
          "ans": "Cheese",
          "pnt": 9
        },
        {
          "ans": "Meatloaf",
          "pnt": 5
        },
        {
          "ans": "Mashed Potatoes",
          "pnt": 5
        }
      ],
      "multiply": 2,
      "question": "Name A Food That Can Be Molded Into A Shape"
    },
    {
      "answers": [
        {
          "ans": "Candy",
          "pnt": 58
        },
        {
          "ans": "Costume",
          "pnt": 38
        },
        {
          "ans": "Pumpkin",
          "pnt": 25
        },
        {
          "ans": "Decorations",
          "pnt": 16
        }
      ],
      "multiply": 2,
      "question": "Name Something You Buy In Preparation For Halloween"
    },
    {
      "answers": [
        {
          "ans": "Ride A Horse",
          "pnt": 33
        },
        {
          "ans": "Ride In Rodeo",
          "pnt": 24
        },
        {
          "ans": "Wear Boots",
          "pnt": 13
        },
        {
          "ans": "Lasso Him",
          "pnt": 12
        },
        {
          "ans": "Use Cowboy Slang",
          "pnt": 8
        },
        {
          "ans": "Wear Cowboy Hat",
          "pnt": 5
        }
      ],
      "multiply": 2,
      "question": "Name Something You May Do If You Were Trying To Woo A Cowboy."
    }
  ],
  "final_round": [
    {
      "answers": [
        [
          "Bite Nails",
          58
        ],
        [
          "Smoking",
          38
        ],
        [
          "Eating",
          25
        ],
        [
          "Yelling",
          16
        ]
      ],
      "question": "Name A Bad Habit Some People Haves When They Are Stressed"
    },
    {
      "answers": [
        [
          "Guarding/Security",
          58
        ],
        [
          "Digging Holes",
          20
        ],
        [
          "Track People/Police",
          11
        ],
        [
          "Deliver Papers",
          6
        ]
      ],
      "question": "If Dog Owners Demanded Fido Get A Job, What Job Might He Be Good At?"
    },
    {
      "answers": [
        [
          "Becoming Intimate",
          40
        ],
        [
          "Greedy Girl",
          25
        ],
        [
          "Becoming A Father",
          24
        ],
        [
          "Bad Girls",
          6
        ]
      ],
      "question": "With Regard To Dating, Name Something Moms Warn Their Sons To Avoid"
    },
    {
      "answers": [
        [
          "Car",
          51
        ],
        [
          "Hands",
          33
        ],
        [
          "Hair",
          22
        ],
        [
          "Sheets",
          14
        ],
        [
          "Clothes",
          9
        ],
        [
          "Ears",
          6
        ],
        [
          "Windows",
          4
        ]
      ],
      "question": "Name Something That You Probably Don’t Wash As Often As You Should"
    }
  ],
  "final_round_timers": [
    20,
    25
  ]
}