{
  "rounds": [
    {
      "answers": [
        {
          "ans": "Clock",
          "pnt": 35
        },
        {
          "ans": "Microwave",
          "pnt": 32
        },
        {
          "ans": "TV",
          "pnt": 12
        },
        {
          "ans": "Computer",
          "pnt": 10
        },
        {
          "ans": "Stove",
          "pnt": 5
        },
        {
          "ans": "VCR/DVD Player",
          "pnt": 4
        }
      ],
      "multiply": 1,
      "question": "Name An Item In Your Home That You’d Need To Reset After Power Had Went Out"
    },
    {
      "answers": [
        {
          "ans": "Sapronas",
          "pnt": 27
        },
        {
          "ans": "Godfather",
          "pnt": 25
        },
        {
          "ans": "Untouchables",
          "pnt": 13
        },
        {
          "ans": "Public Enemy",
          "pnt": 9
        },
        {
          "ans": "Scarface",
          "pnt": 8
        },
        {
          "ans": "Goodfellows",
          "pnt": 7
        }
      ],
      "multiply": 1,
      "question": "Name A Movie Or TV Show about Gangsters"
    },
    {
      "answers": [
        {
          "ans": "Weapon",
          "pnt": 34
        },
        {
          "ans": "Binoculars",
          "pnt": 20
        },
        {
          "ans": "Camera",
          "pnt": 18
        },
        {
          "ans": "Phone",
          "pnt": 9
        },
        {
          "ans": "Magnifying Glass",
          "pnt": 8
        },
        {
          "ans": "Briefcase",
          "pnt": 4
        },
        {
          "ans": "Flashlight",
          "pnt": 4
        }
      ],
      "multiply": 1,
      "question": "Name Something That Spies In Movies Always Carry"
    },
    {
      "answers": [
        {
          "ans": "Closet",
          "pnt": 51
        },
        {
          "ans": "Bedroom",
          "pnt": 33
        },
        {
          "ans": "Cupboard",
          "pnt": 22
        },
        {
          "ans": "Under Rug",
          "pnt": 14
        },
        {
          "ans": "Under Couch",
          "pnt": 9
        }
      ],
      "multiply": 2,
      "question": "Name A Place Where You’d Hid Mess Company Coming"
    },
    {
      "answers": [
        {
          "ans": "Haunted",
          "pnt": 38
        },
        {
          "ans": "Termites",
          "pnt": 28
        },
        {
          "ans": "Mold",
          "pnt": 18
        },
        {
          "ans": "Price Went Up",
          "pnt": 6
        },
        {
          "ans": "Leaky Roof",
          "pnt": 5
        },
        {
          "ans": "Bad Foundation",
          "pnt": 3
        }
      ],
      "multiply": 2,
      "question": "What Might You Find Out About A House That Would Make You Back Out Of Buying It?"
    },
    {
      "answers": [
        {
          "ans": "Pierce",
          "pnt": 58
        },
        {
          "ans": "Tatoo",
          "pnt": 32
        },
        {
          "ans": "Tan",
          "pnt": 3
        },
        {
          "ans": "Shave Their Head",
          "pnt": 2
        }
      ],
      "multiply": 2,
      "question": "Name Something People Do To Their Body That Other People Think Is Crazy."
    }
  ],
  "final_round": [
    {
      "answers": [
        [
          "Butt",
          54
        ],
        [
          "Breasts",
          17
        ],
        [
          "Back",
          10
        ],
        [
          "Bone",
          9
        ],
        [
          "Brain",
          5
        ],
        [
          "Belly",
          3
        ]
      ],
      "question": "Name A Part Of The Body That Starts With The Letter “B.”"
    },
    {
      "answers": [
        [
          "Sexy/Hot",
          33
        ],
        [
          "Makeup",
          25
        ],
        [
          "Diet",
          24
        ],
        [
          "Fashion",
          8
        ],
        [
          "Love",
          7
        ]
      ],
      "question": "Name One Word You’d See On The Cover Of A Women’s Magazine, But Probably Not On A Magazine For Men"
    },
    {
      "answers": [
        [
          "Tag",
          23
        ],
        [
          "Frisbee",
          20
        ],
        [
          "Volleyball",
          17
        ],
        [
          "Horseshoes",
          12
        ],
        [
          "Football",
          11
        ],
        [
          "Baseball",
          9
        ],
        [
          "Checkers/Chess",
          4
        ]
      ],
      "question": "Name A Game People Play At Picnics"
    },
    {
      "answers": [
        [
          "Pizza",
          31
        ],
        [
          "Candy",
          16
        ],
        [
          "Hot Dogs",
          14
        ],
        [
          "Ice Cream",
          10
        ],
        [
          "hamburger",
          8
        ],
        [
          "Peanut Butter & Jelly",
          7
        ],
        [
          "French Fries",
          5
        ]
      ],
      "question": "If A 10-Year-Old Ran His Own Restaurant, Name Something You Might See On The Menu."
    }
  ],
  "final_round_timers": [
    20,
    25
  ]
}