{
  "rounds": [
    {
      "answers": [
        {
          "ans": "Batman ",
          "pnt": 54
        },
        {
          "ans": "Superman ",
          "pnt": 35
        },
        {
          "ans": "Dracula ",
          "pnt": 23
        },
        {
          "ans": "Wizard / Magician ",
          "pnt": 15
        },
        {
          "ans": "Nurse ",
          "pnt": 10
        },
        {
          "ans": "Zorro ",
          "pnt": 6
        }
      ],
      "multiply": 1,
      "question": "Name Someone Who Usually Wears A Cape"
    },
    {
      "answers": [
        {
          "ans": "Tour bus",
          "pnt": 44
        },
        {
          "ans": "Taxi",
          "pnt": 23
        },
        {
          "ans": "On foot",
          "pnt": 18
        },
        {
          "ans": "Bilkes",
          "pnt": 10
        },
        {
          "ans": "Public Transportation",
          "pnt": 3
        }
      ],
      "multiply": 1,
      "question": "Name A Way tourists Get Around In A Big City."
    },
    {
      "answers": [
        {
          "ans": "Chores",
          "pnt": 37
        },
        {
          "ans": "Babysitting",
          "pnt": 27
        },
        {
          "ans": "Paper Route",
          "pnt": 16
        },
        {
          "ans": "Mow Lawns",
          "pnt": 14
        },
        {
          "ans": "Lemonade Stand",
          "pnt": 4
        }
      ],
      "multiply": 1,
      "question": "Before A Part-Time Job, Name A Way That Kids Earn Money."
    },
    {
      "answers": [
        {
          "ans": "Detention",
          "pnt": 51
        },
        {
          "ans": "Stand In Corner",
          "pnt": 26
        },
        {
          "ans": "Suspension",
          "pnt": 9
        },
        {
          "ans": "Write Lines",
          "pnt": 6
        },
        {
          "ans": "Principal’s Office",
          "pnt": 4
        },
        {
          "ans": "No Recess",
          "pnt": 3
        }
      ],
      "multiply": 2,
      "question": "Name A Punishment That A Misbehaving Kid Might Get At School."
    },
    {
      "answers": [
        {
          "ans": "Eggs",
          "pnt": 44
        },
        {
          "ans": "Cheese",
          "pnt": 25
        },
        {
          "ans": "Meat",
          "pnt": 12
        },
        {
          "ans": "Beans",
          "pnt": 10
        },
        {
          "ans": "Tomato/Salsa",
          "pnt": 7
        }
      ],
      "multiply": 2,
      "question": "Name Something You’d Put In A Breakfast Buritto"
    },
    {
      "answers": [
        {
          "ans": "Computer",
          "pnt": 32
        },
        {
          "ans": "Chess",
          "pnt": 24
        },
        {
          "ans": "Debate",
          "pnt": 10
        },
        {
          "ans": "Glee Club",
          "pnt": 7
        },
        {
          "ans": "Boy Scouts",
          "pnt": 7
        },
        {
          "ans": "Math",
          "pnt": 7
        },
        {
          "ans": "Science",
          "pnt": 6
        }
      ],
      "multiply": 2,
      "question": "Name A Club Bill Gates Probably Belonged To In High School."
    }
  ],
  "final_round": [
    {
      "answers": [
        [
          "Kitchen",
          48
        ],
        [
          "Tree",
          27
        ],
        [
          "Wrapping Paper",
          15
        ],
        [
          "Decorations",
          5
        ]
      ],
      "question": "What’s The Messiest Thing To Clean Up After The Christmas Holiday?"
    },
    {
      "answers": [
        [
          "Wear Sunglasses",
          50
        ],
        [
          "Kepp A Straight Face",
          41
        ],
        [
          "Drink",
          6
        ],
        [
          "Look Away",
          3
        ]
      ],
      "question": "What Might A Poker Player Do To Make Bluffing Easier?"
    },
    {
      "answers": [
        [
          "Swimsuit",
          46
        ],
        [
          "Floaties",
          30
        ],
        [
          "Towel",
          20
        ],
        [
          "Goggles",
          13
        ],
        [
          "Life Jacket",
          8
        ]
      ],
      "question": "What Might Kid Forget To Bring To Pool That Would Keep Him From Swimming"
    },
    {
      "answers": [
        [
          "Pack",
          54
        ],
        [
          "Shop",
          35
        ],
        [
          "Tan",
          23
        ],
        [
          "Clean",
          15
        ],
        [
          "Save Money",
          10
        ],
        [
          "Stop Mail",
          6
        ],
        [
          "Plan",
          4
        ]
      ],
      "question": "Name Something You Do Before You Go On Vacation"
    }
  ],
  "final_round_timers": [
    20,
    25
  ]
}