{
  "rounds": [
    {
      "answers": [
        {
          "ans": "Water",
          "pnt": 43
        },
        {
          "ans": "Yogurt",
          "pnt": 25
        },
        {
          "ans": "Gum",
          "pnt": 11
        },
        {
          "ans": "Milk",
          "pnt": 10
        },
        {
          "ans": "Tea",
          "pnt": 3
        },
        {
          "ans": "Medicine",
          "pnt": 3
        },
        {
          "ans": "Soda",
          "pnt": 3
        }
      ],
      "multiply": 1,
      "question": "Name Something That Tastes Better Plain Than Fruit-Flavored"
    },
    {
      "answers": [
        {
          "ans": "Shake It",
          "pnt": 45
        },
        {
          "ans": "Walk",
          "pnt": 25
        },
        {
          "ans": "Hit It",
          "pnt": 12
        },
        {
          "ans": "Rub It",
          "pnt": 8
        },
        {
          "ans": "Jump",
          "pnt": 5
        },
        {
          "ans": "Stomp It",
          "pnt": 4
        }
      ],
      "multiply": 1,
      "question": "Name Something You Do To Try And Wake Up Your Leg After It Has Fallen Asleep."
    },
    {
      "answers": [
        {
          "ans": "Toast ",
          "pnt": 45
        },
        {
          "ans": "Pizza ",
          "pnt": 29
        },
        {
          "ans": "Sunday Roast ",
          "pnt": 19
        }
      ],
      "multiply": 1,
      "question": "Name A Type Of Food That Often Gets Burned"
    },
    {
      "answers": [
        {
          "ans": "Robber ",
          "pnt": 58
        },
        {
          "ans": "Burglar ",
          "pnt": 38
        },
        {
          "ans": "Tea Leaf ",
          "pnt": 25
        },
        {
          "ans": "Shoplifter ",
          "pnt": 16
        }
      ],
      "multiply": 2,
      "question": "Name Another Word For A Thief"
    },
    {
      "answers": [
        {
          "ans": "Skunk",
          "pnt": 22
        },
        {
          "ans": "Garlic",
          "pnt": 18
        },
        {
          "ans": "Onions",
          "pnt": 17
        },
        {
          "ans": "Poop",
          "pnt": 13
        },
        {
          "ans": "Roses",
          "pnt": 10
        },
        {
          "ans": "Gasoline",
          "pnt": 8
        },
        {
          "ans": "Body Odor",
          "pnt": 7
        }
      ],
      "multiply": 2,
      "question": "Name An Odor That’s So Distinct, You Know Right Away What It Is"
    },
    {
      "answers": [
        {
          "ans": "Haunted",
          "pnt": 38
        },
        {
          "ans": "Termites",
          "pnt": 28
        },
        {
          "ans": "Mold",
          "pnt": 18
        },
        {
          "ans": "Price Went Up",
          "pnt": 6
        },
        {
          "ans": "Leaky Roof",
          "pnt": 5
        }
      ],
      "multiply": 2,
      "question": "What Might You Find Out About A House That Would Make You Back Out Of Buying It."
    }
  ],
  "final_round": [
    {
      "answers": [
        [
          "Settee ",
          42
        ],
        [
          "Sofa ",
          27
        ],
        [
          "Fridge ",
          18
        ],
        [
          "Piano ",
          12
        ],
        [
          "Bed ",
          7
        ],
        [
          "Washing Machine ",
          5
        ]
      ],
      "question": "Name A Piece Of Furniture People Need Help Moving"
    },
    {
      "answers": [
        [
          "Money/Bills",
          36
        ],
        [
          "Chores/Nagging",
          22
        ],
        [
          "Jealousy",
          15
        ],
        [
          "No/Bad Food",
          13
        ],
        [
          "Naughty Kids",
          6
        ],
        [
          "Traffic",
          4
        ]
      ],
      "question": "We Asked 100 Wives: If Your Husband Were The Incredible Hulk, Tell Me What Would Turn Him Into A Monster."
    },
    {
      "answers": [
        [
          "Charles/Chuck",
          42
        ],
        [
          "Chris",
          34
        ],
        [
          "Chad",
          12
        ],
        [
          "Chandler",
          4
        ]
      ],
      "question": "Tell me a boy’s name that starts with “Ch”."
    },
    {
      "answers": [
        [
          "Dick Clark",
          76
        ],
        [
          "Regis Philbin",
          6
        ],
        [
          "Carson Daly",
          5
        ],
        [
          "Ryan Seacrest",
          4
        ],
        [
          "Jay Leno",
          4
        ],
        [
          "Casey Kasem",
          3
        ]
      ],
      "question": "Name a New Year’s TV host."
    }
  ],
  "final_round_timers": [
    20,
    25
  ]
}