{
  "rounds": [
    {
      "answers": [
        {
          "ans": "Actor",
          "pnt": 25
        },
        {
          "ans": "Movies",
          "pnt": 22
        },
        {
          "ans": "Blue Etes",
          "pnt": 20
        },
        {
          "ans": "Salad dressing",
          "pnt": 11
        },
        {
          "ans": "Liberal Politics",
          "pnt": 9
        },
        {
          "ans": "Popcorn",
          "pnt": 6
        }
      ],
      "multiply": 1,
      "question": "Name Something People Know About Paul Newman."
    },
    {
      "answers": [
        {
          "ans": "Oprah Winfrey",
          "pnt": 56
        },
        {
          "ans": "Jay Leno",
          "pnt": 26
        },
        {
          "ans": "David Letterman",
          "pnt": 8
        },
        {
          "ans": "Dr Phil",
          "pnt": 5
        }
      ],
      "multiply": 1,
      "question": "Name A Talk Show Host Who Many People Respect"
    },
    {
      "answers": [
        {
          "ans": "Mouse ",
          "pnt": 43
        },
        {
          "ans": "Hampster ",
          "pnt": 28
        },
        {
          "ans": "Chihuahua ",
          "pnt": 18
        },
        {
          "ans": "Spider ",
          "pnt": 12
        }
      ],
      "multiply": 1,
      "question": "Name An Animal Small Enough To Put In Your Pocket"
    },
    {
      "answers": [
        {
          "ans": "Computer",
          "pnt": 39
        },
        {
          "ans": "Competition",
          "pnt": 17
        },
        {
          "ans": "Company",
          "pnt": 12
        },
        {
          "ans": "Complimentary",
          "pnt": 11
        },
        {
          "ans": "Composition",
          "pnt": 7
        },
        {
          "ans": "Compensation",
          "pnt": 7
        },
        {
          "ans": "Complete",
          "pnt": 4
        }
      ],
      "multiply": 2,
      "question": "Name A Word That Begins With “Comp.”"
    },
    {
      "answers": [
        {
          "ans": "Earn A Living ",
          "pnt": 46
        },
        {
          "ans": "See The World ",
          "pnt": 30
        },
        {
          "ans": "Make Them Proud ",
          "pnt": 20
        },
        {
          "ans": "Grow Up ",
          "pnt": 13
        },
        {
          "ans": "No Other Prospects ",
          "pnt": 8
        }
      ],
      "multiply": 2,
      "question": "Name A Reason Your Parents Might Want You To Join The Army"
    },
    {
      "answers": [
        {
          "ans": "SCRATCH",
          "pnt": 44
        },
        {
          "ans": "COPY",
          "pnt": 29
        },
        {
          "ans": "TOUCH BOTTOM",
          "pnt": 19
        },
        {
          "ans": "GET WET",
          "pnt": 12
        },
        {
          "ans": "LEAVE IN SUN",
          "pnt": 8
        }
      ],
      "multiply": 2,
      "question": "Name Something You’re Not Supposed To Do To A CD"
    }
  ],
  "final_round": [
    {
      "answers": [
        [
          "Brush Teeth",
          27
        ],
        [
          "Eat Vegetable",
          18
        ],
        [
          "School/Homework",
          17
        ],
        [
          "Bathe",
          11
        ],
        [
          "Go To Bed",
          10
        ],
        [
          "Clean",
          10
        ]
      ],
      "question": "Name Something A Child Might Never Do If They weren’t Forced To"
    },
    {
      "answers": [
        [
          "Orange",
          48
        ],
        [
          "Peach",
          16
        ],
        [
          "Melon",
          16
        ],
        [
          "Tomato",
          9
        ],
        [
          "Lemon",
          8
        ]
      ],
      "question": "Name A Fruit That You Squeeze To See If It’s Ripe."
    },
    {
      "answers": [
        [
          "Peanuts",
          36
        ],
        [
          "Chicken Wings",
          21
        ],
        [
          "Pretzels",
          19
        ],
        [
          "Popcorn",
          9
        ],
        [
          "Nachos",
          9
        ]
      ],
      "question": "Name An Appetizer You Might Find Served At A Bar"
    },
    {
      "answers": [
        [
          "Mouth Open ",
          50
        ],
        [
          "Smack Their Lips ",
          33
        ],
        [
          "Chew Loudly ",
          21
        ],
        [
          "Eat Too Fast ",
          14
        ],
        [
          "Sloppy ",
          9
        ]
      ],
      "question": "Name Something You Hate About The Way People Eat"
    }
  ],
  "final_round_timers": [
    20,
    25
  ]
}