{
  "rounds": [
    {
      "answers": [
        {
          "ans": "Drink",
          "pnt": 44
        },
        {
          "ans": "Eat",
          "pnt": 21
        },
        {
          "ans": "Talk",
          "pnt": 11
        },
        {
          "ans": "Exchange gifts",
          "pnt": 10
        },
        {
          "ans": "Dance",
          "pnt": 7
        },
        {
          "ans": "Sing",
          "pnt": 2
        }
      ],
      "multiply": 1,
      "question": "Name something you do at an office holiday party."
    },
    {
      "answers": [
        {
          "ans": "Wedding",
          "pnt": 61
        },
        {
          "ans": "Anniversary",
          "pnt": 18
        },
        {
          "ans": "Prom",
          "pnt": 6
        },
        {
          "ans": "Birthday Party",
          "pnt": 6
        },
        {
          "ans": "Dinner Date",
          "pnt": 3
        }
      ],
      "multiply": 1,
      "question": "For What Occasion Did Your Partner Last Look Stunning?"
    },
    {
      "answers": [
        {
          "ans": "Late",
          "pnt": 62
        },
        {
          "ans": "Esspresso",
          "pnt": 17
        },
        {
          "ans": "Mocha",
          "pnt": 10
        },
        {
          "ans": "Cappuccino",
          "pnt": 10
        }
      ],
      "multiply": 1,
      "question": "Name A Coffee Drink People Order While They’re Out, But Can’t Make At Home"
    },
    {
      "answers": [
        {
          "ans": "Carrot ",
          "pnt": 46
        },
        {
          "ans": "Vegetables ",
          "pnt": 30
        },
        {
          "ans": "Cabbage ",
          "pnt": 20
        },
        {
          "ans": "Potato ",
          "pnt": 13
        },
        {
          "ans": "Tomato ",
          "pnt": 8
        }
      ],
      "multiply": 2,
      "question": "Name Something You Might Find In A Vegetable Patch"
    },
    {
      "answers": [
        {
          "ans": "Charades",
          "pnt": 29
        },
        {
          "ans": "Cards",
          "pnt": 22
        },
        {
          "ans": "Monopoly",
          "pnt": 19
        },
        {
          "ans": "Scrabble",
          "pnt": 9
        },
        {
          "ans": "Pictionary",
          "pnt": 6
        },
        {
          "ans": "Family Fued",
          "pnt": 5
        },
        {
          "ans": "Football",
          "pnt": 4
        }
      ],
      "multiply": 2,
      "question": "Name A Game A Family Plays At An Annual Holiday Gathering."
    },
    {
      "answers": [
        {
          "ans": "Monster",
          "pnt": 37
        },
        {
          "ans": "Cars",
          "pnt": 22
        },
        {
          "ans": "Cops",
          "pnt": 19
        },
        {
          "ans": "Bad Guys",
          "pnt": 10
        },
        {
          "ans": "Dogs",
          "pnt": 10
        }
      ],
      "multiply": 2,
      "question": "Name Something People Are Often Chased By In Movies"
    }
  ],
  "final_round": [
    {
      "answers": [
        [
          "Drill",
          59
        ],
        [
          "Waiting",
          13
        ],
        [
          "Bill",
          8
        ],
        [
          "Shots",
          8
        ],
        [
          "Numb Mouth/ Novacaine",
          7
        ]
      ],
      "question": "Tell Me Something Specific You Hate About Going To The Dentist"
    },
    {
      "answers": [
        [
          "Yawn ",
          42
        ],
        [
          "Sigh ",
          27
        ],
        [
          "Fall Asleep ",
          18
        ],
        [
          "Doodle ",
          12
        ]
      ],
      "question": "Name Something People Do When Bored"
    },
    {
      "answers": [
        [
          "Beach",
          46
        ],
        [
          "Restaurant",
          32
        ],
        [
          "Movie Theatre",
          15
        ],
        [
          "Park/Picnic",
          5
        ]
      ],
      "question": "Name The Most Romantic Place To Go On A First Date."
    },
    {
      "answers": [
        [
          "House",
          32
        ],
        [
          "Sesame",
          25
        ],
        [
          "Door",
          13
        ],
        [
          "Minded",
          9
        ],
        [
          "Book",
          9
        ],
        [
          "Season",
          4
        ],
        [
          "Bar",
          3
        ]
      ],
      "question": "Name A Phrase That Begins With The Word “Open”"
    }
  ],
  "final_round_timers": [
    20,
    25
  ]
}