{
  "rounds": [
    {
      "answers": [
        {
          "ans": "Store Clerk",
          "pnt": 56
        },
        {
          "ans": "Bank Teller",
          "pnt": 19
        },
        {
          "ans": "Security Guard",
          "pnt": 11
        },
        {
          "ans": "Toll Collecter",
          "pnt": 6
        },
        {
          "ans": "Factory Worker",
          "pnt": 5
        }
      ],
      "multiply": 1,
      "question": "Name A Job In Which You’d Stand In One Place All Day"
    },
    {
      "answers": [
        {
          "ans": "Mickey Mouse Ears ",
          "pnt": 59
        },
        {
          "ans": "Cuddly Toy ",
          "pnt": 38
        },
        {
          "ans": "Photo ",
          "pnt": 25
        }
      ],
      "multiply": 1,
      "question": "Name A Souvenir People Buy At Disneyland"
    },
    {
      "answers": [
        {
          "ans": "No Seatbelt",
          "pnt": 33
        },
        {
          "ans": "Unsupervised Play",
          "pnt": 24
        },
        {
          "ans": "No Bike Helmet",
          "pnt": 22
        },
        {
          "ans": "Walk To School",
          "pnt": 11
        },
        {
          "ans": "Sit In Front Seat",
          "pnt": 8
        }
      ],
      "multiply": 1,
      "question": "Name Something Parents Let Their Kids Do In The Past, That Would Make Them Seem Like Bad Parents Today"
    },
    {
      "answers": [
        {
          "ans": "Psychology",
          "pnt": 43
        },
        {
          "ans": "Chemistry",
          "pnt": 28
        },
        {
          "ans": "Calculus",
          "pnt": 18
        },
        {
          "ans": "Physics",
          "pnt": 12
        },
        {
          "ans": "Philosophy",
          "pnt": 8
        },
        {
          "ans": "Economics",
          "pnt": 5
        }
      ],
      "multiply": 2,
      "question": "Name A Class That Most Students Take In College But Not High School"
    },
    {
      "answers": [
        {
          "ans": "Purse",
          "pnt": 51
        },
        {
          "ans": "Watch",
          "pnt": 20
        },
        {
          "ans": "Belt",
          "pnt": 8
        },
        {
          "ans": "Sunglasses",
          "pnt": 6
        },
        {
          "ans": "Scarf",
          "pnt": 5
        },
        {
          "ans": "Jewelry",
          "pnt": 5
        }
      ],
      "multiply": 2,
      "question": "Name An Accessory That Some People Want In A Designer Brand."
    },
    {
      "answers": [
        {
          "ans": "Reality TV",
          "pnt": 33
        },
        {
          "ans": "Talk Show",
          "pnt": 33
        },
        {
          "ans": "Dating Show",
          "pnt": 14
        },
        {
          "ans": "Romantic Drama",
          "pnt": 9
        },
        {
          "ans": "True Crime",
          "pnt": 5
        }
      ],
      "multiply": 2,
      "question": "Name A Type Of TV Show That You Wouldn’t Want To See Your Grandma On"
    }
  ],
  "final_round": [
    {
      "answers": [
        [
          "Joan Rivers",
          34
        ],
        [
          "Pamela Anderson",
          29
        ],
        [
          "Cher",
          12
        ],
        [
          "Dolly Parton",
          10
        ],
        [
          "Michael Jackson",
          9
        ]
      ],
      "question": "Name A Celebrity Who You’re Pretty Sure Has Had Plastic Surgery"
    },
    {
      "answers": [
        [
          "Board game",
          51
        ],
        [
          "Casino",
          22
        ],
        [
          "Arcade",
          18
        ],
        [
          "Online",
          7
        ]
      ],
      "question": "Where do you get money that can’t be used to buy anything in the real world?"
    },
    {
      "answers": [
        [
          "Rides",
          43
        ],
        [
          "People",
          24
        ],
        [
          "Games/Prizes",
          15
        ],
        [
          "Junk Food",
          8
        ],
        [
          "Rest Rooms",
          4
        ],
        [
          "Lines",
          3
        ]
      ],
      "question": "Name Something An Amusement Park Has A Lot Of."
    },
    {
      "answers": [
        [
          "Vacation",
          41
        ],
        [
          "Christmas",
          29
        ],
        [
          "Birthday",
          13
        ],
        [
          "Gifts",
          5
        ],
        [
          "Recess",
          5
        ]
      ],
      "question": "Name Something Kids Look Forward To"
    }
  ],
  "final_round_timers": [
    20,
    25
  ]
}