{
  "rounds": [
    {
      "answers": [
        {
          "ans": "New York City",
          "pnt": 34
        },
        {
          "ans": "St Louise",
          "pnt": 24
        },
        {
          "ans": "Houston",
          "pnt": 12
        },
        {
          "ans": "San Francisco",
          "pnt": 11
        },
        {
          "ans": "Los Angeles",
          "pnt": 4
        },
        {
          "ans": "New Orleans",
          "pnt": 4
        },
        {
          "ans": "Washington D.C.",
          "pnt": 4
        }
      ],
      "multiply": 1,
      "question": "Name A City You Recognize Just By Seeing A Photo."
    },
    {
      "answers": [
        {
          "ans": "Singing",
          "pnt": 55
        },
        {
          "ans": "Dancing",
          "pnt": 27
        },
        {
          "ans": "Drawing",
          "pnt": 11
        },
        {
          "ans": "Sports",
          "pnt": 3
        }
      ],
      "multiply": 1,
      "question": "Name A Talent That Can’t Be Learned, But That You Must Be Born With"
    },
    {
      "answers": [
        {
          "ans": "Hot Dogs",
          "pnt": 76
        },
        {
          "ans": "Hamburger",
          "pnt": 12
        },
        {
          "ans": "French Fries",
          "pnt": 3
        },
        {
          "ans": "Corn Dogs",
          "pnt": 3
        },
        {
          "ans": "Ketchup",
          "pnt": 2
        },
        {
          "ans": "Hot Pretzel",
          "pnt": 2
        },
        {
          "ans": "Ham",
          "pnt": 2
        }
      ],
      "multiply": 1,
      "question": "Name Something That Tastes Good With Mustard"
    },
    {
      "answers": [
        {
          "ans": "Birthday ",
          "pnt": 57
        },
        {
          "ans": "Valentines Day ",
          "pnt": 37
        },
        {
          "ans": "Birthday ",
          "pnt": 24
        },
        {
          "ans": "Funeral ",
          "pnt": 16
        },
        {
          "ans": "Admirer ",
          "pnt": 10
        }
      ],
      "multiply": 2,
      "question": "Name A Reason You Might Receive Flowers"
    },
    {
      "answers": [
        {
          "ans": "Bicycle",
          "pnt": 52
        },
        {
          "ans": "Boat",
          "pnt": 34
        },
        {
          "ans": "Bull",
          "pnt": 22
        },
        {
          "ans": "Train",
          "pnt": 14
        },
        {
          "ans": "Motorcycle",
          "pnt": 9
        },
        {
          "ans": "Rhinocerous",
          "pnt": 6
        },
        {
          "ans": "Unicorn",
          "pnt": 4
        }
      ],
      "multiply": 2,
      "question": "Other Than A Car, Where To Find A Horn"
    },
    {
      "answers": [
        {
          "ans": "Phone call",
          "pnt": 37
        },
        {
          "ans": "Pass gas",
          "pnt": 20
        },
        {
          "ans": "Family member",
          "pnt": 12
        },
        {
          "ans": "Weather",
          "pnt": 11
        },
        {
          "ans": "Sneeze/cough",
          "pnt": 8
        },
        {
          "ans": "Door bell",
          "pnt": 6
        },
        {
          "ans": "Bad breath",
          "pnt": 3
        }
      ],
      "multiply": 2,
      "question": "In the heat of the moment,what might happen that could ruin it?"
    }
  ],
  "final_round": [
    {
      "answers": [
        [
          "Fast/ Reckless",
          53
        ],
        [
          "Smoking",
          34
        ],
        [
          "Cursing",
          23
        ],
        [
          "Chatting/ Joking",
          15
        ],
        [
          "Charging Fare",
          10
        ],
        [
          "Honking",
          6
        ],
        [
          "Picking People Up",
          4
        ]
      ],
      "question": "What Would A Taxi Driver Have To Stop Doing To Drive A Hearse"
    },
    {
      "answers": [
        [
          "Makeup",
          38
        ],
        [
          "Hat",
          32
        ],
        [
          "Piercing",
          13
        ],
        [
          "Shoes",
          9
        ],
        [
          "Hoodie",
          3
        ]
      ],
      "question": "Name Something A Teen Might Take Off Before Going To Grandma’s House For Dinner."
    },
    {
      "answers": [
        [
          "Lipstick",
          31
        ],
        [
          "Blush",
          20
        ],
        [
          "Foundation",
          14
        ],
        [
          "Eye Shadow",
          13
        ],
        [
          "Mascara",
          11
        ],
        [
          "Eyeliner",
          7
        ]
      ],
      "question": "Name A Type Of Makeup That Most Women Don’t Wear On A Regular Basis."
    },
    {
      "answers": [
        [
          "Shoot(Picture)",
          44
        ],
        [
          "Use Binoculars",
          32
        ],
        [
          "Be Quiet",
          25
        ],
        [
          "Hide",
          7
        ]
      ],
      "question": "Name Something You Do While Birdwatching That You Might Also Do While Hunting"
    }
  ],
  "final_round_timers": [
    20,
    25
  ]
}