{
  "rounds": [
    {
      "answers": [
        {
          "ans": "Glass/Dishes",
          "pnt": 43
        },
        {
          "ans": "TV",
          "pnt": 33
        },
        {
          "ans": "Computer",
          "pnt": 10
        },
        {
          "ans": "Toys",
          "pnt": 6
        },
        {
          "ans": "Stereo",
          "pnt": 5
        }
      ],
      "multiply": 1,
      "question": "Name An Item That Usually Comes With A Lot Of Packaging In The Box."
    },
    {
      "answers": [
        {
          "ans": "Fireman",
          "pnt": 50
        },
        {
          "ans": "Doctor",
          "pnt": 33
        },
        {
          "ans": "Police",
          "pnt": 21
        },
        {
          "ans": "Singer",
          "pnt": 14
        },
        {
          "ans": "Athlete",
          "pnt": 9
        },
        {
          "ans": "Pilot",
          "pnt": 6
        },
        {
          "ans": "Astronaut",
          "pnt": 4
        }
      ],
      "multiply": 1,
      "question": "Real Occupation A Kid Might Idolize Like Superhero"
    },
    {
      "answers": [
        {
          "ans": "Twins",
          "pnt": 51
        },
        {
          "ans": "Dice",
          "pnt": 33
        },
        {
          "ans": "Eyes",
          "pnt": 22
        },
        {
          "ans": "Tires",
          "pnt": 14
        },
        {
          "ans": "Scissors",
          "pnt": 9
        },
        {
          "ans": "Tweezers",
          "pnt": 6
        }
      ],
      "multiply": 1,
      "question": "Name A Pair Of Something You Cannot Wear"
    },
    {
      "answers": [
        {
          "ans": "Boxing Gloves",
          "pnt": 32
        },
        {
          "ans": "Muscles",
          "pnt": 29
        },
        {
          "ans": "Shorts",
          "pnt": 18
        },
        {
          "ans": "Wig",
          "pnt": 9
        },
        {
          "ans": "Black Eye",
          "pnt": 4
        }
      ],
      "multiply": 2,
      "question": "What Would You Need If You Wanted To Dress A Rocky Balboa For Halloween?"
    },
    {
      "answers": [
        {
          "ans": "Seat",
          "pnt": 55
        },
        {
          "ans": "Brakes",
          "pnt": 17
        },
        {
          "ans": "Mirror",
          "pnt": 8
        },
        {
          "ans": "Steering Wheel",
          "pnt": 6
        },
        {
          "ans": "Tires",
          "pnt": 6
        },
        {
          "ans": "Radio",
          "pnt": 5
        }
      ],
      "multiply": 2,
      "question": "Name A Part Of Your Car That Can Be Adjusted."
    },
    {
      "answers": [
        {
          "ans": "Run",
          "pnt": 59
        },
        {
          "ans": "Scream",
          "pnt": 31
        },
        {
          "ans": "Climb A Tree",
          "pnt": 3
        },
        {
          "ans": "Stand Still",
          "pnt": 3
        }
      ],
      "multiply": 2,
      "question": "Name Something You Would Do If A Dog Was Chasing You."
    }
  ],
  "final_round": [
    {
      "answers": [
        [
          "GLOVE",
          50
        ],
        [
          "JERSEY",
          33
        ],
        [
          "BAT",
          21
        ],
        [
          "BASEBALL CARD",
          14
        ],
        [
          "CAP",
          9
        ],
        [
          "PHOTOGRAPH",
          6
        ]
      ],
      "question": "Other Than A Ball, Name Something That A Baseball Player Gets Asked To Sign"
    },
    {
      "answers": [
        [
          "Needle ",
          41
        ],
        [
          "Potato ",
          27
        ],
        [
          "Storm ",
          17
        ],
        [
          "London Eye ",
          11
        ]
      ],
      "question": "Name A Non Living Object With An Eye"
    },
    {
      "answers": [
        [
          "Jewelry",
          57
        ],
        [
          "Money",
          37
        ],
        [
          "Recipes",
          24
        ],
        [
          "Pictures",
          16
        ],
        [
          "Stories",
          10
        ],
        [
          "Advice",
          7
        ],
        [
          "Genes",
          4
        ]
      ],
      "question": "Tell Me Something A Grandma Passes On To Her Grandchildren"
    },
    {
      "answers": [
        [
          "Hot Dog",
          44
        ],
        [
          "Hot sauce",
          20
        ],
        [
          "Hot Tamale",
          13
        ],
        [
          "Hot Wings",
          9
        ],
        [
          "Hot Pocket",
          7
        ],
        [
          "Hot Peppers",
          4
        ]
      ],
      "question": "Tell Me A Food That Has “Hot” In Its Name"
    }
  ],
  "final_round_timers": [
    20,
    25
  ]
}