{
  "rounds": [
    {
      "answers": [
        {
          "ans": "Pick",
          "pnt": 32
        },
        {
          "ans": "Case",
          "pnt": 28
        },
        {
          "ans": "Strings",
          "pnt": 18
        },
        {
          "ans": "Amp",
          "pnt": 16
        },
        {
          "ans": "Sheet Music",
          "pnt": 6
        }
      ],
      "multiply": 1,
      "question": "Name Something You Buy To Go With A Guitar."
    },
    {
      "answers": [
        {
          "ans": "Water",
          "pnt": 69
        },
        {
          "ans": "Food",
          "pnt": 15
        },
        {
          "ans": "Air",
          "pnt": 6
        },
        {
          "ans": "Sleep",
          "pnt": 5
        }
      ],
      "multiply": 1,
      "question": "Tell Me Something Your Body Can’t Live Without."
    },
    {
      "answers": [
        {
          "ans": "Star / Actor ",
          "pnt": 53
        },
        {
          "ans": "Camera ",
          "pnt": 34
        },
        {
          "ans": "Lights ",
          "pnt": 23
        },
        {
          "ans": "Director ",
          "pnt": 15
        },
        {
          "ans": "People ",
          "pnt": 10
        }
      ],
      "multiply": 1,
      "question": "Name Something You Might See On A Movie Set"
    },
    {
      "answers": [
        {
          "ans": "Compassion",
          "pnt": 57
        },
        {
          "ans": "Honesty",
          "pnt": 37
        },
        {
          "ans": "Good Sense Of Humor",
          "pnt": 24
        },
        {
          "ans": "Beautiful Eyes",
          "pnt": 16
        }
      ],
      "multiply": 2,
      "question": "If Women Designed The Perfect Man, Name A Trait He Might Have"
    },
    {
      "answers": [
        {
          "ans": "Lookin For My Ken",
          "pnt": 30
        },
        {
          "ans": "Plastic",
          "pnt": 27
        },
        {
          "ans": "Blonde Hair",
          "pnt": 15
        },
        {
          "ans": "Measurements",
          "pnt": 10
        },
        {
          "ans": "Spelling Errors",
          "pnt": 9
        }
      ],
      "multiply": 2,
      "question": "What Might You See In A Personals Ad That Makes You Think It Was Placed By A Barbie Doll?"
    },
    {
      "answers": [
        {
          "ans": "Kangaroos",
          "pnt": 59
        },
        {
          "ans": "Ocean",
          "pnt": 16
        },
        {
          "ans": "Koalas",
          "pnt": 12
        },
        {
          "ans": "Sand Beaches",
          "pnt": 10
        }
      ],
      "multiply": 2,
      "question": "Name Something You Imagine You’d See All Over If You Went To Australia"
    }
  ],
  "final_round": [
    {
      "answers": [
        [
          "Camping",
          46
        ],
        [
          "Hiking",
          37
        ],
        [
          "Hunting",
          25
        ],
        [
          "Hide And Seek",
          10
        ]
      ],
      "question": "Name An Activity For Which You Might Use Walkie Talkies."
    },
    {
      "answers": [
        [
          "Coat",
          55
        ],
        [
          "Blanket",
          22
        ],
        [
          "Heater",
          6
        ],
        [
          "Glove",
          5
        ],
        [
          "Sweater",
          3
        ],
        [
          "Hat",
          3
        ],
        [
          "Boots",
          3
        ]
      ],
      "question": "Name Something You Would Pack For Your Stay At A Hotel Made Of Ice"
    },
    {
      "answers": [
        [
          "Homework",
          78
        ],
        [
          "Teachers",
          7
        ],
        [
          "Getting Up",
          4
        ],
        [
          "Math",
          3
        ],
        [
          "Principal",
          2
        ]
      ],
      "question": "Tell Me What Kids Hate Most About School."
    },
    {
      "answers": [
        [
          "Bambi",
          42
        ],
        [
          "Old Yeller",
          38
        ],
        [
          "Lion King",
          15
        ],
        [
          "Dumbo",
          4
        ]
      ],
      "question": "Name A Kids Movie that Makes Adults Cry To."
    }
  ],
  "final_round_timers": [
    20,
    25
  ]
}