{
  "rounds": [
    {
      "answers": [
        {
          "ans": "Kiss A Frog",
          "pnt": 43
        },
        {
          "ans": "Fall Fast Asleep",
          "pnt": 32
        },
        {
          "ans": "Go To A Ball",
          "pnt": 15
        },
        {
          "ans": "Lose Your Shoe",
          "pnt": 6
        }
      ],
      "multiply": 1,
      "question": "According To Fairly Tales, name A Way To Meet Prince Charming"
    },
    {
      "answers": [
        {
          "ans": "Phone Book ",
          "pnt": 54
        },
        {
          "ans": "Dictionary ",
          "pnt": 35
        },
        {
          "ans": "Address Book ",
          "pnt": 23
        },
        {
          "ans": "Alphabet ",
          "pnt": 15
        },
        {
          "ans": "Filing List ",
          "pnt": 10
        }
      ],
      "multiply": 1,
      "question": "Name Something That Is Written Alphabetically"
    },
    {
      "answers": [
        {
          "ans": "Cats",
          "pnt": 51
        },
        {
          "ans": "Cars",
          "pnt": 24
        },
        {
          "ans": "Other Dogs",
          "pnt": 5
        },
        {
          "ans": "Balls",
          "pnt": 4
        },
        {
          "ans": "Bone",
          "pnt": 3
        },
        {
          "ans": "Your Tail",
          "pnt": 3
        },
        {
          "ans": "Rabbit",
          "pnt": 3
        }
      ],
      "multiply": 1,
      "question": "Name Something You Might Chase If You Were A Dog."
    },
    {
      "answers": [
        {
          "ans": 10,
          "pnt": 31
        },
        {
          "ans": 8,
          "pnt": 26
        },
        {
          "ans": 5,
          "pnt": 17
        },
        {
          "ans": 7,
          "pnt": 13
        },
        {
          "ans": 9,
          "pnt": 10
        }
      ],
      "multiply": 2,
      "question": "We Asked 100 Moms: On A Scale From 1-10, How Much Have You Become Like Your Own Mom With Age?"
    },
    {
      "answers": [
        {
          "ans": "Gray Hair",
          "pnt": 46
        },
        {
          "ans": "Wrinkles",
          "pnt": 30
        },
        {
          "ans": "Wisdom",
          "pnt": 20
        },
        {
          "ans": "Baldness",
          "pnt": 13
        }
      ],
      "multiply": 2,
      "question": "Name A Sign Of Aging That Is Attractive"
    },
    {
      "answers": [
        {
          "ans": "Chicken",
          "pnt": 54
        },
        {
          "ans": "Potatoes",
          "pnt": 35
        },
        {
          "ans": "Fish",
          "pnt": 23
        },
        {
          "ans": "Onions",
          "pnt": 15
        }
      ],
      "multiply": 2,
      "question": "Name A Food That Usually Tastes So-So, Fantastic Once Fried"
    }
  ],
  "final_round": [
    {
      "answers": [
        [
          "Cat",
          54
        ],
        [
          "Bird",
          27
        ],
        [
          "Fish",
          7
        ],
        [
          "Lizard",
          4
        ],
        [
          "Rat/Mouse",
          3
        ],
        [
          "Hamster",
          3
        ]
      ],
      "question": "Unlike Dogs, Name A Type Of Pet That People Don’t Count On To Guard Their House."
    },
    {
      "answers": [
        [
          "Elephant",
          53
        ],
        [
          "Tiger",
          16
        ],
        [
          "Bear",
          13
        ],
        [
          "Gorilla",
          7
        ],
        [
          "Lion",
          4
        ],
        [
          "Alligator",
          2
        ],
        [
          "Rhino",
          2
        ]
      ],
      "question": "If There Was A Fire At The Zoo, Name An Animal A Fireman Would Have Trouble Carrying Out By Himself."
    },
    {
      "answers": [
        [
          "Feet",
          41
        ],
        [
          "Hands",
          22
        ],
        [
          "Nose",
          11
        ],
        [
          "Ears",
          10
        ],
        [
          "Mouth",
          7
        ],
        [
          "Butt",
          3
        ],
        [
          "Neck",
          3
        ]
      ],
      "question": "Tell Me A Specific Part Of Your Body That You Never Worry About Getting Fat."
    },
    {
      "answers": [
        [
          "Strawberries ",
          48
        ],
        [
          "Ice Cream ",
          31
        ],
        [
          "Scones ",
          20
        ],
        [
          "Pie / Apple Pie ",
          13
        ],
        [
          "Sundae ",
          9
        ]
      ],
      "question": "Name Something That People Like To Put Whipped Cream On"
    }
  ],
  "final_round_timers": [
    20,
    25
  ]
}