{
  "rounds": [
    {
      "answers": [
        {
          "ans": "Church ",
          "pnt": 43
        },
        {
          "ans": "In A Candlestick ",
          "pnt": 28
        },
        {
          "ans": "Bathroom ",
          "pnt": 18
        },
        {
          "ans": "Table ",
          "pnt": 12
        }
      ],
      "multiply": 1,
      "question": "Name A Place Where You Would Find A Candle"
    },
    {
      "answers": [
        {
          "ans": "Work",
          "pnt": 54
        },
        {
          "ans": "Jury Duty",
          "pnt": 35
        },
        {
          "ans": "Trouble",
          "pnt": 23
        },
        {
          "ans": "Traffic Ticket",
          "pnt": 15
        },
        {
          "ans": "Jail",
          "pnt": 10
        },
        {
          "ans": "Debt",
          "pnt": 6
        },
        {
          "ans": "Bed",
          "pnt": 4
        }
      ],
      "multiply": 1,
      "question": "Name Something People Try To Get Out Of"
    },
    {
      "answers": [
        {
          "ans": "Farm",
          "pnt": 36
        },
        {
          "ans": "Pig",
          "pnt": 6
        },
        {
          "ans": "Cow",
          "pnt": 5
        },
        {
          "ans": "Chick",
          "pnt": 2
        }
      ],
      "multiply": 1,
      "question": "Name Something You Associate With Old McDonald. (Be More Specific Than Animals)"
    },
    {
      "answers": [
        {
          "ans": "Mountains ",
          "pnt": 40
        },
        {
          "ans": "Skiing ",
          "pnt": 26
        },
        {
          "ans": "Cheese ",
          "pnt": 17
        },
        {
          "ans": "Clocks ",
          "pnt": 11
        },
        {
          "ans": "Yodelling ",
          "pnt": 7
        },
        {
          "ans": "Army Knife ",
          "pnt": 5
        }
      ],
      "multiply": 2,
      "question": "Name Something Associated With Switzerland"
    },
    {
      "answers": [
        {
          "ans": "Doctor ",
          "pnt": 50
        },
        {
          "ans": "Lawyer ",
          "pnt": 33
        },
        {
          "ans": "Dentist ",
          "pnt": 21
        },
        {
          "ans": "Accountant ",
          "pnt": 14
        },
        {
          "ans": "Salesman ",
          "pnt": 9
        }
      ],
      "multiply": 2,
      "question": "Name A Professional Who Keeps Clients Waiting"
    },
    {
      "answers": [
        {
          "ans": "Face",
          "pnt": 46
        },
        {
          "ans": "Stomach",
          "pnt": 34
        },
        {
          "ans": "Legs",
          "pnt": 6
        },
        {
          "ans": "Butt",
          "pnt": 5
        },
        {
          "ans": "Hair",
          "pnt": 4
        }
      ],
      "multiply": 2,
      "question": "What body part is most important for a star to maintain?"
    }
  ],
  "final_round": [
    {
      "answers": [
        [
          "Diary",
          54
        ],
        [
          "Bank Account",
          20
        ],
        [
          "Computer",
          9
        ],
        [
          "Password",
          8
        ],
        [
          "Mail",
          6
        ]
      ],
      "question": "Name Something Of Yours That A Snoop Might Try To Get Access To."
    },
    {
      "answers": [
        [
          "Bedroom Doors",
          33
        ],
        [
          "Eyes",
          31
        ],
        [
          "Window",
          12
        ],
        [
          "Curtains",
          10
        ]
      ],
      "question": "Name Something You Close At Nighttime."
    },
    {
      "answers": [
        [
          "Resume",
          34
        ],
        [
          "Education",
          30
        ],
        [
          "Experience",
          13
        ],
        [
          "Good Looks",
          8
        ],
        [
          "Personality",
          5
        ],
        [
          "Intelligence",
          3
        ],
        [
          "Connections",
          3
        ]
      ],
      "question": "Name Something You Need In Order To Get A Great Job"
    },
    {
      "answers": [
        [
          "Bad Language",
          41
        ],
        [
          "Jump From Things",
          27
        ],
        [
          "Yell",
          18
        ],
        [
          "Throw Things",
          10
        ]
      ],
      "question": "Other Than Fight, What Does A Pro Wrestler Do That A Kid Would Get In Trouble For Copying?"
    }
  ],
  "final_round_timers": [
    20,
    25
  ]
}