{
  "rounds": [
    {
      "answers": [
        {
          "ans": "Eye Contact ",
          "pnt": 57
        },
        {
          "ans": "Blush ",
          "pnt": 37
        },
        {
          "ans": "Lie Detector ",
          "pnt": 24
        },
        {
          "ans": "Nose Grows ",
          "pnt": 16
        },
        {
          "ans": "Sweat ",
          "pnt": 10
        }
      ],
      "multiply": 1,
      "question": "Name A Way Of Telling Someone Is Lying"
    },
    {
      "answers": [
        {
          "ans": "Window",
          "pnt": 61
        },
        {
          "ans": "Bathroom",
          "pnt": 20
        },
        {
          "ans": "Exit",
          "pnt": 12
        },
        {
          "ans": "Aisle",
          "pnt": 6
        }
      ],
      "multiply": 1,
      "question": "Name Something You Hope To Have Your Seat Near While Riding In A Plane"
    },
    {
      "answers": [
        {
          "ans": "Clothes",
          "pnt": 46
        },
        {
          "ans": "Baseball Cards",
          "pnt": 11
        },
        {
          "ans": "Furniture",
          "pnt": 10
        },
        {
          "ans": "Tools",
          "pnt": 7
        },
        {
          "ans": "Dishes",
          "pnt": 7
        },
        {
          "ans": "Cars",
          "pnt": 6
        },
        {
          "ans": "Books",
          "pnt": 4
        }
      ],
      "multiply": 1,
      "question": "Name Something That’s Often Sold At A Swap Meet. (Be More Specific Than Junk Or Stuff)"
    },
    {
      "answers": [
        {
          "ans": "Monopoly",
          "pnt": 45
        },
        {
          "ans": "Yatzee",
          "pnt": 34
        },
        {
          "ans": "Craps",
          "pnt": 14
        },
        {
          "ans": "Dungeos & Dragons",
          "pnt": 5
        }
      ],
      "multiply": 2,
      "question": "Name A Game You Need Dice To Play."
    },
    {
      "answers": [
        {
          "ans": "Piglet",
          "pnt": 37
        },
        {
          "ans": "Lamb",
          "pnt": 24
        },
        {
          "ans": "Chick",
          "pnt": 19
        },
        {
          "ans": "Kid/Goat",
          "pnt": 9
        },
        {
          "ans": "Bunny",
          "pnt": 8
        }
      ],
      "multiply": 2,
      "question": "Name A Baby Farm Animal That A Child Would Probably Want To Keep As A Pet."
    },
    {
      "answers": [
        {
          "ans": "Soup ",
          "pnt": 49
        },
        {
          "ans": "Spaghetti ",
          "pnt": 32
        },
        {
          "ans": "Ice Cream ",
          "pnt": 21
        },
        {
          "ans": "Rice ",
          "pnt": 14
        },
        {
          "ans": "Pasta ",
          "pnt": 9
        }
      ],
      "multiply": 2,
      "question": "Name A Food You Never Eat With Your Hands"
    }
  ],
  "final_round": [
    {
      "answers": [
        [
          "Dark",
          49
        ],
        [
          "Committment",
          32
        ],
        [
          "Rejection",
          21
        ],
        [
          "Heights",
          14
        ],
        [
          "Crying",
          9
        ]
      ],
      "question": "Which Fears, Adult/ Childish Men Pretend Not To Do"
    },
    {
      "answers": [
        [
          "Bear",
          38
        ],
        [
          "Deer",
          29
        ],
        [
          "Wolf",
          14
        ],
        [
          "Fox",
          11
        ],
        [
          "Mountain Lion",
          7
        ]
      ],
      "question": "Name An Animal You See In The Woods That You Would Be Surprised To See In The City."
    },
    {
      "answers": [
        [
          "Teacher",
          58
        ],
        [
          "Writer",
          17
        ],
        [
          "Librarian",
          13
        ],
        [
          "Editor",
          8
        ],
        [
          "Journalist",
          4
        ]
      ],
      "question": "Name A Profession That Would Help You Be Good At Solving Crossword Puzzles."
    },
    {
      "answers": [
        [
          "Steak",
          31
        ],
        [
          "Eggs",
          26
        ],
        [
          "Toast",
          19
        ],
        [
          "Chicken",
          11
        ],
        [
          "Cookies",
          8
        ]
      ],
      "question": "Name A Specific Food That’s Hard To Cook Well, Without Burning"
    }
  ],
  "final_round_timers": [
    20,
    25
  ]
}