{
  "rounds": [
    {
      "answers": [
        {
          "ans": "Valentines Day",
          "pnt": 31
        },
        {
          "ans": "Her Birthday",
          "pnt": 22
        },
        {
          "ans": "Christmas",
          "pnt": 18
        },
        {
          "ans": "At A Wedding",
          "pnt": 11
        },
        {
          "ans": "Anniversary",
          "pnt": 8
        },
        {
          "ans": "Vacation",
          "pnt": 7
        }
      ],
      "multiply": 1,
      "question": "Name An Occasion That A Man Might Propose To His Girlfriend"
    },
    {
      "answers": [
        {
          "ans": "Road",
          "pnt": 33
        },
        {
          "ans": "Other Cars",
          "pnt": 27
        },
        {
          "ans": "speed Limit",
          "pnt": 16
        },
        {
          "ans": "Traffic Signs",
          "pnt": 7
        },
        {
          "ans": "Gas guage",
          "pnt": 6
        },
        {
          "ans": "Pedestrians",
          "pnt": 4
        }
      ],
      "multiply": 1,
      "question": "While Driving, Name Something You Have To Keep An Eye On"
    },
    {
      "answers": [
        {
          "ans": "Milk",
          "pnt": 43
        },
        {
          "ans": "Fake Hair",
          "pnt": 21
        },
        {
          "ans": "Marker/Pen",
          "pnt": 14
        },
        {
          "ans": "Plastic",
          "pnt": 7
        },
        {
          "ans": "Kool Aid",
          "pnt": 5
        },
        {
          "ans": "Ketchup",
          "pnt": 3
        }
      ],
      "multiply": 1,
      "question": "Name Something A Kid’s Moustache Is Often Made Of"
    },
    {
      "answers": [
        {
          "ans": "Cricket",
          "pnt": 38
        },
        {
          "ans": "Bird",
          "pnt": 28
        },
        {
          "ans": "Chihuahua",
          "pnt": 15
        },
        {
          "ans": "Cat",
          "pnt": 11
        },
        {
          "ans": "Frog",
          "pnt": 5
        }
      ],
      "multiply": 2,
      "question": "Name a small creature who can be very noisy."
    },
    {
      "answers": [
        {
          "ans": "Fishing",
          "pnt": 34
        },
        {
          "ans": "Sleeping",
          "pnt": 25
        },
        {
          "ans": "Reading",
          "pnt": 17
        },
        {
          "ans": "Hiking",
          "pnt": 10
        },
        {
          "ans": "Relaxing",
          "pnt": 5
        },
        {
          "ans": "Hunting",
          "pnt": 3
        },
        {
          "ans": "Eating",
          "pnt": 3
        }
      ],
      "multiply": 2,
      "question": "If You Went On A Camping Trip By Yourself, What Might You Spend The Week Doing?"
    },
    {
      "answers": [
        {
          "ans": "Apple",
          "pnt": 54
        },
        {
          "ans": "Toothbrush/Paste",
          "pnt": 26
        },
        {
          "ans": "Pennies",
          "pnt": 9
        },
        {
          "ans": "Raisins",
          "pnt": 7
        }
      ],
      "multiply": 2,
      "question": "Name Something People Pass Out For Trick-Or-Treat, That A Child May Be Disappointed To Get."
    }
  ],
  "final_round": [
    {
      "answers": [
        [
          "Go With Them",
          47
        ],
        [
          "Check Candy",
          28
        ],
        [
          "Bright Costume",
          16
        ],
        [
          "Keep Home",
          7
        ]
      ],
      "question": "Name Something Parents Should Do To Be Sure That Their Kids Have A Safe Halloween."
    },
    {
      "answers": [
        [
          "Music",
          40
        ],
        [
          "Photos",
          27
        ],
        [
          "Movies",
          17
        ],
        [
          "Books",
          12
        ]
      ],
      "question": "Name Something That Used To Take Up Shelf Space In Your House, But Can Now Be Stored Electronically."
    },
    {
      "answers": [
        [
          "Ball",
          28
        ],
        [
          "Snowballs",
          17
        ],
        [
          "Water Balloons",
          17
        ],
        [
          "Toys",
          13
        ],
        [
          "Food",
          12
        ],
        [
          "Dirt ",
          6
        ]
      ],
      "question": "Name Something Kids Like To Throw At Each Other."
    },
    {
      "answers": [
        [
          "Social Security",
          44
        ],
        [
          "Address",
          29
        ],
        [
          "Pin/Password",
          19
        ],
        [
          "Bank Account",
          12
        ]
      ],
      "question": "Besides A Phone Number, Name A Set Of Numbers Most People Remember"
    }
  ],
  "final_round_timers": [
    20,
    25
  ]
}