{
  "rounds": [
    {
      "answers": [
        {
          "ans": "Spin The Bottle",
          "pnt": 69
        },
        {
          "ans": "Twister",
          "pnt": 10
        },
        {
          "ans": "Quarters",
          "pnt": 8
        },
        {
          "ans": "Cards",
          "pnt": 8
        }
      ],
      "multiply": 1,
      "question": "Name A Game Teenagers Play At Parties"
    },
    {
      "answers": [
        {
          "ans": "Postcards",
          "pnt": 29
        },
        {
          "ans": "Magazine",
          "pnt": 19
        },
        {
          "ans": "Candy",
          "pnt": 15
        },
        {
          "ans": "Newspaper",
          "pnt": 15
        },
        {
          "ans": "Books",
          "pnt": 10
        },
        {
          "ans": "Food",
          "pnt": 5
        },
        {
          "ans": "Greeting cards",
          "pnt": 5
        }
      ],
      "multiply": 1,
      "question": "Name something that’s sold at an airport gift shop."
    },
    {
      "answers": [
        {
          "ans": "Birds ",
          "pnt": 51
        },
        {
          "ans": "Alarm ",
          "pnt": 33
        },
        {
          "ans": "Rooster ",
          "pnt": 22
        },
        {
          "ans": "Dogs ",
          "pnt": 14
        },
        {
          "ans": "Radio ",
          "pnt": 9
        }
      ],
      "multiply": 1,
      "question": "Name A Noise You Hear First Thing In The Morning"
    },
    {
      "answers": [
        {
          "ans": "Skittles",
          "pnt": 30
        },
        {
          "ans": "M&M",
          "pnt": 27
        },
        {
          "ans": "Lifesavers",
          "pnt": 18
        },
        {
          "ans": "Starburst",
          "pnt": 6
        },
        {
          "ans": "Now & Laters",
          "pnt": 4
        },
        {
          "ans": "Taffy",
          "pnt": 3
        },
        {
          "ans": "Jolly Ranchers",
          "pnt": 3
        }
      ],
      "multiply": 2,
      "question": "Name A Candy That Comes In Different Colors"
    },
    {
      "answers": [
        {
          "ans": "Eating Sweets",
          "pnt": 58
        },
        {
          "ans": "Watch Shows",
          "pnt": 38
        },
        {
          "ans": "Shop",
          "pnt": 25
        },
        {
          "ans": "Walk Around",
          "pnt": 16
        },
        {
          "ans": "Watch Parade",
          "pnt": 11
        },
        {
          "ans": "Take Pictures/Video",
          "pnt": 7
        },
        {
          "ans": "Disney Characters",
          "pnt": 4
        }
      ],
      "multiply": 2,
      "question": "Besides Go On Rides, Name Something People Do At disneyland"
    },
    {
      "answers": [
        {
          "ans": "Oyster ",
          "pnt": 50
        },
        {
          "ans": "Crab ",
          "pnt": 33
        },
        {
          "ans": "Lobster ",
          "pnt": 21
        },
        {
          "ans": "Caviar ",
          "pnt": 14
        },
        {
          "ans": "Prawns ",
          "pnt": 9
        }
      ],
      "multiply": 2,
      "question": "Name A Seafood Delicacy"
    }
  ],
  "final_round": [
    {
      "answers": [
        [
          "Smoke",
          50
        ],
        [
          "Flirt",
          33
        ],
        [
          "Talk Too Much",
          21
        ],
        [
          "Get Drunk",
          14
        ],
        [
          "Burp",
          9
        ],
        [
          "Stare",
          6
        ],
        [
          "Get Too Loud",
          4
        ]
      ],
      "question": "Name Something A Person Sitting Next To You At A Bar Might Do To Annoy You."
    },
    {
      "answers": [
        [
          "Strange Appearance",
          19
        ],
        [
          "Weird Eyes",
          18
        ],
        [
          "Large Ears",
          7
        ],
        [
          "Antennas",
          6
        ],
        [
          "Speech",
          6
        ],
        [
          "He can Fly",
          4
        ]
      ],
      "question": "name A Way You Might Be Able to Tell Your Baby Is really An Alien"
    },
    {
      "answers": [
        [
          "Waitstaff",
          50
        ],
        [
          "Medical Worker",
          33
        ],
        [
          "Cop",
          21
        ],
        [
          "Construction",
          14
        ],
        [
          "Athlete",
          9
        ]
      ],
      "question": "Tell Me An Occupation Where You Wouldn’t Wear High Heels"
    },
    {
      "answers": [
        [
          "Teachers",
          51
        ],
        [
          "Principal",
          33
        ],
        [
          "Homework",
          22
        ],
        [
          "Rules",
          14
        ],
        [
          "Tests",
          9
        ],
        [
          "Detention",
          6
        ],
        [
          "Bell",
          4
        ]
      ],
      "question": "If Students Ran Schools,Name Some Things They Would Probably Get Rid Of"
    }
  ],
  "final_round_timers": [
    20,
    25
  ]
}