{
  "rounds": [
    {
      "answers": [
        {
          "ans": "A Club ",
          "pnt": 54
        },
        {
          "ans": "An Axe ",
          "pnt": 35
        },
        {
          "ans": "Rock / Stone ",
          "pnt": 23
        },
        {
          "ans": "Hammer ",
          "pnt": 15
        },
        {
          "ans": "A Spear ",
          "pnt": 10
        }
      ],
      "multiply": 1,
      "question": "Name A Tool Or A Weapon Used By A Caveman"
    },
    {
      "answers": [
        {
          "ans": "Doctor’s Office",
          "pnt": 34
        },
        {
          "ans": "DMV",
          "pnt": 30
        },
        {
          "ans": "Court",
          "pnt": 20
        },
        {
          "ans": "Classroom",
          "pnt": 9
        },
        {
          "ans": "Restaurant",
          "pnt": 5
        }
      ],
      "multiply": 1,
      "question": "Name A Place Where You Sit Until Your Name Is Called."
    },
    {
      "answers": [
        {
          "ans": "Sleigh Bells",
          "pnt": 52
        },
        {
          "ans": "Ho Ho Ho",
          "pnt": 26
        },
        {
          "ans": "Reindeer On Roof",
          "pnt": 15
        },
        {
          "ans": "Footsteps",
          "pnt": 4
        }
      ],
      "multiply": 1,
      "question": "Which Sounds Do Children Listen For On Christmas Eve?"
    },
    {
      "answers": [
        {
          "ans": "Get Into drugs",
          "pnt": 45
        },
        {
          "ans": "Kidnapped",
          "pnt": 29
        },
        {
          "ans": "Become Spoiled",
          "pnt": 19
        },
        {
          "ans": "Grow Up To Fast",
          "pnt": 12
        }
      ],
      "multiply": 2,
      "question": "Name something people worry will happen to a child star"
    },
    {
      "answers": [
        {
          "ans": "Test Tubes",
          "pnt": 54
        },
        {
          "ans": "Brains",
          "pnt": 35
        },
        {
          "ans": "Beakers",
          "pnt": 23
        },
        {
          "ans": "Chemicals",
          "pnt": 15
        }
      ],
      "multiply": 2,
      "question": "Something Scientist Has Lots Of"
    },
    {
      "answers": [
        {
          "ans": "Wedding ",
          "pnt": 54
        },
        {
          "ans": "Birthday Party ",
          "pnt": 35
        },
        {
          "ans": "Night Out ",
          "pnt": 23
        },
        {
          "ans": "Graduation ",
          "pnt": 15
        },
        {
          "ans": "School Play ",
          "pnt": 10
        },
        {
          "ans": "Photoshoot ",
          "pnt": 6
        }
      ],
      "multiply": 2,
      "question": "Name An Event Where You Have Your Photo Taken"
    }
  ],
  "final_round": [
    {
      "answers": [
        [
          "Lab Coat",
          78
        ],
        [
          "Lab Goggles",
          15
        ],
        [
          "Gloves",
          3
        ],
        [
          "Mask",
          2
        ]
      ],
      "question": "Name Something Scientists Wear In The Lab"
    },
    {
      "answers": [
        [
          "Polish ",
          50
        ],
        [
          "Cover ",
          33
        ],
        [
          "Roof Rack ",
          21
        ],
        [
          "Sticker ",
          14
        ],
        [
          "Car Seat Cover ",
          9
        ]
      ],
      "question": "Name Something You Might Put On Your Car"
    },
    {
      "answers": [
        [
          "The Clintons",
          36
        ],
        [
          "The Obamas",
          30
        ],
        [
          "Bush Jr. and Laura",
          13
        ],
        [
          "The Reagans",
          10
        ],
        [
          "The Kennedys",
          6
        ]
      ],
      "question": "Past or present,name a presidential couple whose dinner conversations you’d love to eavesdrop on."
    },
    {
      "answers": [
        [
          "Tony Bennett",
          33
        ],
        [
          "Tony The Tiger",
          26
        ],
        [
          "Tony Danza",
          24
        ],
        [
          "Tony Soprano",
          11
        ]
      ],
      "question": "Real Or Fictional, Name A Famous Tony"
    }
  ],
  "final_round_timers": [
    20,
    25
  ]
}