{
  "rounds": [
    {
      "answers": [
        {
          "ans": "Tom Cruise",
          "pnt": 24
        },
        {
          "ans": "Jim Carrey",
          "pnt": 17
        },
        {
          "ans": "Brad Pitt",
          "pnt": 16
        },
        {
          "ans": "Julia Roberts",
          "pnt": 14
        },
        {
          "ans": "Tom Hanks",
          "pnt": 11
        },
        {
          "ans": "Denzel Washington",
          "pnt": 11
        },
        {
          "ans": "Will Smith",
          "pnt": 7
        }
      ],
      "multiply": 1,
      "question": "Name An Actor Or Actress Who Commands A High Salary To Be In A Film."
    },
    {
      "answers": [
        {
          "ans": "Rose",
          "pnt": 58
        },
        {
          "ans": "Orchid",
          "pnt": 12
        },
        {
          "ans": "Tulip",
          "pnt": 9
        },
        {
          "ans": "Iris",
          "pnt": 8
        },
        {
          "ans": "Carnation",
          "pnt": 7
        },
        {
          "ans": "Lily",
          "pnt": 6
        }
      ],
      "multiply": 1,
      "question": "Name A Flower That Comes In Different Colors"
    },
    {
      "answers": [
        {
          "ans": "John",
          "pnt": 37
        },
        {
          "ans": "Commode",
          "pnt": 18
        },
        {
          "ans": "Potty",
          "pnt": 14
        },
        {
          "ans": "Can",
          "pnt": 12
        },
        {
          "ans": "Latrine",
          "pnt": 7
        },
        {
          "ans": "Loo",
          "pnt": 4
        },
        {
          "ans": "Bathroom",
          "pnt": 2
        }
      ],
      "multiply": 1,
      "question": "Name Another Word For Toilet"
    },
    {
      "answers": [
        {
          "ans": "Drive",
          "pnt": 39
        },
        {
          "ans": "Go Out",
          "pnt": 28
        },
        {
          "ans": "Date",
          "pnt": 11
        },
        {
          "ans": "Stay Out Late",
          "pnt": 7
        },
        {
          "ans": "Move Out",
          "pnt": 4
        },
        {
          "ans": "Get A Tattoo",
          "pnt": 3
        },
        {
          "ans": "Get Married",
          "pnt": 3
        }
      ],
      "multiply": 2,
      "question": "Name Something An Underage Teen Needs Their Parents’ Permission To Do"
    },
    {
      "answers": [
        {
          "ans": "Bible",
          "pnt": 36
        },
        {
          "ans": "Dictionary",
          "pnt": 28
        },
        {
          "ans": "Encyclopedia",
          "pnt": 15
        },
        {
          "ans": "Text Book",
          "pnt": 10
        },
        {
          "ans": "Phone Book",
          "pnt": 8
        }
      ],
      "multiply": 2,
      "question": "Name A Type Of Book That You’re Not Expected To Read All Of."
    },
    {
      "answers": [
        {
          "ans": "Reading",
          "pnt": 48
        },
        {
          "ans": "Driving",
          "pnt": 27
        },
        {
          "ans": "Watching Tv",
          "pnt": 10
        },
        {
          "ans": "Working",
          "pnt": 5
        },
        {
          "ans": "Homework",
          "pnt": 4
        },
        {
          "ans": "Eating",
          "pnt": 3
        }
      ],
      "multiply": 2,
      "question": "name something You Often Feel Sleepy while Doing"
    }
  ],
  "final_round": [
    {
      "answers": [
        [
          "Religious Groups ",
          48
        ],
        [
          "Saleman ",
          31
        ],
        [
          "Police ",
          20
        ],
        [
          "Bill Collector ",
          13
        ],
        [
          "Mother In Law ",
          9
        ]
      ],
      "question": "Name Someone Who Might Make You Pretend You're Not At Home"
    },
    {
      "answers": [
        [
          "Stay Out Late",
          41
        ],
        [
          "Talk Back",
          27
        ],
        [
          "Smoke",
          17
        ],
        [
          "Lie",
          11
        ],
        [
          "Drink",
          7
        ]
      ],
      "question": "Something Teenagers Do That Makes Parents Angry"
    },
    {
      "answers": [
        [
          "Spoiled",
          45
        ],
        [
          "Crave Attention",
          15
        ],
        [
          "Have Lots Of Toys",
          11
        ],
        [
          "Immature",
          10
        ],
        [
          "No Privacy",
          7
        ],
        [
          "They Pretend",
          5
        ]
      ],
      "question": "Name Something That Celebrities And Young Children Have In Common"
    },
    {
      "answers": [
        [
          "Police",
          82
        ],
        [
          "Criminal",
          7
        ],
        [
          "Hunter",
          5
        ],
        [
          "Dirty Harry",
          2
        ]
      ],
      "question": "Name Something Who Uses A Gun"
    }
  ],
  "final_round_timers": [
    20,
    25
  ]
}