{
  "rounds": [
    {
      "answers": [
        {
          "ans": "Football ",
          "pnt": 46
        },
        {
          "ans": "Hockey ",
          "pnt": 30
        },
        {
          "ans": "Basketball ",
          "pnt": 20
        },
        {
          "ans": "Rugby ",
          "pnt": 13
        },
        {
          "ans": "Volleyball ",
          "pnt": 8
        },
        {
          "ans": "Polo ",
          "pnt": 5
        }
      ],
      "multiply": 1,
      "question": "Name A Sport You Play In Teams"
    },
    {
      "answers": [
        {
          "ans": "Sick",
          "pnt": 51
        },
        {
          "ans": "Bad Behavior",
          "pnt": 17
        },
        {
          "ans": "Bad Grades",
          "pnt": 13
        },
        {
          "ans": "Fight",
          "pnt": 11
        },
        {
          "ans": "Skipping Class",
          "pnt": 6
        }
      ],
      "multiply": 1,
      "question": "Name A Reason Why Your Kid’s Teacher Might Call From School"
    },
    {
      "answers": [
        {
          "ans": "Wash Hands",
          "pnt": 71
        },
        {
          "ans": "Put Gloves On",
          "pnt": 14
        },
        {
          "ans": "Gone To School",
          "pnt": 6
        },
        {
          "ans": "Sterilized Equipment",
          "pnt": 5
        }
      ],
      "multiply": 1,
      "question": "Name Something You Hope Your Dentist Has Done Before He Starts His Exam."
    },
    {
      "answers": [
        {
          "ans": "Drive",
          "pnt": 40
        },
        {
          "ans": "Dishes",
          "pnt": 14
        },
        {
          "ans": "Massage",
          "pnt": 12
        },
        {
          "ans": "Clap",
          "pnt": 11
        },
        {
          "ans": "Cook",
          "pnt": 10
        },
        {
          "ans": "Eat",
          "pnt": 6
        }
      ],
      "multiply": 2,
      "question": "Name Something People Do With Both Hands."
    },
    {
      "answers": [
        {
          "ans": "Hungry",
          "pnt": 32
        },
        {
          "ans": "Teething",
          "pnt": 22
        },
        {
          "ans": "Tired",
          "pnt": 14
        },
        {
          "ans": "Sickness",
          "pnt": 13
        },
        {
          "ans": "Wet Diaper",
          "pnt": 10
        },
        {
          "ans": "Colic",
          "pnt": 3
        }
      ],
      "multiply": 2,
      "question": "Name A Reason Why A Baby May Be More Fussy Than Usual."
    },
    {
      "answers": [
        {
          "ans": "A Spot ",
          "pnt": 45
        },
        {
          "ans": "A Bogey ",
          "pnt": 29
        },
        {
          "ans": "A Hair ",
          "pnt": 19
        },
        {
          "ans": "A Fist ",
          "pnt": 12
        }
      ],
      "multiply": 2,
      "question": "Name Something You'd Hate To Find On The End Of Your Nose"
    }
  ],
  "final_round": [
    {
      "answers": [
        [
          "French",
          41
        ],
        [
          "Chinese",
          27
        ],
        [
          "Italian",
          17
        ],
        [
          "Mexican",
          11
        ],
        [
          "Japanese",
          7
        ]
      ],
      "question": "Name A Type Of Restaurant Might Not Be Able To Pronounce Anything On Menu"
    },
    {
      "answers": [
        [
          "Speak",
          46
        ],
        [
          "Walk On 2 Legs",
          27
        ],
        [
          "Shake",
          15
        ],
        [
          "Dance",
          8
        ]
      ],
      "question": "Name Something “Human” That People Try To Teach Their Dogs To Do."
    },
    {
      "answers": [
        [
          "Fruit/Vegetables",
          44
        ],
        [
          "Clothes",
          23
        ],
        [
          "Bread",
          13
        ],
        [
          "Pillow",
          11
        ],
        [
          "Linens",
          7
        ]
      ],
      "question": "Tell Me Something You Feel Before You Buy It."
    },
    {
      "answers": [
        [
          "Emergency Department",
          49
        ],
        [
          "Home Phone",
          37
        ],
        [
          "Grandparents",
          7
        ],
        [
          "Best Friend",
          3
        ]
      ],
      "question": "Whose Phone Number Might A Child Know By Heart?"
    }
  ],
  "final_round_timers": [
    20,
    25
  ]
}