{
  "rounds": [
    {
      "answers": [
        {
          "ans": "Clothes",
          "pnt": 56
        },
        {
          "ans": "Buildings",
          "pnt": 36
        },
        {
          "ans": "Furniture",
          "pnt": 24
        }
      ],
      "multiply": 1,
      "question": "Something People Design For A Living"
    },
    {
      "answers": [
        {
          "ans": "David Letterman",
          "pnt": 23
        },
        {
          "ans": "Chris Rock",
          "pnt": 21
        },
        {
          "ans": "Whoopi Goldberg",
          "pnt": 15
        },
        {
          "ans": "Chevy Chase",
          "pnt": 13
        },
        {
          "ans": "Steve Martin",
          "pnt": 12
        },
        {
          "ans": "Jon Stewart",
          "pnt": 9
        },
        {
          "ans": "Billy Crystal",
          "pnt": 7
        }
      ],
      "multiply": 1,
      "question": "Who Was The Worst Oscar Host?"
    },
    {
      "answers": [
        {
          "ans": "Melt",
          "pnt": 51
        },
        {
          "ans": "Wind",
          "pnt": 34
        },
        {
          "ans": "Stolen",
          "pnt": 7
        },
        {
          "ans": "Animals Eat Them",
          "pnt": 4
        }
      ],
      "multiply": 1,
      "question": "How Might A Snowman Lose Some Of Its Accessories?"
    },
    {
      "answers": [
        {
          "ans": "Turtle Doves",
          "pnt": 40
        },
        {
          "ans": "Partridge",
          "pnt": 27
        },
        {
          "ans": "Geese",
          "pnt": 11
        },
        {
          "ans": "Calling Birds",
          "pnt": 7
        },
        {
          "ans": "French Hens",
          "pnt": 5
        },
        {
          "ans": "Swans",
          "pnt": 3
        }
      ],
      "multiply": 2,
      "question": "Name An Animal Mentioned In The Song “12 Days Of Christmas”."
    },
    {
      "answers": [
        {
          "ans": "Red Carpet",
          "pnt": 40
        },
        {
          "ans": "Dough",
          "pnt": 35
        },
        {
          "ans": "Yoga Mat",
          "pnt": 10
        },
        {
          "ans": "Sleeping Bag",
          "pnt": 5
        }
      ],
      "multiply": 2,
      "question": "Name Something That Gets Rolled Out."
    },
    {
      "answers": [
        {
          "ans": "TV",
          "pnt": 40
        },
        {
          "ans": "Computer",
          "pnt": 24
        },
        {
          "ans": "Jewelry",
          "pnt": 24
        },
        {
          "ans": "Camera",
          "pnt": 4
        },
        {
          "ans": "Video Game System",
          "pnt": 3
        },
        {
          "ans": "Article Of Clothing",
          "pnt": 3
        }
      ],
      "multiply": 2,
      "question": "Name An Expensive Item That’s Often Marked Way Down At A Pre-Christmas Sale"
    }
  ],
  "final_round": [
    {
      "answers": [
        [
          "Bedroom Doors",
          47
        ],
        [
          "Medicine Cabinet",
          36
        ],
        [
          "Fridge/Pantry",
          7
        ],
        [
          "Closets",
          5
        ],
        [
          "Basement",
          3
        ]
      ],
      "question": "Tell Me A Place In The House Where A Nosey House Guest Might Snoop."
    },
    {
      "answers": [
        [
          "Rubbish ",
          59
        ],
        [
          "Newspapers ",
          38
        ],
        [
          "Paper ",
          25
        ],
        [
          "Paper Towels ",
          16
        ],
        [
          "Food ",
          11
        ]
      ],
      "question": "Name Something People Throw Away Every Day"
    },
    {
      "answers": [
        [
          "Bugs Bunny",
          25
        ],
        [
          "Babe",
          22
        ],
        [
          "Mickey Mouse",
          19
        ],
        [
          "Kermit The Frog",
          10
        ],
        [
          "Daffy Duck",
          8
        ],
        [
          "Porky Pig",
          6
        ],
        [
          "Donald Duck",
          5
        ]
      ],
      "question": "Name An Animal Character That Talks In The Movies"
    },
    {
      "answers": [
        [
          "Bathroom Break",
          28
        ],
        [
          "Comfortable Bed",
          22
        ],
        [
          "A Meal",
          18
        ],
        [
          "Intimacy",
          13
        ],
        [
          "A Bath",
          8
        ],
        [
          "Home",
          6
        ]
      ],
      "question": "Name Something A Truck Driver Might Have To Go Without For A While."
    }
  ],
  "final_round_timers": [
    20,
    25
  ]
}