{
  "rounds": [
    {
      "answers": [
        {
          "ans": "Thanksgiving",
          "pnt": 45
        },
        {
          "ans": "Sales",
          "pnt": 15
        },
        {
          "ans": "Turkey",
          "pnt": 14
        },
        {
          "ans": "Christmas Decoration",
          "pnt": 6
        },
        {
          "ans": "Vacation",
          "pnt": 5
        },
        {
          "ans": "Cooler Weather",
          "pnt": 4
        },
        {
          "ans": "Family Gets Together",
          "pnt": 3
        }
      ],
      "multiply": 1,
      "question": "Name A Reason You Might Look Forward To November"
    },
    {
      "answers": [
        {
          "ans": "PEOPLE",
          "pnt": 19
        },
        {
          "ans": "BARTENDER",
          "pnt": 14
        },
        {
          "ans": "LIGHTS",
          "pnt": 12
        },
        {
          "ans": "DRINKS",
          "pnt": 9
        },
        {
          "ans": "DJ",
          "pnt": 8
        },
        {
          "ans": "BAND",
          "pnt": 5
        },
        {
          "ans": "DANCERS",
          "pnt": 5
        }
      ],
      "multiply": 1,
      "question": "Name Something Or Someone You’d See At A nightclub"
    },
    {
      "answers": [
        {
          "ans": "Bedspread",
          "pnt": 57
        },
        {
          "ans": "Curtains",
          "pnt": 37
        },
        {
          "ans": "Couch",
          "pnt": 24
        },
        {
          "ans": "Art",
          "pnt": 16
        },
        {
          "ans": "Carpet",
          "pnt": 10
        }
      ],
      "multiply": 1,
      "question": "Which Part Of Hotel Room Furnishings Is Often Tacky"
    },
    {
      "answers": [
        {
          "ans": "Cry ",
          "pnt": 41
        },
        {
          "ans": "Laugh ",
          "pnt": 27
        },
        {
          "ans": "See It Again ",
          "pnt": 17
        }
      ],
      "multiply": 2,
      "question": "Name Something A Good Film Might Make You Do"
    },
    {
      "answers": [
        {
          "ans": "Lights ",
          "pnt": 54
        },
        {
          "ans": "Glow Worms ",
          "pnt": 35
        },
        {
          "ans": "Candles ",
          "pnt": 23
        },
        {
          "ans": "Stars ",
          "pnt": 15
        },
        {
          "ans": "Firefly ",
          "pnt": 10
        }
      ],
      "multiply": 2,
      "question": "Name Something That Glows"
    },
    {
      "answers": [
        {
          "ans": "Clothes",
          "pnt": 41
        },
        {
          "ans": "Hair",
          "pnt": 36
        },
        {
          "ans": "Eyes",
          "pnt": 12
        },
        {
          "ans": "Skin",
          "pnt": 9
        }
      ],
      "multiply": 2,
      "question": "Name Something About A Cartoon Character That Might Be Brightly Colored"
    }
  ],
  "final_round": [
    {
      "answers": [
        [
          "Bus ",
          48
        ],
        [
          "Train ",
          31
        ],
        [
          "Tram ",
          20
        ],
        [
          "Milk Float ",
          13
        ]
      ],
      "question": "Name A Type Of Vehicle That Makes Frequent Stops"
    },
    {
      "answers": [
        [
          "Stamp ",
          46
        ],
        [
          "Address ",
          30
        ],
        [
          "A Message ",
          20
        ]
      ],
      "question": "Name Something That Is Put On A Postcard"
    },
    {
      "answers": [
        [
          "Milk",
          59
        ],
        [
          "Ice Cream",
          9
        ],
        [
          "Meat",
          7
        ],
        [
          "Butter",
          5
        ],
        [
          "Cheese",
          5
        ],
        [
          "Eggs",
          3
        ],
        [
          "Vegetables",
          3
        ]
      ],
      "question": "Name Something A Supermarket Keeps Refrigerated Or Frozen."
    },
    {
      "answers": [
        [
          "Race Car",
          29
        ],
        [
          "Truck",
          28
        ],
        [
          "Motor Cycle",
          15
        ],
        [
          "Mustang",
          8
        ],
        [
          "Corvette",
          6
        ],
        [
          "Hummer",
          5
        ]
      ],
      "question": "Name A Vehicle That Has A Loud Engine"
    }
  ],
  "final_round_timers": [
    20,
    25
  ]
}