{
  "rounds": [
    {
      "answers": [
        {
          "ans": "Hair",
          "pnt": 39
        },
        {
          "ans": "Jeans",
          "pnt": 18
        },
        {
          "ans": "Carpet",
          "pnt": 11
        },
        {
          "ans": "Jacket",
          "pnt": 6
        },
        {
          "ans": "Shoes",
          "pnt": 6
        },
        {
          "ans": "Dog",
          "pnt": 6
        },
        {
          "ans": "Blanket",
          "pnt": 5
        }
      ],
      "multiply": 1,
      "question": "Name something that takes a long time to dry after it gets wet.(Clothes is not an answer,be more specific.)"
    },
    {
      "answers": [
        {
          "ans": "Strike",
          "pnt": 69
        },
        {
          "ans": "Spare",
          "pnt": 8
        },
        {
          "ans": "Turkey",
          "pnt": 8
        },
        {
          "ans": "Gutter Ball",
          "pnt": 6
        },
        {
          "ans": "Pin",
          "pnt": 5
        }
      ],
      "multiply": 1,
      "question": "Name A Term That You’d Look Like A Fool For Not Knowing While Bowling"
    },
    {
      "answers": [
        {
          "ans": "10 Mins ",
          "pnt": 44
        },
        {
          "ans": "8 Mins ",
          "pnt": 29
        },
        {
          "ans": "20 Mins ",
          "pnt": 19
        },
        {
          "ans": "6 Mins ",
          "pnt": 12
        },
        {
          "ans": "15 Mins ",
          "pnt": 8
        }
      ],
      "multiply": 1,
      "question": "How Long It Takes The Average Person To Run A Mile"
    },
    {
      "answers": [
        {
          "ans": "Sushi",
          "pnt": 40
        },
        {
          "ans": "Caviar",
          "pnt": 32
        },
        {
          "ans": "Escargot",
          "pnt": 14
        },
        {
          "ans": "Tofu",
          "pnt": 12
        }
      ],
      "multiply": 2,
      "question": "Name Something The Stars Eat That You Probably Would Not Find In Middle America."
    },
    {
      "answers": [
        {
          "ans": "Girls",
          "pnt": 45
        },
        {
          "ans": "Toys",
          "pnt": 35
        },
        {
          "ans": "Clothes",
          "pnt": 8
        },
        {
          "ans": "TV",
          "pnt": 8
        }
      ],
      "multiply": 2,
      "question": "What Are 2 Brothers Most Likely To Fight Over?"
    },
    {
      "answers": [
        {
          "ans": "Sled",
          "pnt": 42
        },
        {
          "ans": "Snow",
          "pnt": 24
        },
        {
          "ans": "Hill",
          "pnt": 12
        },
        {
          "ans": "Mittens",
          "pnt": 10
        },
        {
          "ans": "Jacket",
          "pnt": 4
        },
        {
          "ans": "Boots",
          "pnt": 4
        }
      ],
      "multiply": 2,
      "question": "Name Something You Need In Order To Go Sledding."
    }
  ],
  "final_round": [
    {
      "answers": [
        [
          "Dishes",
          42
        ],
        [
          "Laundry",
          31
        ],
        [
          "Cooking",
          14
        ],
        [
          "Parenting",
          11
        ]
      ],
      "question": "We Asked 100 Married Women: Name Something You Wish Your Husband Would Be More Helpful With Around The House"
    },
    {
      "answers": [
        [
          "Food/Drink",
          41
        ],
        [
          "Bathroom",
          16
        ],
        [
          "Lip Balm/Makeup",
          12
        ],
        [
          "Toothbrush",
          12
        ],
        [
          "Towel/Washcloth",
          9
        ],
        [
          "Comb/Brush",
          5
        ],
        [
          "Headphones",
          3
        ]
      ],
      "question": "Name Something That A Germophobe Would Hate To Share"
    },
    {
      "answers": [
        [
          "Grow A Moustache ",
          50
        ],
        [
          "Grow Long Hair ",
          33
        ],
        [
          "Stuble ",
          21
        ],
        [
          "Get A Tattoo ",
          14
        ],
        [
          "Fake I.D ",
          9
        ]
      ],
      "question": "Name Something A Young Man Might Do To Look Older"
    },
    {
      "answers": [
        [
          "Water ",
          44
        ],
        [
          "Cow Pat ",
          29
        ],
        [
          "Mud ",
          19
        ],
        [
          "Cactus ",
          12
        ],
        [
          "Tree ",
          8
        ]
      ],
      "question": "Name Something You'd Hate To Land In After Skydiving"
    }
  ],
  "final_round_timers": [
    20,
    25
  ]
}