{
  "rounds": [
    {
      "answers": [
        {
          "ans": "Advanced Math",
          "pnt": 39
        },
        {
          "ans": "Science",
          "pnt": 21
        },
        {
          "ans": "History",
          "pnt": 15
        },
        {
          "ans": "Art",
          "pnt": 10
        },
        {
          "ans": "Foreign Language",
          "pnt": 6
        }
      ],
      "multiply": 1,
      "question": "Name The High School Subject You Use Least Often Today"
    },
    {
      "answers": [
        {
          "ans": "Cheque ",
          "pnt": 42
        },
        {
          "ans": "Money ",
          "pnt": 27
        },
        {
          "ans": "Letter ",
          "pnt": 18
        },
        {
          "ans": "Present ",
          "pnt": 12
        },
        {
          "ans": "Card ",
          "pnt": 7
        },
        {
          "ans": "Photos ",
          "pnt": 5
        }
      ],
      "multiply": 1,
      "question": "Name Something People Like To Receive In The Mail"
    },
    {
      "answers": [
        {
          "ans": "Baked Potato",
          "pnt": 41
        },
        {
          "ans": "Salad",
          "pnt": 12
        },
        {
          "ans": "Fries",
          "pnt": 10
        },
        {
          "ans": "Wine",
          "pnt": 10
        },
        {
          "ans": "Beer",
          "pnt": 9
        },
        {
          "ans": "Steak Sauce",
          "pnt": 8
        },
        {
          "ans": "Mushrooms",
          "pnt": 7
        }
      ],
      "multiply": 1,
      "question": "Name Something That Goes Well With A Juicy Steak"
    },
    {
      "answers": [
        {
          "ans": "Bran",
          "pnt": 23
        },
        {
          "ans": "Banana",
          "pnt": 22
        },
        {
          "ans": "Raisin",
          "pnt": 18
        },
        {
          "ans": "Corn",
          "pnt": 13
        },
        {
          "ans": "Chocolate Chip",
          "pnt": 11
        },
        {
          "ans": "Apple",
          "pnt": 8
        }
      ],
      "multiply": 2,
      "question": "Besides Blueberry Name A Kind Of Muffin People Eat At Breakfast."
    },
    {
      "answers": [
        {
          "ans": "Swimming/ Beach",
          "pnt": 39
        },
        {
          "ans": "Warm Weather",
          "pnt": 22
        },
        {
          "ans": "More Sun",
          "pnt": 20
        },
        {
          "ans": "Family Vacation",
          "pnt": 17
        }
      ],
      "multiply": 2,
      "question": "Tell Me Something About Summer That You Look Forward To Most"
    },
    {
      "answers": [
        {
          "ans": "Snow",
          "pnt": 44
        },
        {
          "ans": "Skiing",
          "pnt": 32
        },
        {
          "ans": "Resorts",
          "pnt": 13
        },
        {
          "ans": "Mountains",
          "pnt": 7
        }
      ],
      "multiply": 2,
      "question": "What Must A Town Have To Make It A Popular Winter Destination?"
    }
  ],
  "final_round": [
    {
      "answers": [
        [
          "Cheat",
          33
        ],
        [
          "Lie",
          26
        ],
        [
          "Drink",
          20
        ],
        [
          "Has Gas In Public",
          9
        ],
        [
          "Smokes",
          4
        ],
        [
          "Snore",
          4
        ]
      ],
      "question": "Name Something That Your Boyfriend Does That Makes You Question Why You’re Still With Him."
    },
    {
      "answers": [
        [
          "Swimming ",
          45
        ],
        [
          "Water Skiiing ",
          29
        ],
        [
          "Running ",
          19
        ],
        [
          "Grape Crushing ",
          12
        ],
        [
          "Showering ",
          8
        ]
      ],
      "question": "Name An Activity Doen In Bare Feet"
    },
    {
      "answers": [
        [
          "Hat",
          53
        ],
        [
          "Shirt",
          34
        ],
        [
          "Jacket",
          23
        ],
        [
          "Mug",
          15
        ],
        [
          "Ball",
          10
        ]
      ],
      "question": "What Might You Buy With Fav Sports Team Logo On It"
    },
    {
      "answers": [
        [
          "Dog",
          76
        ],
        [
          "Cat",
          12
        ],
        [
          "Fish",
          3
        ],
        [
          "Rabbit",
          2
        ],
        [
          "Hamster",
          2
        ],
        [
          "Bird",
          2
        ]
      ],
      "question": "Name A Pet That Makes A Good Holiday Gift"
    }
  ],
  "final_round_timers": [
    20,
    25
  ]
}