{
  "rounds": [
    {
      "answers": [
        {
          "ans": "Meow",
          "pnt": 43
        },
        {
          "ans": "Catch Mice",
          "pnt": 16
        },
        {
          "ans": "Climb Tree",
          "pnt": 10
        },
        {
          "ans": "Eat Cat Food",
          "pnt": 8
        },
        {
          "ans": "Purr",
          "pnt": 8
        },
        {
          "ans": "Scratching",
          "pnt": 8
        }
      ],
      "multiply": 1,
      "question": "Name Something Your Dog Might Do That Would Make You Think He Was Part Cat."
    },
    {
      "answers": [
        {
          "ans": "Cookies",
          "pnt": 40
        },
        {
          "ans": "Cake",
          "pnt": 17
        },
        {
          "ans": "Pie",
          "pnt": 16
        },
        {
          "ans": "Fruit Cake",
          "pnt": 10
        },
        {
          "ans": "Bread",
          "pnt": 5
        },
        {
          "ans": "Rolls",
          "pnt": 5
        }
      ],
      "multiply": 1,
      "question": "Name Something That You Would Buy At A Bakery For Christmas."
    },
    {
      "answers": [
        {
          "ans": "Drinks",
          "pnt": 25
        },
        {
          "ans": "Salad",
          "pnt": 20
        },
        {
          "ans": "Dessert",
          "pnt": 20
        },
        {
          "ans": "Rolls",
          "pnt": 17
        },
        {
          "ans": "Cranberry Sauce",
          "pnt": 15
        }
      ],
      "multiply": 1,
      "question": "What Item Might A Person Who Can’t Cook Be Asked To Bring To Thanksgiving?"
    },
    {
      "answers": [
        {
          "ans": "Speeding",
          "pnt": 55
        },
        {
          "ans": "Stealing",
          "pnt": 36
        },
        {
          "ans": "Jaywalking",
          "pnt": 23
        },
        {
          "ans": "Littering",
          "pnt": 15
        }
      ],
      "multiply": 2,
      "question": "Name A Crime Most People Have Done"
    },
    {
      "answers": [
        {
          "ans": "Teddy Bear ",
          "pnt": 45
        },
        {
          "ans": "Blanket ",
          "pnt": 29
        },
        {
          "ans": "Parents ",
          "pnt": 19
        },
        {
          "ans": "BFriend / GFriend ",
          "pnt": 12
        }
      ],
      "multiply": 2,
      "question": "Name Something Kids Like To Cuddle Up To"
    },
    {
      "answers": [
        {
          "ans": "Birds",
          "pnt": 37
        },
        {
          "ans": "Wolves",
          "pnt": 19
        },
        {
          "ans": "Fish",
          "pnt": 17
        },
        {
          "ans": "Lions",
          "pnt": 12
        },
        {
          "ans": "Elephant",
          "pnt": 9
        },
        {
          "ans": "Deer",
          "pnt": 4
        }
      ],
      "multiply": 2,
      "question": "Name An Animal That Travels In Groups."
    }
  ],
  "final_round": [
    {
      "answers": [
        [
          "Swimming",
          49
        ],
        [
          "Water Polo",
          44
        ],
        [
          "Surfing",
          3
        ],
        [
          "Water Skiing",
          3
        ]
      ],
      "question": "Name A Sport That Requires Water In Order To Be Played"
    },
    {
      "answers": [
        [
          "Work",
          45
        ],
        [
          "Clean",
          35
        ],
        [
          "Cook",
          12
        ],
        [
          "Play",
          3
        ]
      ],
      "question": "Name Something That You Shouldn’t Have To Do On Your Birthday."
    },
    {
      "answers": [
        [
          "Miner ",
          41
        ],
        [
          "Builder ",
          27
        ],
        [
          "Plumber ",
          17
        ],
        [
          "Chimney Sweep ",
          11
        ]
      ],
      "question": "Name An Occupation Where You Might Get Dirty"
    },
    {
      "answers": [
        [
          "Stingy",
          45
        ],
        [
          "Tightwad",
          25
        ],
        [
          "Cheap",
          13
        ],
        [
          "Greedy",
          12
        ]
      ],
      "question": "Name A Term For Someone Who Isn’t Very Generous."
    }
  ],
  "final_round_timers": [
    20,
    25
  ]
}