{
  "rounds": [
    {
      "answers": [
        {
          "ans": "Arachnophobia",
          "pnt": 37
        },
        {
          "ans": "Agoraphobia",
          "pnt": 23
        },
        {
          "ans": "Claustrophobia",
          "pnt": 22
        },
        {
          "ans": "Germophobia",
          "pnt": 12
        }
      ],
      "multiply": 1,
      "question": "Name A Word Or Phrase That Ends In – Phobia"
    },
    {
      "answers": [
        {
          "ans": "Church",
          "pnt": 55
        },
        {
          "ans": "Work",
          "pnt": 13
        },
        {
          "ans": "Movies",
          "pnt": 10
        },
        {
          "ans": "Library",
          "pnt": 9
        },
        {
          "ans": "Driving A Car",
          "pnt": 7
        },
        {
          "ans": "Restaurant",
          "pnt": 6
        }
      ],
      "multiply": 1,
      "question": "Name The Worst Place You Could Have A Sneezing Fit."
    },
    {
      "answers": [
        {
          "ans": "Boring",
          "pnt": 51
        },
        {
          "ans": "Too Late",
          "pnt": 33
        },
        {
          "ans": "Commercials",
          "pnt": 22
        },
        {
          "ans": "Bad Language",
          "pnt": 14
        },
        {
          "ans": "Adult Content",
          "pnt": 9
        }
      ],
      "multiply": 1,
      "question": "Name A Complaint People Have About Late-night TV"
    },
    {
      "answers": [
        {
          "ans": "Money",
          "pnt": 54
        },
        {
          "ans": "Their Heart",
          "pnt": 24
        },
        {
          "ans": "Left Overs/Dessert",
          "pnt": 9
        },
        {
          "ans": "A Kiss",
          "pnt": 7
        },
        {
          "ans": "The TV Remote",
          "pnt": 4
        }
      ],
      "multiply": 2,
      "question": "Name Something That Your Spouse Has Accused You Of “Stealing.”"
    },
    {
      "answers": [
        {
          "ans": "Seeds",
          "pnt": 35
        },
        {
          "ans": "Soil",
          "pnt": 28
        },
        {
          "ans": "Water Cooler",
          "pnt": 15
        },
        {
          "ans": "Hoe",
          "pnt": 7
        },
        {
          "ans": "Shovel",
          "pnt": 5
        },
        {
          "ans": "Plot Of Land",
          "pnt": 3
        }
      ],
      "multiply": 2,
      "question": "Name Something You Need In Order To Make A Garden."
    },
    {
      "answers": [
        {
          "ans": "Drink/Smoke",
          "pnt": 28
        },
        {
          "ans": "Bad Grades",
          "pnt": 20
        },
        {
          "ans": "Put Off College",
          "pnt": 14
        },
        {
          "ans": "Drop Out",
          "pnt": 14
        },
        {
          "ans": "Date Too Soon",
          "pnt": 12
        },
        {
          "ans": "Get A Tattoo",
          "pnt": 9
        }
      ],
      "multiply": 2,
      "question": "Name Something Teenagers Do That They’ll Kick Themselves For Later In Life."
    }
  ],
  "final_round": [
    {
      "answers": [
        [
          "Mule",
          56
        ],
        [
          "Camel",
          36
        ],
        [
          "Dog",
          24
        ],
        [
          "Elephant",
          16
        ],
        [
          "Ox",
          10
        ]
      ],
      "question": "Besides A Horse, Which Animal Is Used For Transportation"
    },
    {
      "answers": [
        [
          "Mouth Wash",
          36
        ],
        [
          "Mouth Off",
          23
        ],
        [
          "Mouth To Mouth",
          16
        ],
        [
          "Mouthful",
          12
        ],
        [
          "Mouthguard/Piece",
          10
        ]
      ],
      "question": "Name A Word Or Phrase That Begins With The Word “Mouth.”"
    },
    {
      "answers": [
        [
          "Party School",
          44
        ],
        [
          "Friends Are Going",
          29
        ],
        [
          "Parents Pressure",
          19
        ]
      ],
      "question": "Name Bad Reason For Picking A College"
    },
    {
      "answers": [
        [
          "Shave",
          32
        ],
        [
          "Look Down",
          16
        ],
        [
          "Cut Hair",
          14
        ],
        [
          "Smile",
          12
        ],
        [
          "Dye Hair",
          12
        ],
        [
          "Wear A Disguise",
          9
        ]
      ],
      "question": "Name Something A Criminal Might Do To Avoid Being Recognized In A Police Line-Up."
    }
  ],
  "final_round_timers": [
    20,
    25
  ]
}