{
  "rounds": [
    {
      "answers": [
        {
          "ans": "Airbags ",
          "pnt": 44
        },
        {
          "ans": "Seatbelts ",
          "pnt": 29
        },
        {
          "ans": "Cd Player ",
          "pnt": 19
        },
        {
          "ans": "Air Conditioning ",
          "pnt": 12
        },
        {
          "ans": "Sat Nav ",
          "pnt": 8
        },
        {
          "ans": "Electric Windows ",
          "pnt": 5
        }
      ],
      "multiply": 1,
      "question": "Name Something Cars Didn't Have 50 Years Ago"
    },
    {
      "answers": [
        {
          "ans": "Water",
          "pnt": 40
        },
        {
          "ans": "Coffee",
          "pnt": 26
        },
        {
          "ans": "Soda",
          "pnt": 17
        },
        {
          "ans": "Milk",
          "pnt": 11
        },
        {
          "ans": "Tea",
          "pnt": 7
        }
      ],
      "multiply": 1,
      "question": "Other Than Alcohol, Name Beverage Kids Drink Less Than Adults"
    },
    {
      "answers": [
        {
          "ans": "Food",
          "pnt": 56
        },
        {
          "ans": "Clothes",
          "pnt": 20
        },
        {
          "ans": "People",
          "pnt": 14
        },
        {
          "ans": "Cars",
          "pnt": 8
        }
      ],
      "multiply": 1,
      "question": "Name Something That Often Looks Better In Advertised Pictures Than In Real Life."
    },
    {
      "answers": [
        {
          "ans": "Crash It",
          "pnt": 51
        },
        {
          "ans": "Drink",
          "pnt": 17
        },
        {
          "ans": "Bad Grades",
          "pnt": 11
        },
        {
          "ans": "Speed",
          "pnt": 10
        },
        {
          "ans": "Stay Out Late",
          "pnt": 6
        },
        {
          "ans": "Get A Ticket",
          "pnt": 3
        }
      ],
      "multiply": 2,
      "question": "What Might A Teenager Do That Causes Their Parents To Forbid Them From Using The Family Car?"
    },
    {
      "answers": [
        {
          "ans": "Mom",
          "pnt": 59
        },
        {
          "ans": "Significant Other",
          "pnt": 20
        },
        {
          "ans": "Dad",
          "pnt": 7
        },
        {
          "ans": "Best Friend",
          "pnt": 5
        },
        {
          "ans": "Sister",
          "pnt": 5
        },
        {
          "ans": "Grandma",
          "pnt": 3
        }
      ],
      "multiply": 2,
      "question": "Who In Your Personal Life Would You Least Expect To Swindle You?"
    },
    {
      "answers": [
        {
          "ans": "Jail",
          "pnt": 35
        },
        {
          "ans": "Court",
          "pnt": 31
        },
        {
          "ans": "TV",
          "pnt": 11
        },
        {
          "ans": "Billboard",
          "pnt": 9
        },
        {
          "ans": "Hospital",
          "pnt": 7
        }
      ],
      "multiply": 2,
      "question": "Name A Place Where It’d Be Smart For A Lawyer To Advertise."
    }
  ],
  "final_round": [
    {
      "answers": [
        [
          "Water ",
          53
        ],
        [
          "Beer ",
          34
        ],
        [
          "Milk ",
          23
        ]
      ],
      "question": "Name A Drink You Might Drink From The Bottle"
    },
    {
      "answers": [
        [
          "Money",
          33
        ],
        [
          "Pen",
          19
        ],
        [
          "Lipstick",
          18
        ],
        [
          "Hygeine Product",
          15
        ],
        [
          "Tissue",
          8
        ],
        [
          "Gum/Candy",
          5
        ]
      ],
      "question": "Name Something In A Woman’s Purse That She Might Lend Out And Not Get Back."
    },
    {
      "answers": [
        [
          "Drum",
          57
        ],
        [
          "Flute",
          37
        ],
        [
          "Cymbals",
          24
        ],
        [
          "Triangle",
          16
        ],
        [
          "Violin",
          10
        ]
      ],
      "question": "Which Instrument Might You Be Playing Wait For Part To Come"
    },
    {
      "answers": [
        [
          "Car",
          40
        ],
        [
          "TV",
          26
        ],
        [
          "Wash Machine",
          17
        ],
        [
          "Computer",
          11
        ],
        [
          "Refrigerator",
          7
        ],
        [
          "Article Of Clothing",
          5
        ]
      ],
      "question": "Name Something That’s Sometimes Cheaper To Replace Than Fix"
    }
  ],
  "final_round_timers": [
    20,
    25
  ]
}