{
  "rounds": [
    {
      "answers": [
        {
          "ans": "Wear Fur",
          "pnt": 48
        },
        {
          "ans": "Hunting",
          "pnt": 22
        },
        {
          "ans": "Eat Meat",
          "pnt": 14
        },
        {
          "ans": "Tests",
          "pnt": 12
        }
      ],
      "multiply": 1,
      "question": "Name Something People Do That Ticks Off Animal Activists"
    },
    {
      "answers": [
        {
          "ans": "Cactus ",
          "pnt": 46
        },
        {
          "ans": "Hedgehog ",
          "pnt": 30
        },
        {
          "ans": "Porkupine ",
          "pnt": 20
        },
        {
          "ans": "Conquer ",
          "pnt": 13
        }
      ],
      "multiply": 1,
      "question": "Name Something That's Prickly"
    },
    {
      "answers": [
        {
          "ans": "Fib ",
          "pnt": 57
        },
        {
          "ans": "Porky ",
          "pnt": 37
        },
        {
          "ans": "Untruth ",
          "pnt": 24
        },
        {
          "ans": "Falsehood ",
          "pnt": 16
        },
        {
          "ans": "Tale ",
          "pnt": 10
        },
        {
          "ans": "Economical With The Truth ",
          "pnt": 7
        }
      ],
      "multiply": 1,
      "question": "Name Another Name For A Lie"
    },
    {
      "answers": [
        {
          "ans": "Drum",
          "pnt": 30
        },
        {
          "ans": "Candy",
          "pnt": 22
        },
        {
          "ans": "Dog",
          "pnt": 16
        },
        {
          "ans": "Horn",
          "pnt": 12
        },
        {
          "ans": "Guitar",
          "pnt": 10
        },
        {
          "ans": "Toy Gun",
          "pnt": 7
        }
      ],
      "multiply": 2,
      "question": "Name A Gift That’s great To Give To Children If You Don’t Live With Them."
    },
    {
      "answers": [
        {
          "ans": "Books",
          "pnt": 51
        },
        {
          "ans": "Movies",
          "pnt": 19
        },
        {
          "ans": "Food",
          "pnt": 16
        },
        {
          "ans": "CDS",
          "pnt": 12
        }
      ],
      "multiply": 2,
      "question": "Name Something In Their Home That An Extremely Organized Person Might Alphabetize."
    },
    {
      "answers": [
        {
          "ans": "Church ",
          "pnt": 53
        },
        {
          "ans": "Doorbell ",
          "pnt": 34
        },
        {
          "ans": "Bluebell ",
          "pnt": 23
        },
        {
          "ans": "School ",
          "pnt": 15
        },
        {
          "ans": "Tubular ",
          "pnt": 10
        }
      ],
      "multiply": 2,
      "question": "Name A Type Of Bell"
    }
  ],
  "final_round": [
    {
      "answers": [
        [
          "Bar",
          38
        ],
        [
          "Bowling Alley",
          27
        ],
        [
          "Diner",
          23
        ],
        [
          "Rock Concert",
          6
        ],
        [
          "Pool Hall",
          5
        ]
      ],
      "question": "In Order To Seem Like A “Regular Guy,” Name A Place Where A Politician Might Hang Out."
    },
    {
      "answers": [
        [
          "Leash",
          44
        ],
        [
          "Collar",
          29
        ],
        [
          "Clothes",
          19
        ],
        [
          "Flea Spray",
          12
        ],
        [
          "Muzzle",
          8
        ]
      ],
      "question": "Name Something Dogs Hate Owners To Put On Them"
    },
    {
      "answers": [
        [
          "Magnifying Glass",
          42
        ],
        [
          "Book",
          38
        ],
        [
          "Notebook",
          5
        ],
        [
          "Pen",
          5
        ],
        [
          "Flashlight",
          4
        ],
        [
          "Detectives Hat",
          4
        ]
      ],
      "question": "If You Were Friends With Nancy Drew, What Might You Buy For Her Birthday?"
    },
    {
      "answers": [
        [
          "No Noise",
          41
        ],
        [
          "Cheaper",
          27
        ],
        [
          "Lightweight",
          17
        ],
        [
          "No Mistakes",
          11
        ]
      ],
      "question": "What Are The Advantages Of Having An Air Guitar Rather Than a Real Guitar?"
    }
  ],
  "final_round_timers": [
    20,
    25
  ]
}