{
  "rounds": [
    {
      "answers": [
        {
          "ans": "Life Jacket ",
          "pnt": 57
        },
        {
          "ans": "Oar ",
          "pnt": 37
        },
        {
          "ans": "Anchor ",
          "pnt": 24
        },
        {
          "ans": "Flares ",
          "pnt": 16
        },
        {
          "ans": "Fishing Rod ",
          "pnt": 10
        }
      ],
      "multiply": 1,
      "question": "Name Something You Might Find On A Boat"
    },
    {
      "answers": [
        {
          "ans": "Dolls",
          "pnt": 33
        },
        {
          "ans": "Stamps",
          "pnt": 30
        },
        {
          "ans": "Action Figures",
          "pnt": 18
        },
        {
          "ans": "Baseball Cards",
          "pnt": 9
        },
        {
          "ans": "Comic Books",
          "pnt": 6
        },
        {
          "ans": "Stuffed Animals",
          "pnt": 3
        }
      ],
      "multiply": 1,
      "question": "Name Something A Grown Man Might Be Embarrassed To Admit That He Collects."
    },
    {
      "answers": [
        {
          "ans": "A Pimple",
          "pnt": 53
        },
        {
          "ans": "Booger",
          "pnt": 34
        },
        {
          "ans": "Wart",
          "pnt": 23
        },
        {
          "ans": "A Bug",
          "pnt": 15
        },
        {
          "ans": "Food",
          "pnt": 10
        },
        {
          "ans": "Nosering",
          "pnt": 6
        },
        {
          "ans": "Hair",
          "pnt": 4
        }
      ],
      "multiply": 1,
      "question": "Tell me something you’d hate to find on the end of your nose"
    },
    {
      "answers": [
        {
          "ans": "Hit By Another Car",
          "pnt": 43
        },
        {
          "ans": "Carjacked",
          "pnt": 17
        },
        {
          "ans": "Keyed",
          "pnt": 13
        },
        {
          "ans": "Broken Into",
          "pnt": 10
        },
        {
          "ans": "Flat Tire",
          "pnt": 5
        },
        {
          "ans": "Towed",
          "pnt": 4
        },
        {
          "ans": "Parking Ticket",
          "pnt": 3
        }
      ],
      "multiply": 2,
      "question": "Name Something You’d Hate To Find Had Happened To Your Car While It Was Parked."
    },
    {
      "answers": [
        {
          "ans": "Jacket",
          "pnt": 33
        },
        {
          "ans": "Hat",
          "pnt": 22
        },
        {
          "ans": "Gloves",
          "pnt": 16
        },
        {
          "ans": "Lunch Box",
          "pnt": 7
        },
        {
          "ans": "Glasses",
          "pnt": 7
        },
        {
          "ans": "Book",
          "pnt": 6
        },
        {
          "ans": "Shoes",
          "pnt": 5
        }
      ],
      "multiply": 2,
      "question": "Name Something You’d Find In A School Lost-And-Found Box."
    },
    {
      "answers": [
        {
          "ans": "Lottery Numbers",
          "pnt": 52
        },
        {
          "ans": "Betting/Horse Races",
          "pnt": 20
        },
        {
          "ans": "Investment",
          "pnt": 18
        },
        {
          "ans": "Invention",
          "pnt": 9
        }
      ],
      "multiply": 2,
      "question": "If You Were Able To See The Future, Name A Way That You’d Be Able To Make A Lot Of Money."
    }
  ],
  "final_round": [
    {
      "answers": [
        [
          "Toast",
          54
        ],
        [
          "Hot Dogs",
          35
        ],
        [
          "Macaroni",
          23
        ],
        [
          "Pasta",
          15
        ],
        [
          "Pizza",
          10
        ],
        [
          "Eggs",
          6
        ],
        [
          "Soup",
          4
        ]
      ],
      "question": "What Can Almost Everyone Cook"
    },
    {
      "answers": [
        [
          "Orange",
          76
        ],
        [
          "Lime",
          12
        ],
        [
          "Strawberry",
          7
        ],
        [
          "Lemon",
          5
        ]
      ],
      "question": "Name A Popular Flavor Of Sherbet."
    },
    {
      "answers": [
        [
          "New Clothes",
          39
        ],
        [
          "Gift",
          29
        ],
        [
          "Cake",
          17
        ],
        [
          "Ring",
          10
        ]
      ],
      "question": "Name Something You Have To Buy For A Wedding"
    },
    {
      "answers": [
        [
          "Fingers",
          57
        ],
        [
          "Flash Cards",
          13
        ],
        [
          "Calculator",
          13
        ],
        [
          "Blocks",
          3
        ]
      ],
      "question": "Name Something Kids Might Use to Help Them Count."
    }
  ],
  "final_round_timers": [
    20,
    25
  ]
}