{
  "rounds": [
    {
      "answers": [
        {
          "ans": "Movie ",
          "pnt": 52
        },
        {
          "ans": "TV ",
          "pnt": 34
        },
        {
          "ans": "Book ",
          "pnt": 22
        },
        {
          "ans": "Play ",
          "pnt": 14
        },
        {
          "ans": "Restaurant ",
          "pnt": 9
        }
      ],
      "multiply": 1,
      "question": "Name Something A Critic Might Review"
    },
    {
      "answers": [
        {
          "ans": "Corn On The Cob",
          "pnt": 35
        },
        {
          "ans": "Apples",
          "pnt": 23
        },
        {
          "ans": "Steak",
          "pnt": 18
        },
        {
          "ans": "Candy",
          "pnt": 12
        },
        {
          "ans": "Ribs",
          "pnt": 10
        }
      ],
      "multiply": 1,
      "question": "If You Had No Teeth, Tell Me A Food You Couldn’t Eat Anymore."
    },
    {
      "answers": [
        {
          "ans": "Mickey Mouse",
          "pnt": 32
        },
        {
          "ans": "Buds Bunny",
          "pnt": 20
        },
        {
          "ans": "Charlie Brown",
          "pnt": 10
        },
        {
          "ans": "Mighty Mouse",
          "pnt": 6
        },
        {
          "ans": "Snoopy",
          "pnt": 4
        },
        {
          "ans": "Popeye",
          "pnt": 4
        },
        {
          "ans": "Betty Boop",
          "pnt": 3
        }
      ],
      "multiply": 1,
      "question": "Name A Cartoon Character That’s Been Around Forever"
    },
    {
      "answers": [
        {
          "ans": "Gold Coins",
          "pnt": 47
        },
        {
          "ans": "Jewelry",
          "pnt": 16
        },
        {
          "ans": "Parrot",
          "pnt": 14
        },
        {
          "ans": "Eye Patch",
          "pnt": 11
        },
        {
          "ans": "Rum",
          "pnt": 9
        }
      ],
      "multiply": 2,
      "question": "If You Were Married To A Pirate, What Might You Often Receive For A Gift?"
    },
    {
      "answers": [
        {
          "ans": "Argue",
          "pnt": 30
        },
        {
          "ans": "Eat",
          "pnt": 14
        },
        {
          "ans": "Party",
          "pnt": 11
        },
        {
          "ans": "Sleep",
          "pnt": 10
        },
        {
          "ans": "Date",
          "pnt": 10
        },
        {
          "ans": "Talk On The Phone",
          "pnt": 8
        },
        {
          "ans": "Shop",
          "pnt": 5
        }
      ],
      "multiply": 2,
      "question": "What Does A Child Do More Of Once They Become A Teenager?"
    },
    {
      "answers": [
        {
          "ans": "Monday ",
          "pnt": 57
        },
        {
          "ans": "Friday ",
          "pnt": 37
        },
        {
          "ans": "Saturday ",
          "pnt": 24
        },
        {
          "ans": "Thursday ",
          "pnt": 16
        },
        {
          "ans": "Tuesday ",
          "pnt": 10
        }
      ],
      "multiply": 2,
      "question": "Name A Day Of The Week Many People Consider To Be The Busiest"
    }
  ],
  "final_round": [
    {
      "answers": [
        [
          "Money",
          54
        ],
        [
          "Lunch",
          35
        ],
        [
          "Hats",
          23
        ],
        [
          "Keys",
          15
        ],
        [
          "Glasses",
          10
        ],
        [
          "Shoes",
          6
        ],
        [
          "Jewelry",
          4
        ]
      ],
      "question": "Name Something People Lose On Roller Coaster"
    },
    {
      "answers": [
        [
          "Close Your Eyes ",
          49
        ],
        [
          "Act Like A Dog ",
          32
        ],
        [
          "Rest ",
          21
        ],
        [
          "Act Like A Chicken ",
          14
        ],
        [
          "Give Them Money ",
          9
        ]
      ],
      "question": "Name Something A Hypnotist Might Tell You To Do"
    },
    {
      "answers": [
        [
          "Kissing",
          20
        ],
        [
          "Throwing Popcorn",
          7
        ],
        [
          "Smoking",
          6
        ],
        [
          "Laughing",
          5
        ]
      ],
      "question": "Name Something That You’d Be Asked To Stop Doing In A Movie Theater"
    },
    {
      "answers": [
        [
          "Natural Disaster",
          30
        ],
        [
          "Romance",
          18
        ],
        [
          "Just For Fun",
          13
        ],
        [
          "Moving",
          12
        ],
        [
          "Fight With Spouse",
          11
        ],
        [
          "Remodeling",
          8
        ],
        [
          "Getting Married",
          5
        ]
      ],
      "question": "Name A Reason Why You Might Stay In A Hotel In Your Own City."
    }
  ],
  "final_round_timers": [
    20,
    25
  ]
}