{
  "rounds": [
    {
      "answers": [
        {
          "ans": "Place Of Worship",
          "pnt": 58
        },
        {
          "ans": "Park",
          "pnt": 38
        },
        {
          "ans": "Restaurant",
          "pnt": 25
        },
        {
          "ans": "Mall",
          "pnt": 16
        },
        {
          "ans": "Office",
          "pnt": 11
        },
        {
          "ans": "Movie Theater",
          "pnt": 7
        },
        {
          "ans": "Car",
          "pnt": 4
        }
      ],
      "multiply": 1,
      "question": "Name An Inappropriate Place For Couple To Start Smooching"
    },
    {
      "answers": [
        {
          "ans": "Sand",
          "pnt": 44
        },
        {
          "ans": "Sun Burn",
          "pnt": 21
        },
        {
          "ans": "Crowded",
          "pnt": 15
        },
        {
          "ans": "Parking",
          "pnt": 6
        },
        {
          "ans": "Driving",
          "pnt": 6
        },
        {
          "ans": "Warm Food",
          "pnt": 4
        },
        {
          "ans": "Being Looked At",
          "pnt": 4
        }
      ],
      "multiply": 1,
      "question": "Tell Me The Worst Part About Going To The Beach"
    },
    {
      "answers": [
        {
          "ans": "Bad Reception",
          "pnt": 38
        },
        {
          "ans": "Cost To Much",
          "pnt": 30
        },
        {
          "ans": "Bad Service",
          "pnt": 15
        },
        {
          "ans": "Not Enough Channels",
          "pnt": 12
        }
      ],
      "multiply": 1,
      "question": "Name A Complaint A Person Might Have About Their Cable TV Company."
    },
    {
      "answers": [
        {
          "ans": "Bread ",
          "pnt": 53
        },
        {
          "ans": "Lunch ",
          "pnt": 34
        },
        {
          "ans": "Butter ",
          "pnt": 23
        },
        {
          "ans": "Ham ",
          "pnt": 15
        },
        {
          "ans": "Lettuce ",
          "pnt": 10
        }
      ],
      "multiply": 2,
      "question": "Name Something Associated With Sandwiches"
    },
    {
      "answers": [
        {
          "ans": "Weapon",
          "pnt": 44
        },
        {
          "ans": "Camera",
          "pnt": 18
        },
        {
          "ans": "Money",
          "pnt": 13
        },
        {
          "ans": "Magnifying Glass",
          "pnt": 8
        },
        {
          "ans": "Binoculars",
          "pnt": 6
        },
        {
          "ans": "Spy Glasses",
          "pnt": 4
        },
        {
          "ans": "Tape Recorder",
          "pnt": 4
        }
      ],
      "multiply": 2,
      "question": "What Might You FInd In A Briefcase That Would Make You Think It Belonged To A Spy?"
    },
    {
      "answers": [
        {
          "ans": "General Lee ",
          "pnt": 55
        },
        {
          "ans": "Knight Rider ",
          "pnt": 36
        },
        {
          "ans": "Starsky & Hutch ",
          "pnt": 23
        },
        {
          "ans": "Mr Bean ",
          "pnt": 15
        },
        {
          "ans": "Only Fools ",
          "pnt": 10
        },
        {
          "ans": "Flintstones ",
          "pnt": 6
        }
      ],
      "multiply": 2,
      "question": "Name A Famous Car FromA Tv Show"
    }
  ],
  "final_round": [
    {
      "answers": [
        [
          "Sea shells",
          18
        ],
        [
          "Seaweed",
          18
        ],
        [
          "Bottle",
          14
        ],
        [
          "Whale",
          12
        ],
        [
          "Garbage",
          8
        ],
        [
          "Shoes",
          4
        ]
      ],
      "question": "Name Something That May Be Found Washed Up On The Beach"
    },
    {
      "answers": [
        [
          "Pig",
          35
        ],
        [
          "Elephant",
          22
        ],
        [
          "Cow",
          17
        ],
        [
          "Monkey",
          13
        ],
        [
          "Dog",
          7
        ],
        [
          "Whale",
          3
        ]
      ],
      "question": "Name An Animal That It’d Be Unflattering To Be Compared To"
    },
    {
      "answers": [
        [
          "Moustache ",
          48
        ],
        [
          "Silent Films ",
          31
        ],
        [
          "Funny Walk ",
          20
        ],
        [
          "Comedy ",
          13
        ],
        [
          "Top Hat ",
          9
        ]
      ],
      "question": "Name Something You Associate With Charlie Chaplin"
    },
    {
      "answers": [
        [
          "Yells A Lot",
          36
        ],
        [
          "Grumpy",
          22
        ],
        [
          "Extra Homework",
          19
        ],
        [
          "Gives Punishments",
          16
        ],
        [
          "Facial Expression",
          3
        ]
      ],
      "question": "Name A Way You Know Your Teacher Is Having A Bad Day."
    }
  ],
  "final_round_timers": [
    20,
    25
  ]
}