{
  "rounds": [
    {
      "answers": [
        {
          "ans": "Cleaning",
          "pnt": 47
        },
        {
          "ans": "Food",
          "pnt": 10
        },
        {
          "ans": "Money",
          "pnt": 10
        },
        {
          "ans": "Space",
          "pnt": 10
        },
        {
          "ans": "music",
          "pnt": 7
        },
        {
          "ans": "Bedtime",
          "pnt": 7
        }
      ],
      "multiply": 1,
      "question": "Name Something College Roommates Might Argue About."
    },
    {
      "answers": [
        {
          "ans": "Sanitation",
          "pnt": 57
        },
        {
          "ans": "Hospital",
          "pnt": 37
        },
        {
          "ans": "Childcare",
          "pnt": 24
        },
        {
          "ans": "Zookeeper",
          "pnt": 16
        },
        {
          "ans": "Police",
          "pnt": 10
        },
        {
          "ans": "Mortician",
          "pnt": 7
        },
        {
          "ans": "Military",
          "pnt": 4
        }
      ],
      "multiply": 1,
      "question": "Name A Job Where You Wouldn’t Take Your Work Home"
    },
    {
      "answers": [
        {
          "ans": "November",
          "pnt": 48
        },
        {
          "ans": "October",
          "pnt": 20
        },
        {
          "ans": "September",
          "pnt": 9
        },
        {
          "ans": "December",
          "pnt": 8
        },
        {
          "ans": "August",
          "pnt": 6
        },
        {
          "ans": "January",
          "pnt": 3
        },
        {
          "ans": "June",
          "pnt": 3
        }
      ],
      "multiply": 1,
      "question": "Name The Month Most People Start Shopping For Holiday Presents."
    },
    {
      "answers": [
        {
          "ans": "Funny",
          "pnt": 43
        },
        {
          "ans": "They’re Acting",
          "pnt": 16
        },
        {
          "ans": "Always Happy",
          "pnt": 13
        },
        {
          "ans": "Rich",
          "pnt": 11
        },
        {
          "ans": "Always Look Good",
          "pnt": 11
        }
      ],
      "multiply": 2,
      "question": "Name A Way In Which Sitcom Characters Are Typically Different From Real People"
    },
    {
      "answers": [
        {
          "ans": "Pebbles",
          "pnt": 31
        },
        {
          "ans": "Sand/Mud",
          "pnt": 24
        },
        {
          "ans": "Fish",
          "pnt": 20
        },
        {
          "ans": "Seaweed",
          "pnt": 18
        },
        {
          "ans": "Shells",
          "pnt": 5
        }
      ],
      "multiply": 2,
      "question": "When Wading In A Lake, Tell Me Something You Feel Against Your Feet"
    },
    {
      "answers": [
        {
          "ans": "Casinos",
          "pnt": 47
        },
        {
          "ans": "Bright Lights",
          "pnt": 31
        },
        {
          "ans": "Beautiful Women",
          "pnt": 20
        },
        {
          "ans": "Night Life",
          "pnt": 13
        },
        {
          "ans": "Money",
          "pnt": 8
        }
      ],
      "multiply": 2,
      "question": "Name Something Las Vegas Has More Of Than The Average City"
    }
  ],
  "final_round": [
    {
      "answers": [
        [
          "Laundry",
          28
        ],
        [
          "Bills",
          23
        ],
        [
          "Dishes",
          22
        ],
        [
          "Trash",
          11
        ],
        [
          "Mail",
          8
        ],
        [
          "Leaves",
          4
        ],
        [
          "Snow",
          3
        ]
      ],
      "question": "Name Something Specific That Piles Up Before You Can Get To It."
    },
    {
      "answers": [
        [
          "Droppings",
          61
        ],
        [
          "Unsanitary",
          17
        ],
        [
          "Noisy",
          9
        ],
        [
          "Too Many Of Them",
          5
        ]
      ],
      "question": "Name An Annoying Thing About Pigeons"
    },
    {
      "answers": [
        [
          "Phone Home",
          47
        ],
        [
          "Alien",
          16
        ],
        [
          "Flying Bike",
          14
        ],
        [
          "Steven Spielberg",
          12
        ],
        [
          "Drew Barrymore",
          3
        ],
        [
          "Reese’s Pieces",
          3
        ]
      ],
      "question": "Name Something Associated With E.T."
    },
    {
      "answers": [
        [
          "Carries Eggs",
          45
        ],
        [
          "Hops",
          15
        ],
        [
          "Some Don’t Believe",
          15
        ],
        [
          "White",
          15
        ],
        [
          "Brings Candy",
          6
        ]
      ],
      "question": "Name Something You Know About The Easter Bunny"
    }
  ],
  "final_round_timers": [
    20,
    25
  ]
}