{
  "rounds": [
    {
      "answers": [
        {
          "ans": "Woody Allen",
          "pnt": 34
        },
        {
          "ans": "Tim Allen",
          "pnt": 30
        },
        {
          "ans": "Debbie Allen",
          "pnt": 23
        },
        {
          "ans": "Marcus Allen",
          "pnt": 8
        }
      ],
      "multiply": 1,
      "question": "Name A Famous Person Whose Last Name Is Allen"
    },
    {
      "answers": [
        {
          "ans": "Jewelry",
          "pnt": 43
        },
        {
          "ans": "Car Keys",
          "pnt": 19
        },
        {
          "ans": "Credit Card",
          "pnt": 14
        },
        {
          "ans": "Articles Of Clothing",
          "pnt": 8
        },
        {
          "ans": "Deed To House",
          "pnt": 6
        }
      ],
      "multiply": 1,
      "question": "When She’s Run Out Of Money, What Might A Gambler Put On The Table?"
    },
    {
      "answers": [
        {
          "ans": "Drive",
          "pnt": 42
        },
        {
          "ans": "Ski",
          "pnt": 26
        },
        {
          "ans": "Walk Through It",
          "pnt": 14
        },
        {
          "ans": "Shovel",
          "pnt": 5
        },
        {
          "ans": "Sled",
          "pnt": 5
        },
        {
          "ans": "Dress",
          "pnt": 3
        },
        {
          "ans": "Make A Snowman",
          "pnt": 3
        }
      ],
      "multiply": 1,
      "question": "Name Something That A Person From A Warm Climate Wouldn’t Know How To Do In The Snow."
    },
    {
      "answers": [
        {
          "ans": "Check",
          "pnt": 44
        },
        {
          "ans": "Credit Card",
          "pnt": 29
        },
        {
          "ans": "Contract",
          "pnt": 19
        },
        {
          "ans": "Drivers License",
          "pnt": 12
        }
      ],
      "multiply": 2,
      "question": "Name Something Not Valid Unless It’s Signed"
    },
    {
      "answers": [
        {
          "ans": "Your Face",
          "pnt": 50
        },
        {
          "ans": "It’s Rear End",
          "pnt": 29
        },
        {
          "ans": "Your Food",
          "pnt": 16
        },
        {
          "ans": "Your Feet",
          "pnt": 4
        }
      ],
      "multiply": 2,
      "question": "Name Something That You Don’t Want Your Dog To Lick (More Specific Than “You”)."
    },
    {
      "answers": [
        {
          "ans": "Counseling",
          "pnt": 58
        },
        {
          "ans": "Talk",
          "pnt": 38
        },
        {
          "ans": "Vacation",
          "pnt": 25
        },
        {
          "ans": "More Time Together",
          "pnt": 16
        }
      ],
      "multiply": 2,
      "question": "Marriage About To Fail, What Do You Do To Save It"
    }
  ],
  "final_round": [
    {
      "answers": [
        [
          "Watermelon",
          47
        ],
        [
          "Grape",
          24
        ],
        [
          "Cherry",
          15
        ],
        [
          "Orange",
          8
        ],
        [
          "Apple",
          4
        ]
      ],
      "question": "Name A Fruit That You Might Accidentally Swallow The Seeds Of."
    },
    {
      "answers": [
        [
          "Instant Coffee",
          41
        ],
        [
          "Instant Oatmeal",
          24
        ],
        [
          "Instant Rice",
          13
        ],
        [
          "Instant Pudding",
          11
        ],
        [
          "Instant Potatoes",
          6
        ],
        [
          "Instant Photo",
          5
        ]
      ],
      "question": "Name something that starts with the word “Instant”."
    },
    {
      "answers": [
        [
          "TV",
          39
        ],
        [
          "Radio/Stereo",
          31
        ],
        [
          "Computer",
          10
        ],
        [
          "Phone",
          9
        ],
        [
          "MP3 Player",
          7
        ]
      ],
      "question": "Name Something That You Can Adjust The Volume On"
    },
    {
      "answers": [
        [
          "Costumes",
          49
        ],
        [
          "Drinks",
          32
        ],
        [
          "Women",
          21
        ],
        [
          "Flowers",
          14
        ],
        [
          "Instruments",
          9
        ],
        [
          "Make Up",
          6
        ]
      ],
      "question": "Name something a rockstar’s dressing room is probably full of"
    }
  ],
  "final_round_timers": [
    20,
    25
  ]
}