{
  "rounds": [
    {
      "answers": [
        {
          "ans": "Guinness ",
          "pnt": 51
        },
        {
          "ans": "Fosters ",
          "pnt": 33
        },
        {
          "ans": "Stella ",
          "pnt": 22
        },
        {
          "ans": "Kronenbourg ",
          "pnt": 14
        },
        {
          "ans": "Grolsch ",
          "pnt": 9
        },
        {
          "ans": "Carling ",
          "pnt": 6
        }
      ],
      "multiply": 1,
      "question": "Name A Famous Brand Of Beer"
    },
    {
      "answers": [
        {
          "ans": "Gynaecologist ",
          "pnt": 47
        },
        {
          "ans": "Paediatrician ",
          "pnt": 31
        },
        {
          "ans": "Optician ",
          "pnt": 20
        },
        {
          "ans": "Dentist ",
          "pnt": 13
        },
        {
          "ans": "Cardiologist ",
          "pnt": 8
        }
      ],
      "multiply": 1,
      "question": "Name A Specific Type Of Doctor"
    },
    {
      "answers": [
        {
          "ans": "Money",
          "pnt": 39
        },
        {
          "ans": "Food",
          "pnt": 34
        },
        {
          "ans": "Bed",
          "pnt": 15
        },
        {
          "ans": "Bathroom",
          "pnt": 4
        },
        {
          "ans": "Clothes",
          "pnt": 4
        },
        {
          "ans": "Secrets",
          "pnt": 3
        }
      ],
      "multiply": 1,
      "question": "Name something that even adults hate to share."
    },
    {
      "answers": [
        {
          "ans": 10,
          "pnt": 34
        },
        {
          "ans": 8,
          "pnt": 32
        },
        {
          "ans": 9,
          "pnt": 13
        },
        {
          "ans": 11,
          "pnt": 6
        },
        {
          "ans": "Noon",
          "pnt": 5
        },
        {
          "ans": 7,
          "pnt": 4
        }
      ],
      "multiply": 2,
      "question": "What Time Is The earliest You’re Willing To Get Up On A Saturday?"
    },
    {
      "answers": [
        {
          "ans": "Dirty Water",
          "pnt": 40
        },
        {
          "ans": "No Food",
          "pnt": 37
        },
        {
          "ans": "Bowl Too Small",
          "pnt": 10
        },
        {
          "ans": "Not Enough Water",
          "pnt": 3
        },
        {
          "ans": "Beat Up By Other Fish",
          "pnt": 3
        }
      ],
      "multiply": 2,
      "question": "Name Something A Goldfish Might Complain About"
    },
    {
      "answers": [
        {
          "ans": "Electricity Went Out",
          "pnt": 80
        },
        {
          "ans": "Romance",
          "pnt": 6
        },
        {
          "ans": "Lightbulb Burned Out",
          "pnt": 5
        },
        {
          "ans": "Birthday Cake",
          "pnt": 5
        }
      ],
      "multiply": 2,
      "question": "Name A Reason Why You Might Use Candles."
    }
  ],
  "final_round": [
    {
      "answers": [
        [
          "Swing From Tree",
          44
        ],
        [
          "Beat His Chest",
          29
        ],
        [
          "Yell",
          19
        ],
        [
          "Climb A Tree",
          12
        ],
        [
          "Way He Dresses",
          8
        ],
        [
          "Run Around Barefoot",
          5
        ]
      ],
      "question": "Name something a little boy might do that would make you suspect his father is Tarzan"
    },
    {
      "answers": [
        [
          "House",
          53
        ],
        [
          "Hotel",
          34
        ],
        [
          "Theater",
          6
        ],
        [
          "Restaurant",
          3
        ]
      ],
      "question": "Name A Place You Might See A Balcony"
    },
    {
      "answers": [
        [
          "Fight",
          47
        ],
        [
          "Feed Each Other",
          31
        ],
        [
          "Baby Talk",
          20
        ]
      ],
      "question": "Something You Wish Couples Wouldn’t Do In Public"
    },
    {
      "answers": [
        [
          "Gym/Health",
          47
        ],
        [
          "Home Economics",
          26
        ],
        [
          "Art",
          11
        ],
        [
          "Wood Shop",
          10
        ]
      ],
      "question": "Name A High School Subject Kids Might Take To Get An Easy “A.”"
    }
  ],
  "final_round_timers": [
    20,
    25
  ]
}