{
  "rounds": [
    {
      "answers": [
        {
          "ans": "Police Ahead",
          "pnt": 38
        },
        {
          "ans": "Driving Too Slow",
          "pnt": 23
        },
        {
          "ans": "Lights Off/On",
          "pnt": 20
        },
        {
          "ans": "Brights On",
          "pnt": 9
        },
        {
          "ans": "Deer/Animal In The Road",
          "pnt": 7
        }
      ],
      "multiply": 1,
      "question": "Name A Reason Why Another Driver May Flash Their Headlights At You."
    },
    {
      "answers": [
        {
          "ans": "Rodent",
          "pnt": 39
        },
        {
          "ans": "Cricket",
          "pnt": 18
        },
        {
          "ans": "Snake",
          "pnt": 15
        },
        {
          "ans": "Monster",
          "pnt": 14
        },
        {
          "ans": "Fly",
          "pnt": 4
        },
        {
          "ans": "Mosquito",
          "pnt": 3
        }
      ],
      "multiply": 1,
      "question": "Tell Me A Creature That You’d Hate To Hear In Your Room At Night."
    },
    {
      "answers": [
        {
          "ans": "Ozzy Osbourne",
          "pnt": 49
        },
        {
          "ans": "Mick Jagger",
          "pnt": 26
        },
        {
          "ans": "Gene Simmons",
          "pnt": 14
        },
        {
          "ans": "Kid Rock",
          "pnt": 5
        }
      ],
      "multiply": 1,
      "question": "If There Was A School For Training Rock Stars, Who Might Be The Principal?"
    },
    {
      "answers": [
        {
          "ans": "Control Freak",
          "pnt": 38
        },
        {
          "ans": "Remote Control",
          "pnt": 26
        },
        {
          "ans": "Out Of Control",
          "pnt": 12
        },
        {
          "ans": "Control Panel",
          "pnt": 7
        },
        {
          "ans": "Self Control",
          "pnt": 7
        },
        {
          "ans": "Mind Control",
          "pnt": 4
        }
      ],
      "multiply": 2,
      "question": "Name A Term Or Phrase With The Word “Control” In It."
    },
    {
      "answers": [
        {
          "ans": "Ski",
          "pnt": 28
        },
        {
          "ans": "Sled",
          "pnt": 27
        },
        {
          "ans": "Car",
          "pnt": 23
        },
        {
          "ans": "Snowmobile",
          "pnt": 20
        }
      ],
      "multiply": 2,
      "question": "Instead Of Walking, Name A Way To Get Around In Snowy Weather"
    },
    {
      "answers": [
        {
          "ans": "Vacuum",
          "pnt": 42
        },
        {
          "ans": "TV",
          "pnt": 27
        },
        {
          "ans": "Stereo",
          "pnt": 18
        },
        {
          "ans": "Blender",
          "pnt": 12
        },
        {
          "ans": "Phone",
          "pnt": 7
        },
        {
          "ans": "Lights",
          "pnt": 5
        }
      ],
      "multiply": 2,
      "question": "Name Something In the House That YounMight Not Use When People Are trying To Sleep"
    }
  ],
  "final_round": [
    {
      "answers": [
        [
          "Bar",
          52
        ],
        [
          "Home",
          16
        ],
        [
          "Holiday Party",
          15
        ],
        [
          "Wedding",
          8
        ],
        [
          "College",
          7
        ]
      ],
      "question": "Where Were You The Last Time You Had A Bit Too Much To Drink."
    },
    {
      "answers": [
        [
          "Bear",
          43
        ],
        [
          "Snake",
          16
        ],
        [
          "Porcupine",
          13
        ],
        [
          "Cactus",
          10
        ],
        [
          "Skunk",
          5
        ]
      ],
      "question": "Name Something In Nature That You Wouldn’t Want To Cuddle Up Next To"
    },
    {
      "answers": [
        [
          "Mechanic",
          42
        ],
        [
          "Lawyer",
          23
        ],
        [
          "Doctor/Dentist",
          19
        ],
        [
          "Plumber",
          6
        ],
        [
          "Car Salesperson",
          5
        ]
      ],
      "question": "Name A Type Of Professional Who Might Overcharge If You Don’t Know Any Better."
    },
    {
      "answers": [
        [
          5,
          19
        ],
        [
          3,
          17
        ],
        [
          2,
          15
        ],
        [
          10,
          13
        ],
        [
          4,
          11
        ],
        [
          20,
          11
        ],
        [
          6,
          10
        ]
      ],
      "question": "Tell Me The Most Number Of People That Could Squeeze Into A Telephone Booth (Numeric Only)"
    }
  ],
  "final_round_timers": [
    20,
    25
  ]
}