{
  "rounds": [
    {
      "answers": [
        {
          "ans": "Shoes",
          "pnt": 54
        },
        {
          "ans": "Car",
          "pnt": 12
        },
        {
          "ans": "A 50 foot man",
          "pnt": 11
        },
        {
          "ans": "Bed",
          "pnt": 8
        },
        {
          "ans": "Sunglasses",
          "pnt": 5
        },
        {
          "ans": "House",
          "pnt": 4
        }
      ],
      "multiply": 1,
      "question": "Besides clothes,name something the 50 Foot Woman might have trouble finding in her size."
    },
    {
      "answers": [
        {
          "ans": "Shirt / Blouse ",
          "pnt": 48
        },
        {
          "ans": "Scarf ",
          "pnt": 31
        },
        {
          "ans": "Tie ",
          "pnt": 20
        },
        {
          "ans": "Pyjamas ",
          "pnt": 13
        },
        {
          "ans": "Stockings ",
          "pnt": 9
        }
      ],
      "multiply": 1,
      "question": "Name A Piece Of Clothing That Might Be Made Of Silk"
    },
    {
      "answers": [
        {
          "ans": "Mary",
          "pnt": 61
        },
        {
          "ans": "Melissa",
          "pnt": 10
        },
        {
          "ans": "Maria",
          "pnt": 6
        },
        {
          "ans": "Marilyn",
          "pnt": 4
        },
        {
          "ans": "Madonna",
          "pnt": 4
        },
        {
          "ans": "Martha",
          "pnt": 3
        },
        {
          "ans": "Marsha",
          "pnt": 3
        }
      ],
      "multiply": 1,
      "question": "Tell Me A Woman’s Name That Starts With The Letter “M.”"
    },
    {
      "answers": [
        {
          "ans": "Jump",
          "pnt": 32
        },
        {
          "ans": "Elevator",
          "pnt": 28
        },
        {
          "ans": "Ladder",
          "pnt": 19
        },
        {
          "ans": "Stairs",
          "pnt": 8
        },
        {
          "ans": "Scale It",
          "pnt": 6
        }
      ],
      "multiply": 2,
      "question": "Name A Way To Get Down From A Tall Building"
    },
    {
      "answers": [
        {
          "ans": "Bicycle",
          "pnt": 30
        },
        {
          "ans": "Pony/Horse",
          "pnt": 25
        },
        {
          "ans": "Carousel",
          "pnt": 14
        },
        {
          "ans": "Dads Shoulders",
          "pnt": 12
        },
        {
          "ans": "Riding Mower",
          "pnt": 9
        },
        {
          "ans": "School Bus",
          "pnt": 5
        }
      ],
      "multiply": 2,
      "question": "Name Something Kids Love To Ride On."
    },
    {
      "answers": [
        {
          "ans": 5,
          "pnt": 29
        },
        {
          "ans": 6,
          "pnt": 25
        },
        {
          "ans": 7,
          "pnt": 15
        },
        {
          "ans": 4,
          "pnt": 12
        },
        {
          "ans": 3,
          "pnt": 7
        },
        {
          "ans": 10,
          "pnt": 6
        },
        {
          "ans": 2,
          "pnt": 3
        }
      ],
      "multiply": 2,
      "question": "Tell Me The Average Number Of Keys The Average Person Carries Around With Them (Numeric Only)."
    }
  ],
  "final_round": [
    {
      "answers": [
        [
          "Cop",
          37
        ],
        [
          "Boss",
          25
        ],
        [
          "Teacher",
          14
        ],
        [
          "Priest",
          9
        ],
        [
          "Lawyer",
          8
        ]
      ],
      "question": "Name A Professional You May Come In Contact With, But Should Never Flirt With."
    },
    {
      "answers": [
        [
          "Shop",
          43
        ],
        [
          "Sleep",
          35
        ],
        [
          "Vacation",
          11
        ],
        [
          "Cook",
          5
        ],
        [
          "Decorate",
          4
        ]
      ],
      "question": "Name Something You Might Do With Your Days Off Around Christmas?"
    },
    {
      "answers": [
        [
          "Shorts",
          48
        ],
        [
          "Swim Suits",
          30
        ],
        [
          "Flip Flops",
          9
        ],
        [
          "Tank Tops",
          7
        ],
        [
          "T Shirts",
          4
        ]
      ],
      "question": "Tell Me An Article Of Clothing That People Who Live In Warm Climates Are Likely To Have Several Of."
    },
    {
      "answers": [
        [
          "Clothes ",
          42
        ],
        [
          "Hair ",
          27
        ],
        [
          "Towels ",
          18
        ],
        [
          "Dishes ",
          12
        ],
        [
          "Body ",
          7
        ]
      ],
      "question": "Name Something You Might Dry"
    }
  ],
  "final_round_timers": [
    20,
    25
  ]
}