{
  "rounds": [
    {
      "answers": [
        {
          "ans": "Wrinkles",
          "pnt": 43
        },
        {
          "ans": "Baldness",
          "pnt": 23
        },
        {
          "ans": "Gain Weight",
          "pnt": 18
        },
        {
          "ans": "Nose/Ear Hair",
          "pnt": 5
        },
        {
          "ans": "Lose Teeth",
          "pnt": 4
        },
        {
          "ans": "Lose Hearing",
          "pnt": 3
        }
      ],
      "multiply": 1,
      "question": "Grey Hair On Older Men Is Distinguished. What Happens To Aging Men That Isn’t Distinguished?"
    },
    {
      "answers": [
        {
          "ans": "Someone Else ",
          "pnt": 44
        },
        {
          "ans": "Boredom ",
          "pnt": 29
        },
        {
          "ans": "Husband Wife ",
          "pnt": 19
        },
        {
          "ans": "On A Date ",
          "pnt": 12
        },
        {
          "ans": "Get Out Of House ",
          "pnt": 8
        }
      ],
      "multiply": 1,
      "question": "Name A Reason For Going To See A Film You Weren't Interested In"
    },
    {
      "answers": [
        {
          "ans": "Shop",
          "pnt": 38
        },
        {
          "ans": "Manicure",
          "pnt": 24
        },
        {
          "ans": "Hair Salon",
          "pnt": 20
        },
        {
          "ans": "Massage",
          "pnt": 11
        },
        {
          "ans": "Bubble Bath",
          "pnt": 6
        }
      ],
      "multiply": 1,
      "question": "Tell Me Something A Woman Might Do To Spoil Herself (More Specific Than “Spa”)."
    },
    {
      "answers": [
        {
          "ans": "Elephant",
          "pnt": 39
        },
        {
          "ans": "Lion",
          "pnt": 31
        },
        {
          "ans": "Tiger",
          "pnt": 15
        },
        {
          "ans": "Monkey",
          "pnt": 7
        },
        {
          "ans": "Pony",
          "pnt": 4
        },
        {
          "ans": "Bear",
          "pnt": 3
        }
      ],
      "multiply": 2,
      "question": "Name An Animal That You Commonly See At The Circus"
    },
    {
      "answers": [
        {
          "ans": "Bear",
          "pnt": 67
        },
        {
          "ans": "Bat",
          "pnt": 24
        },
        {
          "ans": "Caveman",
          "pnt": 2
        },
        {
          "ans": "Lion",
          "pnt": 2
        }
      ],
      "multiply": 2,
      "question": "Name Something That Lives In A Cave"
    },
    {
      "answers": [
        {
          "ans": "Make Up",
          "pnt": 47
        },
        {
          "ans": "Clothes",
          "pnt": 31
        },
        {
          "ans": "Car",
          "pnt": 20
        },
        {
          "ans": "Cigarettes",
          "pnt": 13
        },
        {
          "ans": "Hair Product",
          "pnt": 8
        },
        {
          "ans": "Perfume",
          "pnt": 5
        },
        {
          "ans": "Weight Loss Product",
          "pnt": 3
        }
      ],
      "multiply": 2,
      "question": "Product Advertised In Magazines"
    }
  ],
  "final_round": [
    {
      "answers": [
        [
          "Football ",
          43
        ],
        [
          "Victoria / Posh Spice ",
          28
        ],
        [
          "Hairstyles ",
          18
        ],
        [
          "Good Looks ",
          12
        ],
        [
          "Money ",
          8
        ],
        [
          "Golden Balls ",
          5
        ]
      ],
      "question": "Name Something That You Associate With David Beckham"
    },
    {
      "answers": [
        [
          "Hand ",
          47
        ],
        [
          "Arm ",
          31
        ],
        [
          "Eye / Eyes ",
          20
        ],
        [
          "Brain ",
          13
        ]
      ],
      "question": "Name An Extra Body Part You Would Like To Have"
    },
    {
      "answers": [
        [
          "Unicorn",
          30
        ],
        [
          "Universe",
          26
        ],
        [
          "Uniform",
          14
        ],
        [
          "Unite/Unity",
          10
        ],
        [
          "Unisex",
          7
        ],
        [
          "Unibrow",
          6
        ],
        [
          "Unicycle",
          3
        ]
      ],
      "question": "Name A Word That Begins With “Uni-.”"
    },
    {
      "answers": [
        [
          "Closet",
          36
        ],
        [
          "Parent’s Bed",
          25
        ],
        [
          "Under Their Bed",
          23
        ],
        [
          "Basement",
          12
        ]
      ],
      "question": "Name A Place In The House Where Frightened Children Go During A Thunderstorm."
    }
  ],
  "final_round_timers": [
    20,
    25
  ]
}