{
  "rounds": [
    {
      "answers": [
        {
          "ans": "Cooking ",
          "pnt": 45
        },
        {
          "ans": "Shopping ",
          "pnt": 29
        },
        {
          "ans": "Chores ",
          "pnt": 19
        }
      ],
      "multiply": 1,
      "question": "Name Something You Might Like To Help Mum With"
    },
    {
      "answers": [
        {
          "ans": "French Fries",
          "pnt": 23
        },
        {
          "ans": "Eggs",
          "pnt": 16
        },
        {
          "ans": "Potato Chips",
          "pnt": 9
        },
        {
          "ans": "Corn On The Cob",
          "pnt": 8
        },
        {
          "ans": "Meat",
          "pnt": 8
        },
        {
          "ans": "Tomatoes",
          "pnt": 7
        }
      ],
      "multiply": 1,
      "question": "Name Something That Tastes Better With Salt On It"
    },
    {
      "answers": [
        {
          "ans": "Heart",
          "pnt": 59
        },
        {
          "ans": "Cupid",
          "pnt": 17
        },
        {
          "ans": "Kiss",
          "pnt": 6
        },
        {
          "ans": "Ring",
          "pnt": 5
        },
        {
          "ans": "Rose",
          "pnt": 4
        }
      ],
      "multiply": 1,
      "question": "Tell Me A Symbol Used To Represent Love"
    },
    {
      "answers": [
        {
          "ans": "Money",
          "pnt": 61
        },
        {
          "ans": "Pictures",
          "pnt": 30
        },
        {
          "ans": "Gift Cards",
          "pnt": 4
        },
        {
          "ans": "Form Letter",
          "pnt": 3
        }
      ],
      "multiply": 2,
      "question": "Name Something People Put In The Envelope With Their Holiday Cards."
    },
    {
      "answers": [
        {
          "ans": "Paint",
          "pnt": 58
        },
        {
          "ans": "Plumbing",
          "pnt": 38
        },
        {
          "ans": "Lumber",
          "pnt": 25
        },
        {
          "ans": "Bathroom",
          "pnt": 16
        },
        {
          "ans": "Kitchen",
          "pnt": 11
        },
        {
          "ans": "Electical",
          "pnt": 7
        },
        {
          "ans": "Flooring",
          "pnt": 4
        }
      ],
      "multiply": 2,
      "question": "Department At A Home Improvement Store"
    },
    {
      "answers": [
        {
          "ans": "Bone ",
          "pnt": 55
        },
        {
          "ans": "Ball ",
          "pnt": 36
        },
        {
          "ans": "Cat ",
          "pnt": 23
        },
        {
          "ans": "Stick ",
          "pnt": 15
        },
        {
          "ans": "Shoes ",
          "pnt": 10
        }
      ],
      "multiply": 2,
      "question": "Name Something A Dog Loves To Play With"
    }
  ],
  "final_round": [
    {
      "answers": [
        [
          "Park",
          51
        ],
        [
          "Movie Theatre",
          33
        ],
        [
          "Bar/Restaurant",
          22
        ],
        [
          "Beach",
          14
        ],
        [
          "Church",
          9
        ],
        [
          "Wedding",
          6
        ]
      ],
      "question": "Name A Public Place Where You’d Expect Married Couples To Show Affection"
    },
    {
      "answers": [
        [
          "Shipping Charges",
          49
        ],
        [
          "Too Big/Small",
          26
        ],
        [
          "Fraud",
          13
        ],
        [
          "`Slow Delivery",
          8
        ]
      ],
      "question": "Name A Complaint People Might Have About Buying Things Online."
    },
    {
      "answers": [
        [
          "Ear Plugs",
          59
        ],
        [
          "Q Tips",
          38
        ],
        [
          "Earrings",
          25
        ],
        [
          "Fingers",
          16
        ],
        [
          "Head Phones",
          11
        ],
        [
          "Hearing Aids",
          7
        ],
        [
          "Ear Drops",
          4
        ]
      ],
      "question": "Name Something That People Put In Their Ears"
    },
    {
      "answers": [
        [
          "Water ",
          58
        ],
        [
          "Big / Fat ",
          38
        ],
        [
          "Mud ",
          25
        ],
        [
          "Big Teeth ",
          16
        ],
        [
          "Jungle ",
          11
        ]
      ],
      "question": "Name Something You Associate With A Hippopotamus"
    }
  ],
  "final_round_timers": [
    20,
    25
  ]
}