{
  "rounds": [
    {
      "answers": [
        {
          "ans": "Phony",
          "pnt": 28
        },
        {
          "ans": "FALSE",
          "pnt": 19
        },
        {
          "ans": "Imposter",
          "pnt": 15
        },
        {
          "ans": "Imitation",
          "pnt": 13
        },
        {
          "ans": "Counterfit",
          "pnt": 11
        },
        {
          "ans": "Artificial",
          "pnt": 7
        },
        {
          "ans": "Bogus",
          "pnt": 5
        }
      ],
      "multiply": 1,
      "question": "Name Another Word For “Fake.”"
    },
    {
      "answers": [
        {
          "ans": "Dance",
          "pnt": 37
        },
        {
          "ans": "Drink",
          "pnt": 21
        },
        {
          "ans": "Eat",
          "pnt": 17
        },
        {
          "ans": "Cry",
          "pnt": 11
        },
        {
          "ans": "Chat",
          "pnt": 5
        },
        {
          "ans": "THrow Rice",
          "pnt": 4
        },
        {
          "ans": "Toast The Couple",
          "pnt": 4
        }
      ],
      "multiply": 1,
      "question": "Name Something Guests Do At A Wedding"
    },
    {
      "answers": [
        {
          "ans": "Appearance",
          "pnt": 27
        },
        {
          "ans": "Honesty",
          "pnt": 18
        },
        {
          "ans": "Experience",
          "pnt": 14
        },
        {
          "ans": "Personality",
          "pnt": 14
        },
        {
          "ans": "Education",
          "pnt": 10
        },
        {
          "ans": "Intelligence",
          "pnt": 9
        },
        {
          "ans": "Confidence",
          "pnt": 5
        }
      ],
      "multiply": 1,
      "question": "Which Quality Do You Think A Boss Looks For First When Hiring A New Employee?"
    },
    {
      "answers": [
        {
          "ans": "Mom",
          "pnt": 40
        },
        {
          "ans": "Friends",
          "pnt": 26
        },
        {
          "ans": "Kids",
          "pnt": 17
        },
        {
          "ans": "Sibling",
          "pnt": 11
        },
        {
          "ans": "Dad",
          "pnt": 7
        }
      ],
      "multiply": 2,
      "question": "Name A Person In Your Life Dislike Partner"
    },
    {
      "answers": [
        {
          "ans": "Jim Carrey",
          "pnt": 33
        },
        {
          "ans": "Mike Myers",
          "pnt": 29
        },
        {
          "ans": "Michael J Fox",
          "pnt": 15
        },
        {
          "ans": "Dan Aykroyd",
          "pnt": 7
        },
        {
          "ans": "William Shatner",
          "pnt": 6
        },
        {
          "ans": "John Candy",
          "pnt": 5
        },
        {
          "ans": "Donald sutherland",
          "pnt": 4
        }
      ],
      "multiply": 2,
      "question": "Who’s An Actor That Hails From Canada,Eh?"
    },
    {
      "answers": [
        {
          "ans": "Darth Vader",
          "pnt": 27
        },
        {
          "ans": "Lightsaber",
          "pnt": 17
        },
        {
          "ans": "Spaceships",
          "pnt": 17
        },
        {
          "ans": "R2 D2",
          "pnt": 15
        },
        {
          "ans": "C 3PO",
          "pnt": 11
        },
        {
          "ans": "Jedi",
          "pnt": 5
        }
      ],
      "multiply": 2,
      "question": "Name something you see in every Star Wars movie."
    }
  ],
  "final_round": [
    {
      "answers": [
        [
          "Woods",
          48
        ],
        [
          "Zoo",
          32
        ],
        [
          "National Park",
          14
        ],
        [
          "Mountains",
          5
        ]
      ],
      "question": "Name A Place Where You Might See A Bear."
    },
    {
      "answers": [
        [
          "Car",
          50
        ],
        [
          "House",
          18
        ],
        [
          "TV",
          12
        ],
        [
          "Jewelry",
          8
        ],
        [
          "Computer",
          6
        ],
        [
          "Name Brand Clothes",
          5
        ]
      ],
      "question": "Name Something That’s Expensive Even When It’s In Used Condition."
    },
    {
      "answers": [
        [
          "Telephones",
          40
        ],
        [
          "Copier",
          26
        ],
        [
          "Fax Machine",
          13
        ],
        [
          "Printer",
          10
        ],
        [
          "Shredder",
          5
        ]
      ],
      "question": "Name Something In An Office That Makes A Lot Of Noise."
    },
    {
      "answers": [
        [
          "Afghanastan",
          31
        ],
        [
          "Austrailia",
          25
        ],
        [
          "Switzerland",
          20
        ],
        [
          "U.S.Of America",
          19
        ]
      ],
      "question": "Name A Country With A Very Long Name"
    }
  ],
  "final_round_timers": [
    20,
    25
  ]
}