{
  "rounds": [
    {
      "answers": [
        {
          "ans": "Save / Collect Them",
          "pnt": 48
        },
        {
          "ans": "Throw In Fountain ",
          "pnt": 31
        },
        {
          "ans": "Put In Jar ",
          "pnt": 20
        },
        {
          "ans": "Roll Them Up ",
          "pnt": 13
        },
        {
          "ans": "Throw Away ",
          "pnt": 9
        }
      ],
      "multiply": 1,
      "question": "Name Something People Do With Pennies"
    },
    {
      "answers": [
        {
          "ans": "7 ",
          "pnt": 58
        },
        {
          "ans": "13 ",
          "pnt": 38
        },
        {
          "ans": "11 ",
          "pnt": 25
        },
        {
          "ans": "6 ",
          "pnt": 16
        },
        {
          "ans": "2 ",
          "pnt": 11
        }
      ],
      "multiply": 1,
      "question": "Name A Number That People Consider To Be Lucky"
    },
    {
      "answers": [
        {
          "ans": "Body",
          "pnt": 60
        },
        {
          "ans": "Power",
          "pnt": 19
        },
        {
          "ans": "Strength",
          "pnt": 9
        },
        {
          "ans": "Looks",
          "pnt": 5
        },
        {
          "ans": "Invisible Plane",
          "pnt": 3
        }
      ],
      "multiply": 1,
      "question": "Name Something About Wonder Woman The Average Woman Might Envy"
    },
    {
      "answers": [
        {
          "ans": 16,
          "pnt": 36
        },
        {
          "ans": 15,
          "pnt": 19
        },
        {
          "ans": 14,
          "pnt": 17
        },
        {
          "ans": 13,
          "pnt": 15
        },
        {
          "ans": 17,
          "pnt": 5
        },
        {
          "ans": 18,
          "pnt": 5
        },
        {
          "ans": 12,
          "pnt": 3
        }
      ],
      "multiply": 2,
      "question": "Tell Me The Age Of The Average Babysitter"
    },
    {
      "answers": [
        {
          "ans": "Parent",
          "pnt": 59
        },
        {
          "ans": "Ex",
          "pnt": 38
        },
        {
          "ans": "Grandparent",
          "pnt": 25
        },
        {
          "ans": "Boss",
          "pnt": 16
        }
      ],
      "multiply": 2,
      "question": "Who In Your Life Surprised To Get Text From"
    },
    {
      "answers": [
        {
          "ans": "Paint/Wallpaper",
          "pnt": 34
        },
        {
          "ans": "Carpet",
          "pnt": 23
        },
        {
          "ans": "Contact Information",
          "pnt": 17
        },
        {
          "ans": "Locks",
          "pnt": 16
        },
        {
          "ans": "Curtains",
          "pnt": 9
        }
      ],
      "multiply": 2,
      "question": "Name Something You Might Change When Moving Into A New House."
    }
  ],
  "final_round": [
    {
      "answers": [
        [
          13,
          37
        ],
        [
          12,
          33
        ],
        [
          10,
          15
        ],
        [
          14,
          11
        ]
      ],
      "question": "Name The Age That A Boy First Becomes Interested In Girls."
    },
    {
      "answers": [
        [
          "Birds",
          40
        ],
        [
          "Wind",
          23
        ],
        [
          "Traffic",
          13
        ],
        [
          "Crickets ",
          11
        ],
        [
          "Storm",
          5
        ],
        [
          "Dog",
          4
        ]
      ],
      "question": "If You Go To Sleep With The Windows Open, Name A Sound That Might Wake You Up."
    },
    {
      "answers": [
        [
          "Cell Phone",
          58
        ],
        [
          "Another Person",
          25
        ],
        [
          "Ipod",
          8
        ],
        [
          "Pet",
          5
        ]
      ],
      "question": "Name Something Distracting That You Shouldn’t Take With You On A Date."
    },
    {
      "answers": [
        [
          "Gilligan’s Island",
          47
        ],
        [
          "Lost",
          24
        ],
        [
          "Fantasy Island",
          17
        ],
        [
          "Survivor",
          11
        ]
      ],
      "question": "Name A TV Show About An Island."
    }
  ],
  "final_round_timers": [
    20,
    25
  ]
}